Command line invocation:
    /Applications/Xcode.app/Contents/Developer/usr/bin/xcodebuild build-for-testing -project TextInsertSpike.xcodeproj -scheme TextInsertSpike -destination "platform=iOS Simulator,id=CF361191-F960-4212-9B76-7C41256A11C9" -derivedDataPath build

ComputePackagePrebuildTargetDependencyGraph

Prepare packages

CreateBuildRequest

SendProjectDescription

CreateBuildOperation

ComputeTargetDependencyGraph
note: Building targets in dependency order
note: Target dependency graph (3 targets)
    Target 'TextInsertUITests' in project 'TextInsertSpike'
        ➜ Explicit dependency on target 'TextInsertSpike' in project 'TextInsertSpike'
    Target 'TextInsertSpike' in project 'TextInsertSpike'
        ➜ Explicit dependency on target 'TextInsertProvider' in project 'TextInsertSpike'
    Target 'TextInsertProvider' in project 'TextInsertSpike' (no dependencies)

GatherProvisioningInputs

CreateBuildDescription

ExecuteExternalTool /Applications/Xcode.app/Contents/Developer/Toolchains/XcodeDefault.xctoolchain/usr/bin/swiftc --version

ExecuteExternalTool /Applications/Xcode.app/Contents/Developer/Toolchains/XcodeDefault.xctoolchain/usr/bin/clang -v -E -dM -isysroot /Applications/Xcode.app/Contents/Developer/Platforms/iPhoneSimulator.platform/Developer/SDKs/iPhoneSimulator27.0.sdk -x c -c /dev/null

ExecuteExternalTool /Applications/Xcode.app/Contents/Developer/Toolchains/XcodeDefault.xctoolchain/usr/bin/ld -version_details

Build description signature: f400b7522105b5f00004edccc1363f7c
Build description path: /Users/tarunyadgirkar/TarunsCode/prefill/spikes/textinsert/build/Build/Intermediates.noindex/XCBuildData/f400b7522105b5f00004edccc1363f7c.xcbuilddata
CreateBuildDirectory /Users/tarunyadgirkar/TarunsCode/prefill/spikes/textinsert/build/SDKExplicitPrecompiledModules
    cd /Users/tarunyadgirkar/TarunsCode/prefill/spikes/textinsert/TextInsertSpike.xcodeproj
    builtin-create-build-directory /Users/tarunyadgirkar/TarunsCode/prefill/spikes/textinsert/build/SDKExplicitPrecompiledModules

CreateBuildDirectory /Users/tarunyadgirkar/TarunsCode/prefill/spikes/textinsert/build/ModuleCache.noindex
    cd /Users/tarunyadgirkar/TarunsCode/prefill/spikes/textinsert/TextInsertSpike.xcodeproj
    builtin-create-build-directory /Users/tarunyadgirkar/TarunsCode/prefill/spikes/textinsert/build/ModuleCache.noindex

CreateBuildDirectory /Users/tarunyadgirkar/TarunsCode/prefill/spikes/textinsert/build/CompilationCache.noindex
    cd /Users/tarunyadgirkar/TarunsCode/prefill/spikes/textinsert/TextInsertSpike.xcodeproj
    builtin-create-build-directory /Users/tarunyadgirkar/TarunsCode/prefill/spikes/textinsert/build/CompilationCache.noindex

CreateBuildDirectory /Users/tarunyadgirkar/TarunsCode/prefill/spikes/textinsert/build/Build/Products
    cd /Users/tarunyadgirkar/TarunsCode/prefill/spikes/textinsert/TextInsertSpike.xcodeproj
    builtin-create-build-directory /Users/tarunyadgirkar/TarunsCode/prefill/spikes/textinsert/build/Build/Products

ClangStatCache /Applications/Xcode.app/Contents/Developer/Toolchains/XcodeDefault.xctoolchain/usr/bin/clang-stat-cache /Applications/Xcode.app/Contents/Developer/Platforms/iPhoneSimulator.platform/Developer/SDKs/iPhoneSimulator27.0.sdk /Users/tarunyadgirkar/TarunsCode/prefill/spikes/textinsert/build/SDKStatCaches.noindex/iphonesimulator27.0-24A430-8dc58220667be655e1bcc261a7455254.sdkstatcache
    cd /Users/tarunyadgirkar/TarunsCode/prefill/spikes/textinsert/TextInsertSpike.xcodeproj
    /Applications/Xcode.app/Contents/Developer/Toolchains/XcodeDefault.xctoolchain/usr/bin/clang-stat-cache /Applications/Xcode.app/Contents/Developer/Platforms/iPhoneSimulator.platform/Developer/SDKs/iPhoneSimulator27.0.sdk -o /Users/tarunyadgirkar/TarunsCode/prefill/spikes/textinsert/build/SDKStatCaches.noindex/iphonesimulator27.0-24A430-8dc58220667be655e1bcc261a7455254.sdkstatcache

CreateBuildDirectory /Users/tarunyadgirkar/TarunsCode/prefill/spikes/textinsert/build/Build/Intermediates.noindex
    cd /Users/tarunyadgirkar/TarunsCode/prefill/spikes/textinsert/TextInsertSpike.xcodeproj
    builtin-create-build-directory /Users/tarunyadgirkar/TarunsCode/prefill/spikes/textinsert/build/Build/Intermediates.noindex

CreateBuildDirectory /Users/tarunyadgirkar/TarunsCode/prefill/spikes/textinsert/build/Build/Products/Debug-iphonesimulator
    cd /Users/tarunyadgirkar/TarunsCode/prefill/spikes/textinsert/TextInsertSpike.xcodeproj
    builtin-create-build-directory /Users/tarunyadgirkar/TarunsCode/prefill/spikes/textinsert/build/Build/Products/Debug-iphonesimulator

CreateBuildDirectory /Users/tarunyadgirkar/TarunsCode/prefill/spikes/textinsert/build/Build/Intermediates.noindex/SwiftExplicitPrecompiledModules
    cd /Users/tarunyadgirkar/TarunsCode/prefill/spikes/textinsert/TextInsertSpike.xcodeproj
    builtin-create-build-directory /Users/tarunyadgirkar/TarunsCode/prefill/spikes/textinsert/build/Build/Intermediates.noindex/SwiftExplicitPrecompiledModules

CreateBuildDirectory /Users/tarunyadgirkar/TarunsCode/prefill/spikes/textinsert/build/Build/Intermediates.noindex/PrecompiledHeaders
    cd /Users/tarunyadgirkar/TarunsCode/prefill/spikes/textinsert/TextInsertSpike.xcodeproj
    builtin-create-build-directory /Users/tarunyadgirkar/TarunsCode/prefill/spikes/textinsert/build/Build/Intermediates.noindex/PrecompiledHeaders

WriteAuxiliaryFile /Users/tarunyadgirkar/TarunsCode/prefill/spikes/textinsert/build/Build/Intermediates.noindex/TextInsertSpike.build/Debug-iphonesimulator/TextInsertSpike-27e05924cf76c1a4dd10d310ffd1d611-VFS-iphonesimulator/all-product-headers.yaml
    cd /Users/tarunyadgirkar/TarunsCode/prefill/spikes/textinsert/TextInsertSpike.xcodeproj
    write-file /Users/tarunyadgirkar/TarunsCode/prefill/spikes/textinsert/build/Build/Intermediates.noindex/TextInsertSpike.build/Debug-iphonesimulator/TextInsertSpike-27e05924cf76c1a4dd10d310ffd1d611-VFS-iphonesimulator/all-product-headers.yaml

CreateBuildDirectory /Users/tarunyadgirkar/TarunsCode/prefill/spikes/textinsert/build/Build/Intermediates.noindex/ExplicitPrecompiledModules
    cd /Users/tarunyadgirkar/TarunsCode/prefill/spikes/textinsert/TextInsertSpike.xcodeproj
    builtin-create-build-directory /Users/tarunyadgirkar/TarunsCode/prefill/spikes/textinsert/build/Build/Intermediates.noindex/ExplicitPrecompiledModules

CreateBuildDirectory /Users/tarunyadgirkar/TarunsCode/prefill/spikes/textinsert/build/Build/Intermediates.noindex/EagerLinkingTBDs/Debug-iphonesimulator
    cd /Users/tarunyadgirkar/TarunsCode/prefill/spikes/textinsert/TextInsertSpike.xcodeproj
    builtin-create-build-directory /Users/tarunyadgirkar/TarunsCode/prefill/spikes/textinsert/build/Build/Intermediates.noindex/EagerLinkingTBDs/Debug-iphonesimulator

WriteAuxiliaryFile /Users/tarunyadgirkar/TarunsCode/prefill/spikes/textinsert/build/Build/Intermediates.noindex/TextInsertSpike.build/Debug-iphonesimulator/TextInsertSpike.build/empty-TextInsertSpike.plist (in target 'TextInsertSpike' from project 'TextInsertSpike')
    cd /Users/tarunyadgirkar/TarunsCode/prefill/spikes/textinsert
    write-file /Users/tarunyadgirkar/TarunsCode/prefill/spikes/textinsert/build/Build/Intermediates.noindex/TextInsertSpike.build/Debug-iphonesimulator/TextInsertSpike.build/empty-TextInsertSpike.plist

WriteAuxiliaryFile /Users/tarunyadgirkar/TarunsCode/prefill/spikes/textinsert/build/Build/Intermediates.noindex/TextInsertSpike.build/Debug-iphonesimulator/TextInsertSpike.build/TextInsertSpike.hmap (in target 'TextInsertSpike' from project 'TextInsertSpike')
    cd /Users/tarunyadgirkar/TarunsCode/prefill/spikes/textinsert
    write-file /Users/tarunyadgirkar/TarunsCode/prefill/spikes/textinsert/build/Build/Intermediates.noindex/TextInsertSpike.build/Debug-iphonesimulator/TextInsertSpike.build/TextInsertSpike.hmap

WriteAuxiliaryFile /Users/tarunyadgirkar/TarunsCode/prefill/spikes/textinsert/build/Build/Intermediates.noindex/TextInsertSpike.build/Debug-iphonesimulator/TextInsertSpike.build/TextInsertSpike.DependencyStaticMetadataFileList (in target 'TextInsertSpike' from project 'TextInsertSpike')
    cd /Users/tarunyadgirkar/TarunsCode/prefill/spikes/textinsert
    write-file /Users/tarunyadgirkar/TarunsCode/prefill/spikes/textinsert/build/Build/Intermediates.noindex/TextInsertSpike.build/Debug-iphonesimulator/TextInsertSpike.build/TextInsertSpike.DependencyStaticMetadataFileList

WriteAuxiliaryFile /Users/tarunyadgirkar/TarunsCode/prefill/spikes/textinsert/build/Build/Intermediates.noindex/TextInsertSpike.build/Debug-iphonesimulator/TextInsertSpike.build/TextInsertSpike.DependencyMetadataFileList (in target 'TextInsertSpike' from project 'TextInsertSpike')
    cd /Users/tarunyadgirkar/TarunsCode/prefill/spikes/textinsert
    write-file /Users/tarunyadgirkar/TarunsCode/prefill/spikes/textinsert/build/Build/Intermediates.noindex/TextInsertSpike.build/Debug-iphonesimulator/TextInsertSpike.build/TextInsertSpike.DependencyMetadataFileList

WriteAuxiliaryFile /Users/tarunyadgirkar/TarunsCode/prefill/spikes/textinsert/build/Build/Intermediates.noindex/TextInsertSpike.build/Debug-iphonesimulator/TextInsertSpike.build/TextInsertSpike-project-headers.hmap (in target 'TextInsertSpike' from project 'TextInsertSpike')
    cd /Users/tarunyadgirkar/TarunsCode/prefill/spikes/textinsert
    write-file /Users/tarunyadgirkar/TarunsCode/prefill/spikes/textinsert/build/Build/Intermediates.noindex/TextInsertSpike.build/Debug-iphonesimulator/TextInsertSpike.build/TextInsertSpike-project-headers.hmap

WriteAuxiliaryFile /Users/tarunyadgirkar/TarunsCode/prefill/spikes/textinsert/build/Build/Intermediates.noindex/TextInsertSpike.build/Debug-iphonesimulator/TextInsertSpike.build/TextInsertSpike-own-target-headers.hmap (in target 'TextInsertSpike' from project 'TextInsertSpike')
    cd /Users/tarunyadgirkar/TarunsCode/prefill/spikes/textinsert
    write-file /Users/tarunyadgirkar/TarunsCode/prefill/spikes/textinsert/build/Build/Intermediates.noindex/TextInsertSpike.build/Debug-iphonesimulator/TextInsertSpike.build/TextInsertSpike-own-target-headers.hmap

WriteAuxiliaryFile /Users/tarunyadgirkar/TarunsCode/prefill/spikes/textinsert/build/Build/Intermediates.noindex/TextInsertSpike.build/Debug-iphonesimulator/TextInsertSpike.build/TextInsertSpike-generated-files.hmap (in target 'TextInsertSpike' from project 'TextInsertSpike')
    cd /Users/tarunyadgirkar/TarunsCode/prefill/spikes/textinsert
    write-file /Users/tarunyadgirkar/TarunsCode/prefill/spikes/textinsert/build/Build/Intermediates.noindex/TextInsertSpike.build/Debug-iphonesimulator/TextInsertSpike.build/TextInsertSpike-generated-files.hmap

WriteAuxiliaryFile /Users/tarunyadgirkar/TarunsCode/prefill/spikes/textinsert/build/Build/Intermediates.noindex/TextInsertSpike.build/Debug-iphonesimulator/TextInsertSpike.build/TextInsertSpike-all-target-headers.hmap (in target 'TextInsertSpike' from project 'TextInsertSpike')
    cd /Users/tarunyadgirkar/TarunsCode/prefill/spikes/textinsert
    write-file /Users/tarunyadgirkar/TarunsCode/prefill/spikes/textinsert/build/Build/Intermediates.noindex/TextInsertSpike.build/Debug-iphonesimulator/TextInsertSpike.build/TextInsertSpike-all-target-headers.hmap

WriteAuxiliaryFile /Users/tarunyadgirkar/TarunsCode/prefill/spikes/textinsert/build/Build/Intermediates.noindex/TextInsertSpike.build/Debug-iphonesimulator/TextInsertSpike.build/TextInsertSpike-all-non-framework-target-headers.hmap (in target 'TextInsertSpike' from project 'TextInsertSpike')
    cd /Users/tarunyadgirkar/TarunsCode/prefill/spikes/textinsert
    write-file /Users/tarunyadgirkar/TarunsCode/prefill/spikes/textinsert/build/Build/Intermediates.noindex/TextInsertSpike.build/Debug-iphonesimulator/TextInsertSpike.build/TextInsertSpike-all-non-framework-target-headers.hmap

WriteAuxiliaryFile /Users/tarunyadgirkar/TarunsCode/prefill/spikes/textinsert/build/Build/Intermediates.noindex/TextInsertSpike.build/Debug-iphonesimulator/TextInsertSpike.build/TextInsertSpike-DebugDylibPath-normal-arm64.txt (in target 'TextInsertSpike' from project 'TextInsertSpike')
    cd /Users/tarunyadgirkar/TarunsCode/prefill/spikes/textinsert
    write-file /Users/tarunyadgirkar/TarunsCode/prefill/spikes/textinsert/build/Build/Intermediates.noindex/TextInsertSpike.build/Debug-iphonesimulator/TextInsertSpike.build/TextInsertSpike-DebugDylibPath-normal-arm64.txt

WriteAuxiliaryFile /Users/tarunyadgirkar/TarunsCode/prefill/spikes/textinsert/build/Build/Intermediates.noindex/TextInsertSpike.build/Debug-iphonesimulator/TextInsertUITests.build/empty-TextInsertUITests.plist (in target 'TextInsertUITests' from project 'TextInsertSpike')
    cd /Users/tarunyadgirkar/TarunsCode/prefill/spikes/textinsert
    write-file /Users/tarunyadgirkar/TarunsCode/prefill/spikes/textinsert/build/Build/Intermediates.noindex/TextInsertSpike.build/Debug-iphonesimulator/TextInsertUITests.build/empty-TextInsertUITests.plist

WriteAuxiliaryFile /Users/tarunyadgirkar/TarunsCode/prefill/spikes/textinsert/build/Build/Intermediates.noindex/TextInsertSpike.build/Debug-iphonesimulator/TextInsertUITests.build/TextInsertUITests.hmap (in target 'TextInsertUITests' from project 'TextInsertSpike')
    cd /Users/tarunyadgirkar/TarunsCode/prefill/spikes/textinsert
    write-file /Users/tarunyadgirkar/TarunsCode/prefill/spikes/textinsert/build/Build/Intermediates.noindex/TextInsertSpike.build/Debug-iphonesimulator/TextInsertUITests.build/TextInsertUITests.hmap

WriteAuxiliaryFile /Users/tarunyadgirkar/TarunsCode/prefill/spikes/textinsert/build/Build/Intermediates.noindex/TextInsertSpike.build/Debug-iphonesimulator/TextInsertUITests.build/TextInsertUITests.DependencyStaticMetadataFileList (in target 'TextInsertUITests' from project 'TextInsertSpike')
    cd /Users/tarunyadgirkar/TarunsCode/prefill/spikes/textinsert
    write-file /Users/tarunyadgirkar/TarunsCode/prefill/spikes/textinsert/build/Build/Intermediates.noindex/TextInsertSpike.build/Debug-iphonesimulator/TextInsertUITests.build/TextInsertUITests.DependencyStaticMetadataFileList

WriteAuxiliaryFile /Users/tarunyadgirkar/TarunsCode/prefill/spikes/textinsert/build/Build/Intermediates.noindex/TextInsertSpike.build/Debug-iphonesimulator/TextInsertUITests.build/TextInsertUITests.DependencyMetadataFileList (in target 'TextInsertUITests' from project 'TextInsertSpike')
    cd /Users/tarunyadgirkar/TarunsCode/prefill/spikes/textinsert
    write-file /Users/tarunyadgirkar/TarunsCode/prefill/spikes/textinsert/build/Build/Intermediates.noindex/TextInsertSpike.build/Debug-iphonesimulator/TextInsertUITests.build/TextInsertUITests.DependencyMetadataFileList

WriteAuxiliaryFile /Users/tarunyadgirkar/TarunsCode/prefill/spikes/textinsert/build/Build/Intermediates.noindex/TextInsertSpike.build/Debug-iphonesimulator/TextInsertUITests.build/TextInsertUITests-project-headers.hmap (in target 'TextInsertUITests' from project 'TextInsertSpike')
    cd /Users/tarunyadgirkar/TarunsCode/prefill/spikes/textinsert
    write-file /Users/tarunyadgirkar/TarunsCode/prefill/spikes/textinsert/build/Build/Intermediates.noindex/TextInsertSpike.build/Debug-iphonesimulator/TextInsertUITests.build/TextInsertUITests-project-headers.hmap

WriteAuxiliaryFile /Users/tarunyadgirkar/TarunsCode/prefill/spikes/textinsert/build/Build/Intermediates.noindex/TextInsertSpike.build/Debug-iphonesimulator/TextInsertUITests.build/TextInsertUITests-own-target-headers.hmap (in target 'TextInsertUITests' from project 'TextInsertSpike')
    cd /Users/tarunyadgirkar/TarunsCode/prefill/spikes/textinsert
    write-file /Users/tarunyadgirkar/TarunsCode/prefill/spikes/textinsert/build/Build/Intermediates.noindex/TextInsertSpike.build/Debug-iphonesimulator/TextInsertUITests.build/TextInsertUITests-own-target-headers.hmap

WriteAuxiliaryFile /Users/tarunyadgirkar/TarunsCode/prefill/spikes/textinsert/build/Build/Intermediates.noindex/TextInsertSpike.build/Debug-iphonesimulator/TextInsertUITests.build/TextInsertUITests-generated-files.hmap (in target 'TextInsertUITests' from project 'TextInsertSpike')
    cd /Users/tarunyadgirkar/TarunsCode/prefill/spikes/textinsert
    write-file /Users/tarunyadgirkar/TarunsCode/prefill/spikes/textinsert/build/Build/Intermediates.noindex/TextInsertSpike.build/Debug-iphonesimulator/TextInsertUITests.build/TextInsertUITests-generated-files.hmap

WriteAuxiliaryFile /Users/tarunyadgirkar/TarunsCode/prefill/spikes/textinsert/build/Build/Intermediates.noindex/TextInsertSpike.build/Debug-iphonesimulator/TextInsertUITests.build/TextInsertUITests-all-target-headers.hmap (in target 'TextInsertUITests' from project 'TextInsertSpike')
    cd /Users/tarunyadgirkar/TarunsCode/prefill/spikes/textinsert
    write-file /Users/tarunyadgirkar/TarunsCode/prefill/spikes/textinsert/build/Build/Intermediates.noindex/TextInsertSpike.build/Debug-iphonesimulator/TextInsertUITests.build/TextInsertUITests-all-target-headers.hmap

WriteAuxiliaryFile /Users/tarunyadgirkar/TarunsCode/prefill/spikes/textinsert/build/Build/Intermediates.noindex/TextInsertSpike.build/Debug-iphonesimulator/TextInsertUITests.build/TextInsertUITests-all-non-framework-target-headers.hmap (in target 'TextInsertUITests' from project 'TextInsertSpike')
    cd /Users/tarunyadgirkar/TarunsCode/prefill/spikes/textinsert
    write-file /Users/tarunyadgirkar/TarunsCode/prefill/spikes/textinsert/build/Build/Intermediates.noindex/TextInsertSpike.build/Debug-iphonesimulator/TextInsertUITests.build/TextInsertUITests-all-non-framework-target-headers.hmap

WriteAuxiliaryFile /Users/tarunyadgirkar/TarunsCode/prefill/spikes/textinsert/build/Build/Intermediates.noindex/TextInsertSpike.build/Debug-iphonesimulator/TextInsertUITests.build/ProductTypeInfoPlistAdditions.plist (in target 'TextInsertUITests' from project 'TextInsertSpike')
    cd /Users/tarunyadgirkar/TarunsCode/prefill/spikes/textinsert
    write-file /Users/tarunyadgirkar/TarunsCode/prefill/spikes/textinsert/build/Build/Intermediates.noindex/TextInsertSpike.build/Debug-iphonesimulator/TextInsertUITests.build/ProductTypeInfoPlistAdditions.plist

WriteAuxiliaryFile /Users/tarunyadgirkar/TarunsCode/prefill/spikes/textinsert/build/Build/Intermediates.noindex/TextInsertSpike.build/Debug-iphonesimulator/TextInsertUITests.build/Objects-normal/arm64/TextInsertUITests_const_extract_protocols.json (in target 'TextInsertUITests' from project 'TextInsertSpike')
    cd /Users/tarunyadgirkar/TarunsCode/prefill/spikes/textinsert
    write-file /Users/tarunyadgirkar/TarunsCode/prefill/spikes/textinsert/build/Build/Intermediates.noindex/TextInsertSpike.build/Debug-iphonesimulator/TextInsertUITests.build/Objects-normal/arm64/TextInsertUITests_const_extract_protocols.json

WriteAuxiliaryFile /Users/tarunyadgirkar/TarunsCode/prefill/spikes/textinsert/build/Build/Intermediates.noindex/TextInsertSpike.build/Debug-iphonesimulator/TextInsertUITests.build/Objects-normal/arm64/TextInsertUITests.SwiftFileList (in target 'TextInsertUITests' from project 'TextInsertSpike')
    cd /Users/tarunyadgirkar/TarunsCode/prefill/spikes/textinsert
    write-file /Users/tarunyadgirkar/TarunsCode/prefill/spikes/textinsert/build/Build/Intermediates.noindex/TextInsertSpike.build/Debug-iphonesimulator/TextInsertUITests.build/Objects-normal/arm64/TextInsertUITests.SwiftFileList

WriteAuxiliaryFile /Users/tarunyadgirkar/TarunsCode/prefill/spikes/textinsert/build/Build/Intermediates.noindex/TextInsertSpike.build/Debug-iphonesimulator/TextInsertUITests.build/Objects-normal/arm64/TextInsertUITests.SwiftConstValuesFileList (in target 'TextInsertUITests' from project 'TextInsertSpike')
    cd /Users/tarunyadgirkar/TarunsCode/prefill/spikes/textinsert
    write-file /Users/tarunyadgirkar/TarunsCode/prefill/spikes/textinsert/build/Build/Intermediates.noindex/TextInsertSpike.build/Debug-iphonesimulator/TextInsertUITests.build/Objects-normal/arm64/TextInsertUITests.SwiftConstValuesFileList

WriteAuxiliaryFile /Users/tarunyadgirkar/TarunsCode/prefill/spikes/textinsert/build/Build/Intermediates.noindex/TextInsertSpike.build/Debug-iphonesimulator/TextInsertUITests.build/Objects-normal/arm64/TextInsertUITests.LinkFileList (in target 'TextInsertUITests' from project 'TextInsertSpike')
    cd /Users/tarunyadgirkar/TarunsCode/prefill/spikes/textinsert
    write-file /Users/tarunyadgirkar/TarunsCode/prefill/spikes/textinsert/build/Build/Intermediates.noindex/TextInsertSpike.build/Debug-iphonesimulator/TextInsertUITests.build/Objects-normal/arm64/TextInsertUITests.LinkFileList

WriteAuxiliaryFile /Users/tarunyadgirkar/TarunsCode/prefill/spikes/textinsert/build/Build/Intermediates.noindex/TextInsertSpike.build/Debug-iphonesimulator/TextInsertUITests.build/Objects-normal/arm64/TextInsertUITests-OutputFileMap.json (in target 'TextInsertUITests' from project 'TextInsertSpike')
    cd /Users/tarunyadgirkar/TarunsCode/prefill/spikes/textinsert
    write-file /Users/tarunyadgirkar/TarunsCode/prefill/spikes/textinsert/build/Build/Intermediates.noindex/TextInsertSpike.build/Debug-iphonesimulator/TextInsertUITests.build/Objects-normal/arm64/TextInsertUITests-OutputFileMap.json

WriteAuxiliaryFile /Users/tarunyadgirkar/TarunsCode/prefill/spikes/textinsert/build/Build/Intermediates.noindex/TextInsertSpike.build/Debug-iphonesimulator/TextInsertUITests.build/DerivedSources/Entitlements-Simulated.plist (in target 'TextInsertUITests' from project 'TextInsertSpike')
    cd /Users/tarunyadgirkar/TarunsCode/prefill/spikes/textinsert
    write-file /Users/tarunyadgirkar/TarunsCode/prefill/spikes/textinsert/build/Build/Intermediates.noindex/TextInsertSpike.build/Debug-iphonesimulator/TextInsertUITests.build/DerivedSources/Entitlements-Simulated.plist

WriteAuxiliaryFile /Users/tarunyadgirkar/TarunsCode/prefill/spikes/textinsert/build/Build/Intermediates.noindex/TextInsertSpike.build/Debug-iphonesimulator/TextInsertSpike.build/TextInsertSpike-DebugDylibInstallName-normal-arm64.txt (in target 'TextInsertSpike' from project 'TextInsertSpike')
    cd /Users/tarunyadgirkar/TarunsCode/prefill/spikes/textinsert
    write-file /Users/tarunyadgirkar/TarunsCode/prefill/spikes/textinsert/build/Build/Intermediates.noindex/TextInsertSpike.build/Debug-iphonesimulator/TextInsertSpike.build/TextInsertSpike-DebugDylibInstallName-normal-arm64.txt

WriteAuxiliaryFile /Users/tarunyadgirkar/TarunsCode/prefill/spikes/textinsert/build/Build/Intermediates.noindex/TextInsertSpike.build/Debug-iphonesimulator/TextInsertSpike.build/Objects-normal/arm64/TextInsertSpike_const_extract_protocols.json (in target 'TextInsertSpike' from project 'TextInsertSpike')
    cd /Users/tarunyadgirkar/TarunsCode/prefill/spikes/textinsert
    write-file /Users/tarunyadgirkar/TarunsCode/prefill/spikes/textinsert/build/Build/Intermediates.noindex/TextInsertSpike.build/Debug-iphonesimulator/TextInsertSpike.build/Objects-normal/arm64/TextInsertSpike_const_extract_protocols.json

WriteAuxiliaryFile /Users/tarunyadgirkar/TarunsCode/prefill/spikes/textinsert/build/Build/Intermediates.noindex/TextInsertSpike.build/Debug-iphonesimulator/TextInsertSpike.build/Objects-normal/arm64/TextInsertSpike.SwiftFileList (in target 'TextInsertSpike' from project 'TextInsertSpike')
    cd /Users/tarunyadgirkar/TarunsCode/prefill/spikes/textinsert
    write-file /Users/tarunyadgirkar/TarunsCode/prefill/spikes/textinsert/build/Build/Intermediates.noindex/TextInsertSpike.build/Debug-iphonesimulator/TextInsertSpike.build/Objects-normal/arm64/TextInsertSpike.SwiftFileList

WriteAuxiliaryFile /Users/tarunyadgirkar/TarunsCode/prefill/spikes/textinsert/build/Build/Intermediates.noindex/TextInsertSpike.build/Debug-iphonesimulator/TextInsertSpike.build/Objects-normal/arm64/TextInsertSpike.SwiftConstValuesFileList (in target 'TextInsertSpike' from project 'TextInsertSpike')
    cd /Users/tarunyadgirkar/TarunsCode/prefill/spikes/textinsert
    write-file /Users/tarunyadgirkar/TarunsCode/prefill/spikes/textinsert/build/Build/Intermediates.noindex/TextInsertSpike.build/Debug-iphonesimulator/TextInsertSpike.build/Objects-normal/arm64/TextInsertSpike.SwiftConstValuesFileList

WriteAuxiliaryFile /Users/tarunyadgirkar/TarunsCode/prefill/spikes/textinsert/build/Build/Intermediates.noindex/TextInsertSpike.build/Debug-iphonesimulator/TextInsertSpike.build/Objects-normal/arm64/TextInsertSpike.LinkFileList (in target 'TextInsertSpike' from project 'TextInsertSpike')
    cd /Users/tarunyadgirkar/TarunsCode/prefill/spikes/textinsert
    write-file /Users/tarunyadgirkar/TarunsCode/prefill/spikes/textinsert/build/Build/Intermediates.noindex/TextInsertSpike.build/Debug-iphonesimulator/TextInsertSpike.build/Objects-normal/arm64/TextInsertSpike.LinkFileList

WriteAuxiliaryFile /Users/tarunyadgirkar/TarunsCode/prefill/spikes/textinsert/build/Build/Intermediates.noindex/TextInsertSpike.build/Debug-iphonesimulator/TextInsertSpike.build/Objects-normal/arm64/TextInsertSpike-OutputFileMap.json (in target 'TextInsertSpike' from project 'TextInsertSpike')
    cd /Users/tarunyadgirkar/TarunsCode/prefill/spikes/textinsert
    write-file /Users/tarunyadgirkar/TarunsCode/prefill/spikes/textinsert/build/Build/Intermediates.noindex/TextInsertSpike.build/Debug-iphonesimulator/TextInsertSpike.build/Objects-normal/arm64/TextInsertSpike-OutputFileMap.json

WriteAuxiliaryFile /Users/tarunyadgirkar/TarunsCode/prefill/spikes/textinsert/build/Build/Intermediates.noindex/TextInsertSpike.build/Debug-iphonesimulator/TextInsertSpike.build/DerivedSources/Entitlements-Simulated.plist (in target 'TextInsertSpike' from project 'TextInsertSpike')
    cd /Users/tarunyadgirkar/TarunsCode/prefill/spikes/textinsert
    write-file /Users/tarunyadgirkar/TarunsCode/prefill/spikes/textinsert/build/Build/Intermediates.noindex/TextInsertSpike.build/Debug-iphonesimulator/TextInsertSpike.build/DerivedSources/Entitlements-Simulated.plist

WriteAuxiliaryFile /Users/tarunyadgirkar/TarunsCode/prefill/spikes/textinsert/build/Build/Intermediates.noindex/TextInsertSpike.build/Debug-iphonesimulator/TextInsertProvider.build/TextInsertProvider.hmap (in target 'TextInsertProvider' from project 'TextInsertSpike')
    cd /Users/tarunyadgirkar/TarunsCode/prefill/spikes/textinsert
    write-file /Users/tarunyadgirkar/TarunsCode/prefill/spikes/textinsert/build/Build/Intermediates.noindex/TextInsertSpike.build/Debug-iphonesimulator/TextInsertProvider.build/TextInsertProvider.hmap

WriteAuxiliaryFile /Users/tarunyadgirkar/TarunsCode/prefill/spikes/textinsert/build/Build/Intermediates.noindex/TextInsertSpike.build/Debug-iphonesimulator/TextInsertProvider.build/TextInsertProvider.DependencyStaticMetadataFileList (in target 'TextInsertProvider' from project 'TextInsertSpike')
    cd /Users/tarunyadgirkar/TarunsCode/prefill/spikes/textinsert
    write-file /Users/tarunyadgirkar/TarunsCode/prefill/spikes/textinsert/build/Build/Intermediates.noindex/TextInsertSpike.build/Debug-iphonesimulator/TextInsertProvider.build/TextInsertProvider.DependencyStaticMetadataFileList

WriteAuxiliaryFile /Users/tarunyadgirkar/TarunsCode/prefill/spikes/textinsert/build/Build/Intermediates.noindex/TextInsertSpike.build/Debug-iphonesimulator/TextInsertProvider.build/TextInsertProvider.DependencyMetadataFileList (in target 'TextInsertProvider' from project 'TextInsertSpike')
    cd /Users/tarunyadgirkar/TarunsCode/prefill/spikes/textinsert
    write-file /Users/tarunyadgirkar/TarunsCode/prefill/spikes/textinsert/build/Build/Intermediates.noindex/TextInsertSpike.build/Debug-iphonesimulator/TextInsertProvider.build/TextInsertProvider.DependencyMetadataFileList

WriteAuxiliaryFile /Users/tarunyadgirkar/TarunsCode/prefill/spikes/textinsert/build/Build/Intermediates.noindex/TextInsertSpike.build/Debug-iphonesimulator/TextInsertProvider.build/TextInsertProvider-project-headers.hmap (in target 'TextInsertProvider' from project 'TextInsertSpike')
    cd /Users/tarunyadgirkar/TarunsCode/prefill/spikes/textinsert
    write-file /Users/tarunyadgirkar/TarunsCode/prefill/spikes/textinsert/build/Build/Intermediates.noindex/TextInsertSpike.build/Debug-iphonesimulator/TextInsertProvider.build/TextInsertProvider-project-headers.hmap

WriteAuxiliaryFile /Users/tarunyadgirkar/TarunsCode/prefill/spikes/textinsert/build/Build/Intermediates.noindex/TextInsertSpike.build/Debug-iphonesimulator/TextInsertProvider.build/TextInsertProvider-own-target-headers.hmap (in target 'TextInsertProvider' from project 'TextInsertSpike')
    cd /Users/tarunyadgirkar/TarunsCode/prefill/spikes/textinsert
    write-file /Users/tarunyadgirkar/TarunsCode/prefill/spikes/textinsert/build/Build/Intermediates.noindex/TextInsertSpike.build/Debug-iphonesimulator/TextInsertProvider.build/TextInsertProvider-own-target-headers.hmap

WriteAuxiliaryFile /Users/tarunyadgirkar/TarunsCode/prefill/spikes/textinsert/build/Build/Intermediates.noindex/TextInsertSpike.build/Debug-iphonesimulator/TextInsertProvider.build/TextInsertProvider-generated-files.hmap (in target 'TextInsertProvider' from project 'TextInsertSpike')
    cd /Users/tarunyadgirkar/TarunsCode/prefill/spikes/textinsert
    write-file /Users/tarunyadgirkar/TarunsCode/prefill/spikes/textinsert/build/Build/Intermediates.noindex/TextInsertSpike.build/Debug-iphonesimulator/TextInsertProvider.build/TextInsertProvider-generated-files.hmap

WriteAuxiliaryFile /Users/tarunyadgirkar/TarunsCode/prefill/spikes/textinsert/build/Build/Intermediates.noindex/TextInsertSpike.build/Debug-iphonesimulator/TextInsertProvider.build/TextInsertProvider-all-target-headers.hmap (in target 'TextInsertProvider' from project 'TextInsertSpike')
    cd /Users/tarunyadgirkar/TarunsCode/prefill/spikes/textinsert
    write-file /Users/tarunyadgirkar/TarunsCode/prefill/spikes/textinsert/build/Build/Intermediates.noindex/TextInsertSpike.build/Debug-iphonesimulator/TextInsertProvider.build/TextInsertProvider-all-target-headers.hmap

WriteAuxiliaryFile /Users/tarunyadgirkar/TarunsCode/prefill/spikes/textinsert/build/Build/Intermediates.noindex/TextInsertSpike.build/Debug-iphonesimulator/TextInsertProvider.build/TextInsertProvider-all-non-framework-target-headers.hmap (in target 'TextInsertProvider' from project 'TextInsertSpike')
    cd /Users/tarunyadgirkar/TarunsCode/prefill/spikes/textinsert
    write-file /Users/tarunyadgirkar/TarunsCode/prefill/spikes/textinsert/build/Build/Intermediates.noindex/TextInsertSpike.build/Debug-iphonesimulator/TextInsertProvider.build/TextInsertProvider-all-non-framework-target-headers.hmap

WriteAuxiliaryFile /Users/tarunyadgirkar/TarunsCode/prefill/spikes/textinsert/build/Build/Intermediates.noindex/TextInsertSpike.build/Debug-iphonesimulator/TextInsertProvider.build/TextInsertProvider-DebugEntryPoint-normal-arm64.txt (in target 'TextInsertProvider' from project 'TextInsertSpike')
    cd /Users/tarunyadgirkar/TarunsCode/prefill/spikes/textinsert
    write-file /Users/tarunyadgirkar/TarunsCode/prefill/spikes/textinsert/build/Build/Intermediates.noindex/TextInsertSpike.build/Debug-iphonesimulator/TextInsertProvider.build/TextInsertProvider-DebugEntryPoint-normal-arm64.txt

WriteAuxiliaryFile /Users/tarunyadgirkar/TarunsCode/prefill/spikes/textinsert/build/Build/Intermediates.noindex/TextInsertSpike.build/Debug-iphonesimulator/TextInsertProvider.build/TextInsertProvider-DebugDylibPath-normal-arm64.txt (in target 'TextInsertProvider' from project 'TextInsertSpike')
    cd /Users/tarunyadgirkar/TarunsCode/prefill/spikes/textinsert
    write-file /Users/tarunyadgirkar/TarunsCode/prefill/spikes/textinsert/build/Build/Intermediates.noindex/TextInsertSpike.build/Debug-iphonesimulator/TextInsertProvider.build/TextInsertProvider-DebugDylibPath-normal-arm64.txt

WriteAuxiliaryFile /Users/tarunyadgirkar/TarunsCode/prefill/spikes/textinsert/build/Build/Intermediates.noindex/TextInsertSpike.build/Debug-iphonesimulator/TextInsertProvider.build/TextInsertProvider-DebugDylibInstallName-normal-arm64.txt (in target 'TextInsertProvider' from project 'TextInsertSpike')
    cd /Users/tarunyadgirkar/TarunsCode/prefill/spikes/textinsert
    write-file /Users/tarunyadgirkar/TarunsCode/prefill/spikes/textinsert/build/Build/Intermediates.noindex/TextInsertSpike.build/Debug-iphonesimulator/TextInsertProvider.build/TextInsertProvider-DebugDylibInstallName-normal-arm64.txt

WriteAuxiliaryFile /Users/tarunyadgirkar/TarunsCode/prefill/spikes/textinsert/build/Build/Intermediates.noindex/TextInsertSpike.build/Debug-iphonesimulator/TextInsertProvider.build/Objects-normal/arm64/TextInsertProvider_const_extract_protocols.json (in target 'TextInsertProvider' from project 'TextInsertSpike')
    cd /Users/tarunyadgirkar/TarunsCode/prefill/spikes/textinsert
    write-file /Users/tarunyadgirkar/TarunsCode/prefill/spikes/textinsert/build/Build/Intermediates.noindex/TextInsertSpike.build/Debug-iphonesimulator/TextInsertProvider.build/Objects-normal/arm64/TextInsertProvider_const_extract_protocols.json

WriteAuxiliaryFile /Users/tarunyadgirkar/TarunsCode/prefill/spikes/textinsert/build/Build/Intermediates.noindex/TextInsertSpike.build/Debug-iphonesimulator/TextInsertProvider.build/Objects-normal/arm64/TextInsertProvider.SwiftFileList (in target 'TextInsertProvider' from project 'TextInsertSpike')
    cd /Users/tarunyadgirkar/TarunsCode/prefill/spikes/textinsert
    write-file /Users/tarunyadgirkar/TarunsCode/prefill/spikes/textinsert/build/Build/Intermediates.noindex/TextInsertSpike.build/Debug-iphonesimulator/TextInsertProvider.build/Objects-normal/arm64/TextInsertProvider.SwiftFileList

WriteAuxiliaryFile /Users/tarunyadgirkar/TarunsCode/prefill/spikes/textinsert/build/Build/Intermediates.noindex/TextInsertSpike.build/Debug-iphonesimulator/TextInsertProvider.build/Objects-normal/arm64/TextInsertProvider.SwiftConstValuesFileList (in target 'TextInsertProvider' from project 'TextInsertSpike')
    cd /Users/tarunyadgirkar/TarunsCode/prefill/spikes/textinsert
    write-file /Users/tarunyadgirkar/TarunsCode/prefill/spikes/textinsert/build/Build/Intermediates.noindex/TextInsertSpike.build/Debug-iphonesimulator/TextInsertProvider.build/Objects-normal/arm64/TextInsertProvider.SwiftConstValuesFileList

WriteAuxiliaryFile /Users/tarunyadgirkar/TarunsCode/prefill/spikes/textinsert/build/Build/Intermediates.noindex/TextInsertSpike.build/Debug-iphonesimulator/TextInsertProvider.build/Objects-normal/arm64/TextInsertProvider.LinkFileList (in target 'TextInsertProvider' from project 'TextInsertSpike')
    cd /Users/tarunyadgirkar/TarunsCode/prefill/spikes/textinsert
    write-file /Users/tarunyadgirkar/TarunsCode/prefill/spikes/textinsert/build/Build/Intermediates.noindex/TextInsertSpike.build/Debug-iphonesimulator/TextInsertProvider.build/Objects-normal/arm64/TextInsertProvider.LinkFileList

WriteAuxiliaryFile /Users/tarunyadgirkar/TarunsCode/prefill/spikes/textinsert/build/Build/Intermediates.noindex/TextInsertSpike.build/Debug-iphonesimulator/TextInsertProvider.build/Objects-normal/arm64/TextInsertProvider-OutputFileMap.json (in target 'TextInsertProvider' from project 'TextInsertSpike')
    cd /Users/tarunyadgirkar/TarunsCode/prefill/spikes/textinsert
    write-file /Users/tarunyadgirkar/TarunsCode/prefill/spikes/textinsert/build/Build/Intermediates.noindex/TextInsertSpike.build/Debug-iphonesimulator/TextInsertProvider.build/Objects-normal/arm64/TextInsertProvider-OutputFileMap.json

WriteAuxiliaryFile /Users/tarunyadgirkar/TarunsCode/prefill/spikes/textinsert/build/Build/Intermediates.noindex/TextInsertSpike.build/Debug-iphonesimulator/TextInsertProvider.build/DerivedSources/Entitlements-Simulated.plist (in target 'TextInsertProvider' from project 'TextInsertSpike')
    cd /Users/tarunyadgirkar/TarunsCode/prefill/spikes/textinsert
    write-file /Users/tarunyadgirkar/TarunsCode/prefill/spikes/textinsert/build/Build/Intermediates.noindex/TextInsertSpike.build/Debug-iphonesimulator/TextInsertProvider.build/DerivedSources/Entitlements-Simulated.plist

MkDir /Users/tarunyadgirkar/TarunsCode/prefill/spikes/textinsert/build/Build/Products/Debug-iphonesimulator/TextInsertUITests-Runner.app/PlugIns/TextInsertUITests.xctest (in target 'TextInsertUITests' from project 'TextInsertSpike')
    cd /Users/tarunyadgirkar/TarunsCode/prefill/spikes/textinsert
    /bin/mkdir -p /Users/tarunyadgirkar/TarunsCode/prefill/spikes/textinsert/build/Build/Products/Debug-iphonesimulator/TextInsertUITests-Runner.app/PlugIns/TextInsertUITests.xctest

MkDir /Users/tarunyadgirkar/TarunsCode/prefill/spikes/textinsert/build/Build/Products/Debug-iphonesimulator/TextInsertSpike.app/PlugIns (in target 'TextInsertSpike' from project 'TextInsertSpike')
    cd /Users/tarunyadgirkar/TarunsCode/prefill/spikes/textinsert
    /bin/mkdir -p /Users/tarunyadgirkar/TarunsCode/prefill/spikes/textinsert/build/Build/Products/Debug-iphonesimulator/TextInsertSpike.app/PlugIns

MkDir /Users/tarunyadgirkar/TarunsCode/prefill/spikes/textinsert/build/Build/Products/Debug-iphonesimulator/TextInsertSpike.app (in target 'TextInsertSpike' from project 'TextInsertSpike')
    cd /Users/tarunyadgirkar/TarunsCode/prefill/spikes/textinsert
    /bin/mkdir -p /Users/tarunyadgirkar/TarunsCode/prefill/spikes/textinsert/build/Build/Products/Debug-iphonesimulator/TextInsertSpike.app

MkDir /Users/tarunyadgirkar/TarunsCode/prefill/spikes/textinsert/build/Build/Products/Debug-iphonesimulator/TextInsertProvider.appex (in target 'TextInsertProvider' from project 'TextInsertSpike')
    cd /Users/tarunyadgirkar/TarunsCode/prefill/spikes/textinsert
    /bin/mkdir -p /Users/tarunyadgirkar/TarunsCode/prefill/spikes/textinsert/build/Build/Products/Debug-iphonesimulator/TextInsertProvider.appex

ProcessProductPackaging /Users/tarunyadgirkar/TarunsCode/prefill/spikes/textinsert/Provider/Provider.entitlements /Users/tarunyadgirkar/TarunsCode/prefill/spikes/textinsert/build/Build/Intermediates.noindex/TextInsertSpike.build/Debug-iphonesimulator/TextInsertProvider.build/TextInsertProvider.appex.xcent (in target 'TextInsertProvider' from project 'TextInsertSpike')
    cd /Users/tarunyadgirkar/TarunsCode/prefill/spikes/textinsert
    
    Entitlements:
    
    {
}
    
    builtin-productPackagingUtility /Users/tarunyadgirkar/TarunsCode/prefill/spikes/textinsert/Provider/Provider.entitlements -entitlements -format xml -o /Users/tarunyadgirkar/TarunsCode/prefill/spikes/textinsert/build/Build/Intermediates.noindex/TextInsertSpike.build/Debug-iphonesimulator/TextInsertProvider.build/TextInsertProvider.appex.xcent

ProcessProductPackaging /Users/tarunyadgirkar/TarunsCode/prefill/spikes/textinsert/Provider/Provider.entitlements /Users/tarunyadgirkar/TarunsCode/prefill/spikes/textinsert/build/Build/Intermediates.noindex/TextInsertSpike.build/Debug-iphonesimulator/TextInsertProvider.build/TextInsertProvider.appex-Simulated.xcent (in target 'TextInsertProvider' from project 'TextInsertSpike')
    cd /Users/tarunyadgirkar/TarunsCode/prefill/spikes/textinsert
    
    Entitlements:
    
    {
    "application-identifier" = "5AKJYZ7USP.com.tarunyadgirkar.prefill.spike.textinsert.provider";
    "com.apple.developer.authentication-services.autofill-credential-provider" = 1;
}
    
    builtin-productPackagingUtility /Users/tarunyadgirkar/TarunsCode/prefill/spikes/textinsert/Provider/Provider.entitlements -entitlements -format xml -o /Users/tarunyadgirkar/TarunsCode/prefill/spikes/textinsert/build/Build/Intermediates.noindex/TextInsertSpike.build/Debug-iphonesimulator/TextInsertProvider.build/TextInsertProvider.appex-Simulated.xcent

ProcessProductPackagingDER /Users/tarunyadgirkar/TarunsCode/prefill/spikes/textinsert/build/Build/Intermediates.noindex/TextInsertSpike.build/Debug-iphonesimulator/TextInsertProvider.build/TextInsertProvider.appex.xcent /Users/tarunyadgirkar/TarunsCode/prefill/spikes/textinsert/build/Build/Intermediates.noindex/TextInsertSpike.build/Debug-iphonesimulator/TextInsertProvider.build/TextInsertProvider.appex.xcent.der (in target 'TextInsertProvider' from project 'TextInsertSpike')
    cd /Users/tarunyadgirkar/TarunsCode/prefill/spikes/textinsert
    /usr/bin/derq query -f xml -i /Users/tarunyadgirkar/TarunsCode/prefill/spikes/textinsert/build/Build/Intermediates.noindex/TextInsertSpike.build/Debug-iphonesimulator/TextInsertProvider.build/TextInsertProvider.appex.xcent -o /Users/tarunyadgirkar/TarunsCode/prefill/spikes/textinsert/build/Build/Intermediates.noindex/TextInsertSpike.build/Debug-iphonesimulator/TextInsertProvider.build/TextInsertProvider.appex.xcent.der --raw

ProcessProductPackagingDER /Users/tarunyadgirkar/TarunsCode/prefill/spikes/textinsert/build/Build/Intermediates.noindex/TextInsertSpike.build/Debug-iphonesimulator/TextInsertProvider.build/TextInsertProvider.appex-Simulated.xcent /Users/tarunyadgirkar/TarunsCode/prefill/spikes/textinsert/build/Build/Intermediates.noindex/TextInsertSpike.build/Debug-iphonesimulator/TextInsertProvider.build/TextInsertProvider.appex-Simulated.xcent.der (in target 'TextInsertProvider' from project 'TextInsertSpike')
    cd /Users/tarunyadgirkar/TarunsCode/prefill/spikes/textinsert
    /usr/bin/derq query -f xml -i /Users/tarunyadgirkar/TarunsCode/prefill/spikes/textinsert/build/Build/Intermediates.noindex/TextInsertSpike.build/Debug-iphonesimulator/TextInsertProvider.build/TextInsertProvider.appex-Simulated.xcent -o /Users/tarunyadgirkar/TarunsCode/prefill/spikes/textinsert/build/Build/Intermediates.noindex/TextInsertSpike.build/Debug-iphonesimulator/TextInsertProvider.build/TextInsertProvider.appex-Simulated.xcent.der --raw

Ld /Users/tarunyadgirkar/TarunsCode/prefill/spikes/textinsert/build/Build/Products/Debug-iphonesimulator/TextInsertProvider.appex/__preview.dylib normal (in target 'TextInsertProvider' from project 'TextInsertSpike')
    cd /Users/tarunyadgirkar/TarunsCode/prefill/spikes/textinsert
    /Applications/Xcode.app/Contents/Developer/Toolchains/XcodeDefault.xctoolchain/usr/bin/clang -Xlinker -reproducible -target arm64-apple-ios26.0-simulator -dynamiclib -isysroot /Applications/Xcode.app/Contents/Developer/Platforms/iPhoneSimulator.platform/Developer/SDKs/iPhoneSimulator27.0.sdk -O0 -Xlinker -no_warn_duplicate_libraries -L/Users/tarunyadgirkar/TarunsCode/prefill/spikes/textinsert/build/Build/Products/Debug-iphonesimulator -F/Users/tarunyadgirkar/TarunsCode/prefill/spikes/textinsert/build/Build/Products/Debug-iphonesimulator -install_name @rpath/TextInsertProvider.debug.dylib -Xlinker -dead_strip -rdynamic -Xlinker -no_deduplicate -Xlinker -objc_abi_version -Xlinker 2 -Xlinker -dependency_info -Xlinker /Users/tarunyadgirkar/TarunsCode/prefill/spikes/textinsert/build/Build/Intermediates.noindex/TextInsertSpike.build/Debug-iphonesimulator/TextInsertProvider.build/Objects-normal/arm64/TextInsertProvider_dependency_info.dat -Xlinker -sectcreate -Xlinker __TEXT -Xlinker __entitlements -Xlinker /Users/tarunyadgirkar/TarunsCode/prefill/spikes/textinsert/build/Build/Intermediates.noindex/TextInsertSpike.build/Debug-iphonesimulator/TextInsertProvider.build/TextInsertProvider.appex-Simulated.xcent -Xlinker -sectcreate -Xlinker __TEXT -Xlinker __ents_der -Xlinker /Users/tarunyadgirkar/TarunsCode/prefill/spikes/textinsert/build/Build/Intermediates.noindex/TextInsertSpike.build/Debug-iphonesimulator/TextInsertProvider.build/TextInsertProvider.appex-Simulated.xcent.der -Xlinker -no_adhoc_codesign -o /Users/tarunyadgirkar/TarunsCode/prefill/spikes/textinsert/build/Build/Products/Debug-iphonesimulator/TextInsertProvider.appex/__preview.dylib

ProcessInfoPlistFile /Users/tarunyadgirkar/TarunsCode/prefill/spikes/textinsert/build/Build/Products/Debug-iphonesimulator/TextInsertProvider.appex/Info.plist /Users/tarunyadgirkar/TarunsCode/prefill/spikes/textinsert/Provider/Info.plist (in target 'TextInsertProvider' from project 'TextInsertSpike')
    cd /Users/tarunyadgirkar/TarunsCode/prefill/spikes/textinsert
    builtin-infoPlistUtility /Users/tarunyadgirkar/TarunsCode/prefill/spikes/textinsert/Provider/Info.plist -producttype com.apple.product-type.app-extension -expandbuildsettings -format binary -platform iphonesimulator -o /Users/tarunyadgirkar/TarunsCode/prefill/spikes/textinsert/build/Build/Products/Debug-iphonesimulator/TextInsertProvider.appex/Info.plist

SwiftDriver TextInsertProvider normal arm64 com.apple.xcode.tools.swift.compiler (in target 'TextInsertProvider' from project 'TextInsertSpike')
    cd /Users/tarunyadgirkar/TarunsCode/prefill/spikes/textinsert
    builtin-SwiftDriver -- /Applications/Xcode.app/Contents/Developer/Toolchains/XcodeDefault.xctoolchain/usr/bin/swiftc -module-name TextInsertProvider -Onone @/Users/tarunyadgirkar/TarunsCode/prefill/spikes/textinsert/build/Build/Intermediates.noindex/TextInsertSpike.build/Debug-iphonesimulator/TextInsertProvider.build/Objects-normal/arm64/TextInsertProvider.SwiftFileList -DDEBUG -enable-experimental-feature DebugDescriptionMacro -sdk /Applications/Xcode.app/Contents/Developer/Platforms/iPhoneSimulator.platform/Developer/SDKs/iPhoneSimulator27.0.sdk -target arm64-apple-ios26.0-simulator -g -module-cache-path /Users/tarunyadgirkar/TarunsCode/prefill/spikes/textinsert/build/ModuleCache.noindex -Xfrontend -serialize-debugging-options -application-extension -enable-testing -index-store-path /Users/tarunyadgirkar/TarunsCode/prefill/spikes/textinsert/build/Index.noindex/DataStore -Xcc -D_LIBCPP_HARDENING_MODE\=_LIBCPP_HARDENING_MODE_DEBUG -swift-version 6 -I /Users/tarunyadgirkar/TarunsCode/prefill/spikes/textinsert/build/Build/Products/Debug-iphonesimulator -F /Users/tarunyadgirkar/TarunsCode/prefill/spikes/textinsert/build/Build/Products/Debug-iphonesimulator -parse-as-library -c -j15 -enable-batch-mode -incremental -Xcc -ivfsstatcache -Xcc /Users/tarunyadgirkar/TarunsCode/prefill/spikes/textinsert/build/SDKStatCaches.noindex/iphonesimulator27.0-24A430-8dc58220667be655e1bcc261a7455254.sdkstatcache -output-file-map /Users/tarunyadgirkar/TarunsCode/prefill/spikes/textinsert/build/Build/Intermediates.noindex/TextInsertSpike.build/Debug-iphonesimulator/TextInsertProvider.build/Objects-normal/arm64/TextInsertProvider-OutputFileMap.json -save-temps -no-color-diagnostics -explicit-module-build -module-cache-path /Users/tarunyadgirkar/TarunsCode/prefill/spikes/textinsert/build/Build/Intermediates.noindex/SwiftExplicitPrecompiledModules -clang-scanner-module-cache-path /Users/tarunyadgirkar/TarunsCode/prefill/spikes/textinsert/build/ModuleCache.noindex -sdk-module-cache-path /Users/tarunyadgirkar/TarunsCode/prefill/spikes/textinsert/build/SDKExplicitPrecompiledModules -emit-dependencies -emit-module -emit-module-path /Users/tarunyadgirkar/TarunsCode/prefill/spikes/textinsert/build/Build/Intermediates.noindex/TextInsertSpike.build/Debug-iphonesimulator/TextInsertProvider.build/Objects-normal/arm64/TextInsertProvider.swiftmodule -serialize-diagnostics -dependency-scan-serialize-diagnostics-path /Users/tarunyadgirkar/TarunsCode/prefill/spikes/textinsert/build/Build/Intermediates.noindex/TextInsertSpike.build/Debug-iphonesimulator/TextInsertProvider.build/Objects-normal/arm64/TextInsertProvider-dependency-scan.dia -validate-clang-modules-once -clang-build-session-file /Users/tarunyadgirkar/TarunsCode/prefill/spikes/textinsert/build/ModuleCache.noindex/Session.modulevalidation -Xcc -fmodules-prune-interval\=86400 -Xcc -fmodules-prune-after\=345600 -emit-const-values -const-gather-protocols-list /Users/tarunyadgirkar/TarunsCode/prefill/spikes/textinsert/build/Build/Intermediates.noindex/TextInsertSpike.build/Debug-iphonesimulator/TextInsertProvider.build/Objects-normal/arm64/TextInsertProvider_const_extract_protocols.json -Xcc -iquote -Xcc /Users/tarunyadgirkar/TarunsCode/prefill/spikes/textinsert/build/Build/Intermediates.noindex/TextInsertSpike.build/Debug-iphonesimulator/TextInsertProvider.build/TextInsertProvider-generated-files.hmap -Xcc -I/Users/tarunyadgirkar/TarunsCode/prefill/spikes/textinsert/build/Build/Intermediates.noindex/TextInsertSpike.build/Debug-iphonesimulator/TextInsertProvider.build/TextInsertProvider-own-target-headers.hmap -Xcc -I/Users/tarunyadgirkar/TarunsCode/prefill/spikes/textinsert/build/Build/Intermediates.noindex/TextInsertSpike.build/Debug-iphonesimulator/TextInsertProvider.build/TextInsertProvider-all-target-headers.hmap -Xcc -iquote -Xcc /Users/tarunyadgirkar/TarunsCode/prefill/spikes/textinsert/build/Build/Intermediates.noindex/TextInsertSpike.build/Debug-iphonesimulator/TextInsertProvider.build/TextInsertProvider-project-headers.hmap -Xcc -I/Users/tarunyadgirkar/TarunsCode/prefill/spikes/textinsert/build/Build/Products/Debug-iphonesimulator/include -Xcc -I/Users/tarunyadgirkar/TarunsCode/prefill/spikes/textinsert/build/Build/Intermediates.noindex/TextInsertSpike.build/Debug-iphonesimulator/TextInsertProvider.build/DerivedSources-normal/arm64 -Xcc -I/Users/tarunyadgirkar/TarunsCode/prefill/spikes/textinsert/build/Build/Intermediates.noindex/TextInsertSpike.build/Debug-iphonesimulator/TextInsertProvider.build/DerivedSources/arm64 -Xcc -I/Users/tarunyadgirkar/TarunsCode/prefill/spikes/textinsert/build/Build/Intermediates.noindex/TextInsertSpike.build/Debug-iphonesimulator/TextInsertProvider.build/DerivedSources -Xcc -DDEBUG\=1 -emit-objc-header -emit-objc-header-path /Users/tarunyadgirkar/TarunsCode/prefill/spikes/textinsert/build/Build/Intermediates.noindex/TextInsertSpike.build/Debug-iphonesimulator/TextInsertProvider.build/Objects-normal/arm64/TextInsertProvider-Swift.h -working-directory /Users/tarunyadgirkar/TarunsCode/prefill/spikes/textinsert -experimental-emit-module-separately -disable-cmo

SwiftExplicitDependencyGeneratePcm arm64 /Users/tarunyadgirkar/TarunsCode/prefill/spikes/textinsert/build/SDKExplicitPrecompiledModules/_Builtin_stdbool-6O2UNUKS0437KOZTPH6FPOZJ5.pcm

SwiftExplicitDependencyGeneratePcm arm64 /Users/tarunyadgirkar/TarunsCode/prefill/spikes/textinsert/build/SDKExplicitPrecompiledModules/_Builtin_stdarg-DYUFRQJPHCOXRXFI79K0XGC6O.pcm

SwiftExplicitDependencyGeneratePcm arm64 /Users/tarunyadgirkar/TarunsCode/prefill/spikes/textinsert/build/SDKExplicitPrecompiledModules/ptrcheck-8JEKHGUCTPLU29BLOSSZKKLPD.pcm

SwiftExplicitDependencyGeneratePcm arm64 /Users/tarunyadgirkar/TarunsCode/prefill/spikes/textinsert/build/SDKExplicitPrecompiledModules/_Builtin_stddef-6BF9U3BKD942LOAVFX5GWJ0QP.pcm

SwiftExplicitDependencyGeneratePcm arm64 /Users/tarunyadgirkar/TarunsCode/prefill/spikes/textinsert/build/SDKExplicitPrecompiledModules/_AvailabilityInternal-A1SMHUVG9QXG5B0YM2JO9G6B0.pcm

SwiftExplicitDependencyGeneratePcm arm64 /Users/tarunyadgirkar/TarunsCode/prefill/spikes/textinsert/build/SDKExplicitPrecompiledModules/SwiftShims-3Q6LXE3IOSBE3G1V0Z90SV1UE.pcm

SwiftExplicitDependencyGeneratePcm arm64 /Users/tarunyadgirkar/TarunsCode/prefill/spikes/textinsert/build/SDKExplicitPrecompiledModules/ptrauth-76P7JKTJPSQSBSEWBDN1F0PM2.pcm

SwiftExplicitDependencyGeneratePcm arm64 /Users/tarunyadgirkar/TarunsCode/prefill/spikes/textinsert/build/SDKExplicitPrecompiledModules/DeveloperToolsSupport-CXSHEI84PDFP5WKA9BZ7ID0F7.pcm

SwiftExplicitDependencyGeneratePcm arm64 /Users/tarunyadgirkar/TarunsCode/prefill/spikes/textinsert/build/SDKExplicitPrecompiledModules/_Builtin_float-8E5OPJNYCZA3BB71BFZW1AT29.pcm

SwiftExplicitDependencyGeneratePcm arm64 /Users/tarunyadgirkar/TarunsCode/prefill/spikes/textinsert/build/SDKExplicitPrecompiledModules/_SwiftConcurrencyShims-5LF3KZ169EJD1K6GU465GAYKO.pcm

SwiftExplicitDependencyGeneratePcm arm64 /Users/tarunyadgirkar/TarunsCode/prefill/spikes/textinsert/build/SDKExplicitPrecompiledModules/_DarwinFoundation1-E9HIZ5PKLP6N15JMR4EZ9Q4PI.pcm

SwiftExplicitDependencyGeneratePcm arm64 /Users/tarunyadgirkar/TarunsCode/prefill/spikes/textinsert/build/SDKExplicitPrecompiledModules/_DarwinFoundation2-CWG7C2PUEJ5UGNJXNUAB25SUU.pcm

SwiftExplicitDependencyGeneratePcm arm64 /Users/tarunyadgirkar/TarunsCode/prefill/spikes/textinsert/build/SDKExplicitPrecompiledModules/_Builtin_limits-AY9EFLETCZ8AE35WZBMA7E1MZ.pcm

SwiftExplicitDependencyGeneratePcm arm64 /Users/tarunyadgirkar/TarunsCode/prefill/spikes/textinsert/build/SDKExplicitPrecompiledModules/sys_types-C7QYKOCZGCCSK3L3WCO4P2TTA.pcm

SwiftExplicitDependencyGeneratePcm arm64 /Users/tarunyadgirkar/TarunsCode/prefill/spikes/textinsert/build/SDKExplicitPrecompiledModules/string_h-JEIJ4X481PXZZO3QED24BZEI.pcm

SwiftExplicitDependencyGeneratePcm arm64 /Users/tarunyadgirkar/TarunsCode/prefill/spikes/textinsert/build/SDKExplicitPrecompiledModules/_Builtin_tgmath-TTWBS4Q7IM9TJNQL7WNKELWW.pcm

SwiftExplicitDependencyGeneratePcm arm64 /Users/tarunyadgirkar/TarunsCode/prefill/spikes/textinsert/build/SDKExplicitPrecompiledModules/_Builtin_stdint-66CDDFEM6QHFA2H3VV5I1I3B4.pcm

SwiftExplicitDependencyGeneratePcm arm64 /Users/tarunyadgirkar/TarunsCode/prefill/spikes/textinsert/build/SDKExplicitPrecompiledModules/_Builtin_stdatomic-8YKPC5YDBRYBCLLMW00J2RTVO.pcm

SwiftExplicitDependencyGeneratePcm arm64 /Users/tarunyadgirkar/TarunsCode/prefill/spikes/textinsert/build/SDKExplicitPrecompiledModules/_DarwinFoundation3-6UC3ZF0CN99IN7M4UE1GVVZ7Q.pcm

SwiftExplicitDependencyGeneratePcm arm64 /Users/tarunyadgirkar/TarunsCode/prefill/spikes/textinsert/build/SDKExplicitPrecompiledModules/_Builtin_intrinsics-1N5S9SGYFYGITVER7U2FBILC0.pcm

SwiftExplicitDependencyGeneratePcm arm64 /Users/tarunyadgirkar/TarunsCode/prefill/spikes/textinsert/build/SDKExplicitPrecompiledModules/_Builtin_inttypes-3YP319R6KQO9L13PVFCS00SB3.pcm

SwiftExplicitDependencyGeneratePcm arm64 /Users/tarunyadgirkar/TarunsCode/prefill/spikes/textinsert/build/SDKExplicitPrecompiledModules/Darwin-341Z1C44LIM4CTOH2X7XCA9QT.pcm

SwiftExplicitDependencyGeneratePcm arm64 /Users/tarunyadgirkar/TarunsCode/prefill/spikes/textinsert/build/SDKExplicitPrecompiledModules/simd-2JRS1UPCPS0JIPLAJF17OID8C.pcm

SwiftExplicitDependencyGeneratePcm arm64 /Users/tarunyadgirkar/TarunsCode/prefill/spikes/textinsert/build/SDKExplicitPrecompiledModules/ObjectiveC-295Q5DIC26GSD47451NI0PCD9.pcm

SwiftExplicitDependencyGeneratePcm arm64 /Users/tarunyadgirkar/TarunsCode/prefill/spikes/textinsert/build/SDKExplicitPrecompiledModules/MachO-477W63M3M1VR67JIQIRX7BB59.pcm

SwiftExplicitDependencyGeneratePcm arm64 /Users/tarunyadgirkar/TarunsCode/prefill/spikes/textinsert/build/SDKExplicitPrecompiledModules/os_object-MNJ2RX8QLY6TI33MQD4OUVNG.pcm

SwiftExplicitDependencyGeneratePcm arm64 /Users/tarunyadgirkar/TarunsCode/prefill/spikes/textinsert/build/SDKExplicitPrecompiledModules/Spatial-78QW9P6M79BJYI9MUTLSTYJFD.pcm

SwiftExplicitDependencyGeneratePcm arm64 /Users/tarunyadgirkar/TarunsCode/prefill/spikes/textinsert/build/SDKExplicitPrecompiledModules/os_workgroup-8YMFA8RFOIBAFTMLNVUOL6G3I.pcm

SwiftExplicitDependencyGeneratePcm arm64 /Users/tarunyadgirkar/TarunsCode/prefill/spikes/textinsert/build/SDKExplicitPrecompiledModules/Dispatch-BTHQ6PHUVMF7AXR08814SXP2S.pcm

SwiftExplicitDependencyGeneratePcm arm64 /Users/tarunyadgirkar/TarunsCode/prefill/spikes/textinsert/build/SDKExplicitPrecompiledModules/CoreFoundation-DYL77OA80RAM18N76QZLFYPFZ.pcm

SwiftExplicitDependencyGeneratePcm arm64 /Users/tarunyadgirkar/TarunsCode/prefill/spikes/textinsert/build/SDKExplicitPrecompiledModules/XPC-767TCUX4VQS5550FG426V3987.pcm

SwiftExplicitDependencyGeneratePcm arm64 /Users/tarunyadgirkar/TarunsCode/prefill/spikes/textinsert/build/SDKExplicitPrecompiledModules/os-7E05X55C3OMJVPRN6OQKZBBHE.pcm

SwiftExplicitDependencyGeneratePcm arm64 /Users/tarunyadgirkar/TarunsCode/prefill/spikes/textinsert/build/SDKExplicitPrecompiledModules/CFNetwork-8DXKA7A8SCKSK6BT7NCH8E7PM.pcm

SwiftExplicitDependencyGeneratePcm arm64 /Users/tarunyadgirkar/TarunsCode/prefill/spikes/textinsert/build/SDKExplicitPrecompiledModules/CoreGraphics-AU2R3B4MQZNKI2W56IZ6BMV0T.pcm

SwiftExplicitDependencyGeneratePcm arm64 /Users/tarunyadgirkar/TarunsCode/prefill/spikes/textinsert/build/SDKExplicitPrecompiledModules/CoreAudioTypes-CUUAMY8NHYD36WMJ9VPU32YK8.pcm

SwiftExplicitDependencyGeneratePcm arm64 /Users/tarunyadgirkar/TarunsCode/prefill/spikes/textinsert/build/SDKExplicitPrecompiledModules/Security-8JG6D1VU0DRNG973FXS5A1WG0.pcm

SwiftExplicitDependencyGeneratePcm arm64 /Users/tarunyadgirkar/TarunsCode/prefill/spikes/textinsert/build/SDKExplicitPrecompiledModules/CoreAudio-ND1L828UCINYSJTNOAGA1P33.pcm

SwiftExplicitDependencyGeneratePcm arm64 /Users/tarunyadgirkar/TarunsCode/prefill/spikes/textinsert/build/SDKExplicitPrecompiledModules/Foundation-4AL7RUOF5RPE5IZSJJK5LDWYL.pcm

SwiftExplicitDependencyGeneratePcm arm64 /Users/tarunyadgirkar/TarunsCode/prefill/spikes/textinsert/build/SDKExplicitPrecompiledModules/CoreText-4OU92PV6AOKK4ALO4NZTBNBH4.pcm

SwiftExplicitDependencyGeneratePcm arm64 /Users/tarunyadgirkar/TarunsCode/prefill/spikes/textinsert/build/SDKExplicitPrecompiledModules/ImageIO-DE1NK7MRLW7JSZ0CHJ7PFOOFH.pcm

SwiftExplicitDependencyGeneratePcm arm64 /Users/tarunyadgirkar/TarunsCode/prefill/spikes/textinsert/build/SDKExplicitPrecompiledModules/_LocationEssentials-DTZ229B6LB00L5XF4HJM97ZNW.pcm

SwiftExplicitDependencyGeneratePcm arm64 /Users/tarunyadgirkar/TarunsCode/prefill/spikes/textinsert/build/SDKExplicitPrecompiledModules/OSLog-29SWLTAX8V8KVAO19FZN633S4.pcm

SwiftExplicitDependencyGeneratePcm arm64 /Users/tarunyadgirkar/TarunsCode/prefill/spikes/textinsert/build/SDKExplicitPrecompiledModules/CoreData-2UGC41BCT4KF3MWD19M83RL4K.pcm

SwiftExplicitDependencyGeneratePcm arm64 /Users/tarunyadgirkar/TarunsCode/prefill/spikes/textinsert/build/SDKExplicitPrecompiledModules/UIUtilities-ZA7R4PGR7KT574LQ1BX3KJM.pcm

SwiftExplicitDependencyGeneratePcm arm64 /Users/tarunyadgirkar/TarunsCode/prefill/spikes/textinsert/build/SDKExplicitPrecompiledModules/LocalAuthentication-9FC2RDA5SOB3WGVPIPGLHVYZG.pcm

SwiftExplicitDependencyGeneratePcm arm64 /Users/tarunyadgirkar/TarunsCode/prefill/spikes/textinsert/build/SDKExplicitPrecompiledModules/UserNotifications-APJCGQLFMROFXGPD396RTMTEQ.pcm

SwiftExplicitDependencyGeneratePcm arm64 /Users/tarunyadgirkar/TarunsCode/prefill/spikes/textinsert/build/SDKExplicitPrecompiledModules/Symbols-40M4L5ED59P5M6WTJRRY3CYIA.pcm

SwiftExplicitDependencyGeneratePcm arm64 /Users/tarunyadgirkar/TarunsCode/prefill/spikes/textinsert/build/SDKExplicitPrecompiledModules/DataDetection-CK7RFMV5J7KFFHRKECCK6IELZ.pcm

SwiftExplicitDependencyGeneratePcm arm64 /Users/tarunyadgirkar/TarunsCode/prefill/spikes/textinsert/build/SDKExplicitPrecompiledModules/OpenGLES-1EQGCCHDEYF3M4QG6N8SD01D0.pcm

SwiftExplicitDependencyGeneratePcm arm64 /Users/tarunyadgirkar/TarunsCode/prefill/spikes/textinsert/build/SDKExplicitPrecompiledModules/Accessibility-D37SUE42XOWA6ODI1O4EPCWRC.pcm

SwiftExplicitDependencyGeneratePcm arm64 /Users/tarunyadgirkar/TarunsCode/prefill/spikes/textinsert/build/SDKExplicitPrecompiledModules/UniformTypeIdentifiers-39U6AWQTQY00S0EQA2BL2KRY2.pcm

SwiftExplicitDependencyGeneratePcm arm64 /Users/tarunyadgirkar/TarunsCode/prefill/spikes/textinsert/build/SDKExplicitPrecompiledModules/FileProvider-9OQ8VGRH8Z8RCSP2N34O6S9KK.pcm

SwiftExplicitDependencyGeneratePcm arm64 /Users/tarunyadgirkar/TarunsCode/prefill/spikes/textinsert/build/SDKExplicitPrecompiledModules/CoreTransferable-3E63O3J5CCPPJP9PCAMD78S96.pcm

SwiftExplicitDependencyGeneratePcm arm64 /Users/tarunyadgirkar/TarunsCode/prefill/spikes/textinsert/build/SDKExplicitPrecompiledModules/IOSurface-43YRQLQ8VVCLAL2PAGG8E3XLG.pcm

SwiftExplicitDependencyGeneratePcm arm64 /Users/tarunyadgirkar/TarunsCode/prefill/spikes/textinsert/build/SDKExplicitPrecompiledModules/CoreLocation-979CER4GQWDDXIUKQ6U1U8X1C.pcm

SwiftExplicitDependencyGeneratePcm arm64 /Users/tarunyadgirkar/TarunsCode/prefill/spikes/textinsert/build/SDKExplicitPrecompiledModules/Metal-BNNM0YK1TQ4UHWAQ9DWA5JO1M.pcm

SwiftExplicitDependencyGeneratePcm arm64 /Users/tarunyadgirkar/TarunsCode/prefill/spikes/textinsert/build/SDKExplicitPrecompiledModules/CoreMotion-CJ8LX7ASXKJKMU8OAR0RPLSQK.pcm

SwiftExplicitDependencyGeneratePcm arm64 /Users/tarunyadgirkar/TarunsCode/prefill/spikes/textinsert/build/SDKExplicitPrecompiledModules/CoreVideo-61QZWNO9UF1C1NZVCFE6D0UY6.pcm

SwiftExplicitDependencyGeneratePcm arm64 /Users/tarunyadgirkar/TarunsCode/prefill/spikes/textinsert/build/SDKExplicitPrecompiledModules/CoreMedia-7A8IH7VTF8Y8HXM06HTSYICLQ.pcm

SwiftExplicitDependencyGeneratePcm arm64 /Users/tarunyadgirkar/TarunsCode/prefill/spikes/textinsert/build/SDKExplicitPrecompiledModules/CoreImage-EO8H8GSUHV7QBC1O314TEH0EK.pcm

SwiftExplicitDependencyGeneratePcm arm64 /Users/tarunyadgirkar/TarunsCode/prefill/spikes/textinsert/build/SDKExplicitPrecompiledModules/QuartzCore-E4IZWV7LCMYN8EMWUYDSMSYZT.pcm

SwiftExplicitDependencyGeneratePcm arm64 /Users/tarunyadgirkar/TarunsCode/prefill/spikes/textinsert/build/SDKExplicitPrecompiledModules/SwiftUICore-3GAJJJYYK0CC3RMSQ0PUPTZHQ.pcm

SwiftExplicitDependencyGeneratePcm arm64 /Users/tarunyadgirkar/TarunsCode/prefill/spikes/textinsert/build/SDKExplicitPrecompiledModules/UIKit-8L3XJ4RCXO7UAADFHENVPWX3U.pcm

SwiftExplicitDependencyGeneratePcm arm64 /Users/tarunyadgirkar/TarunsCode/prefill/spikes/textinsert/build/SDKExplicitPrecompiledModules/SwiftUI-ALR58D2EGYI3EUCCUBOOVGFNZ.pcm

SwiftExplicitDependencyGeneratePcm arm64 /Users/tarunyadgirkar/TarunsCode/prefill/spikes/textinsert/build/SDKExplicitPrecompiledModules/AuthenticationServices-AFA7Y3MKG37VGB1SZOH01UH78.pcm

SwiftEmitModule normal arm64 Emitting\ module\ for\ TextInsertProvider (in target 'TextInsertProvider' from project 'TextInsertSpike')

SwiftCompile normal arm64 (in target 'TextInsertProvider' from project 'TextInsertSpike')
    cd /Users/tarunyadgirkar/TarunsCode/prefill/spikes/textinsert
    

SwiftCompile normal arm64 Compiling\ CredentialProviderViewController.swift /Users/tarunyadgirkar/TarunsCode/prefill/spikes/textinsert/Provider/CredentialProviderViewController.swift (in target 'TextInsertProvider' from project 'TextInsertSpike')

SwiftCompile normal arm64 /Users/tarunyadgirkar/TarunsCode/prefill/spikes/textinsert/Provider/CredentialProviderViewController.swift (in target 'TextInsertProvider' from project 'TextInsertSpike')
    cd /Users/tarunyadgirkar/TarunsCode/prefill/spikes/textinsert
    builtin-SwiftPerFileCompile CredentialProviderViewController.swift

SwiftDriverJobDiscovery normal arm64 Emitting module for TextInsertProvider (in target 'TextInsertProvider' from project 'TextInsertSpike')

SwiftDriver\ Compilation\ Requirements TextInsertProvider normal arm64 com.apple.xcode.tools.swift.compiler (in target 'TextInsertProvider' from project 'TextInsertSpike')
    cd /Users/tarunyadgirkar/TarunsCode/prefill/spikes/textinsert
    builtin-Swift-Compilation-Requirements -- /Applications/Xcode.app/Contents/Developer/Toolchains/XcodeDefault.xctoolchain/usr/bin/swiftc -module-name TextInsertProvider -Onone @/Users/tarunyadgirkar/TarunsCode/prefill/spikes/textinsert/build/Build/Intermediates.noindex/TextInsertSpike.build/Debug-iphonesimulator/TextInsertProvider.build/Objects-normal/arm64/TextInsertProvider.SwiftFileList -DDEBUG -enable-experimental-feature DebugDescriptionMacro -sdk /Applications/Xcode.app/Contents/Developer/Platforms/iPhoneSimulator.platform/Developer/SDKs/iPhoneSimulator27.0.sdk -target arm64-apple-ios26.0-simulator -g -module-cache-path /Users/tarunyadgirkar/TarunsCode/prefill/spikes/textinsert/build/ModuleCache.noindex -Xfrontend -serialize-debugging-options -application-extension -enable-testing -index-store-path /Users/tarunyadgirkar/TarunsCode/prefill/spikes/textinsert/build/Index.noindex/DataStore -Xcc -D_LIBCPP_HARDENING_MODE\=_LIBCPP_HARDENING_MODE_DEBUG -swift-version 6 -I /Users/tarunyadgirkar/TarunsCode/prefill/spikes/textinsert/build/Build/Products/Debug-iphonesimulator -F /Users/tarunyadgirkar/TarunsCode/prefill/spikes/textinsert/build/Build/Products/Debug-iphonesimulator -parse-as-library -c -j15 -enable-batch-mode -incremental -Xcc -ivfsstatcache -Xcc /Users/tarunyadgirkar/TarunsCode/prefill/spikes/textinsert/build/SDKStatCaches.noindex/iphonesimulator27.0-24A430-8dc58220667be655e1bcc261a7455254.sdkstatcache -output-file-map /Users/tarunyadgirkar/TarunsCode/prefill/spikes/textinsert/build/Build/Intermediates.noindex/TextInsertSpike.build/Debug-iphonesimulator/TextInsertProvider.build/Objects-normal/arm64/TextInsertProvider-OutputFileMap.json -save-temps -no-color-diagnostics -explicit-module-build -module-cache-path /Users/tarunyadgirkar/TarunsCode/prefill/spikes/textinsert/build/Build/Intermediates.noindex/SwiftExplicitPrecompiledModules -clang-scanner-module-cache-path /Users/tarunyadgirkar/TarunsCode/prefill/spikes/textinsert/build/ModuleCache.noindex -sdk-module-cache-path /Users/tarunyadgirkar/TarunsCode/prefill/spikes/textinsert/build/SDKExplicitPrecompiledModules -emit-dependencies -emit-module -emit-module-path /Users/tarunyadgirkar/TarunsCode/prefill/spikes/textinsert/build/Build/Intermediates.noindex/TextInsertSpike.build/Debug-iphonesimulator/TextInsertProvider.build/Objects-normal/arm64/TextInsertProvider.swiftmodule -serialize-diagnostics -dependency-scan-serialize-diagnostics-path /Users/tarunyadgirkar/TarunsCode/prefill/spikes/textinsert/build/Build/Intermediates.noindex/TextInsertSpike.build/Debug-iphonesimulator/TextInsertProvider.build/Objects-normal/arm64/TextInsertProvider-dependency-scan.dia -validate-clang-modules-once -clang-build-session-file /Users/tarunyadgirkar/TarunsCode/prefill/spikes/textinsert/build/ModuleCache.noindex/Session.modulevalidation -Xcc -fmodules-prune-interval\=86400 -Xcc -fmodules-prune-after\=345600 -emit-const-values -const-gather-protocols-list /Users/tarunyadgirkar/TarunsCode/prefill/spikes/textinsert/build/Build/Intermediates.noindex/TextInsertSpike.build/Debug-iphonesimulator/TextInsertProvider.build/Objects-normal/arm64/TextInsertProvider_const_extract_protocols.json -Xcc -iquote -Xcc /Users/tarunyadgirkar/TarunsCode/prefill/spikes/textinsert/build/Build/Intermediates.noindex/TextInsertSpike.build/Debug-iphonesimulator/TextInsertProvider.build/TextInsertProvider-generated-files.hmap -Xcc -I/Users/tarunyadgirkar/TarunsCode/prefill/spikes/textinsert/build/Build/Intermediates.noindex/TextInsertSpike.build/Debug-iphonesimulator/TextInsertProvider.build/TextInsertProvider-own-target-headers.hmap -Xcc -I/Users/tarunyadgirkar/TarunsCode/prefill/spikes/textinsert/build/Build/Intermediates.noindex/TextInsertSpike.build/Debug-iphonesimulator/TextInsertProvider.build/TextInsertProvider-all-target-headers.hmap -Xcc -iquote -Xcc /Users/tarunyadgirkar/TarunsCode/prefill/spikes/textinsert/build/Build/Intermediates.noindex/TextInsertSpike.build/Debug-iphonesimulator/TextInsertProvider.build/TextInsertProvider-project-headers.hmap -Xcc -I/Users/tarunyadgirkar/TarunsCode/prefill/spikes/textinsert/build/Build/Products/Debug-iphonesimulator/include -Xcc -I/Users/tarunyadgirkar/TarunsCode/prefill/spikes/textinsert/build/Build/Intermediates.noindex/TextInsertSpike.build/Debug-iphonesimulator/TextInsertProvider.build/DerivedSources-normal/arm64 -Xcc -I/Users/tarunyadgirkar/TarunsCode/prefill/spikes/textinsert/build/Build/Intermediates.noindex/TextInsertSpike.build/Debug-iphonesimulator/TextInsertProvider.build/DerivedSources/arm64 -Xcc -I/Users/tarunyadgirkar/TarunsCode/prefill/spikes/textinsert/build/Build/Intermediates.noindex/TextInsertSpike.build/Debug-iphonesimulator/TextInsertProvider.build/DerivedSources -Xcc -DDEBUG\=1 -emit-objc-header -emit-objc-header-path /Users/tarunyadgirkar/TarunsCode/prefill/spikes/textinsert/build/Build/Intermediates.noindex/TextInsertSpike.build/Debug-iphonesimulator/TextInsertProvider.build/Objects-normal/arm64/TextInsertProvider-Swift.h -working-directory /Users/tarunyadgirkar/TarunsCode/prefill/spikes/textinsert -experimental-emit-module-separately -disable-cmo

SwiftMergeGeneratedHeaders /Users/tarunyadgirkar/TarunsCode/prefill/spikes/textinsert/build/Build/Intermediates.noindex/TextInsertSpike.build/Debug-iphonesimulator/TextInsertProvider.build/DerivedSources/TextInsertProvider-Swift.h /Users/tarunyadgirkar/TarunsCode/prefill/spikes/textinsert/build/Build/Intermediates.noindex/TextInsertSpike.build/Debug-iphonesimulator/TextInsertProvider.build/Objects-normal/arm64/TextInsertProvider-Swift.h (in target 'TextInsertProvider' from project 'TextInsertSpike')
    cd /Users/tarunyadgirkar/TarunsCode/prefill/spikes/textinsert
    builtin-swiftHeaderTool -arch arm64 /Users/tarunyadgirkar/TarunsCode/prefill/spikes/textinsert/build/Build/Intermediates.noindex/TextInsertSpike.build/Debug-iphonesimulator/TextInsertProvider.build/Objects-normal/arm64/TextInsertProvider-Swift.h -o /Users/tarunyadgirkar/TarunsCode/prefill/spikes/textinsert/build/Build/Intermediates.noindex/TextInsertSpike.build/Debug-iphonesimulator/TextInsertProvider.build/DerivedSources/TextInsertProvider-Swift.h

Copy /Users/tarunyadgirkar/TarunsCode/prefill/spikes/textinsert/build/Build/Products/Debug-iphonesimulator/TextInsertProvider.swiftmodule/arm64-apple-ios-simulator.swiftmodule /Users/tarunyadgirkar/TarunsCode/prefill/spikes/textinsert/build/Build/Intermediates.noindex/TextInsertSpike.build/Debug-iphonesimulator/TextInsertProvider.build/Objects-normal/arm64/TextInsertProvider.swiftmodule (in target 'TextInsertProvider' from project 'TextInsertSpike')
    cd /Users/tarunyadgirkar/TarunsCode/prefill/spikes/textinsert
    builtin-copy -exclude .DS_Store -exclude CVS -exclude .svn -exclude .git -exclude .hg -resolve-src-symlinks -rename /Users/tarunyadgirkar/TarunsCode/prefill/spikes/textinsert/build/Build/Intermediates.noindex/TextInsertSpike.build/Debug-iphonesimulator/TextInsertProvider.build/Objects-normal/arm64/TextInsertProvider.swiftmodule /Users/tarunyadgirkar/TarunsCode/prefill/spikes/textinsert/build/Build/Products/Debug-iphonesimulator/TextInsertProvider.swiftmodule/arm64-apple-ios-simulator.swiftmodule

Copy /Users/tarunyadgirkar/TarunsCode/prefill/spikes/textinsert/build/Build/Products/Debug-iphonesimulator/TextInsertProvider.swiftmodule/arm64-apple-ios-simulator.swiftdoc /Users/tarunyadgirkar/TarunsCode/prefill/spikes/textinsert/build/Build/Intermediates.noindex/TextInsertSpike.build/Debug-iphonesimulator/TextInsertProvider.build/Objects-normal/arm64/TextInsertProvider.swiftdoc (in target 'TextInsertProvider' from project 'TextInsertSpike')
    cd /Users/tarunyadgirkar/TarunsCode/prefill/spikes/textinsert
    builtin-copy -exclude .DS_Store -exclude CVS -exclude .svn -exclude .git -exclude .hg -resolve-src-symlinks -rename /Users/tarunyadgirkar/TarunsCode/prefill/spikes/textinsert/build/Build/Intermediates.noindex/TextInsertSpike.build/Debug-iphonesimulator/TextInsertProvider.build/Objects-normal/arm64/TextInsertProvider.swiftdoc /Users/tarunyadgirkar/TarunsCode/prefill/spikes/textinsert/build/Build/Products/Debug-iphonesimulator/TextInsertProvider.swiftmodule/arm64-apple-ios-simulator.swiftdoc

Copy /Users/tarunyadgirkar/TarunsCode/prefill/spikes/textinsert/build/Build/Products/Debug-iphonesimulator/TextInsertProvider.swiftmodule/arm64-apple-ios-simulator.abi.json /Users/tarunyadgirkar/TarunsCode/prefill/spikes/textinsert/build/Build/Intermediates.noindex/TextInsertSpike.build/Debug-iphonesimulator/TextInsertProvider.build/Objects-normal/arm64/TextInsertProvider.abi.json (in target 'TextInsertProvider' from project 'TextInsertSpike')
    cd /Users/tarunyadgirkar/TarunsCode/prefill/spikes/textinsert
    builtin-copy -exclude .DS_Store -exclude CVS -exclude .svn -exclude .git -exclude .hg -resolve-src-symlinks -rename /Users/tarunyadgirkar/TarunsCode/prefill/spikes/textinsert/build/Build/Intermediates.noindex/TextInsertSpike.build/Debug-iphonesimulator/TextInsertProvider.build/Objects-normal/arm64/TextInsertProvider.abi.json /Users/tarunyadgirkar/TarunsCode/prefill/spikes/textinsert/build/Build/Products/Debug-iphonesimulator/TextInsertProvider.swiftmodule/arm64-apple-ios-simulator.abi.json

Copy /Users/tarunyadgirkar/TarunsCode/prefill/spikes/textinsert/build/Build/Products/Debug-iphonesimulator/TextInsertProvider.swiftmodule/Project/arm64-apple-ios-simulator.swiftsourceinfo /Users/tarunyadgirkar/TarunsCode/prefill/spikes/textinsert/build/Build/Intermediates.noindex/TextInsertSpike.build/Debug-iphonesimulator/TextInsertProvider.build/Objects-normal/arm64/TextInsertProvider.swiftsourceinfo (in target 'TextInsertProvider' from project 'TextInsertSpike')
    cd /Users/tarunyadgirkar/TarunsCode/prefill/spikes/textinsert
    builtin-copy -exclude .DS_Store -exclude CVS -exclude .svn -exclude .git -exclude .hg -resolve-src-symlinks -rename /Users/tarunyadgirkar/TarunsCode/prefill/spikes/textinsert/build/Build/Intermediates.noindex/TextInsertSpike.build/Debug-iphonesimulator/TextInsertProvider.build/Objects-normal/arm64/TextInsertProvider.swiftsourceinfo /Users/tarunyadgirkar/TarunsCode/prefill/spikes/textinsert/build/Build/Products/Debug-iphonesimulator/TextInsertProvider.swiftmodule/Project/arm64-apple-ios-simulator.swiftsourceinfo

ProcessProductPackaging "" /Users/tarunyadgirkar/TarunsCode/prefill/spikes/textinsert/build/Build/Intermediates.noindex/TextInsertSpike.build/Debug-iphonesimulator/TextInsertSpike.build/TextInsertSpike.app-Simulated.xcent (in target 'TextInsertSpike' from project 'TextInsertSpike')
    cd /Users/tarunyadgirkar/TarunsCode/prefill/spikes/textinsert
    
    Entitlements:
    
    {
    "application-identifier" = "5AKJYZ7USP.com.tarunyadgirkar.prefill.spike.textinsert";
}
    
    builtin-productPackagingUtility -entitlements -format xml -o /Users/tarunyadgirkar/TarunsCode/prefill/spikes/textinsert/build/Build/Intermediates.noindex/TextInsertSpike.build/Debug-iphonesimulator/TextInsertSpike.build/TextInsertSpike.app-Simulated.xcent

ProcessProductPackagingDER /Users/tarunyadgirkar/TarunsCode/prefill/spikes/textinsert/build/Build/Intermediates.noindex/TextInsertSpike.build/Debug-iphonesimulator/TextInsertSpike.build/TextInsertSpike.app-Simulated.xcent /Users/tarunyadgirkar/TarunsCode/prefill/spikes/textinsert/build/Build/Intermediates.noindex/TextInsertSpike.build/Debug-iphonesimulator/TextInsertSpike.build/TextInsertSpike.app-Simulated.xcent.der (in target 'TextInsertSpike' from project 'TextInsertSpike')
    cd /Users/tarunyadgirkar/TarunsCode/prefill/spikes/textinsert
    /usr/bin/derq query -f xml -i /Users/tarunyadgirkar/TarunsCode/prefill/spikes/textinsert/build/Build/Intermediates.noindex/TextInsertSpike.build/Debug-iphonesimulator/TextInsertSpike.build/TextInsertSpike.app-Simulated.xcent -o /Users/tarunyadgirkar/TarunsCode/prefill/spikes/textinsert/build/Build/Intermediates.noindex/TextInsertSpike.build/Debug-iphonesimulator/TextInsertSpike.build/TextInsertSpike.app-Simulated.xcent.der --raw

SwiftDriver TextInsertSpike normal arm64 com.apple.xcode.tools.swift.compiler (in target 'TextInsertSpike' from project 'TextInsertSpike')
    cd /Users/tarunyadgirkar/TarunsCode/prefill/spikes/textinsert
    builtin-SwiftDriver -- /Applications/Xcode.app/Contents/Developer/Toolchains/XcodeDefault.xctoolchain/usr/bin/swiftc -module-name TextInsertSpike -Onone @/Users/tarunyadgirkar/TarunsCode/prefill/spikes/textinsert/build/Build/Intermediates.noindex/TextInsertSpike.build/Debug-iphonesimulator/TextInsertSpike.build/Objects-normal/arm64/TextInsertSpike.SwiftFileList -DDEBUG -enable-experimental-feature DebugDescriptionMacro -sdk /Applications/Xcode.app/Contents/Developer/Platforms/iPhoneSimulator.platform/Developer/SDKs/iPhoneSimulator27.0.sdk -target arm64-apple-ios26.0-simulator -g -module-cache-path /Users/tarunyadgirkar/TarunsCode/prefill/spikes/textinsert/build/ModuleCache.noindex -Xfrontend -serialize-debugging-options -enable-testing -index-store-path /Users/tarunyadgirkar/TarunsCode/prefill/spikes/textinsert/build/Index.noindex/DataStore -Xcc -D_LIBCPP_HARDENING_MODE\=_LIBCPP_HARDENING_MODE_DEBUG -swift-version 6 -I /Users/tarunyadgirkar/TarunsCode/prefill/spikes/textinsert/build/Build/Products/Debug-iphonesimulator -F /Users/tarunyadgirkar/TarunsCode/prefill/spikes/textinsert/build/Build/Products/Debug-iphonesimulator -parse-as-library -c -j15 -enable-batch-mode -incremental -Xcc -ivfsstatcache -Xcc /Users/tarunyadgirkar/TarunsCode/prefill/spikes/textinsert/build/SDKStatCaches.noindex/iphonesimulator27.0-24A430-8dc58220667be655e1bcc261a7455254.sdkstatcache -output-file-map /Users/tarunyadgirkar/TarunsCode/prefill/spikes/textinsert/build/Build/Intermediates.noindex/TextInsertSpike.build/Debug-iphonesimulator/TextInsertSpike.build/Objects-normal/arm64/TextInsertSpike-OutputFileMap.json -save-temps -no-color-diagnostics -explicit-module-build -module-cache-path /Users/tarunyadgirkar/TarunsCode/prefill/spikes/textinsert/build/Build/Intermediates.noindex/SwiftExplicitPrecompiledModules -clang-scanner-module-cache-path /Users/tarunyadgirkar/TarunsCode/prefill/spikes/textinsert/build/ModuleCache.noindex -sdk-module-cache-path /Users/tarunyadgirkar/TarunsCode/prefill/spikes/textinsert/build/SDKExplicitPrecompiledModules -emit-dependencies -emit-module -emit-module-path /Users/tarunyadgirkar/TarunsCode/prefill/spikes/textinsert/build/Build/Intermediates.noindex/TextInsertSpike.build/Debug-iphonesimulator/TextInsertSpike.build/Objects-normal/arm64/TextInsertSpike.swiftmodule -serialize-diagnostics -dependency-scan-serialize-diagnostics-path /Users/tarunyadgirkar/TarunsCode/prefill/spikes/textinsert/build/Build/Intermediates.noindex/TextInsertSpike.build/Debug-iphonesimulator/TextInsertSpike.build/Objects-normal/arm64/TextInsertSpike-dependency-scan.dia -validate-clang-modules-once -clang-build-session-file /Users/tarunyadgirkar/TarunsCode/prefill/spikes/textinsert/build/ModuleCache.noindex/Session.modulevalidation -Xcc -fmodules-prune-interval\=86400 -Xcc -fmodules-prune-after\=345600 -emit-const-values -const-gather-protocols-list /Users/tarunyadgirkar/TarunsCode/prefill/spikes/textinsert/build/Build/Intermediates.noindex/TextInsertSpike.build/Debug-iphonesimulator/TextInsertSpike.build/Objects-normal/arm64/TextInsertSpike_const_extract_protocols.json -Xcc -iquote -Xcc /Users/tarunyadgirkar/TarunsCode/prefill/spikes/textinsert/build/Build/Intermediates.noindex/TextInsertSpike.build/Debug-iphonesimulator/TextInsertSpike.build/TextInsertSpike-generated-files.hmap -Xcc -I/Users/tarunyadgirkar/TarunsCode/prefill/spikes/textinsert/build/Build/Intermediates.noindex/TextInsertSpike.build/Debug-iphonesimulator/TextInsertSpike.build/TextInsertSpike-own-target-headers.hmap -Xcc -I/Users/tarunyadgirkar/TarunsCode/prefill/spikes/textinsert/build/Build/Intermediates.noindex/TextInsertSpike.build/Debug-iphonesimulator/TextInsertSpike.build/TextInsertSpike-all-target-headers.hmap -Xcc -iquote -Xcc /Users/tarunyadgirkar/TarunsCode/prefill/spikes/textinsert/build/Build/Intermediates.noindex/TextInsertSpike.build/Debug-iphonesimulator/TextInsertSpike.build/TextInsertSpike-project-headers.hmap -Xcc -I/Users/tarunyadgirkar/TarunsCode/prefill/spikes/textinsert/build/Build/Products/Debug-iphonesimulator/include -Xcc -I/Users/tarunyadgirkar/TarunsCode/prefill/spikes/textinsert/build/Build/Intermediates.noindex/TextInsertSpike.build/Debug-iphonesimulator/TextInsertSpike.build/DerivedSources-normal/arm64 -Xcc -I/Users/tarunyadgirkar/TarunsCode/prefill/spikes/textinsert/build/Build/Intermediates.noindex/TextInsertSpike.build/Debug-iphonesimulator/TextInsertSpike.build/DerivedSources/arm64 -Xcc -I/Users/tarunyadgirkar/TarunsCode/prefill/spikes/textinsert/build/Build/Intermediates.noindex/TextInsertSpike.build/Debug-iphonesimulator/TextInsertSpike.build/DerivedSources -Xcc -DDEBUG\=1 -emit-objc-header -emit-objc-header-path /Users/tarunyadgirkar/TarunsCode/prefill/spikes/textinsert/build/Build/Intermediates.noindex/TextInsertSpike.build/Debug-iphonesimulator/TextInsertSpike.build/Objects-normal/arm64/TextInsertSpike-Swift.h -working-directory /Users/tarunyadgirkar/TarunsCode/prefill/spikes/textinsert -experimental-emit-module-separately -disable-cmo

SwiftExplicitDependencyGeneratePcm arm64 /Users/tarunyadgirkar/TarunsCode/prefill/spikes/textinsert/build/SDKExplicitPrecompiledModules/SwiftShims-ED0GYL0G3IHV0IP2VPWTHU09D.pcm

SwiftExplicitDependencyGeneratePcm arm64 /Users/tarunyadgirkar/TarunsCode/prefill/spikes/textinsert/build/SDKExplicitPrecompiledModules/ptrcheck-CW1MUZDT2XQB58XM5RMHTP7PH.pcm

SwiftExplicitDependencyGeneratePcm arm64 /Users/tarunyadgirkar/TarunsCode/prefill/spikes/textinsert/build/SDKExplicitPrecompiledModules/ptrauth-BKM5FV380XNQZ8Y08DXLN63BZ.pcm

SwiftExplicitDependencyGeneratePcm arm64 /Users/tarunyadgirkar/TarunsCode/prefill/spikes/textinsert/build/SDKExplicitPrecompiledModules/_Builtin_stdarg-3BFAHARWEB3KCJZHSWIZ2D5GJ.pcm

SwiftExplicitDependencyGeneratePcm arm64 /Users/tarunyadgirkar/TarunsCode/prefill/spikes/textinsert/build/SDKExplicitPrecompiledModules/_Builtin_stddef-AHVNGRE6ULE2U7G98PLH8RNL5.pcm

SwiftExplicitDependencyGeneratePcm arm64 /Users/tarunyadgirkar/TarunsCode/prefill/spikes/textinsert/build/SDKExplicitPrecompiledModules/_Builtin_stdbool-9075E3S21BC8W4K064T1VD7JF.pcm

SwiftExplicitDependencyGeneratePcm arm64 /Users/tarunyadgirkar/TarunsCode/prefill/spikes/textinsert/build/SDKExplicitPrecompiledModules/DeveloperToolsSupport-9GA3EL0LADMYKTTXKRVHIT320.pcm

SwiftExplicitDependencyGeneratePcm arm64 /Users/tarunyadgirkar/TarunsCode/prefill/spikes/textinsert/build/SDKExplicitPrecompiledModules/_SwiftConcurrencyShims-4EQO4C45SYHTQVWZ69LGX8IL2.pcm

SwiftExplicitDependencyGeneratePcm arm64 /Users/tarunyadgirkar/TarunsCode/prefill/spikes/textinsert/build/SDKExplicitPrecompiledModules/_Builtin_float-9Q16FHB5F8MAJDXSG8QMXSCN6.pcm

SwiftExplicitDependencyGeneratePcm arm64 /Users/tarunyadgirkar/TarunsCode/prefill/spikes/textinsert/build/SDKExplicitPrecompiledModules/_AvailabilityInternal-DSDTZ3D9ZP8V79UNR84O6N0MG.pcm

SwiftExplicitDependencyGeneratePcm arm64 /Users/tarunyadgirkar/TarunsCode/prefill/spikes/textinsert/build/SDKExplicitPrecompiledModules/_DarwinFoundation1-922RHPFH7E0D7JJXMA8GQU7TG.pcm

SwiftExplicitDependencyGeneratePcm arm64 /Users/tarunyadgirkar/TarunsCode/prefill/spikes/textinsert/build/SDKExplicitPrecompiledModules/_Builtin_limits-AZ4BQLNSS12BWS8QDB7ME3U5X.pcm

SwiftExplicitDependencyGeneratePcm arm64 /Users/tarunyadgirkar/TarunsCode/prefill/spikes/textinsert/build/SDKExplicitPrecompiledModules/_DarwinFoundation2-78UC0M0DQDRENFKYAGTJJFNK7.pcm

SwiftExplicitDependencyGeneratePcm arm64 /Users/tarunyadgirkar/TarunsCode/prefill/spikes/textinsert/build/SDKExplicitPrecompiledModules/_Builtin_stdint-BJX7TRBX13ZMADTJ9CUZR95A0.pcm

SwiftExplicitDependencyGeneratePcm arm64 /Users/tarunyadgirkar/TarunsCode/prefill/spikes/textinsert/build/SDKExplicitPrecompiledModules/sys_types-3T4M1V6L7S6OYZJSZAGZYJSPS.pcm

SwiftExplicitDependencyGeneratePcm arm64 /Users/tarunyadgirkar/TarunsCode/prefill/spikes/textinsert/build/SDKExplicitPrecompiledModules/string_h-AVOJPQ7UZAC77X4G28OL8TDWN.pcm

SwiftExplicitDependencyGeneratePcm arm64 /Users/tarunyadgirkar/TarunsCode/prefill/spikes/textinsert/build/SDKExplicitPrecompiledModules/_Builtin_tgmath-4KFIOYR59IHLULF0IW9MP903J.pcm

SwiftExplicitDependencyGeneratePcm arm64 /Users/tarunyadgirkar/TarunsCode/prefill/spikes/textinsert/build/SDKExplicitPrecompiledModules/_DarwinFoundation3-B939WE1UP5JA88HY13HLGYMZY.pcm

SwiftExplicitDependencyGeneratePcm arm64 /Users/tarunyadgirkar/TarunsCode/prefill/spikes/textinsert/build/SDKExplicitPrecompiledModules/_Builtin_stdatomic-51HXSHYECZZQ7A4L6D1T1YCJC.pcm

SwiftExplicitDependencyGeneratePcm arm64 /Users/tarunyadgirkar/TarunsCode/prefill/spikes/textinsert/build/SDKExplicitPrecompiledModules/_Builtin_intrinsics-2DJPKYH3EWKIONLXELXTMKVOI.pcm

SwiftExplicitDependencyGeneratePcm arm64 /Users/tarunyadgirkar/TarunsCode/prefill/spikes/textinsert/build/SDKExplicitPrecompiledModules/_Builtin_inttypes-41QVIRJBPBOUG96AVQ7IZAWJR.pcm

SwiftExplicitDependencyGeneratePcm arm64 /Users/tarunyadgirkar/TarunsCode/prefill/spikes/textinsert/build/SDKExplicitPrecompiledModules/Darwin-6NMGEMNI2JGEPAQ0YUUG596M3.pcm

SwiftExplicitDependencyGeneratePcm arm64 /Users/tarunyadgirkar/TarunsCode/prefill/spikes/textinsert/build/SDKExplicitPrecompiledModules/simd-3QW0GYO5BL6MWU4CU36GDCWG8.pcm

SwiftExplicitDependencyGeneratePcm arm64 /Users/tarunyadgirkar/TarunsCode/prefill/spikes/textinsert/build/SDKExplicitPrecompiledModules/MachO-FD6C2OCDFCLBDVF2PRA2OOAK.pcm

SwiftExplicitDependencyGeneratePcm arm64 /Users/tarunyadgirkar/TarunsCode/prefill/spikes/textinsert/build/SDKExplicitPrecompiledModules/ObjectiveC-DCXA4DOTINA41S9SBMVGL9C0U.pcm

SwiftExplicitDependencyGeneratePcm arm64 /Users/tarunyadgirkar/TarunsCode/prefill/spikes/textinsert/build/SDKExplicitPrecompiledModules/os_object-BTH40NY0NRZBVJMFI5KH7ODR9.pcm

SwiftExplicitDependencyGeneratePcm arm64 /Users/tarunyadgirkar/TarunsCode/prefill/spikes/textinsert/build/SDKExplicitPrecompiledModules/Spatial-F0COCMHCE4NXHGUT4OVOI44GN.pcm

SwiftExplicitDependencyGeneratePcm arm64 /Users/tarunyadgirkar/TarunsCode/prefill/spikes/textinsert/build/SDKExplicitPrecompiledModules/os_workgroup-ABE415Q3FE7QJARTRR2DTFBI4.pcm

SwiftExplicitDependencyGeneratePcm arm64 /Users/tarunyadgirkar/TarunsCode/prefill/spikes/textinsert/build/SDKExplicitPrecompiledModules/Dispatch-4RRANU98VHTTFTPF80P6SCQU7.pcm

SwiftExplicitDependencyGeneratePcm arm64 /Users/tarunyadgirkar/TarunsCode/prefill/spikes/textinsert/build/SDKExplicitPrecompiledModules/XPC-502974EQMRMU4ERPXHPA0Z2XO.pcm

SwiftExplicitDependencyGeneratePcm arm64 /Users/tarunyadgirkar/TarunsCode/prefill/spikes/textinsert/build/SDKExplicitPrecompiledModules/CoreFoundation-3R5PHEDU66ULWYFCPU787EYQ6.pcm

SwiftExplicitDependencyGeneratePcm arm64 /Users/tarunyadgirkar/TarunsCode/prefill/spikes/textinsert/build/SDKExplicitPrecompiledModules/os-ZEUAIP6G94QMECCGL14PHNR0.pcm

SwiftExplicitDependencyGeneratePcm arm64 /Users/tarunyadgirkar/TarunsCode/prefill/spikes/textinsert/build/SDKExplicitPrecompiledModules/CoreGraphics-16IM1TYT3JR8RTQH7WN2CVJD5.pcm

SwiftExplicitDependencyGeneratePcm arm64 /Users/tarunyadgirkar/TarunsCode/prefill/spikes/textinsert/build/SDKExplicitPrecompiledModules/CoreAudioTypes-CBF1C2Z408KND95XWC65USH3V.pcm

SwiftExplicitDependencyGeneratePcm arm64 /Users/tarunyadgirkar/TarunsCode/prefill/spikes/textinsert/build/SDKExplicitPrecompiledModules/CFNetwork-227VMU2KE8FTKDK0I7GZGLNQX.pcm

SwiftExplicitDependencyGeneratePcm arm64 /Users/tarunyadgirkar/TarunsCode/prefill/spikes/textinsert/build/SDKExplicitPrecompiledModules/Security-EDSDBFBFFBYFFRW47G5HL4B8Y.pcm

SwiftExplicitDependencyGeneratePcm arm64 /Users/tarunyadgirkar/TarunsCode/prefill/spikes/textinsert/build/SDKExplicitPrecompiledModules/CoreAudio-AG10E6JJ328S0G1UD130Z6AGB.pcm

SwiftExplicitDependencyGeneratePcm arm64 /Users/tarunyadgirkar/TarunsCode/prefill/spikes/textinsert/build/SDKExplicitPrecompiledModules/ImageIO-C49HW9LJXB8NUW4MH0QBV5Q6X.pcm

SwiftExplicitDependencyGeneratePcm arm64 /Users/tarunyadgirkar/TarunsCode/prefill/spikes/textinsert/build/SDKExplicitPrecompiledModules/CoreText-2C2QCNZ1SQZ281EJFBUB7HZZ2.pcm

SwiftExplicitDependencyGeneratePcm arm64 /Users/tarunyadgirkar/TarunsCode/prefill/spikes/textinsert/build/SDKExplicitPrecompiledModules/Foundation-B7NJR2Z6G92W0PV0CVFJIQI1S.pcm

SwiftExplicitDependencyGeneratePcm arm64 /Users/tarunyadgirkar/TarunsCode/prefill/spikes/textinsert/build/SDKExplicitPrecompiledModules/LocalAuthentication-CNDEBVN0G8TOICQIRB6ICGED3.pcm

SwiftExplicitDependencyGeneratePcm arm64 /Users/tarunyadgirkar/TarunsCode/prefill/spikes/textinsert/build/SDKExplicitPrecompiledModules/OpenGLES-9Z87JFKTHXRNP8KUCS0Z3QOR5.pcm

SwiftExplicitDependencyGeneratePcm arm64 /Users/tarunyadgirkar/TarunsCode/prefill/spikes/textinsert/build/SDKExplicitPrecompiledModules/UniformTypeIdentifiers-7EOAYVTAO1DA4LJEDBPGVL60C.pcm

SwiftExplicitDependencyGeneratePcm arm64 /Users/tarunyadgirkar/TarunsCode/prefill/spikes/textinsert/build/SDKExplicitPrecompiledModules/UIUtilities-489OBJBAGSK76APHZ2IBQLAP5.pcm

SwiftExplicitDependencyGeneratePcm arm64 /Users/tarunyadgirkar/TarunsCode/prefill/spikes/textinsert/build/SDKExplicitPrecompiledModules/DataDetection-2B5WUUYR45Z84UHN302YLE42R.pcm

SwiftExplicitDependencyGeneratePcm arm64 /Users/tarunyadgirkar/TarunsCode/prefill/spikes/textinsert/build/SDKExplicitPrecompiledModules/CoreTransferable-NA4UB4UKL2QLMPW08PM1JG3C.pcm

SwiftExplicitDependencyGeneratePcm arm64 /Users/tarunyadgirkar/TarunsCode/prefill/spikes/textinsert/build/SDKExplicitPrecompiledModules/Accessibility-BQUY909LKDRHF7LVB12S2RWFI.pcm

SwiftExplicitDependencyGeneratePcm arm64 /Users/tarunyadgirkar/TarunsCode/prefill/spikes/textinsert/build/SDKExplicitPrecompiledModules/IOSurface-3VOQROD5MXMGII05BC36ZV94G.pcm

SwiftExplicitDependencyGeneratePcm arm64 /Users/tarunyadgirkar/TarunsCode/prefill/spikes/textinsert/build/SDKExplicitPrecompiledModules/FileProvider-2P9HJV66GHD8AKY87313737MK.pcm

SwiftExplicitDependencyGeneratePcm arm64 /Users/tarunyadgirkar/TarunsCode/prefill/spikes/textinsert/build/SDKExplicitPrecompiledModules/UserNotifications-ABXXVP4HXVI8NEOJFN4AQXOV.pcm

SwiftExplicitDependencyGeneratePcm arm64 /Users/tarunyadgirkar/TarunsCode/prefill/spikes/textinsert/build/SDKExplicitPrecompiledModules/Symbols-2LILEQSGLB6OC733EVO0IJHXA.pcm

SwiftExplicitDependencyGeneratePcm arm64 /Users/tarunyadgirkar/TarunsCode/prefill/spikes/textinsert/build/SDKExplicitPrecompiledModules/CoreData-911RL32OBC7LSF5E1R2P7H0J1.pcm

SwiftExplicitDependencyGeneratePcm arm64 /Users/tarunyadgirkar/TarunsCode/prefill/spikes/textinsert/build/SDKExplicitPrecompiledModules/OSLog-BVEURHOVRK2K8HRW0IXR5CS9A.pcm

SwiftExplicitDependencyGeneratePcm arm64 /Users/tarunyadgirkar/TarunsCode/prefill/spikes/textinsert/build/SDKExplicitPrecompiledModules/_LocationEssentials-WJQJH0S03GHAVS0ASGK9N7U.pcm

SwiftExplicitDependencyGeneratePcm arm64 /Users/tarunyadgirkar/TarunsCode/prefill/spikes/textinsert/build/SDKExplicitPrecompiledModules/CoreLocation-434XKCX64QOBD924A62R4F7Q.pcm

SwiftExplicitDependencyGeneratePcm arm64 /Users/tarunyadgirkar/TarunsCode/prefill/spikes/textinsert/build/SDKExplicitPrecompiledModules/Metal-2LFXJP2YOAQFPWS2GZHPRZ044.pcm

SwiftExplicitDependencyGeneratePcm arm64 /Users/tarunyadgirkar/TarunsCode/prefill/spikes/textinsert/build/SDKExplicitPrecompiledModules/CoreMotion-29V8RRUHYTOGVTKM4X8J6CDJ6.pcm

SwiftExplicitDependencyGeneratePcm arm64 /Users/tarunyadgirkar/TarunsCode/prefill/spikes/textinsert/build/SDKExplicitPrecompiledModules/CoreVideo-36I3YREX00F17HQZDBPMM3FUQ.pcm

SwiftExplicitDependencyGeneratePcm arm64 /Users/tarunyadgirkar/TarunsCode/prefill/spikes/textinsert/build/SDKExplicitPrecompiledModules/QuartzCore-T6IWR5LHLPRFIJ4R9IUI7R4V.pcm

SwiftExplicitDependencyGeneratePcm arm64 /Users/tarunyadgirkar/TarunsCode/prefill/spikes/textinsert/build/SDKExplicitPrecompiledModules/CoreImage-E4Y9ELWMP0F0NH6ZXK4SZGRY2.pcm

SwiftExplicitDependencyGeneratePcm arm64 /Users/tarunyadgirkar/TarunsCode/prefill/spikes/textinsert/build/SDKExplicitPrecompiledModules/CoreMedia-CDW2AXOR63WRAOOZOPQO0TNSC.pcm

SwiftExplicitDependencyGeneratePcm arm64 /Users/tarunyadgirkar/TarunsCode/prefill/spikes/textinsert/build/SDKExplicitPrecompiledModules/SwiftUICore-47XG09A7Z4ZKR7ASBW8F6BRHS.pcm

SwiftExplicitDependencyGeneratePcm arm64 /Users/tarunyadgirkar/TarunsCode/prefill/spikes/textinsert/build/SDKExplicitPrecompiledModules/UIKit-BVOPJZC2GDVAKE6OD5GQ22YZX.pcm

SwiftDriverJobDiscovery normal arm64 Compiling CredentialProviderViewController.swift (in target 'TextInsertProvider' from project 'TextInsertSpike')

SwiftDriver\ Compilation TextInsertProvider normal arm64 com.apple.xcode.tools.swift.compiler (in target 'TextInsertProvider' from project 'TextInsertSpike')
    cd /Users/tarunyadgirkar/TarunsCode/prefill/spikes/textinsert
    builtin-Swift-Compilation -- /Applications/Xcode.app/Contents/Developer/Toolchains/XcodeDefault.xctoolchain/usr/bin/swiftc -module-name TextInsertProvider -Onone @/Users/tarunyadgirkar/TarunsCode/prefill/spikes/textinsert/build/Build/Intermediates.noindex/TextInsertSpike.build/Debug-iphonesimulator/TextInsertProvider.build/Objects-normal/arm64/TextInsertProvider.SwiftFileList -DDEBUG -enable-experimental-feature DebugDescriptionMacro -sdk /Applications/Xcode.app/Contents/Developer/Platforms/iPhoneSimulator.platform/Developer/SDKs/iPhoneSimulator27.0.sdk -target arm64-apple-ios26.0-simulator -g -module-cache-path /Users/tarunyadgirkar/TarunsCode/prefill/spikes/textinsert/build/ModuleCache.noindex -Xfrontend -serialize-debugging-options -application-extension -enable-testing -index-store-path /Users/tarunyadgirkar/TarunsCode/prefill/spikes/textinsert/build/Index.noindex/DataStore -Xcc -D_LIBCPP_HARDENING_MODE\=_LIBCPP_HARDENING_MODE_DEBUG -swift-version 6 -I /Users/tarunyadgirkar/TarunsCode/prefill/spikes/textinsert/build/Build/Products/Debug-iphonesimulator -F /Users/tarunyadgirkar/TarunsCode/prefill/spikes/textinsert/build/Build/Products/Debug-iphonesimulator -parse-as-library -c -j15 -enable-batch-mode -incremental -Xcc -ivfsstatcache -Xcc /Users/tarunyadgirkar/TarunsCode/prefill/spikes/textinsert/build/SDKStatCaches.noindex/iphonesimulator27.0-24A430-8dc58220667be655e1bcc261a7455254.sdkstatcache -output-file-map /Users/tarunyadgirkar/TarunsCode/prefill/spikes/textinsert/build/Build/Intermediates.noindex/TextInsertSpike.build/Debug-iphonesimulator/TextInsertProvider.build/Objects-normal/arm64/TextInsertProvider-OutputFileMap.json -save-temps -no-color-diagnostics -explicit-module-build -module-cache-path /Users/tarunyadgirkar/TarunsCode/prefill/spikes/textinsert/build/Build/Intermediates.noindex/SwiftExplicitPrecompiledModules -clang-scanner-module-cache-path /Users/tarunyadgirkar/TarunsCode/prefill/spikes/textinsert/build/ModuleCache.noindex -sdk-module-cache-path /Users/tarunyadgirkar/TarunsCode/prefill/spikes/textinsert/build/SDKExplicitPrecompiledModules -emit-dependencies -emit-module -emit-module-path /Users/tarunyadgirkar/TarunsCode/prefill/spikes/textinsert/build/Build/Intermediates.noindex/TextInsertSpike.build/Debug-iphonesimulator/TextInsertProvider.build/Objects-normal/arm64/TextInsertProvider.swiftmodule -serialize-diagnostics -dependency-scan-serialize-diagnostics-path /Users/tarunyadgirkar/TarunsCode/prefill/spikes/textinsert/build/Build/Intermediates.noindex/TextInsertSpike.build/Debug-iphonesimulator/TextInsertProvider.build/Objects-normal/arm64/TextInsertProvider-dependency-scan.dia -validate-clang-modules-once -clang-build-session-file /Users/tarunyadgirkar/TarunsCode/prefill/spikes/textinsert/build/ModuleCache.noindex/Session.modulevalidation -Xcc -fmodules-prune-interval\=86400 -Xcc -fmodules-prune-after\=345600 -emit-const-values -const-gather-protocols-list /Users/tarunyadgirkar/TarunsCode/prefill/spikes/textinsert/build/Build/Intermediates.noindex/TextInsertSpike.build/Debug-iphonesimulator/TextInsertProvider.build/Objects-normal/arm64/TextInsertProvider_const_extract_protocols.json -Xcc -iquote -Xcc /Users/tarunyadgirkar/TarunsCode/prefill/spikes/textinsert/build/Build/Intermediates.noindex/TextInsertSpike.build/Debug-iphonesimulator/TextInsertProvider.build/TextInsertProvider-generated-files.hmap -Xcc -I/Users/tarunyadgirkar/TarunsCode/prefill/spikes/textinsert/build/Build/Intermediates.noindex/TextInsertSpike.build/Debug-iphonesimulator/TextInsertProvider.build/TextInsertProvider-own-target-headers.hmap -Xcc -I/Users/tarunyadgirkar/TarunsCode/prefill/spikes/textinsert/build/Build/Intermediates.noindex/TextInsertSpike.build/Debug-iphonesimulator/TextInsertProvider.build/TextInsertProvider-all-target-headers.hmap -Xcc -iquote -Xcc /Users/tarunyadgirkar/TarunsCode/prefill/spikes/textinsert/build/Build/Intermediates.noindex/TextInsertSpike.build/Debug-iphonesimulator/TextInsertProvider.build/TextInsertProvider-project-headers.hmap -Xcc -I/Users/tarunyadgirkar/TarunsCode/prefill/spikes/textinsert/build/Build/Products/Debug-iphonesimulator/include -Xcc -I/Users/tarunyadgirkar/TarunsCode/prefill/spikes/textinsert/build/Build/Intermediates.noindex/TextInsertSpike.build/Debug-iphonesimulator/TextInsertProvider.build/DerivedSources-normal/arm64 -Xcc -I/Users/tarunyadgirkar/TarunsCode/prefill/spikes/textinsert/build/Build/Intermediates.noindex/TextInsertSpike.build/Debug-iphonesimulator/TextInsertProvider.build/DerivedSources/arm64 -Xcc -I/Users/tarunyadgirkar/TarunsCode/prefill/spikes/textinsert/build/Build/Intermediates.noindex/TextInsertSpike.build/Debug-iphonesimulator/TextInsertProvider.build/DerivedSources -Xcc -DDEBUG\=1 -emit-objc-header -emit-objc-header-path /Users/tarunyadgirkar/TarunsCode/prefill/spikes/textinsert/build/Build/Intermediates.noindex/TextInsertSpike.build/Debug-iphonesimulator/TextInsertProvider.build/Objects-normal/arm64/TextInsertProvider-Swift.h -working-directory /Users/tarunyadgirkar/TarunsCode/prefill/spikes/textinsert -experimental-emit-module-separately -disable-cmo

Ld /Users/tarunyadgirkar/TarunsCode/prefill/spikes/textinsert/build/Build/Products/Debug-iphonesimulator/TextInsertProvider.appex/TextInsertProvider.debug.dylib normal (in target 'TextInsertProvider' from project 'TextInsertSpike')
    cd /Users/tarunyadgirkar/TarunsCode/prefill/spikes/textinsert
    /Applications/Xcode.app/Contents/Developer/Toolchains/XcodeDefault.xctoolchain/usr/bin/clang -Xlinker -reproducible -target arm64-apple-ios26.0-simulator -dynamiclib -isysroot /Applications/Xcode.app/Contents/Developer/Platforms/iPhoneSimulator.platform/Developer/SDKs/iPhoneSimulator27.0.sdk -O0 -Xlinker -no_warn_duplicate_libraries -L/Users/tarunyadgirkar/TarunsCode/prefill/spikes/textinsert/build/Build/Intermediates.noindex/EagerLinkingTBDs/Debug-iphonesimulator -L/Users/tarunyadgirkar/TarunsCode/prefill/spikes/textinsert/build/Build/Products/Debug-iphonesimulator -F/Users/tarunyadgirkar/TarunsCode/prefill/spikes/textinsert/build/Build/Intermediates.noindex/EagerLinkingTBDs/Debug-iphonesimulator -F/Users/tarunyadgirkar/TarunsCode/prefill/spikes/textinsert/build/Build/Products/Debug-iphonesimulator -filelist /Users/tarunyadgirkar/TarunsCode/prefill/spikes/textinsert/build/Build/Intermediates.noindex/TextInsertSpike.build/Debug-iphonesimulator/TextInsertProvider.build/Objects-normal/arm64/TextInsertProvider.LinkFileList -install_name @rpath/TextInsertProvider.debug.dylib -Xlinker -rpath -Xlinker @executable_path/Frameworks -Xlinker -rpath -Xlinker @executable_path/../../Frameworks -Xlinker -dead_strip -Xlinker -object_path_lto -Xlinker /Users/tarunyadgirkar/TarunsCode/prefill/spikes/textinsert/build/Build/Intermediates.noindex/TextInsertSpike.build/Debug-iphonesimulator/TextInsertProvider.build/Objects-normal/arm64/TextInsertProvider_lto.o -rdynamic -Xlinker -no_deduplicate -Xlinker -objc_abi_version -Xlinker 2 -Xlinker -dependency_info -Xlinker /Users/tarunyadgirkar/TarunsCode/prefill/spikes/textinsert/build/Build/Intermediates.noindex/TextInsertSpike.build/Debug-iphonesimulator/TextInsertProvider.build/Objects-normal/arm64/TextInsertProvider_dependency_info.dat -fapplication-extension -fobjc-link-runtime -L/Applications/Xcode.app/Contents/Developer/Toolchains/XcodeDefault.xctoolchain/usr/lib/swift/iphonesimulator -L/usr/lib/swift -Xlinker -add_ast_path -Xlinker /Users/tarunyadgirkar/TarunsCode/prefill/spikes/textinsert/build/Build/Intermediates.noindex/TextInsertSpike.build/Debug-iphonesimulator/TextInsertProvider.build/Objects-normal/arm64/TextInsertProvider.swiftmodule -Xlinker -alias -Xlinker _NSExtensionMain -Xlinker ___debug_main_executable_dylib_entry_point -Xlinker -no_adhoc_codesign -o /Users/tarunyadgirkar/TarunsCode/prefill/spikes/textinsert/build/Build/Products/Debug-iphonesimulator/TextInsertProvider.appex/TextInsertProvider.debug.dylib

SwiftExplicitDependencyGeneratePcm arm64 /Users/tarunyadgirkar/TarunsCode/prefill/spikes/textinsert/build/SDKExplicitPrecompiledModules/SwiftUI-31OHZQTCDUOY0IGNHQ2LUYUD1.pcm

SwiftExplicitDependencyGeneratePcm arm64 /Users/tarunyadgirkar/TarunsCode/prefill/spikes/textinsert/build/SDKExplicitPrecompiledModules/AuthenticationServices-CLWKYP77R0AEHMWBW6RDKSJR8.pcm

ConstructStubExecutorLinkFileList /Users/tarunyadgirkar/TarunsCode/prefill/spikes/textinsert/build/Build/Intermediates.noindex/TextInsertSpike.build/Debug-iphonesimulator/TextInsertProvider.build/TextInsertProvider-ExecutorLinkFileList-normal-arm64.txt (in target 'TextInsertProvider' from project 'TextInsertSpike')
    cd /Users/tarunyadgirkar/TarunsCode/prefill/spikes/textinsert
    construct-stub-executor-link-file-list /Users/tarunyadgirkar/TarunsCode/prefill/spikes/textinsert/build/Build/Products/Debug-iphonesimulator/TextInsertProvider.appex/TextInsertProvider.debug.dylib /Applications/Xcode.app/Contents/Developer/Platforms/iPhoneSimulator.platform/Developer/usr/lib/libPreviewsJITStubExecutor_no_swift_entry_point.a /Applications/Xcode.app/Contents/Developer/Platforms/iPhoneSimulator.platform/Developer/usr/lib/libPreviewsJITStubExecutor.a --output /Users/tarunyadgirkar/TarunsCode/prefill/spikes/textinsert/build/Build/Intermediates.noindex/TextInsertSpike.build/Debug-iphonesimulator/TextInsertProvider.build/TextInsertProvider-ExecutorLinkFileList-normal-arm64.txt
note: Using stub executor library without Swift entry point. (in target 'TextInsertProvider' from project 'TextInsertSpike')

Ld /Users/tarunyadgirkar/TarunsCode/prefill/spikes/textinsert/build/Build/Products/Debug-iphonesimulator/TextInsertProvider.appex/TextInsertProvider normal (in target 'TextInsertProvider' from project 'TextInsertSpike')
    cd /Users/tarunyadgirkar/TarunsCode/prefill/spikes/textinsert
    /Applications/Xcode.app/Contents/Developer/Toolchains/XcodeDefault.xctoolchain/usr/bin/clang -Xlinker -reproducible -target arm64-apple-ios26.0-simulator -isysroot /Applications/Xcode.app/Contents/Developer/Platforms/iPhoneSimulator.platform/Developer/SDKs/iPhoneSimulator27.0.sdk -O0 -Xlinker -no_warn_duplicate_libraries -L/Users/tarunyadgirkar/TarunsCode/prefill/spikes/textinsert/build/Build/Products/Debug-iphonesimulator -F/Users/tarunyadgirkar/TarunsCode/prefill/spikes/textinsert/build/Build/Products/Debug-iphonesimulator -Xlinker -rpath -Xlinker @executable_path -Xlinker -rpath -Xlinker @executable_path/Frameworks -Xlinker -rpath -Xlinker @executable_path/../../Frameworks -rdynamic -Xlinker -no_deduplicate -Xlinker -objc_abi_version -Xlinker 2 -e ___debug_blank_executor_main -Xlinker -sectcreate -Xlinker __TEXT -Xlinker __debug_dylib -Xlinker /Users/tarunyadgirkar/TarunsCode/prefill/spikes/textinsert/build/Build/Intermediates.noindex/TextInsertSpike.build/Debug-iphonesimulator/TextInsertProvider.build/TextInsertProvider-DebugDylibPath-normal-arm64.txt -Xlinker -sectcreate -Xlinker __TEXT -Xlinker __debug_entry -Xlinker /Users/tarunyadgirkar/TarunsCode/prefill/spikes/textinsert/build/Build/Intermediates.noindex/TextInsertSpike.build/Debug-iphonesimulator/TextInsertProvider.build/TextInsertProvider-DebugEntryPoint-normal-arm64.txt -Xlinker -sectcreate -Xlinker __TEXT -Xlinker __debug_instlnm -Xlinker /Users/tarunyadgirkar/TarunsCode/prefill/spikes/textinsert/build/Build/Intermediates.noindex/TextInsertSpike.build/Debug-iphonesimulator/TextInsertProvider.build/TextInsertProvider-DebugDylibInstallName-normal-arm64.txt -Xlinker -filelist -Xlinker /Users/tarunyadgirkar/TarunsCode/prefill/spikes/textinsert/build/Build/Intermediates.noindex/TextInsertSpike.build/Debug-iphonesimulator/TextInsertProvider.build/TextInsertProvider-ExecutorLinkFileList-normal-arm64.txt -Xlinker -sectcreate -Xlinker __TEXT -Xlinker __entitlements -Xlinker /Users/tarunyadgirkar/TarunsCode/prefill/spikes/textinsert/build/Build/Intermediates.noindex/TextInsertSpike.build/Debug-iphonesimulator/TextInsertProvider.build/TextInsertProvider.appex-Simulated.xcent -Xlinker -sectcreate -Xlinker __TEXT -Xlinker __ents_der -Xlinker /Users/tarunyadgirkar/TarunsCode/prefill/spikes/textinsert/build/Build/Intermediates.noindex/TextInsertSpike.build/Debug-iphonesimulator/TextInsertProvider.build/TextInsertProvider.appex-Simulated.xcent.der /Users/tarunyadgirkar/TarunsCode/prefill/spikes/textinsert/build/Build/Products/Debug-iphonesimulator/TextInsertProvider.appex/TextInsertProvider.debug.dylib -Xlinker -no_adhoc_codesign -o /Users/tarunyadgirkar/TarunsCode/prefill/spikes/textinsert/build/Build/Products/Debug-iphonesimulator/TextInsertProvider.appex/TextInsertProvider

ExtractAppIntentsMetadata (in target 'TextInsertProvider' from project 'TextInsertSpike')
    cd /Users/tarunyadgirkar/TarunsCode/prefill/spikes/textinsert
    /Applications/Xcode.app/Contents/Developer/Toolchains/XcodeDefault.xctoolchain/usr/bin/appintentsmetadataprocessor --toolchain-dir /Applications/Xcode.app/Contents/Developer/Toolchains/XcodeDefault.xctoolchain --module-name TextInsertProvider --sdk-root /Applications/Xcode.app/Contents/Developer/Platforms/iPhoneSimulator.platform/Developer/SDKs/iPhoneSimulator27.0.sdk --xcode-version 27A266a --platform-family iOS --deployment-target 26.0 --bundle-identifier com.tarunyadgirkar.prefill.spike.textinsert.provider --output /Users/tarunyadgirkar/TarunsCode/prefill/spikes/textinsert/build/Build/Products/Debug-iphonesimulator/TextInsertProvider.appex --target-triple arm64-apple-ios26.0-simulator --binary-file /Users/tarunyadgirkar/TarunsCode/prefill/spikes/textinsert/build/Build/Products/Debug-iphonesimulator/TextInsertProvider.appex/TextInsertProvider --dependency-file /Users/tarunyadgirkar/TarunsCode/prefill/spikes/textinsert/build/Build/Intermediates.noindex/TextInsertSpike.build/Debug-iphonesimulator/TextInsertProvider.build/Objects-normal/arm64/TextInsertProvider_dependency_info.dat --stringsdata-file /Users/tarunyadgirkar/TarunsCode/prefill/spikes/textinsert/build/Build/Intermediates.noindex/TextInsertSpike.build/Debug-iphonesimulator/TextInsertProvider.build/Objects-normal/arm64/ExtractedAppShortcutsMetadata.stringsdata --source-file-list /Users/tarunyadgirkar/TarunsCode/prefill/spikes/textinsert/build/Build/Intermediates.noindex/TextInsertSpike.build/Debug-iphonesimulator/TextInsertProvider.build/Objects-normal/arm64/TextInsertProvider.SwiftFileList --metadata-file-list /Users/tarunyadgirkar/TarunsCode/prefill/spikes/textinsert/build/Build/Intermediates.noindex/TextInsertSpike.build/Debug-iphonesimulator/TextInsertProvider.build/TextInsertProvider.DependencyMetadataFileList --static-metadata-file-list /Users/tarunyadgirkar/TarunsCode/prefill/spikes/textinsert/build/Build/Intermediates.noindex/TextInsertSpike.build/Debug-iphonesimulator/TextInsertProvider.build/TextInsertProvider.DependencyStaticMetadataFileList --swift-const-vals-list /Users/tarunyadgirkar/TarunsCode/prefill/spikes/textinsert/build/Build/Intermediates.noindex/TextInsertSpike.build/Debug-iphonesimulator/TextInsertProvider.build/Objects-normal/arm64/TextInsertProvider.SwiftConstValuesFileList --compile-time-extraction --deployment-aware-processing --no-app-shortcuts-localization
2026-09-30 23:12:40.809 appintentsmetadataprocessor[87208:12795490] Starting appintentsmetadataprocessor export
2026-09-30 23:12:40.811 appintentsmetadataprocessor[87208:12795490] warning: Metadata extraction skipped, no AppIntents.framework dependency found

AppIntentsSSUTraining (in target 'TextInsertProvider' from project 'TextInsertSpike')
    cd /Users/tarunyadgirkar/TarunsCode/prefill/spikes/textinsert
    /Applications/Xcode.app/Contents/Developer/Toolchains/XcodeDefault.xctoolchain/usr/bin/appintentsnltrainingprocessor --infoplist-path /Users/tarunyadgirkar/TarunsCode/prefill/spikes/textinsert/build/Build/Products/Debug-iphonesimulator/TextInsertProvider.appex/Info.plist --temp-dir-path /Users/tarunyadgirkar/TarunsCode/prefill/spikes/textinsert/build/Build/Intermediates.noindex/TextInsertSpike.build/Debug-iphonesimulator/TextInsertProvider.build/ssu --bundle-id com.tarunyadgirkar.prefill.spike.textinsert.provider --product-path /Users/tarunyadgirkar/TarunsCode/prefill/spikes/textinsert/build/Build/Products/Debug-iphonesimulator/TextInsertProvider.appex --extracted-metadata-path /Users/tarunyadgirkar/TarunsCode/prefill/spikes/textinsert/build/Build/Products/Debug-iphonesimulator/TextInsertProvider.appex/Metadata.appintents --metadata-file-list /Users/tarunyadgirkar/TarunsCode/prefill/spikes/textinsert/build/Build/Intermediates.noindex/TextInsertSpike.build/Debug-iphonesimulator/TextInsertProvider.build/TextInsertProvider.DependencyMetadataFileList --source-file /Users/tarunyadgirkar/TarunsCode/prefill/spikes/textinsert/build/Build/Products/Debug-iphonesimulator/TextInsertProvider.appex/Info.plist --archive-ssu-assets
2026-09-30 23:12:40.841 appintentsnltrainingprocessor[87211:12795498] Parsing options for appintentsnltrainingprocessor
2026-09-30 23:12:40.841 appintentsnltrainingprocessor[87211:12795498] Starting AppIntents SSU YAML Generation
2026-09-30 23:12:40.842 appintentsnltrainingprocessor[87211:12795498] No AppShortcuts found - Skipping.

SwiftEmitModule normal arm64 Emitting\ module\ for\ TextInsertSpike (in target 'TextInsertSpike' from project 'TextInsertSpike')

SwiftCompile normal arm64 (in target 'TextInsertSpike' from project 'TextInsertSpike')
    cd /Users/tarunyadgirkar/TarunsCode/prefill/spikes/textinsert
    

SwiftCompile normal arm64 Compiling\ SpikeApp.swift /Users/tarunyadgirkar/TarunsCode/prefill/spikes/textinsert/App/SpikeApp.swift (in target 'TextInsertSpike' from project 'TextInsertSpike')

SwiftCompile normal arm64 /Users/tarunyadgirkar/TarunsCode/prefill/spikes/textinsert/App/SpikeApp.swift (in target 'TextInsertSpike' from project 'TextInsertSpike')
    cd /Users/tarunyadgirkar/TarunsCode/prefill/spikes/textinsert
    builtin-SwiftPerFileCompile SpikeApp.swift

CodeSign /Users/tarunyadgirkar/TarunsCode/prefill/spikes/textinsert/build/Build/Products/Debug-iphonesimulator/TextInsertProvider.appex/TextInsertProvider.debug.dylib (in target 'TextInsertProvider' from project 'TextInsertSpike')
    cd /Users/tarunyadgirkar/TarunsCode/prefill/spikes/textinsert
    
    Signing Identity:     "Sign to Run Locally"
    
    /usr/bin/codesign --force --sign - --timestamp\=none --generate-entitlement-der /Users/tarunyadgirkar/TarunsCode/prefill/spikes/textinsert/build/Build/Products/Debug-iphonesimulator/TextInsertProvider.appex/TextInsertProvider.debug.dylib

CodeSign /Users/tarunyadgirkar/TarunsCode/prefill/spikes/textinsert/build/Build/Products/Debug-iphonesimulator/TextInsertProvider.appex/__preview.dylib (in target 'TextInsertProvider' from project 'TextInsertSpike')
    cd /Users/tarunyadgirkar/TarunsCode/prefill/spikes/textinsert
    
    Signing Identity:     "Sign to Run Locally"
    
    /usr/bin/codesign --force --sign - --timestamp\=none --generate-entitlement-der /Users/tarunyadgirkar/TarunsCode/prefill/spikes/textinsert/build/Build/Products/Debug-iphonesimulator/TextInsertProvider.appex/__preview.dylib

CodeSign /Users/tarunyadgirkar/TarunsCode/prefill/spikes/textinsert/build/Build/Products/Debug-iphonesimulator/TextInsertProvider.appex (in target 'TextInsertProvider' from project 'TextInsertSpike')
    cd /Users/tarunyadgirkar/TarunsCode/prefill/spikes/textinsert
    
    Signing Identity:     "Sign to Run Locally"
    
    /usr/bin/codesign --force --sign - --entitlements /Users/tarunyadgirkar/TarunsCode/prefill/spikes/textinsert/build/Build/Intermediates.noindex/TextInsertSpike.build/Debug-iphonesimulator/TextInsertProvider.build/TextInsertProvider.appex.xcent --timestamp\=none --generate-entitlement-der /Users/tarunyadgirkar/TarunsCode/prefill/spikes/textinsert/build/Build/Products/Debug-iphonesimulator/TextInsertProvider.appex

RegisterExecutionPolicyException /Users/tarunyadgirkar/TarunsCode/prefill/spikes/textinsert/build/Build/Products/Debug-iphonesimulator/TextInsertProvider.appex (in target 'TextInsertProvider' from project 'TextInsertSpike')
    cd /Users/tarunyadgirkar/TarunsCode/prefill/spikes/textinsert
    builtin-RegisterExecutionPolicyException /Users/tarunyadgirkar/TarunsCode/prefill/spikes/textinsert/build/Build/Products/Debug-iphonesimulator/TextInsertProvider.appex

Touch /Users/tarunyadgirkar/TarunsCode/prefill/spikes/textinsert/build/Build/Products/Debug-iphonesimulator/TextInsertProvider.appex (in target 'TextInsertProvider' from project 'TextInsertSpike')
    cd /Users/tarunyadgirkar/TarunsCode/prefill/spikes/textinsert
    /usr/bin/touch -c /Users/tarunyadgirkar/TarunsCode/prefill/spikes/textinsert/build/Build/Products/Debug-iphonesimulator/TextInsertProvider.appex

Ld /Users/tarunyadgirkar/TarunsCode/prefill/spikes/textinsert/build/Build/Products/Debug-iphonesimulator/TextInsertSpike.app/__preview.dylib normal (in target 'TextInsertSpike' from project 'TextInsertSpike')
    cd /Users/tarunyadgirkar/TarunsCode/prefill/spikes/textinsert
    /Applications/Xcode.app/Contents/Developer/Toolchains/XcodeDefault.xctoolchain/usr/bin/clang -Xlinker -reproducible -target arm64-apple-ios26.0-simulator -dynamiclib -isysroot /Applications/Xcode.app/Contents/Developer/Platforms/iPhoneSimulator.platform/Developer/SDKs/iPhoneSimulator27.0.sdk -O0 -Xlinker -no_warn_duplicate_libraries -L/Users/tarunyadgirkar/TarunsCode/prefill/spikes/textinsert/build/Build/Products/Debug-iphonesimulator -F/Users/tarunyadgirkar/TarunsCode/prefill/spikes/textinsert/build/Build/Products/Debug-iphonesimulator -install_name @rpath/TextInsertSpike.debug.dylib -Xlinker -dead_strip -rdynamic -Xlinker -no_deduplicate -Xlinker -objc_abi_version -Xlinker 2 -Xlinker -dependency_info -Xlinker /Users/tarunyadgirkar/TarunsCode/prefill/spikes/textinsert/build/Build/Intermediates.noindex/TextInsertSpike.build/Debug-iphonesimulator/TextInsertSpike.build/Objects-normal/arm64/TextInsertSpike_dependency_info.dat -Xlinker -sectcreate -Xlinker __TEXT -Xlinker __entitlements -Xlinker /Users/tarunyadgirkar/TarunsCode/prefill/spikes/textinsert/build/Build/Intermediates.noindex/TextInsertSpike.build/Debug-iphonesimulator/TextInsertSpike.build/TextInsertSpike.app-Simulated.xcent -Xlinker -sectcreate -Xlinker __TEXT -Xlinker __ents_der -Xlinker /Users/tarunyadgirkar/TarunsCode/prefill/spikes/textinsert/build/Build/Intermediates.noindex/TextInsertSpike.build/Debug-iphonesimulator/TextInsertSpike.build/TextInsertSpike.app-Simulated.xcent.der -Xlinker -no_adhoc_codesign -o /Users/tarunyadgirkar/TarunsCode/prefill/spikes/textinsert/build/Build/Products/Debug-iphonesimulator/TextInsertSpike.app/__preview.dylib

SwiftDriverJobDiscovery normal arm64 Emitting module for TextInsertSpike (in target 'TextInsertSpike' from project 'TextInsertSpike')

SwiftDriver\ Compilation\ Requirements TextInsertSpike normal arm64 com.apple.xcode.tools.swift.compiler (in target 'TextInsertSpike' from project 'TextInsertSpike')
    cd /Users/tarunyadgirkar/TarunsCode/prefill/spikes/textinsert
    builtin-Swift-Compilation-Requirements -- /Applications/Xcode.app/Contents/Developer/Toolchains/XcodeDefault.xctoolchain/usr/bin/swiftc -module-name TextInsertSpike -Onone @/Users/tarunyadgirkar/TarunsCode/prefill/spikes/textinsert/build/Build/Intermediates.noindex/TextInsertSpike.build/Debug-iphonesimulator/TextInsertSpike.build/Objects-normal/arm64/TextInsertSpike.SwiftFileList -DDEBUG -enable-experimental-feature DebugDescriptionMacro -sdk /Applications/Xcode.app/Contents/Developer/Platforms/iPhoneSimulator.platform/Developer/SDKs/iPhoneSimulator27.0.sdk -target arm64-apple-ios26.0-simulator -g -module-cache-path /Users/tarunyadgirkar/TarunsCode/prefill/spikes/textinsert/build/ModuleCache.noindex -Xfrontend -serialize-debugging-options -enable-testing -index-store-path /Users/tarunyadgirkar/TarunsCode/prefill/spikes/textinsert/build/Index.noindex/DataStore -Xcc -D_LIBCPP_HARDENING_MODE\=_LIBCPP_HARDENING_MODE_DEBUG -swift-version 6 -I /Users/tarunyadgirkar/TarunsCode/prefill/spikes/textinsert/build/Build/Products/Debug-iphonesimulator -F /Users/tarunyadgirkar/TarunsCode/prefill/spikes/textinsert/build/Build/Products/Debug-iphonesimulator -parse-as-library -c -j15 -enable-batch-mode -incremental -Xcc -ivfsstatcache -Xcc /Users/tarunyadgirkar/TarunsCode/prefill/spikes/textinsert/build/SDKStatCaches.noindex/iphonesimulator27.0-24A430-8dc58220667be655e1bcc261a7455254.sdkstatcache -output-file-map /Users/tarunyadgirkar/TarunsCode/prefill/spikes/textinsert/build/Build/Intermediates.noindex/TextInsertSpike.build/Debug-iphonesimulator/TextInsertSpike.build/Objects-normal/arm64/TextInsertSpike-OutputFileMap.json -save-temps -no-color-diagnostics -explicit-module-build -module-cache-path /Users/tarunyadgirkar/TarunsCode/prefill/spikes/textinsert/build/Build/Intermediates.noindex/SwiftExplicitPrecompiledModules -clang-scanner-module-cache-path /Users/tarunyadgirkar/TarunsCode/prefill/spikes/textinsert/build/ModuleCache.noindex -sdk-module-cache-path /Users/tarunyadgirkar/TarunsCode/prefill/spikes/textinsert/build/SDKExplicitPrecompiledModules -emit-dependencies -emit-module -emit-module-path /Users/tarunyadgirkar/TarunsCode/prefill/spikes/textinsert/build/Build/Intermediates.noindex/TextInsertSpike.build/Debug-iphonesimulator/TextInsertSpike.build/Objects-normal/arm64/TextInsertSpike.swiftmodule -serialize-diagnostics -dependency-scan-serialize-diagnostics-path /Users/tarunyadgirkar/TarunsCode/prefill/spikes/textinsert/build/Build/Intermediates.noindex/TextInsertSpike.build/Debug-iphonesimulator/TextInsertSpike.build/Objects-normal/arm64/TextInsertSpike-dependency-scan.dia -validate-clang-modules-once -clang-build-session-file /Users/tarunyadgirkar/TarunsCode/prefill/spikes/textinsert/build/ModuleCache.noindex/Session.modulevalidation -Xcc -fmodules-prune-interval\=86400 -Xcc -fmodules-prune-after\=345600 -emit-const-values -const-gather-protocols-list /Users/tarunyadgirkar/TarunsCode/prefill/spikes/textinsert/build/Build/Intermediates.noindex/TextInsertSpike.build/Debug-iphonesimulator/TextInsertSpike.build/Objects-normal/arm64/TextInsertSpike_const_extract_protocols.json -Xcc -iquote -Xcc /Users/tarunyadgirkar/TarunsCode/prefill/spikes/textinsert/build/Build/Intermediates.noindex/TextInsertSpike.build/Debug-iphonesimulator/TextInsertSpike.build/TextInsertSpike-generated-files.hmap -Xcc -I/Users/tarunyadgirkar/TarunsCode/prefill/spikes/textinsert/build/Build/Intermediates.noindex/TextInsertSpike.build/Debug-iphonesimulator/TextInsertSpike.build/TextInsertSpike-own-target-headers.hmap -Xcc -I/Users/tarunyadgirkar/TarunsCode/prefill/spikes/textinsert/build/Build/Intermediates.noindex/TextInsertSpike.build/Debug-iphonesimulator/TextInsertSpike.build/TextInsertSpike-all-target-headers.hmap -Xcc -iquote -Xcc /Users/tarunyadgirkar/TarunsCode/prefill/spikes/textinsert/build/Build/Intermediates.noindex/TextInsertSpike.build/Debug-iphonesimulator/TextInsertSpike.build/TextInsertSpike-project-headers.hmap -Xcc -I/Users/tarunyadgirkar/TarunsCode/prefill/spikes/textinsert/build/Build/Products/Debug-iphonesimulator/include -Xcc -I/Users/tarunyadgirkar/TarunsCode/prefill/spikes/textinsert/build/Build/Intermediates.noindex/TextInsertSpike.build/Debug-iphonesimulator/TextInsertSpike.build/DerivedSources-normal/arm64 -Xcc -I/Users/tarunyadgirkar/TarunsCode/prefill/spikes/textinsert/build/Build/Intermediates.noindex/TextInsertSpike.build/Debug-iphonesimulator/TextInsertSpike.build/DerivedSources/arm64 -Xcc -I/Users/tarunyadgirkar/TarunsCode/prefill/spikes/textinsert/build/Build/Intermediates.noindex/TextInsertSpike.build/Debug-iphonesimulator/TextInsertSpike.build/DerivedSources -Xcc -DDEBUG\=1 -emit-objc-header -emit-objc-header-path /Users/tarunyadgirkar/TarunsCode/prefill/spikes/textinsert/build/Build/Intermediates.noindex/TextInsertSpike.build/Debug-iphonesimulator/TextInsertSpike.build/Objects-normal/arm64/TextInsertSpike-Swift.h -working-directory /Users/tarunyadgirkar/TarunsCode/prefill/spikes/textinsert -experimental-emit-module-separately -disable-cmo

SwiftMergeGeneratedHeaders /Users/tarunyadgirkar/TarunsCode/prefill/spikes/textinsert/build/Build/Intermediates.noindex/TextInsertSpike.build/Debug-iphonesimulator/TextInsertSpike.build/DerivedSources/TextInsertSpike-Swift.h /Users/tarunyadgirkar/TarunsCode/prefill/spikes/textinsert/build/Build/Intermediates.noindex/TextInsertSpike.build/Debug-iphonesimulator/TextInsertSpike.build/Objects-normal/arm64/TextInsertSpike-Swift.h (in target 'TextInsertSpike' from project 'TextInsertSpike')
    cd /Users/tarunyadgirkar/TarunsCode/prefill/spikes/textinsert
    builtin-swiftHeaderTool -arch arm64 /Users/tarunyadgirkar/TarunsCode/prefill/spikes/textinsert/build/Build/Intermediates.noindex/TextInsertSpike.build/Debug-iphonesimulator/TextInsertSpike.build/Objects-normal/arm64/TextInsertSpike-Swift.h -o /Users/tarunyadgirkar/TarunsCode/prefill/spikes/textinsert/build/Build/Intermediates.noindex/TextInsertSpike.build/Debug-iphonesimulator/TextInsertSpike.build/DerivedSources/TextInsertSpike-Swift.h

Copy /Users/tarunyadgirkar/TarunsCode/prefill/spikes/textinsert/build/Build/Products/Debug-iphonesimulator/TextInsertSpike.swiftmodule/arm64-apple-ios-simulator.abi.json /Users/tarunyadgirkar/TarunsCode/prefill/spikes/textinsert/build/Build/Intermediates.noindex/TextInsertSpike.build/Debug-iphonesimulator/TextInsertSpike.build/Objects-normal/arm64/TextInsertSpike.abi.json (in target 'TextInsertSpike' from project 'TextInsertSpike')
    cd /Users/tarunyadgirkar/TarunsCode/prefill/spikes/textinsert
    builtin-copy -exclude .DS_Store -exclude CVS -exclude .svn -exclude .git -exclude .hg -resolve-src-symlinks -rename /Users/tarunyadgirkar/TarunsCode/prefill/spikes/textinsert/build/Build/Intermediates.noindex/TextInsertSpike.build/Debug-iphonesimulator/TextInsertSpike.build/Objects-normal/arm64/TextInsertSpike.abi.json /Users/tarunyadgirkar/TarunsCode/prefill/spikes/textinsert/build/Build/Products/Debug-iphonesimulator/TextInsertSpike.swiftmodule/arm64-apple-ios-simulator.abi.json

Copy /Users/tarunyadgirkar/TarunsCode/prefill/spikes/textinsert/build/Build/Products/Debug-iphonesimulator/TextInsertSpike.swiftmodule/Project/arm64-apple-ios-simulator.swiftsourceinfo /Users/tarunyadgirkar/TarunsCode/prefill/spikes/textinsert/build/Build/Intermediates.noindex/TextInsertSpike.build/Debug-iphonesimulator/TextInsertSpike.build/Objects-normal/arm64/TextInsertSpike.swiftsourceinfo (in target 'TextInsertSpike' from project 'TextInsertSpike')
    cd /Users/tarunyadgirkar/TarunsCode/prefill/spikes/textinsert
    builtin-copy -exclude .DS_Store -exclude CVS -exclude .svn -exclude .git -exclude .hg -resolve-src-symlinks -rename /Users/tarunyadgirkar/TarunsCode/prefill/spikes/textinsert/build/Build/Intermediates.noindex/TextInsertSpike.build/Debug-iphonesimulator/TextInsertSpike.build/Objects-normal/arm64/TextInsertSpike.swiftsourceinfo /Users/tarunyadgirkar/TarunsCode/prefill/spikes/textinsert/build/Build/Products/Debug-iphonesimulator/TextInsertSpike.swiftmodule/Project/arm64-apple-ios-simulator.swiftsourceinfo

Copy /Users/tarunyadgirkar/TarunsCode/prefill/spikes/textinsert/build/Build/Products/Debug-iphonesimulator/TextInsertSpike.swiftmodule/arm64-apple-ios-simulator.swiftdoc /Users/tarunyadgirkar/TarunsCode/prefill/spikes/textinsert/build/Build/Intermediates.noindex/TextInsertSpike.build/Debug-iphonesimulator/TextInsertSpike.build/Objects-normal/arm64/TextInsertSpike.swiftdoc (in target 'TextInsertSpike' from project 'TextInsertSpike')
    cd /Users/tarunyadgirkar/TarunsCode/prefill/spikes/textinsert
    builtin-copy -exclude .DS_Store -exclude CVS -exclude .svn -exclude .git -exclude .hg -resolve-src-symlinks -rename /Users/tarunyadgirkar/TarunsCode/prefill/spikes/textinsert/build/Build/Intermediates.noindex/TextInsertSpike.build/Debug-iphonesimulator/TextInsertSpike.build/Objects-normal/arm64/TextInsertSpike.swiftdoc /Users/tarunyadgirkar/TarunsCode/prefill/spikes/textinsert/build/Build/Products/Debug-iphonesimulator/TextInsertSpike.swiftmodule/arm64-apple-ios-simulator.swiftdoc

Copy /Users/tarunyadgirkar/TarunsCode/prefill/spikes/textinsert/build/Build/Products/Debug-iphonesimulator/TextInsertSpike.swiftmodule/arm64-apple-ios-simulator.swiftmodule /Users/tarunyadgirkar/TarunsCode/prefill/spikes/textinsert/build/Build/Intermediates.noindex/TextInsertSpike.build/Debug-iphonesimulator/TextInsertSpike.build/Objects-normal/arm64/TextInsertSpike.swiftmodule (in target 'TextInsertSpike' from project 'TextInsertSpike')
    cd /Users/tarunyadgirkar/TarunsCode/prefill/spikes/textinsert
    builtin-copy -exclude .DS_Store -exclude CVS -exclude .svn -exclude .git -exclude .hg -resolve-src-symlinks -rename /Users/tarunyadgirkar/TarunsCode/prefill/spikes/textinsert/build/Build/Intermediates.noindex/TextInsertSpike.build/Debug-iphonesimulator/TextInsertSpike.build/Objects-normal/arm64/TextInsertSpike.swiftmodule /Users/tarunyadgirkar/TarunsCode/prefill/spikes/textinsert/build/Build/Products/Debug-iphonesimulator/TextInsertSpike.swiftmodule/arm64-apple-ios-simulator.swiftmodule

ProcessProductPackaging "" /Users/tarunyadgirkar/TarunsCode/prefill/spikes/textinsert/build/Build/Intermediates.noindex/TextInsertSpike.build/Debug-iphonesimulator/TextInsertUITests.build/TextInsertUITests.xctest-Simulated.xcent (in target 'TextInsertUITests' from project 'TextInsertSpike')
    cd /Users/tarunyadgirkar/TarunsCode/prefill/spikes/textinsert
    
    Entitlements:
    
    {
    "application-identifier" = "5AKJYZ7USP.com.tarunyadgirkar.prefill.spike.textinsert.uitests.xctrunner";
    "keychain-access-groups" =     (
        "5AKJYZ7USP.com.tarunyadgirkar.prefill.spike.textinsert.uitests.xctrunner"
    );
}
    
    builtin-productPackagingUtility -entitlements -format xml -o /Users/tarunyadgirkar/TarunsCode/prefill/spikes/textinsert/build/Build/Intermediates.noindex/TextInsertSpike.build/Debug-iphonesimulator/TextInsertUITests.build/TextInsertUITests.xctest-Simulated.xcent

ProcessProductPackagingDER /Users/tarunyadgirkar/TarunsCode/prefill/spikes/textinsert/build/Build/Intermediates.noindex/TextInsertSpike.build/Debug-iphonesimulator/TextInsertUITests.build/TextInsertUITests.xctest-Simulated.xcent /Users/tarunyadgirkar/TarunsCode/prefill/spikes/textinsert/build/Build/Intermediates.noindex/TextInsertSpike.build/Debug-iphonesimulator/TextInsertUITests.build/TextInsertUITests.xctest-Simulated.xcent.der (in target 'TextInsertUITests' from project 'TextInsertSpike')
    cd /Users/tarunyadgirkar/TarunsCode/prefill/spikes/textinsert
    /usr/bin/derq query -f xml -i /Users/tarunyadgirkar/TarunsCode/prefill/spikes/textinsert/build/Build/Intermediates.noindex/TextInsertSpike.build/Debug-iphonesimulator/TextInsertUITests.build/TextInsertUITests.xctest-Simulated.xcent -o /Users/tarunyadgirkar/TarunsCode/prefill/spikes/textinsert/build/Build/Intermediates.noindex/TextInsertSpike.build/Debug-iphonesimulator/TextInsertUITests.build/TextInsertUITests.xctest-Simulated.xcent.der --raw

SwiftDriver TextInsertUITests normal arm64 com.apple.xcode.tools.swift.compiler (in target 'TextInsertUITests' from project 'TextInsertSpike')
    cd /Users/tarunyadgirkar/TarunsCode/prefill/spikes/textinsert
    builtin-SwiftDriver -- /Applications/Xcode.app/Contents/Developer/Toolchains/XcodeDefault.xctoolchain/usr/bin/swiftc -module-name TextInsertUITests -Onone @/Users/tarunyadgirkar/TarunsCode/prefill/spikes/textinsert/build/Build/Intermediates.noindex/TextInsertSpike.build/Debug-iphonesimulator/TextInsertUITests.build/Objects-normal/arm64/TextInsertUITests.SwiftFileList -DDEBUG -module-alias Testing\=_Testing_Unavailable -plugin-path /Applications/Xcode.app/Contents/Developer/Toolchains/XcodeDefault.xctoolchain/usr/lib/swift/host/plugins/testing -enable-experimental-feature DebugDescriptionMacro -sdk /Applications/Xcode.app/Contents/Developer/Platforms/iPhoneSimulator.platform/Developer/SDKs/iPhoneSimulator27.0.sdk -target arm64-apple-ios26.0-simulator -g -module-cache-path /Users/tarunyadgirkar/TarunsCode/prefill/spikes/textinsert/build/ModuleCache.noindex -Xfrontend -serialize-debugging-options -enable-testing -index-store-path /Users/tarunyadgirkar/TarunsCode/prefill/spikes/textinsert/build/Index.noindex/DataStore -Xcc -D_LIBCPP_HARDENING_MODE\=_LIBCPP_HARDENING_MODE_DEBUG -swift-version 6 -I /Users/tarunyadgirkar/TarunsCode/prefill/spikes/textinsert/build/Build/Products/Debug-iphonesimulator -Isystem /Applications/Xcode.app/Contents/Developer/Platforms/iPhoneSimulator.platform/Developer/usr/lib -F /Users/tarunyadgirkar/TarunsCode/prefill/spikes/textinsert/build/Build/Products/Debug-iphonesimulator -F /Applications/Xcode.app/Contents/Developer/Platforms/iPhoneSimulator.platform/Developer/Library/Frameworks -F /Applications/Xcode.app/Contents/Developer/Platforms/iPhoneSimulator.platform/Developer/SDKs/iPhoneSimulator27.0.sdk/Developer/Library/Frameworks -c -j15 -enable-batch-mode -incremental -Xcc -ivfsstatcache -Xcc /Users/tarunyadgirkar/TarunsCode/prefill/spikes/textinsert/build/SDKStatCaches.noindex/iphonesimulator27.0-24A430-8dc58220667be655e1bcc261a7455254.sdkstatcache -output-file-map /Users/tarunyadgirkar/TarunsCode/prefill/spikes/textinsert/build/Build/Intermediates.noindex/TextInsertSpike.build/Debug-iphonesimulator/TextInsertUITests.build/Objects-normal/arm64/TextInsertUITests-OutputFileMap.json -save-temps -no-color-diagnostics -explicit-module-build -module-cache-path /Users/tarunyadgirkar/TarunsCode/prefill/spikes/textinsert/build/Build/Intermediates.noindex/SwiftExplicitPrecompiledModules -clang-scanner-module-cache-path /Users/tarunyadgirkar/TarunsCode/prefill/spikes/textinsert/build/ModuleCache.noindex -sdk-module-cache-path /Users/tarunyadgirkar/TarunsCode/prefill/spikes/textinsert/build/SDKExplicitPrecompiledModules -emit-dependencies -emit-module -emit-module-path /Users/tarunyadgirkar/TarunsCode/prefill/spikes/textinsert/build/Build/Intermediates.noindex/TextInsertSpike.build/Debug-iphonesimulator/TextInsertUITests.build/Objects-normal/arm64/TextInsertUITests.swiftmodule -serialize-diagnostics -dependency-scan-serialize-diagnostics-path /Users/tarunyadgirkar/TarunsCode/prefill/spikes/textinsert/build/Build/Intermediates.noindex/TextInsertSpike.build/Debug-iphonesimulator/TextInsertUITests.build/Objects-normal/arm64/TextInsertUITests-dependency-scan.dia -validate-clang-modules-once -clang-build-session-file /Users/tarunyadgirkar/TarunsCode/prefill/spikes/textinsert/build/ModuleCache.noindex/Session.modulevalidation -Xcc -fmodules-prune-interval\=86400 -Xcc -fmodules-prune-after\=345600 -emit-const-values -const-gather-protocols-list /Users/tarunyadgirkar/TarunsCode/prefill/spikes/textinsert/build/Build/Intermediates.noindex/TextInsertSpike.build/Debug-iphonesimulator/TextInsertUITests.build/Objects-normal/arm64/TextInsertUITests_const_extract_protocols.json -Xcc -iquote -Xcc /Users/tarunyadgirkar/TarunsCode/prefill/spikes/textinsert/build/Build/Intermediates.noindex/TextInsertSpike.build/Debug-iphonesimulator/TextInsertUITests.build/TextInsertUITests-generated-files.hmap -Xcc -I/Users/tarunyadgirkar/TarunsCode/prefill/spikes/textinsert/build/Build/Intermediates.noindex/TextInsertSpike.build/Debug-iphonesimulator/TextInsertUITests.build/TextInsertUITests-own-target-headers.hmap -Xcc -I/Users/tarunyadgirkar/TarunsCode/prefill/spikes/textinsert/build/Build/Intermediates.noindex/TextInsertSpike.build/Debug-iphonesimulator/TextInsertUITests.build/TextInsertUITests-all-target-headers.hmap -Xcc -iquote -Xcc /Users/tarunyadgirkar/TarunsCode/prefill/spikes/textinsert/build/Build/Intermediates.noindex/TextInsertSpike.build/Debug-iphonesimulator/TextInsertUITests.build/TextInsertUITests-project-headers.hmap -Xcc -I/Users/tarunyadgirkar/TarunsCode/prefill/spikes/textinsert/build/Build/Products/Debug-iphonesimulator/include -Xcc -I/Users/tarunyadgirkar/TarunsCode/prefill/spikes/textinsert/build/Build/Intermediates.noindex/TextInsertSpike.build/Debug-iphonesimulator/TextInsertUITests.build/DerivedSources-normal/arm64 -Xcc -I/Users/tarunyadgirkar/TarunsCode/prefill/spikes/textinsert/build/Build/Intermediates.noindex/TextInsertSpike.build/Debug-iphonesimulator/TextInsertUITests.build/DerivedSources/arm64 -Xcc -I/Users/tarunyadgirkar/TarunsCode/prefill/spikes/textinsert/build/Build/Intermediates.noindex/TextInsertSpike.build/Debug-iphonesimulator/TextInsertUITests.build/DerivedSources -Xcc -DDEBUG\=1 -emit-objc-header -emit-objc-header-path /Users/tarunyadgirkar/TarunsCode/prefill/spikes/textinsert/build/Build/Intermediates.noindex/TextInsertSpike.build/Debug-iphonesimulator/TextInsertUITests.build/Objects-normal/arm64/TextInsertUITests-Swift.h -working-directory /Users/tarunyadgirkar/TarunsCode/prefill/spikes/textinsert -experimental-emit-module-separately -disable-cmo

SwiftDriverJobDiscovery normal arm64 Compiling SpikeApp.swift (in target 'TextInsertSpike' from project 'TextInsertSpike')

SwiftDriver\ Compilation TextInsertSpike normal arm64 com.apple.xcode.tools.swift.compiler (in target 'TextInsertSpike' from project 'TextInsertSpike')
    cd /Users/tarunyadgirkar/TarunsCode/prefill/spikes/textinsert
    builtin-Swift-Compilation -- /Applications/Xcode.app/Contents/Developer/Toolchains/XcodeDefault.xctoolchain/usr/bin/swiftc -module-name TextInsertSpike -Onone @/Users/tarunyadgirkar/TarunsCode/prefill/spikes/textinsert/build/Build/Intermediates.noindex/TextInsertSpike.build/Debug-iphonesimulator/TextInsertSpike.build/Objects-normal/arm64/TextInsertSpike.SwiftFileList -DDEBUG -enable-experimental-feature DebugDescriptionMacro -sdk /Applications/Xcode.app/Contents/Developer/Platforms/iPhoneSimulator.platform/Developer/SDKs/iPhoneSimulator27.0.sdk -target arm64-apple-ios26.0-simulator -g -module-cache-path /Users/tarunyadgirkar/TarunsCode/prefill/spikes/textinsert/build/ModuleCache.noindex -Xfrontend -serialize-debugging-options -enable-testing -index-store-path /Users/tarunyadgirkar/TarunsCode/prefill/spikes/textinsert/build/Index.noindex/DataStore -Xcc -D_LIBCPP_HARDENING_MODE\=_LIBCPP_HARDENING_MODE_DEBUG -swift-version 6 -I /Users/tarunyadgirkar/TarunsCode/prefill/spikes/textinsert/build/Build/Products/Debug-iphonesimulator -F /Users/tarunyadgirkar/TarunsCode/prefill/spikes/textinsert/build/Build/Products/Debug-iphonesimulator -parse-as-library -c -j15 -enable-batch-mode -incremental -Xcc -ivfsstatcache -Xcc /Users/tarunyadgirkar/TarunsCode/prefill/spikes/textinsert/build/SDKStatCaches.noindex/iphonesimulator27.0-24A430-8dc58220667be655e1bcc261a7455254.sdkstatcache -output-file-map /Users/tarunyadgirkar/TarunsCode/prefill/spikes/textinsert/build/Build/Intermediates.noindex/TextInsertSpike.build/Debug-iphonesimulator/TextInsertSpike.build/Objects-normal/arm64/TextInsertSpike-OutputFileMap.json -save-temps -no-color-diagnostics -explicit-module-build -module-cache-path /Users/tarunyadgirkar/TarunsCode/prefill/spikes/textinsert/build/Build/Intermediates.noindex/SwiftExplicitPrecompiledModules -clang-scanner-module-cache-path /Users/tarunyadgirkar/TarunsCode/prefill/spikes/textinsert/build/ModuleCache.noindex -sdk-module-cache-path /Users/tarunyadgirkar/TarunsCode/prefill/spikes/textinsert/build/SDKExplicitPrecompiledModules -emit-dependencies -emit-module -emit-module-path /Users/tarunyadgirkar/TarunsCode/prefill/spikes/textinsert/build/Build/Intermediates.noindex/TextInsertSpike.build/Debug-iphonesimulator/TextInsertSpike.build/Objects-normal/arm64/TextInsertSpike.swiftmodule -serialize-diagnostics -dependency-scan-serialize-diagnostics-path /Users/tarunyadgirkar/TarunsCode/prefill/spikes/textinsert/build/Build/Intermediates.noindex/TextInsertSpike.build/Debug-iphonesimulator/TextInsertSpike.build/Objects-normal/arm64/TextInsertSpike-dependency-scan.dia -validate-clang-modules-once -clang-build-session-file /Users/tarunyadgirkar/TarunsCode/prefill/spikes/textinsert/build/ModuleCache.noindex/Session.modulevalidation -Xcc -fmodules-prune-interval\=86400 -Xcc -fmodules-prune-after\=345600 -emit-const-values -const-gather-protocols-list /Users/tarunyadgirkar/TarunsCode/prefill/spikes/textinsert/build/Build/Intermediates.noindex/TextInsertSpike.build/Debug-iphonesimulator/TextInsertSpike.build/Objects-normal/arm64/TextInsertSpike_const_extract_protocols.json -Xcc -iquote -Xcc /Users/tarunyadgirkar/TarunsCode/prefill/spikes/textinsert/build/Build/Intermediates.noindex/TextInsertSpike.build/Debug-iphonesimulator/TextInsertSpike.build/TextInsertSpike-generated-files.hmap -Xcc -I/Users/tarunyadgirkar/TarunsCode/prefill/spikes/textinsert/build/Build/Intermediates.noindex/TextInsertSpike.build/Debug-iphonesimulator/TextInsertSpike.build/TextInsertSpike-own-target-headers.hmap -Xcc -I/Users/tarunyadgirkar/TarunsCode/prefill/spikes/textinsert/build/Build/Intermediates.noindex/TextInsertSpike.build/Debug-iphonesimulator/TextInsertSpike.build/TextInsertSpike-all-target-headers.hmap -Xcc -iquote -Xcc /Users/tarunyadgirkar/TarunsCode/prefill/spikes/textinsert/build/Build/Intermediates.noindex/TextInsertSpike.build/Debug-iphonesimulator/TextInsertSpike.build/TextInsertSpike-project-headers.hmap -Xcc -I/Users/tarunyadgirkar/TarunsCode/prefill/spikes/textinsert/build/Build/Products/Debug-iphonesimulator/include -Xcc -I/Users/tarunyadgirkar/TarunsCode/prefill/spikes/textinsert/build/Build/Intermediates.noindex/TextInsertSpike.build/Debug-iphonesimulator/TextInsertSpike.build/DerivedSources-normal/arm64 -Xcc -I/Users/tarunyadgirkar/TarunsCode/prefill/spikes/textinsert/build/Build/Intermediates.noindex/TextInsertSpike.build/Debug-iphonesimulator/TextInsertSpike.build/DerivedSources/arm64 -Xcc -I/Users/tarunyadgirkar/TarunsCode/prefill/spikes/textinsert/build/Build/Intermediates.noindex/TextInsertSpike.build/Debug-iphonesimulator/TextInsertSpike.build/DerivedSources -Xcc -DDEBUG\=1 -emit-objc-header -emit-objc-header-path /Users/tarunyadgirkar/TarunsCode/prefill/spikes/textinsert/build/Build/Intermediates.noindex/TextInsertSpike.build/Debug-iphonesimulator/TextInsertSpike.build/Objects-normal/arm64/TextInsertSpike-Swift.h -working-directory /Users/tarunyadgirkar/TarunsCode/prefill/spikes/textinsert -experimental-emit-module-separately -disable-cmo

Ld /Users/tarunyadgirkar/TarunsCode/prefill/spikes/textinsert/build/Build/Products/Debug-iphonesimulator/TextInsertSpike.app/TextInsertSpike.debug.dylib normal (in target 'TextInsertSpike' from project 'TextInsertSpike')
    cd /Users/tarunyadgirkar/TarunsCode/prefill/spikes/textinsert
    /Applications/Xcode.app/Contents/Developer/Toolchains/XcodeDefault.xctoolchain/usr/bin/clang -Xlinker -reproducible -target arm64-apple-ios26.0-simulator -dynamiclib -isysroot /Applications/Xcode.app/Contents/Developer/Platforms/iPhoneSimulator.platform/Developer/SDKs/iPhoneSimulator27.0.sdk -O0 -Xlinker -no_warn_duplicate_libraries -L/Users/tarunyadgirkar/TarunsCode/prefill/spikes/textinsert/build/Build/Intermediates.noindex/EagerLinkingTBDs/Debug-iphonesimulator -L/Users/tarunyadgirkar/TarunsCode/prefill/spikes/textinsert/build/Build/Products/Debug-iphonesimulator -F/Users/tarunyadgirkar/TarunsCode/prefill/spikes/textinsert/build/Build/Intermediates.noindex/EagerLinkingTBDs/Debug-iphonesimulator -F/Users/tarunyadgirkar/TarunsCode/prefill/spikes/textinsert/build/Build/Products/Debug-iphonesimulator -filelist /Users/tarunyadgirkar/TarunsCode/prefill/spikes/textinsert/build/Build/Intermediates.noindex/TextInsertSpike.build/Debug-iphonesimulator/TextInsertSpike.build/Objects-normal/arm64/TextInsertSpike.LinkFileList -install_name @rpath/TextInsertSpike.debug.dylib -Xlinker -rpath -Xlinker @executable_path/Frameworks -Xlinker -dead_strip -Xlinker -object_path_lto -Xlinker /Users/tarunyadgirkar/TarunsCode/prefill/spikes/textinsert/build/Build/Intermediates.noindex/TextInsertSpike.build/Debug-iphonesimulator/TextInsertSpike.build/Objects-normal/arm64/TextInsertSpike_lto.o -rdynamic -Xlinker -no_deduplicate -Xlinker -objc_abi_version -Xlinker 2 -Xlinker -dependency_info -Xlinker /Users/tarunyadgirkar/TarunsCode/prefill/spikes/textinsert/build/Build/Intermediates.noindex/TextInsertSpike.build/Debug-iphonesimulator/TextInsertSpike.build/Objects-normal/arm64/TextInsertSpike_dependency_info.dat -fobjc-link-runtime -L/Applications/Xcode.app/Contents/Developer/Toolchains/XcodeDefault.xctoolchain/usr/lib/swift/iphonesimulator -L/usr/lib/swift -Xlinker -add_ast_path -Xlinker /Users/tarunyadgirkar/TarunsCode/prefill/spikes/textinsert/build/Build/Intermediates.noindex/TextInsertSpike.build/Debug-iphonesimulator/TextInsertSpike.build/Objects-normal/arm64/TextInsertSpike.swiftmodule -Xlinker -alias -Xlinker _main -Xlinker ___debug_main_executable_dylib_entry_point -Xlinker -no_adhoc_codesign -o /Users/tarunyadgirkar/TarunsCode/prefill/spikes/textinsert/build/Build/Products/Debug-iphonesimulator/TextInsertSpike.app/TextInsertSpike.debug.dylib

SwiftExplicitDependencyGeneratePcm arm64 /Users/tarunyadgirkar/TarunsCode/prefill/spikes/textinsert/build/Build/Intermediates.noindex/SwiftExplicitPrecompiledModules/XCUIAutomation-4HB83I83LQD8RS6OBQD1VKCJ0.pcm

SwiftExplicitDependencyCompileModuleFromInterface arm64 /Users/tarunyadgirkar/TarunsCode/prefill/spikes/textinsert/build/Build/Intermediates.noindex/SwiftExplicitPrecompiledModules/XCUIAutomation-25R21LG0CYN9Q.swiftmodule

SwiftExplicitDependencyGeneratePcm arm64 /Users/tarunyadgirkar/TarunsCode/prefill/spikes/textinsert/build/Build/Intermediates.noindex/SwiftExplicitPrecompiledModules/XCTest-BG3K0C5I4SJEAQQWVHGAWH6HE.pcm

SwiftExplicitDependencyCompileModuleFromInterface arm64 /Users/tarunyadgirkar/TarunsCode/prefill/spikes/textinsert/build/Build/Intermediates.noindex/SwiftExplicitPrecompiledModules/XCTest-1PG75MWL2PW40.swiftmodule

ConstructStubExecutorLinkFileList /Users/tarunyadgirkar/TarunsCode/prefill/spikes/textinsert/build/Build/Intermediates.noindex/TextInsertSpike.build/Debug-iphonesimulator/TextInsertSpike.build/TextInsertSpike-ExecutorLinkFileList-normal-arm64.txt (in target 'TextInsertSpike' from project 'TextInsertSpike')
    cd /Users/tarunyadgirkar/TarunsCode/prefill/spikes/textinsert
    construct-stub-executor-link-file-list /Users/tarunyadgirkar/TarunsCode/prefill/spikes/textinsert/build/Build/Products/Debug-iphonesimulator/TextInsertSpike.app/TextInsertSpike.debug.dylib /Applications/Xcode.app/Contents/Developer/Platforms/iPhoneSimulator.platform/Developer/usr/lib/libPreviewsJITStubExecutor_no_swift_entry_point.a /Applications/Xcode.app/Contents/Developer/Platforms/iPhoneSimulator.platform/Developer/usr/lib/libPreviewsJITStubExecutor.a --output /Users/tarunyadgirkar/TarunsCode/prefill/spikes/textinsert/build/Build/Intermediates.noindex/TextInsertSpike.build/Debug-iphonesimulator/TextInsertSpike.build/TextInsertSpike-ExecutorLinkFileList-normal-arm64.txt
note: Using stub executor library with Swift entry point. (in target 'TextInsertSpike' from project 'TextInsertSpike')

Ld /Users/tarunyadgirkar/TarunsCode/prefill/spikes/textinsert/build/Build/Products/Debug-iphonesimulator/TextInsertSpike.app/TextInsertSpike normal (in target 'TextInsertSpike' from project 'TextInsertSpike')
    cd /Users/tarunyadgirkar/TarunsCode/prefill/spikes/textinsert
    /Applications/Xcode.app/Contents/Developer/Toolchains/XcodeDefault.xctoolchain/usr/bin/clang -Xlinker -reproducible -target arm64-apple-ios26.0-simulator -isysroot /Applications/Xcode.app/Contents/Developer/Platforms/iPhoneSimulator.platform/Developer/SDKs/iPhoneSimulator27.0.sdk -O0 -Xlinker -no_warn_duplicate_libraries -L/Users/tarunyadgirkar/TarunsCode/prefill/spikes/textinsert/build/Build/Products/Debug-iphonesimulator -F/Users/tarunyadgirkar/TarunsCode/prefill/spikes/textinsert/build/Build/Products/Debug-iphonesimulator -Xlinker -rpath -Xlinker @executable_path -Xlinker -rpath -Xlinker @executable_path/Frameworks -rdynamic -Xlinker -no_deduplicate -Xlinker -objc_abi_version -Xlinker 2 -e ___debug_blank_executor_main -Xlinker -sectcreate -Xlinker __TEXT -Xlinker __debug_dylib -Xlinker /Users/tarunyadgirkar/TarunsCode/prefill/spikes/textinsert/build/Build/Intermediates.noindex/TextInsertSpike.build/Debug-iphonesimulator/TextInsertSpike.build/TextInsertSpike-DebugDylibPath-normal-arm64.txt -Xlinker -sectcreate -Xlinker __TEXT -Xlinker __debug_instlnm -Xlinker /Users/tarunyadgirkar/TarunsCode/prefill/spikes/textinsert/build/Build/Intermediates.noindex/TextInsertSpike.build/Debug-iphonesimulator/TextInsertSpike.build/TextInsertSpike-DebugDylibInstallName-normal-arm64.txt -Xlinker -filelist -Xlinker /Users/tarunyadgirkar/TarunsCode/prefill/spikes/textinsert/build/Build/Intermediates.noindex/TextInsertSpike.build/Debug-iphonesimulator/TextInsertSpike.build/TextInsertSpike-ExecutorLinkFileList-normal-arm64.txt -Xlinker -sectcreate -Xlinker __TEXT -Xlinker __entitlements -Xlinker /Users/tarunyadgirkar/TarunsCode/prefill/spikes/textinsert/build/Build/Intermediates.noindex/TextInsertSpike.build/Debug-iphonesimulator/TextInsertSpike.build/TextInsertSpike.app-Simulated.xcent -Xlinker -sectcreate -Xlinker __TEXT -Xlinker __ents_der -Xlinker /Users/tarunyadgirkar/TarunsCode/prefill/spikes/textinsert/build/Build/Intermediates.noindex/TextInsertSpike.build/Debug-iphonesimulator/TextInsertSpike.build/TextInsertSpike.app-Simulated.xcent.der /Users/tarunyadgirkar/TarunsCode/prefill/spikes/textinsert/build/Build/Products/Debug-iphonesimulator/TextInsertSpike.app/TextInsertSpike.debug.dylib -Xlinker -no_adhoc_codesign -o /Users/tarunyadgirkar/TarunsCode/prefill/spikes/textinsert/build/Build/Products/Debug-iphonesimulator/TextInsertSpike.app/TextInsertSpike

Copy /Users/tarunyadgirkar/TarunsCode/prefill/spikes/textinsert/build/Build/Products/Debug-iphonesimulator/TextInsertSpike.app/PlugIns/TextInsertProvider.appex /Users/tarunyadgirkar/TarunsCode/prefill/spikes/textinsert/build/Build/Products/Debug-iphonesimulator/TextInsertProvider.appex (in target 'TextInsertSpike' from project 'TextInsertSpike')
    cd /Users/tarunyadgirkar/TarunsCode/prefill/spikes/textinsert
    builtin-copy -exclude .DS_Store -exclude CVS -exclude .svn -exclude .git -exclude .hg -exclude Headers -exclude PrivateHeaders -exclude Modules -exclude \*.tbd -resolve-src-symlinks -remove-static-executable /Users/tarunyadgirkar/TarunsCode/prefill/spikes/textinsert/build/Build/Products/Debug-iphonesimulator/TextInsertProvider.appex /Users/tarunyadgirkar/TarunsCode/prefill/spikes/textinsert/build/Build/Products/Debug-iphonesimulator/TextInsertSpike.app/PlugIns

ProcessInfoPlistFile /Users/tarunyadgirkar/TarunsCode/prefill/spikes/textinsert/build/Build/Products/Debug-iphonesimulator/TextInsertSpike.app/Info.plist /Users/tarunyadgirkar/TarunsCode/prefill/spikes/textinsert/build/Build/Intermediates.noindex/TextInsertSpike.build/Debug-iphonesimulator/TextInsertSpike.build/empty-TextInsertSpike.plist (in target 'TextInsertSpike' from project 'TextInsertSpike')
    cd /Users/tarunyadgirkar/TarunsCode/prefill/spikes/textinsert
    builtin-infoPlistUtility /Users/tarunyadgirkar/TarunsCode/prefill/spikes/textinsert/build/Build/Intermediates.noindex/TextInsertSpike.build/Debug-iphonesimulator/TextInsertSpike.build/empty-TextInsertSpike.plist -producttype com.apple.product-type.application -genpkginfo /Users/tarunyadgirkar/TarunsCode/prefill/spikes/textinsert/build/Build/Products/Debug-iphonesimulator/TextInsertSpike.app/PkgInfo -expandbuildsettings -format binary -platform iphonesimulator -scanforprivacyfile /Users/tarunyadgirkar/TarunsCode/prefill/spikes/textinsert/build/Build/Products/Debug-iphonesimulator/TextInsertSpike.app/PlugIns/TextInsertProvider.appex -o /Users/tarunyadgirkar/TarunsCode/prefill/spikes/textinsert/build/Build/Products/Debug-iphonesimulator/TextInsertSpike.app/Info.plist

ExtractAppIntentsMetadata (in target 'TextInsertSpike' from project 'TextInsertSpike')
    cd /Users/tarunyadgirkar/TarunsCode/prefill/spikes/textinsert
    /Applications/Xcode.app/Contents/Developer/Toolchains/XcodeDefault.xctoolchain/usr/bin/appintentsmetadataprocessor --toolchain-dir /Applications/Xcode.app/Contents/Developer/Toolchains/XcodeDefault.xctoolchain --module-name TextInsertSpike --sdk-root /Applications/Xcode.app/Contents/Developer/Platforms/iPhoneSimulator.platform/Developer/SDKs/iPhoneSimulator27.0.sdk --xcode-version 27A266a --platform-family iOS --deployment-target 26.0 --bundle-identifier com.tarunyadgirkar.prefill.spike.textinsert --output /Users/tarunyadgirkar/TarunsCode/prefill/spikes/textinsert/build/Build/Products/Debug-iphonesimulator/TextInsertSpike.app --target-triple arm64-apple-ios26.0-simulator --binary-file /Users/tarunyadgirkar/TarunsCode/prefill/spikes/textinsert/build/Build/Products/Debug-iphonesimulator/TextInsertSpike.app/TextInsertSpike --dependency-file /Users/tarunyadgirkar/TarunsCode/prefill/spikes/textinsert/build/Build/Intermediates.noindex/TextInsertSpike.build/Debug-iphonesimulator/TextInsertSpike.build/Objects-normal/arm64/TextInsertSpike_dependency_info.dat --stringsdata-file /Users/tarunyadgirkar/TarunsCode/prefill/spikes/textinsert/build/Build/Intermediates.noindex/TextInsertSpike.build/Debug-iphonesimulator/TextInsertSpike.build/Objects-normal/arm64/ExtractedAppShortcutsMetadata.stringsdata --source-file-list /Users/tarunyadgirkar/TarunsCode/prefill/spikes/textinsert/build/Build/Intermediates.noindex/TextInsertSpike.build/Debug-iphonesimulator/TextInsertSpike.build/Objects-normal/arm64/TextInsertSpike.SwiftFileList --metadata-file-list /Users/tarunyadgirkar/TarunsCode/prefill/spikes/textinsert/build/Build/Intermediates.noindex/TextInsertSpike.build/Debug-iphonesimulator/TextInsertSpike.build/TextInsertSpike.DependencyMetadataFileList --static-metadata-file-list /Users/tarunyadgirkar/TarunsCode/prefill/spikes/textinsert/build/Build/Intermediates.noindex/TextInsertSpike.build/Debug-iphonesimulator/TextInsertSpike.build/TextInsertSpike.DependencyStaticMetadataFileList --swift-const-vals-list /Users/tarunyadgirkar/TarunsCode/prefill/spikes/textinsert/build/Build/Intermediates.noindex/TextInsertSpike.build/Debug-iphonesimulator/TextInsertSpike.build/Objects-normal/arm64/TextInsertSpike.SwiftConstValuesFileList --compile-time-extraction --deployment-aware-processing --no-app-shortcuts-localization
2026-09-30 23:12:41.843 appintentsmetadataprocessor[87250:12795909] Starting appintentsmetadataprocessor export
2026-09-30 23:12:41.845 appintentsmetadataprocessor[87250:12795909] warning: Metadata extraction skipped, no AppIntents.framework dependency found

CopySwiftLibs /Users/tarunyadgirkar/TarunsCode/prefill/spikes/textinsert/build/Build/Products/Debug-iphonesimulator/TextInsertSpike.app (in target 'TextInsertSpike' from project 'TextInsertSpike')
    cd /Users/tarunyadgirkar/TarunsCode/prefill/spikes/textinsert
    builtin-swiftStdLibTool --copy --verbose --sign - --scan-executable /Users/tarunyadgirkar/TarunsCode/prefill/spikes/textinsert/build/Build/Products/Debug-iphonesimulator/TextInsertSpike.app/TextInsertSpike.debug.dylib --scan-folder /Users/tarunyadgirkar/TarunsCode/prefill/spikes/textinsert/build/Build/Products/Debug-iphonesimulator/TextInsertSpike.app/Frameworks --scan-folder /Users/tarunyadgirkar/TarunsCode/prefill/spikes/textinsert/build/Build/Products/Debug-iphonesimulator/TextInsertSpike.app/PlugIns --scan-folder /Users/tarunyadgirkar/TarunsCode/prefill/spikes/textinsert/build/Build/Products/Debug-iphonesimulator/TextInsertSpike.app/SystemExtensions --scan-folder /Users/tarunyadgirkar/TarunsCode/prefill/spikes/textinsert/build/Build/Products/Debug-iphonesimulator/TextInsertSpike.app/Extensions --platform iphonesimulator --toolchain /Applications/Xcode.app/Contents/Developer/Toolchains/XcodeDefault.xctoolchain --destination /Users/tarunyadgirkar/TarunsCode/prefill/spikes/textinsert/build/Build/Products/Debug-iphonesimulator/TextInsertSpike.app/Frameworks --strip-bitcode --strip-bitcode-tool /Applications/Xcode.app/Contents/Developer/Toolchains/XcodeDefault.xctoolchain/usr/bin/bitcode_strip --emit-dependency-info /Users/tarunyadgirkar/TarunsCode/prefill/spikes/textinsert/build/Build/Intermediates.noindex/TextInsertSpike.build/Debug-iphonesimulator/TextInsertSpike.build/SwiftStdLibToolInputDependencies.dep --filter-for-swift-os

AppIntentsSSUTraining (in target 'TextInsertSpike' from project 'TextInsertSpike')
    cd /Users/tarunyadgirkar/TarunsCode/prefill/spikes/textinsert
    /Applications/Xcode.app/Contents/Developer/Toolchains/XcodeDefault.xctoolchain/usr/bin/appintentsnltrainingprocessor --infoplist-path /Users/tarunyadgirkar/TarunsCode/prefill/spikes/textinsert/build/Build/Products/Debug-iphonesimulator/TextInsertSpike.app/Info.plist --temp-dir-path /Users/tarunyadgirkar/TarunsCode/prefill/spikes/textinsert/build/Build/Intermediates.noindex/TextInsertSpike.build/Debug-iphonesimulator/TextInsertSpike.build/ssu --bundle-id com.tarunyadgirkar.prefill.spike.textinsert --product-path /Users/tarunyadgirkar/TarunsCode/prefill/spikes/textinsert/build/Build/Products/Debug-iphonesimulator/TextInsertSpike.app --extracted-metadata-path /Users/tarunyadgirkar/TarunsCode/prefill/spikes/textinsert/build/Build/Products/Debug-iphonesimulator/TextInsertSpike.app/Metadata.appintents --metadata-file-list /Users/tarunyadgirkar/TarunsCode/prefill/spikes/textinsert/build/Build/Intermediates.noindex/TextInsertSpike.build/Debug-iphonesimulator/TextInsertSpike.build/TextInsertSpike.DependencyMetadataFileList --source-file /Users/tarunyadgirkar/TarunsCode/prefill/spikes/textinsert/build/Build/Products/Debug-iphonesimulator/TextInsertSpike.app/Info.plist --archive-ssu-assets
2026-09-30 23:12:41.873 appintentsnltrainingprocessor[87252:12795922] Parsing options for appintentsnltrainingprocessor
2026-09-30 23:12:41.874 appintentsnltrainingprocessor[87252:12795922] Starting AppIntents SSU YAML Generation
2026-09-30 23:12:41.874 appintentsnltrainingprocessor[87252:12795922] No AppShortcuts found - Skipping.

CodeSign /Users/tarunyadgirkar/TarunsCode/prefill/spikes/textinsert/build/Build/Products/Debug-iphonesimulator/TextInsertSpike.app/TextInsertSpike.debug.dylib (in target 'TextInsertSpike' from project 'TextInsertSpike')
    cd /Users/tarunyadgirkar/TarunsCode/prefill/spikes/textinsert
    
    Signing Identity:     "Sign to Run Locally"
    
    /usr/bin/codesign --force --sign - --timestamp\=none --generate-entitlement-der /Users/tarunyadgirkar/TarunsCode/prefill/spikes/textinsert/build/Build/Products/Debug-iphonesimulator/TextInsertSpike.app/TextInsertSpike.debug.dylib

CodeSign /Users/tarunyadgirkar/TarunsCode/prefill/spikes/textinsert/build/Build/Products/Debug-iphonesimulator/TextInsertSpike.app/__preview.dylib (in target 'TextInsertSpike' from project 'TextInsertSpike')
    cd /Users/tarunyadgirkar/TarunsCode/prefill/spikes/textinsert
    
    Signing Identity:     "Sign to Run Locally"
    
    /usr/bin/codesign --force --sign - --timestamp\=none --generate-entitlement-der /Users/tarunyadgirkar/TarunsCode/prefill/spikes/textinsert/build/Build/Products/Debug-iphonesimulator/TextInsertSpike.app/__preview.dylib

CodeSign /Users/tarunyadgirkar/TarunsCode/prefill/spikes/textinsert/build/Build/Products/Debug-iphonesimulator/TextInsertSpike.app (in target 'TextInsertSpike' from project 'TextInsertSpike')
    cd /Users/tarunyadgirkar/TarunsCode/prefill/spikes/textinsert
    
    Signing Identity:     "Sign to Run Locally"
    
    /usr/bin/codesign --force --sign - --timestamp\=none --generate-entitlement-der /Users/tarunyadgirkar/TarunsCode/prefill/spikes/textinsert/build/Build/Products/Debug-iphonesimulator/TextInsertSpike.app

SwiftEmitModule normal arm64 Emitting\ module\ for\ TextInsertUITests (in target 'TextInsertUITests' from project 'TextInsertSpike')

SwiftCompile normal arm64 (in target 'TextInsertUITests' from project 'TextInsertSpike')
    cd /Users/tarunyadgirkar/TarunsCode/prefill/spikes/textinsert
    

SwiftCompile normal arm64 Compiling\ EnableTests.swift /Users/tarunyadgirkar/TarunsCode/prefill/spikes/textinsert/UITests/EnableTests.swift (in target 'TextInsertUITests' from project 'TextInsertSpike')

SwiftCompile normal arm64 /Users/tarunyadgirkar/TarunsCode/prefill/spikes/textinsert/UITests/EnableTests.swift (in target 'TextInsertUITests' from project 'TextInsertSpike')
    cd /Users/tarunyadgirkar/TarunsCode/prefill/spikes/textinsert
    builtin-SwiftPerFileCompile EnableTests.swift

SwiftCompile normal arm64 Compiling\ Spike.swift /Users/tarunyadgirkar/TarunsCode/prefill/spikes/textinsert/UITests/Spike.swift (in target 'TextInsertUITests' from project 'TextInsertSpike')

SwiftCompile normal arm64 /Users/tarunyadgirkar/TarunsCode/prefill/spikes/textinsert/UITests/Spike.swift (in target 'TextInsertUITests' from project 'TextInsertSpike')
    cd /Users/tarunyadgirkar/TarunsCode/prefill/spikes/textinsert
    builtin-SwiftPerFileCompile Spike.swift

ValidateEmbeddedBinary /Users/tarunyadgirkar/TarunsCode/prefill/spikes/textinsert/build/Build/Products/Debug-iphonesimulator/TextInsertSpike.app/PlugIns/TextInsertProvider.appex (in target 'TextInsertSpike' from project 'TextInsertSpike')
    cd /Users/tarunyadgirkar/TarunsCode/prefill/spikes/textinsert
    /Applications/Xcode.app/Contents/Developer/usr/bin/embeddedBinaryValidationUtility /Users/tarunyadgirkar/TarunsCode/prefill/spikes/textinsert/build/Build/Products/Debug-iphonesimulator/TextInsertSpike.app/PlugIns/TextInsertProvider.appex -signing-cert - -info-plist-path /Users/tarunyadgirkar/TarunsCode/prefill/spikes/textinsert/build/Build/Products/Debug-iphonesimulator/TextInsertSpike.app/Info.plist

RegisterExecutionPolicyException /Users/tarunyadgirkar/TarunsCode/prefill/spikes/textinsert/build/Build/Products/Debug-iphonesimulator/TextInsertSpike.app (in target 'TextInsertSpike' from project 'TextInsertSpike')
    cd /Users/tarunyadgirkar/TarunsCode/prefill/spikes/textinsert
    builtin-RegisterExecutionPolicyException /Users/tarunyadgirkar/TarunsCode/prefill/spikes/textinsert/build/Build/Products/Debug-iphonesimulator/TextInsertSpike.app

Validate /Users/tarunyadgirkar/TarunsCode/prefill/spikes/textinsert/build/Build/Products/Debug-iphonesimulator/TextInsertSpike.app (in target 'TextInsertSpike' from project 'TextInsertSpike')
    cd /Users/tarunyadgirkar/TarunsCode/prefill/spikes/textinsert
    builtin-validationUtility /Users/tarunyadgirkar/TarunsCode/prefill/spikes/textinsert/build/Build/Products/Debug-iphonesimulator/TextInsertSpike.app -shallow-bundle -infoplist-subpath Info.plist

Touch /Users/tarunyadgirkar/TarunsCode/prefill/spikes/textinsert/build/Build/Products/Debug-iphonesimulator/TextInsertSpike.app (in target 'TextInsertSpike' from project 'TextInsertSpike')
    cd /Users/tarunyadgirkar/TarunsCode/prefill/spikes/textinsert
    /usr/bin/touch -c /Users/tarunyadgirkar/TarunsCode/prefill/spikes/textinsert/build/Build/Products/Debug-iphonesimulator/TextInsertSpike.app

SwiftDriverJobDiscovery normal arm64 Emitting module for TextInsertUITests (in target 'TextInsertUITests' from project 'TextInsertSpike')

SwiftDriver\ Compilation\ Requirements TextInsertUITests normal arm64 com.apple.xcode.tools.swift.compiler (in target 'TextInsertUITests' from project 'TextInsertSpike')
    cd /Users/tarunyadgirkar/TarunsCode/prefill/spikes/textinsert
    builtin-Swift-Compilation-Requirements -- /Applications/Xcode.app/Contents/Developer/Toolchains/XcodeDefault.xctoolchain/usr/bin/swiftc -module-name TextInsertUITests -Onone @/Users/tarunyadgirkar/TarunsCode/prefill/spikes/textinsert/build/Build/Intermediates.noindex/TextInsertSpike.build/Debug-iphonesimulator/TextInsertUITests.build/Objects-normal/arm64/TextInsertUITests.SwiftFileList -DDEBUG -module-alias Testing\=_Testing_Unavailable -plugin-path /Applications/Xcode.app/Contents/Developer/Toolchains/XcodeDefault.xctoolchain/usr/lib/swift/host/plugins/testing -enable-experimental-feature DebugDescriptionMacro -sdk /Applications/Xcode.app/Contents/Developer/Platforms/iPhoneSimulator.platform/Developer/SDKs/iPhoneSimulator27.0.sdk -target arm64-apple-ios26.0-simulator -g -module-cache-path /Users/tarunyadgirkar/TarunsCode/prefill/spikes/textinsert/build/ModuleCache.noindex -Xfrontend -serialize-debugging-options -enable-testing -index-store-path /Users/tarunyadgirkar/TarunsCode/prefill/spikes/textinsert/build/Index.noindex/DataStore -Xcc -D_LIBCPP_HARDENING_MODE\=_LIBCPP_HARDENING_MODE_DEBUG -swift-version 6 -I /Users/tarunyadgirkar/TarunsCode/prefill/spikes/textinsert/build/Build/Products/Debug-iphonesimulator -Isystem /Applications/Xcode.app/Contents/Developer/Platforms/iPhoneSimulator.platform/Developer/usr/lib -F /Users/tarunyadgirkar/TarunsCode/prefill/spikes/textinsert/build/Build/Products/Debug-iphonesimulator -F /Applications/Xcode.app/Contents/Developer/Platforms/iPhoneSimulator.platform/Developer/Library/Frameworks -F /Applications/Xcode.app/Contents/Developer/Platforms/iPhoneSimulator.platform/Developer/SDKs/iPhoneSimulator27.0.sdk/Developer/Library/Frameworks -c -j15 -enable-batch-mode -incremental -Xcc -ivfsstatcache -Xcc /Users/tarunyadgirkar/TarunsCode/prefill/spikes/textinsert/build/SDKStatCaches.noindex/iphonesimulator27.0-24A430-8dc58220667be655e1bcc261a7455254.sdkstatcache -output-file-map /Users/tarunyadgirkar/TarunsCode/prefill/spikes/textinsert/build/Build/Intermediates.noindex/TextInsertSpike.build/Debug-iphonesimulator/TextInsertUITests.build/Objects-normal/arm64/TextInsertUITests-OutputFileMap.json -save-temps -no-color-diagnostics -explicit-module-build -module-cache-path /Users/tarunyadgirkar/TarunsCode/prefill/spikes/textinsert/build/Build/Intermediates.noindex/SwiftExplicitPrecompiledModules -clang-scanner-module-cache-path /Users/tarunyadgirkar/TarunsCode/prefill/spikes/textinsert/build/ModuleCache.noindex -sdk-module-cache-path /Users/tarunyadgirkar/TarunsCode/prefill/spikes/textinsert/build/SDKExplicitPrecompiledModules -emit-dependencies -emit-module -emit-module-path /Users/tarunyadgirkar/TarunsCode/prefill/spikes/textinsert/build/Build/Intermediates.noindex/TextInsertSpike.build/Debug-iphonesimulator/TextInsertUITests.build/Objects-normal/arm64/TextInsertUITests.swiftmodule -serialize-diagnostics -dependency-scan-serialize-diagnostics-path /Users/tarunyadgirkar/TarunsCode/prefill/spikes/textinsert/build/Build/Intermediates.noindex/TextInsertSpike.build/Debug-iphonesimulator/TextInsertUITests.build/Objects-normal/arm64/TextInsertUITests-dependency-scan.dia -validate-clang-modules-once -clang-build-session-file /Users/tarunyadgirkar/TarunsCode/prefill/spikes/textinsert/build/ModuleCache.noindex/Session.modulevalidation -Xcc -fmodules-prune-interval\=86400 -Xcc -fmodules-prune-after\=345600 -emit-const-values -const-gather-protocols-list /Users/tarunyadgirkar/TarunsCode/prefill/spikes/textinsert/build/Build/Intermediates.noindex/TextInsertSpike.build/Debug-iphonesimulator/TextInsertUITests.build/Objects-normal/arm64/TextInsertUITests_const_extract_protocols.json -Xcc -iquote -Xcc /Users/tarunyadgirkar/TarunsCode/prefill/spikes/textinsert/build/Build/Intermediates.noindex/TextInsertSpike.build/Debug-iphonesimulator/TextInsertUITests.build/TextInsertUITests-generated-files.hmap -Xcc -I/Users/tarunyadgirkar/TarunsCode/prefill/spikes/textinsert/build/Build/Intermediates.noindex/TextInsertSpike.build/Debug-iphonesimulator/TextInsertUITests.build/TextInsertUITests-own-target-headers.hmap -Xcc -I/Users/tarunyadgirkar/TarunsCode/prefill/spikes/textinsert/build/Build/Intermediates.noindex/TextInsertSpike.build/Debug-iphonesimulator/TextInsertUITests.build/TextInsertUITests-all-target-headers.hmap -Xcc -iquote -Xcc /Users/tarunyadgirkar/TarunsCode/prefill/spikes/textinsert/build/Build/Intermediates.noindex/TextInsertSpike.build/Debug-iphonesimulator/TextInsertUITests.build/TextInsertUITests-project-headers.hmap -Xcc -I/Users/tarunyadgirkar/TarunsCode/prefill/spikes/textinsert/build/Build/Products/Debug-iphonesimulator/include -Xcc -I/Users/tarunyadgirkar/TarunsCode/prefill/spikes/textinsert/build/Build/Intermediates.noindex/TextInsertSpike.build/Debug-iphonesimulator/TextInsertUITests.build/DerivedSources-normal/arm64 -Xcc -I/Users/tarunyadgirkar/TarunsCode/prefill/spikes/textinsert/build/Build/Intermediates.noindex/TextInsertSpike.build/Debug-iphonesimulator/TextInsertUITests.build/DerivedSources/arm64 -Xcc -I/Users/tarunyadgirkar/TarunsCode/prefill/spikes/textinsert/build/Build/Intermediates.noindex/TextInsertSpike.build/Debug-iphonesimulator/TextInsertUITests.build/DerivedSources -Xcc -DDEBUG\=1 -emit-objc-header -emit-objc-header-path /Users/tarunyadgirkar/TarunsCode/prefill/spikes/textinsert/build/Build/Intermediates.noindex/TextInsertSpike.build/Debug-iphonesimulator/TextInsertUITests.build/Objects-normal/arm64/TextInsertUITests-Swift.h -working-directory /Users/tarunyadgirkar/TarunsCode/prefill/spikes/textinsert -experimental-emit-module-separately -disable-cmo

SwiftMergeGeneratedHeaders /Users/tarunyadgirkar/TarunsCode/prefill/spikes/textinsert/build/Build/Intermediates.noindex/TextInsertSpike.build/Debug-iphonesimulator/TextInsertUITests.build/DerivedSources/TextInsertUITests-Swift.h /Users/tarunyadgirkar/TarunsCode/prefill/spikes/textinsert/build/Build/Intermediates.noindex/TextInsertSpike.build/Debug-iphonesimulator/TextInsertUITests.build/Objects-normal/arm64/TextInsertUITests-Swift.h (in target 'TextInsertUITests' from project 'TextInsertSpike')
    cd /Users/tarunyadgirkar/TarunsCode/prefill/spikes/textinsert
    builtin-swiftHeaderTool -arch arm64 /Users/tarunyadgirkar/TarunsCode/prefill/spikes/textinsert/build/Build/Intermediates.noindex/TextInsertSpike.build/Debug-iphonesimulator/TextInsertUITests.build/Objects-normal/arm64/TextInsertUITests-Swift.h -o /Users/tarunyadgirkar/TarunsCode/prefill/spikes/textinsert/build/Build/Intermediates.noindex/TextInsertSpike.build/Debug-iphonesimulator/TextInsertUITests.build/DerivedSources/TextInsertUITests-Swift.h

Copy /Users/tarunyadgirkar/TarunsCode/prefill/spikes/textinsert/build/Build/Products/Debug-iphonesimulator/TextInsertUITests.swiftmodule/arm64-apple-ios-simulator.swiftmodule /Users/tarunyadgirkar/TarunsCode/prefill/spikes/textinsert/build/Build/Intermediates.noindex/TextInsertSpike.build/Debug-iphonesimulator/TextInsertUITests.build/Objects-normal/arm64/TextInsertUITests.swiftmodule (in target 'TextInsertUITests' from project 'TextInsertSpike')
    cd /Users/tarunyadgirkar/TarunsCode/prefill/spikes/textinsert
    builtin-copy -exclude .DS_Store -exclude CVS -exclude .svn -exclude .git -exclude .hg -resolve-src-symlinks -rename /Users/tarunyadgirkar/TarunsCode/prefill/spikes/textinsert/build/Build/Intermediates.noindex/TextInsertSpike.build/Debug-iphonesimulator/TextInsertUITests.build/Objects-normal/arm64/TextInsertUITests.swiftmodule /Users/tarunyadgirkar/TarunsCode/prefill/spikes/textinsert/build/Build/Products/Debug-iphonesimulator/TextInsertUITests.swiftmodule/arm64-apple-ios-simulator.swiftmodule

Copy /Users/tarunyadgirkar/TarunsCode/prefill/spikes/textinsert/build/Build/Products/Debug-iphonesimulator/TextInsertUITests.swiftmodule/arm64-apple-ios-simulator.swiftdoc /Users/tarunyadgirkar/TarunsCode/prefill/spikes/textinsert/build/Build/Intermediates.noindex/TextInsertSpike.build/Debug-iphonesimulator/TextInsertUITests.build/Objects-normal/arm64/TextInsertUITests.swiftdoc (in target 'TextInsertUITests' from project 'TextInsertSpike')
    cd /Users/tarunyadgirkar/TarunsCode/prefill/spikes/textinsert
    builtin-copy -exclude .DS_Store -exclude CVS -exclude .svn -exclude .git -exclude .hg -resolve-src-symlinks -rename /Users/tarunyadgirkar/TarunsCode/prefill/spikes/textinsert/build/Build/Intermediates.noindex/TextInsertSpike.build/Debug-iphonesimulator/TextInsertUITests.build/Objects-normal/arm64/TextInsertUITests.swiftdoc /Users/tarunyadgirkar/TarunsCode/prefill/spikes/textinsert/build/Build/Products/Debug-iphonesimulator/TextInsertUITests.swiftmodule/arm64-apple-ios-simulator.swiftdoc

Copy /Users/tarunyadgirkar/TarunsCode/prefill/spikes/textinsert/build/Build/Products/Debug-iphonesimulator/TextInsertUITests.swiftmodule/arm64-apple-ios-simulator.abi.json /Users/tarunyadgirkar/TarunsCode/prefill/spikes/textinsert/build/Build/Intermediates.noindex/TextInsertSpike.build/Debug-iphonesimulator/TextInsertUITests.build/Objects-normal/arm64/TextInsertUITests.abi.json (in target 'TextInsertUITests' from project 'TextInsertSpike')
    cd /Users/tarunyadgirkar/TarunsCode/prefill/spikes/textinsert
    builtin-copy -exclude .DS_Store -exclude CVS -exclude .svn -exclude .git -exclude .hg -resolve-src-symlinks -rename /Users/tarunyadgirkar/TarunsCode/prefill/spikes/textinsert/build/Build/Intermediates.noindex/TextInsertSpike.build/Debug-iphonesimulator/TextInsertUITests.build/Objects-normal/arm64/TextInsertUITests.abi.json /Users/tarunyadgirkar/TarunsCode/prefill/spikes/textinsert/build/Build/Products/Debug-iphonesimulator/TextInsertUITests.swiftmodule/arm64-apple-ios-simulator.abi.json

Copy /Users/tarunyadgirkar/TarunsCode/prefill/spikes/textinsert/build/Build/Products/Debug-iphonesimulator/TextInsertUITests.swiftmodule/Project/arm64-apple-ios-simulator.swiftsourceinfo /Users/tarunyadgirkar/TarunsCode/prefill/spikes/textinsert/build/Build/Intermediates.noindex/TextInsertSpike.build/Debug-iphonesimulator/TextInsertUITests.build/Objects-normal/arm64/TextInsertUITests.swiftsourceinfo (in target 'TextInsertUITests' from project 'TextInsertSpike')
    cd /Users/tarunyadgirkar/TarunsCode/prefill/spikes/textinsert
    builtin-copy -exclude .DS_Store -exclude CVS -exclude .svn -exclude .git -exclude .hg -resolve-src-symlinks -rename /Users/tarunyadgirkar/TarunsCode/prefill/spikes/textinsert/build/Build/Intermediates.noindex/TextInsertSpike.build/Debug-iphonesimulator/TextInsertUITests.build/Objects-normal/arm64/TextInsertUITests.swiftsourceinfo /Users/tarunyadgirkar/TarunsCode/prefill/spikes/textinsert/build/Build/Products/Debug-iphonesimulator/TextInsertUITests.swiftmodule/Project/arm64-apple-ios-simulator.swiftsourceinfo

SwiftDriverJobDiscovery normal arm64 Compiling EnableTests.swift (in target 'TextInsertUITests' from project 'TextInsertSpike')

SwiftDriverJobDiscovery normal arm64 Compiling Spike.swift (in target 'TextInsertUITests' from project 'TextInsertSpike')

SwiftDriver\ Compilation TextInsertUITests normal arm64 com.apple.xcode.tools.swift.compiler (in target 'TextInsertUITests' from project 'TextInsertSpike')
    cd /Users/tarunyadgirkar/TarunsCode/prefill/spikes/textinsert
    builtin-Swift-Compilation -- /Applications/Xcode.app/Contents/Developer/Toolchains/XcodeDefault.xctoolchain/usr/bin/swiftc -module-name TextInsertUITests -Onone @/Users/tarunyadgirkar/TarunsCode/prefill/spikes/textinsert/build/Build/Intermediates.noindex/TextInsertSpike.build/Debug-iphonesimulator/TextInsertUITests.build/Objects-normal/arm64/TextInsertUITests.SwiftFileList -DDEBUG -module-alias Testing\=_Testing_Unavailable -plugin-path /Applications/Xcode.app/Contents/Developer/Toolchains/XcodeDefault.xctoolchain/usr/lib/swift/host/plugins/testing -enable-experimental-feature DebugDescriptionMacro -sdk /Applications/Xcode.app/Contents/Developer/Platforms/iPhoneSimulator.platform/Developer/SDKs/iPhoneSimulator27.0.sdk -target arm64-apple-ios26.0-simulator -g -module-cache-path /Users/tarunyadgirkar/TarunsCode/prefill/spikes/textinsert/build/ModuleCache.noindex -Xfrontend -serialize-debugging-options -enable-testing -index-store-path /Users/tarunyadgirkar/TarunsCode/prefill/spikes/textinsert/build/Index.noindex/DataStore -Xcc -D_LIBCPP_HARDENING_MODE\=_LIBCPP_HARDENING_MODE_DEBUG -swift-version 6 -I /Users/tarunyadgirkar/TarunsCode/prefill/spikes/textinsert/build/Build/Products/Debug-iphonesimulator -Isystem /Applications/Xcode.app/Contents/Developer/Platforms/iPhoneSimulator.platform/Developer/usr/lib -F /Users/tarunyadgirkar/TarunsCode/prefill/spikes/textinsert/build/Build/Products/Debug-iphonesimulator -F /Applications/Xcode.app/Contents/Developer/Platforms/iPhoneSimulator.platform/Developer/Library/Frameworks -F /Applications/Xcode.app/Contents/Developer/Platforms/iPhoneSimulator.platform/Developer/SDKs/iPhoneSimulator27.0.sdk/Developer/Library/Frameworks -c -j15 -enable-batch-mode -incremental -Xcc -ivfsstatcache -Xcc /Users/tarunyadgirkar/TarunsCode/prefill/spikes/textinsert/build/SDKStatCaches.noindex/iphonesimulator27.0-24A430-8dc58220667be655e1bcc261a7455254.sdkstatcache -output-file-map /Users/tarunyadgirkar/TarunsCode/prefill/spikes/textinsert/build/Build/Intermediates.noindex/TextInsertSpike.build/Debug-iphonesimulator/TextInsertUITests.build/Objects-normal/arm64/TextInsertUITests-OutputFileMap.json -save-temps -no-color-diagnostics -explicit-module-build -module-cache-path /Users/tarunyadgirkar/TarunsCode/prefill/spikes/textinsert/build/Build/Intermediates.noindex/SwiftExplicitPrecompiledModules -clang-scanner-module-cache-path /Users/tarunyadgirkar/TarunsCode/prefill/spikes/textinsert/build/ModuleCache.noindex -sdk-module-cache-path /Users/tarunyadgirkar/TarunsCode/prefill/spikes/textinsert/build/SDKExplicitPrecompiledModules -emit-dependencies -emit-module -emit-module-path /Users/tarunyadgirkar/TarunsCode/prefill/spikes/textinsert/build/Build/Intermediates.noindex/TextInsertSpike.build/Debug-iphonesimulator/TextInsertUITests.build/Objects-normal/arm64/TextInsertUITests.swiftmodule -serialize-diagnostics -dependency-scan-serialize-diagnostics-path /Users/tarunyadgirkar/TarunsCode/prefill/spikes/textinsert/build/Build/Intermediates.noindex/TextInsertSpike.build/Debug-iphonesimulator/TextInsertUITests.build/Objects-normal/arm64/TextInsertUITests-dependency-scan.dia -validate-clang-modules-once -clang-build-session-file /Users/tarunyadgirkar/TarunsCode/prefill/spikes/textinsert/build/ModuleCache.noindex/Session.modulevalidation -Xcc -fmodules-prune-interval\=86400 -Xcc -fmodules-prune-after\=345600 -emit-const-values -const-gather-protocols-list /Users/tarunyadgirkar/TarunsCode/prefill/spikes/textinsert/build/Build/Intermediates.noindex/TextInsertSpike.build/Debug-iphonesimulator/TextInsertUITests.build/Objects-normal/arm64/TextInsertUITests_const_extract_protocols.json -Xcc -iquote -Xcc /Users/tarunyadgirkar/TarunsCode/prefill/spikes/textinsert/build/Build/Intermediates.noindex/TextInsertSpike.build/Debug-iphonesimulator/TextInsertUITests.build/TextInsertUITests-generated-files.hmap -Xcc -I/Users/tarunyadgirkar/TarunsCode/prefill/spikes/textinsert/build/Build/Intermediates.noindex/TextInsertSpike.build/Debug-iphonesimulator/TextInsertUITests.build/TextInsertUITests-own-target-headers.hmap -Xcc -I/Users/tarunyadgirkar/TarunsCode/prefill/spikes/textinsert/build/Build/Intermediates.noindex/TextInsertSpike.build/Debug-iphonesimulator/TextInsertUITests.build/TextInsertUITests-all-target-headers.hmap -Xcc -iquote -Xcc /Users/tarunyadgirkar/TarunsCode/prefill/spikes/textinsert/build/Build/Intermediates.noindex/TextInsertSpike.build/Debug-iphonesimulator/TextInsertUITests.build/TextInsertUITests-project-headers.hmap -Xcc -I/Users/tarunyadgirkar/TarunsCode/prefill/spikes/textinsert/build/Build/Products/Debug-iphonesimulator/include -Xcc -I/Users/tarunyadgirkar/TarunsCode/prefill/spikes/textinsert/build/Build/Intermediates.noindex/TextInsertSpike.build/Debug-iphonesimulator/TextInsertUITests.build/DerivedSources-normal/arm64 -Xcc -I/Users/tarunyadgirkar/TarunsCode/prefill/spikes/textinsert/build/Build/Intermediates.noindex/TextInsertSpike.build/Debug-iphonesimulator/TextInsertUITests.build/DerivedSources/arm64 -Xcc -I/Users/tarunyadgirkar/TarunsCode/prefill/spikes/textinsert/build/Build/Intermediates.noindex/TextInsertSpike.build/Debug-iphonesimulator/TextInsertUITests.build/DerivedSources -Xcc -DDEBUG\=1 -emit-objc-header -emit-objc-header-path /Users/tarunyadgirkar/TarunsCode/prefill/spikes/textinsert/build/Build/Intermediates.noindex/TextInsertSpike.build/Debug-iphonesimulator/TextInsertUITests.build/Objects-normal/arm64/TextInsertUITests-Swift.h -working-directory /Users/tarunyadgirkar/TarunsCode/prefill/spikes/textinsert -experimental-emit-module-separately -disable-cmo

ProcessInfoPlistFile /Users/tarunyadgirkar/TarunsCode/prefill/spikes/textinsert/build/Build/Products/Debug-iphonesimulator/TextInsertUITests-Runner.app/PlugIns/TextInsertUITests.xctest/Info.plist /Users/tarunyadgirkar/TarunsCode/prefill/spikes/textinsert/build/Build/Intermediates.noindex/TextInsertSpike.build/Debug-iphonesimulator/TextInsertUITests.build/empty-TextInsertUITests.plist (in target 'TextInsertUITests' from project 'TextInsertSpike')
    cd /Users/tarunyadgirkar/TarunsCode/prefill/spikes/textinsert
    builtin-infoPlistUtility /Users/tarunyadgirkar/TarunsCode/prefill/spikes/textinsert/build/Build/Intermediates.noindex/TextInsertSpike.build/Debug-iphonesimulator/TextInsertUITests.build/empty-TextInsertUITests.plist -producttype com.apple.product-type.bundle.ui-testing -expandbuildsettings -format binary -platform iphonesimulator -additionalcontentfile /Users/tarunyadgirkar/TarunsCode/prefill/spikes/textinsert/build/Build/Intermediates.noindex/TextInsertSpike.build/Debug-iphonesimulator/TextInsertUITests.build/ProductTypeInfoPlistAdditions.plist -o /Users/tarunyadgirkar/TarunsCode/prefill/spikes/textinsert/build/Build/Products/Debug-iphonesimulator/TextInsertUITests-Runner.app/PlugIns/TextInsertUITests.xctest/Info.plist

Ld /Users/tarunyadgirkar/TarunsCode/prefill/spikes/textinsert/build/Build/Products/Debug-iphonesimulator/TextInsertUITests-Runner.app/PlugIns/TextInsertUITests.xctest/TextInsertUITests normal (in target 'TextInsertUITests' from project 'TextInsertSpike')
    cd /Users/tarunyadgirkar/TarunsCode/prefill/spikes/textinsert
    /Applications/Xcode.app/Contents/Developer/Toolchains/XcodeDefault.xctoolchain/usr/bin/clang -Xlinker -reproducible -target arm64-apple-ios26.0-simulator -bundle -isysroot /Applications/Xcode.app/Contents/Developer/Platforms/iPhoneSimulator.platform/Developer/SDKs/iPhoneSimulator27.0.sdk -O0 -Xlinker -no_warn_duplicate_libraries -L/Users/tarunyadgirkar/TarunsCode/prefill/spikes/textinsert/build/Build/Intermediates.noindex/EagerLinkingTBDs/Debug-iphonesimulator -L/Users/tarunyadgirkar/TarunsCode/prefill/spikes/textinsert/build/Build/Products/Debug-iphonesimulator -L/Applications/Xcode.app/Contents/Developer/Platforms/iPhoneSimulator.platform/Developer/usr/lib -F/Users/tarunyadgirkar/TarunsCode/prefill/spikes/textinsert/build/Build/Intermediates.noindex/EagerLinkingTBDs/Debug-iphonesimulator -F/Users/tarunyadgirkar/TarunsCode/prefill/spikes/textinsert/build/Build/Products/Debug-iphonesimulator -iframework /Applications/Xcode.app/Contents/Developer/Platforms/iPhoneSimulator.platform/Developer/Library/Frameworks -iframework /Applications/Xcode.app/Contents/Developer/Platforms/iPhoneSimulator.platform/Developer/SDKs/iPhoneSimulator27.0.sdk/Developer/Library/Frameworks -filelist /Users/tarunyadgirkar/TarunsCode/prefill/spikes/textinsert/build/Build/Intermediates.noindex/TextInsertSpike.build/Debug-iphonesimulator/TextInsertUITests.build/Objects-normal/arm64/TextInsertUITests.LinkFileList -Xlinker -rpath -Xlinker @loader_path/Frameworks -Xlinker -rpath -Xlinker @executable_path/Frameworks -Xlinker -dead_strip -Xlinker -object_path_lto -Xlinker /Users/tarunyadgirkar/TarunsCode/prefill/spikes/textinsert/build/Build/Intermediates.noindex/TextInsertSpike.build/Debug-iphonesimulator/TextInsertUITests.build/Objects-normal/arm64/TextInsertUITests_lto.o -rdynamic -Xlinker -no_deduplicate -Xlinker -objc_abi_version -Xlinker 2 -Xlinker -dependency_info -Xlinker /Users/tarunyadgirkar/TarunsCode/prefill/spikes/textinsert/build/Build/Intermediates.noindex/TextInsertSpike.build/Debug-iphonesimulator/TextInsertUITests.build/Objects-normal/arm64/TextInsertUITests_dependency_info.dat -fobjc-link-runtime -L/Applications/Xcode.app/Contents/Developer/Toolchains/XcodeDefault.xctoolchain/usr/lib/swift/iphonesimulator -L/usr/lib/swift -Xlinker -add_ast_path -Xlinker /Users/tarunyadgirkar/TarunsCode/prefill/spikes/textinsert/build/Build/Intermediates.noindex/TextInsertSpike.build/Debug-iphonesimulator/TextInsertUITests.build/Objects-normal/arm64/TextInsertUITests.swiftmodule -Xlinker -needed_framework -Xlinker XCTest -framework XCTest -Xlinker -needed-lXCTestSwiftSupport -lXCTestSwiftSupport -Xlinker -sectcreate -Xlinker __TEXT -Xlinker __entitlements -Xlinker /Users/tarunyadgirkar/TarunsCode/prefill/spikes/textinsert/build/Build/Intermediates.noindex/TextInsertSpike.build/Debug-iphonesimulator/TextInsertUITests.build/TextInsertUITests.xctest-Simulated.xcent -Xlinker -sectcreate -Xlinker __TEXT -Xlinker __ents_der -Xlinker /Users/tarunyadgirkar/TarunsCode/prefill/spikes/textinsert/build/Build/Intermediates.noindex/TextInsertSpike.build/Debug-iphonesimulator/TextInsertUITests.build/TextInsertUITests.xctest-Simulated.xcent.der -Xlinker -no_adhoc_codesign -o /Users/tarunyadgirkar/TarunsCode/prefill/spikes/textinsert/build/Build/Products/Debug-iphonesimulator/TextInsertUITests-Runner.app/PlugIns/TextInsertUITests.xctest/TextInsertUITests

CopySwiftLibs /Users/tarunyadgirkar/TarunsCode/prefill/spikes/textinsert/build/Build/Products/Debug-iphonesimulator/TextInsertUITests-Runner.app/PlugIns/TextInsertUITests.xctest (in target 'TextInsertUITests' from project 'TextInsertSpike')
    cd /Users/tarunyadgirkar/TarunsCode/prefill/spikes/textinsert
    builtin-swiftStdLibTool --copy --verbose --sign - --scan-executable /Users/tarunyadgirkar/TarunsCode/prefill/spikes/textinsert/build/Build/Products/Debug-iphonesimulator/TextInsertUITests-Runner.app/PlugIns/TextInsertUITests.xctest/TextInsertUITests --scan-folder /Users/tarunyadgirkar/TarunsCode/prefill/spikes/textinsert/build/Build/Products/Debug-iphonesimulator/TextInsertUITests-Runner.app/PlugIns/TextInsertUITests.xctest/Frameworks --scan-folder /Users/tarunyadgirkar/TarunsCode/prefill/spikes/textinsert/build/Build/Products/Debug-iphonesimulator/TextInsertUITests-Runner.app/PlugIns/TextInsertUITests.xctest/PlugIns --scan-folder /Users/tarunyadgirkar/TarunsCode/prefill/spikes/textinsert/build/Build/Products/Debug-iphonesimulator/TextInsertUITests-Runner.app/PlugIns/TextInsertUITests.xctest/SystemExtensions --scan-folder /Users/tarunyadgirkar/TarunsCode/prefill/spikes/textinsert/build/Build/Products/Debug-iphonesimulator/TextInsertUITests-Runner.app/PlugIns/TextInsertUITests.xctest/Extensions --platform iphonesimulator --toolchain /Applications/Xcode.app/Contents/Developer/Toolchains/XcodeDefault.xctoolchain --destination /Users/tarunyadgirkar/TarunsCode/prefill/spikes/textinsert/build/Build/Products/Debug-iphonesimulator/TextInsertUITests-Runner.app/PlugIns/TextInsertUITests.xctest/Frameworks --strip-bitcode --scan-executable /Applications/Xcode.app/Contents/Developer/Platforms/iPhoneSimulator.platform/Developer/usr/lib/libXCTestSwiftSupport.dylib --strip-bitcode-tool /Applications/Xcode.app/Contents/Developer/Toolchains/XcodeDefault.xctoolchain/usr/bin/bitcode_strip --emit-dependency-info /Users/tarunyadgirkar/TarunsCode/prefill/spikes/textinsert/build/Build/Intermediates.noindex/TextInsertSpike.build/Debug-iphonesimulator/TextInsertUITests.build/SwiftStdLibToolInputDependencies.dep --filter-for-swift-os

ExtractAppIntentsMetadata (in target 'TextInsertUITests' from project 'TextInsertSpike')
    cd /Users/tarunyadgirkar/TarunsCode/prefill/spikes/textinsert
    /Applications/Xcode.app/Contents/Developer/Toolchains/XcodeDefault.xctoolchain/usr/bin/appintentsmetadataprocessor --toolchain-dir /Applications/Xcode.app/Contents/Developer/Toolchains/XcodeDefault.xctoolchain --module-name TextInsertUITests --sdk-root /Applications/Xcode.app/Contents/Developer/Platforms/iPhoneSimulator.platform/Developer/SDKs/iPhoneSimulator27.0.sdk --xcode-version 27A266a --platform-family iOS --deployment-target 26.0 --bundle-identifier com.tarunyadgirkar.prefill.spike.textinsert.uitests --output /Users/tarunyadgirkar/TarunsCode/prefill/spikes/textinsert/build/Build/Products/Debug-iphonesimulator/TextInsertUITests-Runner.app/PlugIns/TextInsertUITests.xctest --target-triple arm64-apple-ios26.0-simulator --binary-file /Users/tarunyadgirkar/TarunsCode/prefill/spikes/textinsert/build/Build/Products/Debug-iphonesimulator/TextInsertUITests-Runner.app/PlugIns/TextInsertUITests.xctest/TextInsertUITests --dependency-file /Users/tarunyadgirkar/TarunsCode/prefill/spikes/textinsert/build/Build/Intermediates.noindex/TextInsertSpike.build/Debug-iphonesimulator/TextInsertUITests.build/Objects-normal/arm64/TextInsertUITests_dependency_info.dat --stringsdata-file /Users/tarunyadgirkar/TarunsCode/prefill/spikes/textinsert/build/Build/Intermediates.noindex/TextInsertSpike.build/Debug-iphonesimulator/TextInsertUITests.build/Objects-normal/arm64/ExtractedAppShortcutsMetadata.stringsdata --source-file-list /Users/tarunyadgirkar/TarunsCode/prefill/spikes/textinsert/build/Build/Intermediates.noindex/TextInsertSpike.build/Debug-iphonesimulator/TextInsertUITests.build/Objects-normal/arm64/TextInsertUITests.SwiftFileList --metadata-file-list /Users/tarunyadgirkar/TarunsCode/prefill/spikes/textinsert/build/Build/Intermediates.noindex/TextInsertSpike.build/Debug-iphonesimulator/TextInsertUITests.build/TextInsertUITests.DependencyMetadataFileList --static-metadata-file-list /Users/tarunyadgirkar/TarunsCode/prefill/spikes/textinsert/build/Build/Intermediates.noindex/TextInsertSpike.build/Debug-iphonesimulator/TextInsertUITests.build/TextInsertUITests.DependencyStaticMetadataFileList --swift-const-vals-list /Users/tarunyadgirkar/TarunsCode/prefill/spikes/textinsert/build/Build/Intermediates.noindex/TextInsertSpike.build/Debug-iphonesimulator/TextInsertUITests.build/Objects-normal/arm64/TextInsertUITests.SwiftConstValuesFileList --compile-time-extraction --deployment-aware-processing --no-app-shortcuts-localization
2026-09-30 23:12:43.456 appintentsmetadataprocessor[87298:12796364] Starting appintentsmetadataprocessor export
2026-09-30 23:12:43.458 appintentsmetadataprocessor[87298:12796364] warning: Metadata extraction skipped, no AppIntents.framework dependency found

AppIntentsSSUTraining (in target 'TextInsertUITests' from project 'TextInsertSpike')
    cd /Users/tarunyadgirkar/TarunsCode/prefill/spikes/textinsert
    /Applications/Xcode.app/Contents/Developer/Toolchains/XcodeDefault.xctoolchain/usr/bin/appintentsnltrainingprocessor --infoplist-path /Users/tarunyadgirkar/TarunsCode/prefill/spikes/textinsert/build/Build/Products/Debug-iphonesimulator/TextInsertUITests-Runner.app/PlugIns/TextInsertUITests.xctest/Info.plist --temp-dir-path /Users/tarunyadgirkar/TarunsCode/prefill/spikes/textinsert/build/Build/Intermediates.noindex/TextInsertSpike.build/Debug-iphonesimulator/TextInsertUITests.build/ssu --bundle-id com.tarunyadgirkar.prefill.spike.textinsert.uitests --product-path /Users/tarunyadgirkar/TarunsCode/prefill/spikes/textinsert/build/Build/Products/Debug-iphonesimulator/TextInsertUITests-Runner.app/PlugIns/TextInsertUITests.xctest --extracted-metadata-path /Users/tarunyadgirkar/TarunsCode/prefill/spikes/textinsert/build/Build/Products/Debug-iphonesimulator/TextInsertUITests-Runner.app/PlugIns/TextInsertUITests.xctest/Metadata.appintents --metadata-file-list /Users/tarunyadgirkar/TarunsCode/prefill/spikes/textinsert/build/Build/Intermediates.noindex/TextInsertSpike.build/Debug-iphonesimulator/TextInsertUITests.build/TextInsertUITests.DependencyMetadataFileList --source-file /Users/tarunyadgirkar/TarunsCode/prefill/spikes/textinsert/build/Build/Products/Debug-iphonesimulator/TextInsertUITests-Runner.app/PlugIns/TextInsertUITests.xctest/Info.plist --archive-ssu-assets
2026-09-30 23:12:43.486 appintentsnltrainingprocessor[87299:12796366] Parsing options for appintentsnltrainingprocessor
2026-09-30 23:12:43.487 appintentsnltrainingprocessor[87299:12796366] Starting AppIntents SSU YAML Generation
2026-09-30 23:12:43.487 appintentsnltrainingprocessor[87299:12796366] No AppShortcuts found - Skipping.

MkDir /Users/tarunyadgirkar/TarunsCode/prefill/spikes/textinsert/build/Build/Products/Debug-iphonesimulator/TextInsertUITests-Runner.app (in target 'TextInsertUITests' from project 'TextInsertSpike')
    cd /Users/tarunyadgirkar/TarunsCode/prefill/spikes/textinsert
    /bin/mkdir -p /Users/tarunyadgirkar/TarunsCode/prefill/spikes/textinsert/build/Build/Products/Debug-iphonesimulator/TextInsertUITests-Runner.app

CopyPlistFile /Users/tarunyadgirkar/TarunsCode/prefill/spikes/textinsert/build/Build/Products/Debug-iphonesimulator/TextInsertUITests-Runner.app/Info.plist /Applications/Xcode.app/Contents/Developer/Platforms/iPhoneSimulator.platform/Developer/Library/Xcode/Agents/XCTRunner.app/Info.plist (in target 'TextInsertUITests' from project 'TextInsertSpike')
    cd /Users/tarunyadgirkar/TarunsCode/prefill/spikes/textinsert
    builtin-copyPlist --validate --convert xml1 --macro-expansion WRAPPEDPRODUCTNAME TextInsertUITests-Runner --macro-expansion WRAPPEDPRODUCTBUNDLEIDENTIFIER com.tarunyadgirkar.prefill.spike.textinsert.uitests.xctrunner --macro-expansion TESTPRODUCTNAME TextInsertUITests --macro-expansion TESTPRODUCTBUNDLEIDENTIFIER com.tarunyadgirkar.prefill.spike.textinsert.uitests --copy-value UIDeviceFamily /Users/tarunyadgirkar/TarunsCode/prefill/spikes/textinsert/build/Build/Products/Debug-iphonesimulator/TextInsertUITests-Runner.app/PlugIns/TextInsertUITests.xctest/Info.plist --outdir /Users/tarunyadgirkar/TarunsCode/prefill/spikes/textinsert/build/Build/Products/Debug-iphonesimulator/TextInsertUITests-Runner.app -- /Applications/Xcode.app/Contents/Developer/Platforms/iPhoneSimulator.platform/Developer/Library/Xcode/Agents/XCTRunner.app/Info.plist

CopyAndPreserveArchs /Users/tarunyadgirkar/TarunsCode/prefill/spikes/textinsert/build/Build/Products/Debug-iphonesimulator/TextInsertUITests-Runner.app/TextInsertUITests-Runner (in target 'TextInsertUITests' from project 'TextInsertSpike')
    cd /Users/tarunyadgirkar/TarunsCode/prefill/spikes/textinsert
    /Applications/Xcode.app/Contents/Developer/Toolchains/XcodeDefault.xctoolchain/usr/bin/lipo /Applications/Xcode.app/Contents/Developer/Platforms/iPhoneSimulator.platform/Developer/Library/Xcode/Agents/XCTRunner.app/XCTRunner -output /Users/tarunyadgirkar/TarunsCode/prefill/spikes/textinsert/build/Build/Products/Debug-iphonesimulator/TextInsertUITests-Runner.app/TextInsertUITests-Runner -extract arm64

Copy /Users/tarunyadgirkar/TarunsCode/prefill/spikes/textinsert/build/Build/Products/Debug-iphonesimulator/TextInsertUITests-Runner.app/PkgInfo /Applications/Xcode.app/Contents/Developer/Platforms/iPhoneSimulator.platform/Developer/Library/Xcode/Agents/XCTRunner.app/PkgInfo (in target 'TextInsertUITests' from project 'TextInsertSpike')
    cd /Users/tarunyadgirkar/TarunsCode/prefill/spikes/textinsert
    builtin-copy -exclude .DS_Store -exclude CVS -exclude .svn -exclude .git -exclude .hg -resolve-src-symlinks /Applications/Xcode.app/Contents/Developer/Platforms/iPhoneSimulator.platform/Developer/Library/Xcode/Agents/XCTRunner.app/PkgInfo /Users/tarunyadgirkar/TarunsCode/prefill/spikes/textinsert/build/Build/Products/Debug-iphonesimulator/TextInsertUITests-Runner.app

CodeSign /Users/tarunyadgirkar/TarunsCode/prefill/spikes/textinsert/build/Build/Products/Debug-iphonesimulator/TextInsertUITests-Runner.app/PlugIns/TextInsertUITests.xctest (in target 'TextInsertUITests' from project 'TextInsertSpike')
    cd /Users/tarunyadgirkar/TarunsCode/prefill/spikes/textinsert
    
    Signing Identity:     "Sign to Run Locally"
    
    /usr/bin/codesign --force --sign - --timestamp\=none --generate-entitlement-der /Users/tarunyadgirkar/TarunsCode/prefill/spikes/textinsert/build/Build/Products/Debug-iphonesimulator/TextInsertUITests-Runner.app/PlugIns/TextInsertUITests.xctest

CodeSign /Users/tarunyadgirkar/TarunsCode/prefill/spikes/textinsert/build/Build/Products/Debug-iphonesimulator/TextInsertUITests-Runner.app (in target 'TextInsertUITests' from project 'TextInsertSpike')
    cd /Users/tarunyadgirkar/TarunsCode/prefill/spikes/textinsert
    
    Signing Identity:     "Sign to Run Locally"
    
    /usr/bin/codesign --force --sign - --timestamp\=none --generate-entitlement-der /Users/tarunyadgirkar/TarunsCode/prefill/spikes/textinsert/build/Build/Products/Debug-iphonesimulator/TextInsertUITests-Runner.app
/Users/tarunyadgirkar/TarunsCode/prefill/spikes/textinsert/build/Build/Products/Debug-iphonesimulator/TextInsertUITests-Runner.app: replacing existing signature

RegisterExecutionPolicyException /Users/tarunyadgirkar/TarunsCode/prefill/spikes/textinsert/build/Build/Products/Debug-iphonesimulator/TextInsertUITests-Runner.app/PlugIns/TextInsertUITests.xctest (in target 'TextInsertUITests' from project 'TextInsertSpike')
    cd /Users/tarunyadgirkar/TarunsCode/prefill/spikes/textinsert
    builtin-RegisterExecutionPolicyException /Users/tarunyadgirkar/TarunsCode/prefill/spikes/textinsert/build/Build/Products/Debug-iphonesimulator/TextInsertUITests-Runner.app/PlugIns/TextInsertUITests.xctest

Touch /Users/tarunyadgirkar/TarunsCode/prefill/spikes/textinsert/build/Build/Products/Debug-iphonesimulator/TextInsertUITests-Runner.app/PlugIns/TextInsertUITests.xctest (in target 'TextInsertUITests' from project 'TextInsertSpike')
    cd /Users/tarunyadgirkar/TarunsCode/prefill/spikes/textinsert
    /usr/bin/touch -c /Users/tarunyadgirkar/TarunsCode/prefill/spikes/textinsert/build/Build/Products/Debug-iphonesimulator/TextInsertUITests-Runner.app/PlugIns/TextInsertUITests.xctest

PruneExplicitPrecompiledModules /Users/tarunyadgirkar/TarunsCode/prefill/spikes/textinsert/build/Build/Intermediates.noindex/SwiftExplicitPrecompiledModules

PruneExplicitPrecompiledModules /Users/tarunyadgirkar/TarunsCode/prefill/spikes/textinsert/build/Build/Intermediates.noindex/ExplicitPrecompiledModules

PruneExplicitPrecompiledModules /Users/tarunyadgirkar/TarunsCode/prefill/spikes/textinsert/build/SDKExplicitPrecompiledModules

** TEST BUILD SUCCEEDED **

