2026-09-30 23:31:29.545 Df trustd[87797:c5aff5] [com.apple.securityd:SecError] TextInsertUITest[16600]/1#-1 LF=0 NetworkingAnalyticsReport Error Domain=NSOSStatusErrorDomain Code=-4 "Networking analytics not supported in this environment" UserInfo={numberOfErrorsDeep=0, NSDescription=Networking anal
2026-09-30 23:31:31.487 Df trustd[87797:c5aff5] [com.apple.securityd:SecError] TextInsertUITest[16600]/1#-1 LF=0 NetworkingAnalyticsReport Error Domain=NSOSStatusErrorDomain Code=-4 "Networking analytics not supported in this environment" UserInfo={numberOfErrorsDeep=0, NSDescription=Networking anal
2026-09-30 23:31:31.904 Df TextInsertSpike[16799:c5afde] [com.apple.UIKit:UIFocus] Deferring focus update to item <_UIContextMenuCell: 0x11155b600>. No additional info available.
2026-09-30 23:31:32.101 Df trustd[87797:c5aff5] [com.apple.securityd:SecError] TextInsertUITest[16600]/1#-1 LF=0 NetworkingAnalyticsReport Error Domain=NSOSStatusErrorDomain Code=-4 "Networking analytics not supported in this environment" UserInfo={numberOfErrorsDeep=0, NSDescription=Networking anal
    ↪︎ Elements matching predicate '"Passwords" IN identifiers'
    ↪︎ Elements matching predicate '"Passwords" IN identifiers'
    ↪︎ Elements matching predicate '"Passwords" IN identifiers'
    ↪︎ Elements matching predicate '"Passwords" IN identifiers'
                  StaticText, 0x113bc6e40, label: 'AutoFill' <AX element pid: 16799, elementOrHash.elementID: 4626067264.205>
                  Button, 0x11558c280, label: 'Passwords' <AX element pid: 16799, elementOrHash.elementID: 4622544768.263>
    ↪︎ Elements matching predicate '"Passwords" IN identifiers' found matching snapshots: {(
    ↪︎ Elements matching predicate '"Passwords" IN identifiers' with results: <XCTElementQueryResults: 0x113b6e6a0> (error: (null))
2026-09-30 23:31:32.182 Df trustd[87797:c5aff5] [com.apple.securityd:SecError] TextInsertUITest[16600]/1#-1 LF=0 NetworkingAnalyticsReport Error Domain=NSOSStatusErrorDomain Code=-4 "Networking analytics not supported in this environment" UserInfo={numberOfErrorsDeep=0, NSDescription=Networking anal
    "<environment: keyboardFocus; target: <token: 16799:FBWorkspace-com.tarunyadgirkar.prefill.spike.textinsert/UISceneHosting-com.tarunyadgirkar.prefill.spike.textinsert:UIHostedScene-com.apple.InputUI-5980D490; pid: 87035>>" = "<reachability: unreachable; deferringGraphGeneration: 303>";
2026-09-30 23:31:32.479 Df coreauthd[93298:c3da25] [com.apple.LocalAuthentication:Server,LAContext] ContextProxy[13505:1:6:0] deallocated
2026-09-30 23:31:32.479 Df coreauthd[93298:c3da25] [com.apple.LocalAuthentication:Context] Untracking proxy:ContextProxy[13505:1:6:0] from plugin:<ContextPluginACM: 0x104684000>[0] (ContextProxy[13505:1:6:0] deallocated)
2026-09-30 23:31:32.495 Sd SpringBoard[86754:0] (CDF4E24A-4A9C-3FB3-8B3A-DD6CDC678FBA) TCC Authorization Cache
2026-09-30 23:31:32.499 Df UserEventAgent[86753:c5a52f] [com.apple.xpc.activity:Activities] Unregistered on XPC remove event: com.apple.safarishared.WBSParsecDSession.autoFillDataUpdate (0x103e79540)
    <RBSProcessEndowmentInfo| namespace:com.apple.frontboard.visibility env:UIScene:16799:FBWorkspace-com.tarunyadgirkar.prefill.spike.textinsert/UISceneHosting-com.tarunyadgirkar.prefill.spike.textinsert:UIHostedScene-com.apple.InputUI-5980D490 payload: 3286669422001561946>,
2026-09-30 23:31:32.500 A  TextInsertSpike[16799:c5b0ea] (RunningBoardServices) observedProcessStatesDidChange
2026-09-30 23:31:32.503 Df SpringBoard[86754:c334f8] [com.apple.SpringBoard:ResourceConditions] Considering foreground scene <FBScene: 0x118ec2f00; FBSceneManager:sceneID:com.tarunyadgirkar.prefill.spike.textinsert-85A7109D-B842-4933-8BBF-51C9DB391CCC> with handle=[app<com.tarunyadgirkar.prefill.spi
2026-09-30 23:31:33.090 Df locationd[86778:c5a320] [com.apple.LocationSupport:Intersilo] #Idleness, Silo is being idled: CLNetworkLocationProviderSilo
2026-09-30 23:31:33.105 Df coreauthd[93298:c3da25] [com.apple.LocalAuthentication:Server,LAContext] Context[6:0] deallocated
2026-09-30 23:31:33.105 Df coreauthd[93298:c3da25] [com.apple.LocalAuthentication:Context] Untracking <ContextPluginACM: 0x104684000>[0] (released gracefully), was present: 0
    "DYLD_FRAMEWORK_PATH" = "/Users/tarunyadgirkar/TarunsCode/prefill/spikes/textinsert/build/Build/Products/Debug-iphonesimulator";
    "DYLD_LIBRARY_PATH" = "/Users/tarunyadgirkar/TarunsCode/prefill/spikes/textinsert/build/Build/Products/Debug-iphonesimulator";
    "XCODE_SCHEME_NAME" = TextInsertSpike;
    "__XCODE_BUILT_PRODUCTS_DIR_PATHS" = "/Users/tarunyadgirkar/TarunsCode/prefill/spikes/textinsert/build/Build/Products/Debug-iphonesimulator";
    "__XPC_DYLD_FRAMEWORK_PATH" = "/Users/tarunyadgirkar/TarunsCode/prefill/spikes/textinsert/build/Build/Products/Debug-iphonesimulator";
    "__XPC_DYLD_LIBRARY_PATH" = "/Users/tarunyadgirkar/TarunsCode/prefill/spikes/textinsert/build/Build/Products/Debug-iphonesimulator";
2026-09-30 23:31:33.529 Df SpringBoard[86754:c334f8] [com.apple.UIKit:SceneDeactivation] [sceneID:com.tarunyadgirkar.prefill.spike.textinsert-85A7109D-B842-4933-8BBF-51C9DB391CCC] Setting deactivation reasons to: 'systemAnimation' for reason: updateAllScenesForBand - Assertion added.
2026-09-30 23:31:33.531 Df TextInsertSpike[16799:c5afde] [com.apple.UIKit:InterfaceStyle] Not push traits update to screen for new style 1, <UIWindowScene: 0x108ccd680> (85A7109D-B842-4933-8BBF-51C9DB391CCC)
		"XCODE_SCHEME_NAME" => <string: 0x105aaeee0> { string cache = 0x0, length = 15, contents = "TextInsertSpike" }
		"DYLD_FRAMEWORK_PATH" => <string: 0x105aace70> { string cache = 0x0, length = 101, contents = "/Users/tarunyadgirkar/TarunsCode/prefill/spikes/textinsert/build/Build/Products/Debug-iphonesimulator" }
		"__XPC_DYLD_FRAMEWORK_PATH" => <string: 0x105aae430> { string cache = 0x0, length = 101, contents = "/Users/tarunyadgirkar/TarunsCode/prefill/spikes/textinsert/build/Build/Products/Debug-iphonesimulator" }
		"__XPC_DYLD_LIBRARY_PATH" => <string: 0x105aae190> { string cache = 0x0, length = 101, contents = "/Users/tarunyadgirkar/TarunsCode/prefill/spikes/textinsert/build/Build/Products/Debug-iphonesimulator" }
		"__XCODE_BUILT_PRODUCTS_DIR_PATHS" => <string: 0x105aae130> { string cache = 0x0, length = 101, contents = "/Users/tarunyadgirkar/TarunsCode/prefill/spikes/textinsert/build/Build/Products/Debug-iphonesimulator" }
		"DYLD_LIBRARY_PATH" => <string: 0x105aacd50> { string cache = 0x0, length = 101, contents = "/Users/tarunyadgirkar/TarunsCode/prefill/spikes/textinsert/build/Build/Products/Debug-iphonesimulator" }
2026-09-30 23:31:33.531 Df TextInsertSpike[16799:c5afde] [com.apple.UIKit:AppLifecycle] sceneOfRecord: sceneID: sceneID:com.tarunyadgirkar.prefill.spike.textinsert-85A7109D-B842-4933-8BBF-51C9DB391CCC  persistentID: 85A7109D-B842-4933-8BBF-51C9DB391CCC
2026-09-30 23:31:33.531 Df TextInsertSpike[16799:c5afde] [com.apple.UIKit:Application] Deactivation reason added: 5; deactivation reasons: 0 -> 32; animating application lifecycle event: 1
2026-09-30 23:31:33.532 Df TextInsertSpike[16799:c5afde] [com.apple.KeyboardArbiter:Client] applicationWillResignActive
2026-09-30 23:31:33.532 Df TextInsertSpike[16799:c5afde] [com.apple.UIKit:Application] Deactivation reason added: 12; deactivation reasons: 32 -> 4128; animating application lifecycle event: 1
2026-09-30 23:31:33.532 Df TextInsertSpike[16799:c5afde] [com.apple.KeyboardArbiter:Client] TX setDeactivating: Y (+DeactivationReason:SuspendedEventsOnly)
2026-09-30 23:31:33.533 Df TextInsertSpike[16799:c5afde] [com.apple.RemoteTextInput:InputSessionChange] -[RTIInputSystemClient _modifyTextEditingAllowedForReason:notify:animated:modifyAllowancesBlock:completion:]  Text editing allowed did change (editingAllowedAfter = NO)
2026-09-30 23:31:33.533 Df InputUI[87035:c33b5c] [com.apple.KeyboardArbiter:Handle] RX com.tarunyadgirkar.prefill.spike.textinsert(16799) setDeactivating:Y
2026-09-30 23:31:33.533 Df TextInsertSpike[16799:c5afde] [com.apple.RemoteTextInput:InputSessionChange] -[RTIInputSystemClient _endSessionWithID:forServices:options:completion:]  End input session: EF8C6058-DD74-48D6-959B-3419E830A462
2026-09-30 23:31:33.533 Df TextInsertSpike[16799:c5b078] [com.apple.network:path] nw_path_evaluator_cancel [E6EB79B9-BC16-4BC2-B3F2-F4A153F8AA8C] cancel
    <RBSProcessEndowmentInfo| namespace:com.apple.frontboard.visibility env:UIScene:16799:FBWorkspace-com.tarunyadgirkar.prefill.spike.textinsert/UISceneHosting-com.tarunyadgirkar.prefill.spike.textinsert:UIHostedScene-com.apple.InputUI-5980D490 payload: 3286669422001561946>,
2026-09-30 23:31:33.534 A  TextInsertSpike[16799:c5b13b] (RunningBoardServices) observedProcessStatesDidChange
2026-09-30 23:31:33.545 Df SpringBoard[86754:c334f8] [com.apple.FrontBoard:Scene] [(FBSceneManager):sceneID:com.tarunyadgirkar.prefill.spike.textinsert-85A7109D-B842-4933-8BBF-51C9DB391CCC] Removing parent scene.
2026-09-30 23:31:33.545 Df SpringBoard[86754:c334f8] [com.apple.SpringBoard:AppRestrictionsOverlay] [sceneID:com.tarunyadgirkar.prefill.spike.textinsert-85A7109D-B842-4933-8BBF-51C9DB391CCC] tearing down vc for overlay: 0x0
2026-09-30 23:31:33.545 Df SpringBoard[86754:c334f8] [com.apple.SpringBoard:InputUI] Unable to use defaultPresenter for focused scene com.apple.frontboard.systemappservices/FBSceneManager:sceneID%3Acom.tarunyadgirkar.prefill.spike.textinsert-85A7109D-B842-4933-8BBF-51C9DB391CCC: forbiddenByPresenter
2026-09-30 23:31:33.546 Df SpringBoard[86754:c334f8] [com.apple.SpringBoard:SystemUIScene] [SUIS-InputUI:[Main] - 1] Presenter[<SBDeviceApplicationInputUIViewProvider: 0x115c32ca0> - sceneID:com.tarunyadgirkar.prefill.spike.textinsert-85A7109D-B842-4933-8BBF-51C9DB391CCC] will dismiss scene
2026-09-30 23:31:33.547 Df SpringBoard[86754:c334f8] [com.apple.SpringBoard:KeyboardFocus] _updateDeferringRules(recalculateResignActiveAssertionForActiveOverlays) sceneID:com.tarunyadgirkar.prefill.spike.textinsert-85A7109D-B842-4933-8BBF-51C9DB391CCC hasParent:YES contentState:ready hasRule:YES wa
2026-09-30 23:31:33.547 Df SpringBoard[86754:c334f8] [com.apple.SpringBoard:KeyboardFocus] _updateDeferringRules(recalculateResignActiveAssertionForActiveOverlays) outcome:(no change) sceneID:com.tarunyadgirkar.prefill.spike.textinsert-85A7109D-B842-4933-8BBF-51C9DB391CCC
2026-09-30 23:31:33.547 Df locationd[86778:c5b9d6] [com.apple.locationd.Core:Core] {"msg":"computing freshAuthorizationContext", "Client":icom.apple.mobilesafari:, "BigSwitch":1, "InUseLevel":5}
    Switcher: ownsHomeGesture; FGActive; suppressedBundles: com.tarunyadgirkar.prefill.spike.textinsert->mobilesafari; suppressedScenes: 1->1,
2026-09-30 23:31:33.552 Df SpringBoard[86754:c334f8] [com.apple.SpringBoard:KeyboardFocus] [coordinator] _removeSceneFromRecents didRemoveExternalForegroundApplicationSceneHandle pid:16799 scene:com.apple.frontboard.systemappservices/FBSceneManager:sceneID%3Acom.tarunyadgirkar.prefill.spike.textinse
2026-09-30 23:31:33.552 Df TextInsertSpike[16799:c5afde] [com.apple.UIKit:InterfaceStyle] Not push traits update to screen for new style 1, <_UIKeyboardInputScene: 0x1095f8000> (KeyboardInputScene-com.apple.frontboard.systemappservices/FBSceneManager:sceneID%3Acom.tarunyadgirkar.prefill.spike.textin
2026-09-30 23:31:33.552 Df TextInsertSpike[16799:c5afde] [com.apple.UIKit:AppLifecycle] sceneOfRecord: sceneID: sceneID:com.tarunyadgirkar.prefill.spike.textinsert-85A7109D-B842-4933-8BBF-51C9DB391CCC  persistentID: 85A7109D-B842-4933-8BBF-51C9DB391CCC
2026-09-30 23:31:33.552 Df TextInsertSpike[16799:c5afde] [com.apple.FrontBoard:Scene] [UISceneHosting-com.tarunyadgirkar.prefill.spike.textinsert:UIHostedScene-com.apple.InputUI-5980D490] propagating 1 settings from com.apple.InputUI.keyboard:KeyboardInputScene-com.apple.frontboard.systemappservices
<SBTransitionSwitcherModifierEvent: 0x1196ca100; type: MainTransition; transitionID: 1DF7CD2C-1C68-4A49-B08B-A24DC77201D9; phase: Prepare; animated: YES; fromAppLayout: <SBAppLayout: 0x11fe6efb0; primary: com.tarunyadgirkar.prefill.spike.textinsert:51C9DB391CCC; environment: main>; toAppLayout: <SBA
<SBTransitionSwitcherModifierEvent: 0x1196ca100; type: MainTransition; transitionID: 1DF7CD2C-1C68-4A49-B08B-A24DC77201D9; phase: Animate; animated: YES; fromAppLayout: <SBAppLayout: 0x11fe6efb0; primary: com.tarunyadgirkar.prefill.spike.textinsert:51C9DB391CCC; environment: main>; toAppLayout: <SBA
2026-09-30 23:31:33.580 Sd SpringBoard[86754:0] (CDF4E24A-4A9C-3FB3-8B3A-DD6CDC678FBA) TCC Authorization Cache
    <RBSProcessEndowmentInfo| namespace:com.apple.frontboard.visibility env:UIScene:com.apple.frontboard.systemappservices/FBSceneManager:sceneID%3Acom.tarunyadgirkar.prefill.spike.textinsert-85A7109D-B842-4933-8BBF-51C9DB391CCC payload: 3286669422001561946>
    <RBSInheritance| environment:UIScene:16799:FBWorkspace-com.tarunyadgirkar.prefill.spike.textinsert/UISceneHosting-com.tarunyadgirkar.prefill.spike.textinsert:UIHostedScene-com.apple.InputUI-5980D490 name:com.apple.frontboard.visibility origID:86757-16799-6398 payload 3286669422001561946>,
    <RBSInheritance| environment:UIScene:com.apple.UIKit.KeyboardManagement.hosted/com.apple.InputUI.keyboard:KeyboardInputScene-com.apple.frontboard.systemappservices%2FFBSceneManager%3AsceneID%253Acom.tarunyadgirkar.prefill.spike.textinsert-85A7109D-B842-4933-8BBF-51C9DB391CCC name:com.apple.front
2026-09-30 23:31:33.636 A  TextInsertSpike[16799:c5b078] (RunningBoardServices) didChangeInheritances
2026-09-30 23:31:33.637 A  TextInsertSpike[16799:c5b078] (RunningBoardServices) observedProcessStatesDidChange
<SBTransitionSwitcherModifierEvent: 0x11f761080; type: MainTransition; transitionID: 1DF7CD2C-1C68-4A49-B08B-A24DC77201D9; phase: Complete; animated: YES; fromAppLayout: <SBAppLayout: 0x11fe6efb0; primary: com.tarunyadgirkar.prefill.spike.textinsert:51C9DB391CCC; environment: main>; toAppLayout: <SB
2026-09-30 23:31:35.114 Df SpringBoard[86754:c334f8] [com.apple.SpringBoard:StatusBarish] Verify background audio activity for com.tarunyadgirkar.prefill.spike.textinsert, Recording: 0
2026-09-30 23:31:35.119 Df MobileSafari[17408:c5bafc] [com.apple.containermanager:query] Query; personaid = 4294967295, type = NOPERSONA, name = <unknown>, origin [pid = 0, personaid = 0], proximate [pid = 0, personaid = 0], euid = 502, uid = 502, class = 2, identifier = [com.apple.Passwords](1), gi
2026-09-30 23:31:35.121 Df containermanagerd[86809:c35626] [com.apple.containermanager:query] Selected query plan; plan = <MCMCommandQueryPlanWithIdentities; identities = [<MCMContainerIdentity: 0x10386a140; userIdentity = <502/20/502/2/502>, identifier = com.apple.Passwords, class = (2)appData, pla
2026-09-30 23:31:35.132 Df SpringBoard[86754:c334f8] [com.apple.SpringBoard:ResourceConditions] Considering foreground scene <FBScene: 0x118ec2f00; FBSceneManager:sceneID:com.tarunyadgirkar.prefill.spike.textinsert-85A7109D-B842-4933-8BBF-51C9DB391CCC> with handle=[app<com.tarunyadgirkar.prefill.spi
    [86754-1C]; <keyboardFocus; …oard.systemappservices/SSK.primary.root(mainDisplay):SB-main> -> <token: …refill.spike.textinsert-85A7109D-B842-4933-8BBF-51C9DB391CCC; pid: 16799>; reason: SB link,
    [86754-1C]; <keyboardFocus; com.apple.frontboard.systemappservices/SSK.primary.root(mainDisplay):SB-main> -> <token: com.apple.frontboard.systemappservices/FBSceneManager:sceneID%3Acom.tarunyadgirkar.prefill.spike.textinsert-85A7109D-B842-4933-8BBF-51C9DB391CCC; pid: 16799>; reason: SB link,
    [86754-1C]; <keyboardFocus; com.apple.frontboard.systemappservices/SSK.primary.root(mainDisplay):SB-main> -> <token: com.apple.frontboard.systemappservices/FBSceneManager:sceneID%3Acom.tarunyadgirkar.prefill.spike.textinsert-85A7109D-B842-4933-8BBF-51C9DB391CCC; pid: 16799>; reason: SB link,
    "<environment: keyboardFocus; target: <token: 16799:FBWorkspace-com.tarunyadgirkar.prefill.spike.textinsert/UISceneHosting-com.tarunyadgirkar.prefill.spike.textinsert:UIHostedScene-com.apple.InputUI-5980D490; pid: 87035>>" = "<reachability: unreachable; deferringGraphGeneration: 304>";
2026-09-30 23:31:35.282 Df MobileSafari[17408:c5bbed] [com.apple.triald:_] no factor providers loaded for namespace SAFARI_SEARCH_RANKING from directories (
2026-09-30 23:31:35.466 Df MobileSafari[17408:c5bbff] [com.apple.LocalAuthentication:Client] LA logging set up for this process.
2026-09-30 23:31:35.466 Df MobileSafari[17408:c5bbff] [com.apple.LocalAuthentication:Client,LAContext] Creating LAContext new cid:1
2026-09-30 23:31:35.473 Df coreauthd[93298:c3da25] [com.apple.LocalAuthentication:Server,LAContext] Context[7:0] created
2026-09-30 23:31:35.473 Df coreauthd[93298:c3da25] [com.apple.LocalAuthentication:Context] Tracking <ContextPluginACM: 0x104684000>[0]
2026-09-30 23:31:35.473 Df coreauthd[93298:c3da25] [com.apple.LocalAuthentication:ACM] Updated: <LACACMPoolsInfo; disposable: <LACACMPoolInfo; size: 64, used: 0, free: 64, freeForLA: 58, reservedForLA: 58>, non-disposable: <LACACMPoolInfo; size: 64, used: 0, free: 64, freeForLA: 58, reservedForLA: 5
2026-09-30 23:31:35.473 Df coreauthd[93298:c3da25] [com.apple.LocalAuthentication:Server,LAContext] ContextProxy[17408:1:7:0] created for Context[7:0] uid:502
2026-09-30 23:31:35.474 Df MobileSafari[17408:c5bbff] [com.apple.LocalAuthentication:Client,LAContext] LAContext[1:7:0] created new cid:1
2026-09-30 23:31:35.476 Df coreauthd[93298:c3da25] [com.apple.LocalAuthentication:Server] evaluatePolicy:2 options:{
2026-09-30 23:31:35.477 Df coreauthd[93298:c3da25] [com.apple.LocalAuthentication:SharedMode] <LACSharedModeProcessor: 0x104432880> not available in this platform
2026-09-30 23:31:35.477 Df coreauthd[93298:c3da25] [com.apple.LocalAuthentication:Default] Skipping processing of request rid: 18 by <LACSharedModeProcessor: 0x104432880>
2026-09-30 23:31:35.477 Df coreauthd[93298:c3da25] [com.apple.LocalAuthentication:Default] Skipping processing of request rid: 18 by <LACDTOExtendedPolicyProtectionProcessor: 0x1044ef9a0>
2026-09-30 23:31:35.477 Df coreauthd[93298:c3da25] [com.apple.LocalAuthentication:Default] Skipping processing of request rid: 18 by <LACDTOCoreProcessor: 0x104668080>
2026-09-30 23:31:35.477 Df coreauthd[93298:c3da25] [com.apple.LocalAuthentication:Default] Returning cached eligibility result: true for domain: LACEligibilityDomainPhoneIntegration
2026-09-30 23:31:35.477 Df coreauthd[93298:c3da25] [com.apple.LocalAuthentication:Default] Returning cached eligibility result: true for domain: LACEligibilityDomainPhoneIntegration
2026-09-30 23:31:35.477 Df coreauthd[93298:c3da25] [com.apple.LocalAuthentication:Default] Skipping processing of request rid: 18 by <LACPhoneIntegrationSessionProcessor: 0x1044ef4a0>
2026-09-30 23:31:35.477 Df coreauthd[93298:c3da25] [com.apple.LocalAuthentication:ABM] <LACOnenessController: 0x104478f00> Not handling request rid: 18 - session not active
2026-09-30 23:31:35.477 Df coreauthd[93298:c3da25] [com.apple.LocalAuthentication:Default] Skipping processing of request rid: 18 by <LACOnenessController: 0x104478f00>
2026-09-30 23:31:35.477 Df coreauthd[93298:c3da25] [com.apple.LocalAuthentication:Default] Returning cached eligibility result: true for domain: LACEligibilityDomainPhoneIntegration
2026-09-30 23:31:35.477 Df coreauthd[93298:c3da25] [com.apple.LocalAuthentication:Default] Returning cached eligibility result: true for domain: LACEligibilityDomainPhoneIntegration
2026-09-30 23:31:35.477 Df coreauthd[93298:c3da25] [com.apple.LocalAuthentication:ABM] <LACPhoneIntegrationController: 0x1044790c0> Not handling request rid: 18 - session not active
2026-09-30 23:31:35.477 Df coreauthd[93298:c3da25] [com.apple.LocalAuthentication:Default] Skipping processing of request rid: 18 by <LACPhoneIntegrationController: 0x1044790c0>
2026-09-30 23:31:35.477 Df coreauthd[93298:c3da25] [com.apple.LocalAuthentication:Default] Skipping processing of request rid: 18 by <LACApplePayBiometryToggleProcessor: 0x104668060>
2026-09-30 23:31:35.477 Df coreauthd[93298:c3da25] [com.apple.LocalAuthentication:Default] Skipping processing of request rid: 18 by <LACStashedCredentialsProcessor: 0x1046680c0>
2026-09-30 23:31:35.478 Df coreauthd[93298:c3da25] [com.apple.LocalAuthentication:Server] uiMechanism: MechanismUI[14] nonUiMechanism: MechanismPasscode[13](par:14)
2026-09-30 23:31:35.478 Df coreauthd[93298:c3da25] [com.apple.LocalAuthentication:Default] Returning cached eligibility result: true for domain: LACEligibilityDomainPhoneIntegration
2026-09-30 23:31:35.478 Df coreauthd[93298:c3da25] [com.apple.LocalAuthentication:Default] Returning cached eligibility result: true for domain: LACEligibilityDomainPhoneIntegration
2026-09-30 23:31:35.478 Df coreauthd[93298:c3da25] [com.apple.LocalAuthentication:ABM] <LACPhoneIntegrationController: 0x1044790c0> Not handling request rid: 18 - session not active
2026-09-30 23:31:35.478 Df coreauthd[93298:c3da25] [com.apple.LocalAuthentication:ABM] <LACOnenessController: 0x104478f00> Not handling request rid: 18 - session not active
2026-09-30 23:31:35.478 Df coreauthd[93298:c3da25] [com.apple.LocalAuthentication:Default] Returning cached eligibility result: true for domain: LACEligibilityDomainPhoneIntegration
2026-09-30 23:31:35.478 Df coreauthd[93298:c3da25] [com.apple.LocalAuthentication:Default] Returning cached eligibility result: true for domain: LACEligibilityDomainPhoneIntegration
2026-09-30 23:31:35.478 Df coreauthd[93298:c3da25] [com.apple.LocalAuthentication:SharedMode] <LACSharedModeProcessor: 0x104432880> not available in this platform
2026-09-30 23:31:35.483 Df MobileSafari[17408:c5bbff] [com.apple.LocalAuthentication:Client] canEvaluatePolicy:2 on LAContext[1:7:0] cid:2 returned YES
2026-09-30 23:31:35.484 Df coreauthd[93298:c3da25] [com.apple.LocalAuthentication:Server,Biometry] evaluatePolicy:1 options:{
2026-09-30 23:31:35.484 Df coreauthd[93298:c3da25] [com.apple.LocalAuthentication:SharedMode] <LACSharedModeProcessor: 0x1044310b0> not available in this platform
2026-09-30 23:31:35.484 Df coreauthd[93298:c3da25] [com.apple.LocalAuthentication:Default] Skipping processing of request rid: 19 by <LACSharedModeProcessor: 0x1044310b0>
2026-09-30 23:31:35.484 Df coreauthd[93298:c3da25] [com.apple.LocalAuthentication:Default] Skipping processing of request rid: 19 by <LACDTOServiceProcessor: 0x1046680e0>
2026-09-30 23:31:35.484 Df coreauthd[93298:c3da25] [com.apple.LocalAuthentication:Default] Returning cached eligibility result: true for domain: LACEligibilityDomainPhoneIntegration
2026-09-30 23:31:35.484 Df coreauthd[93298:c3da25] [com.apple.LocalAuthentication:Default] Returning cached eligibility result: true for domain: LACEligibilityDomainPhoneIntegration
2026-09-30 23:31:35.484 Df coreauthd[93298:c3da25] [com.apple.LocalAuthentication:Default] Skipping processing of request rid: 19 by <LACPhoneIntegrationSessionProcessor: 0x1044ef4a0>
2026-09-30 23:31:35.484 Df coreauthd[93298:c3da25] [com.apple.LocalAuthentication:ABM] <LACOnenessController: 0x104478f00> Not handling request rid: 19 - session not active
2026-09-30 23:31:35.484 Df coreauthd[93298:c3da25] [com.apple.LocalAuthentication:Default] Skipping processing of request rid: 19 by <LACOnenessController: 0x104478f00>
2026-09-30 23:31:35.484 Df coreauthd[93298:c3da25] [com.apple.LocalAuthentication:Default] Returning cached eligibility result: true for domain: LACEligibilityDomainPhoneIntegration
2026-09-30 23:31:35.484 Df coreauthd[93298:c3da25] [com.apple.LocalAuthentication:Default] Returning cached eligibility result: true for domain: LACEligibilityDomainPhoneIntegration
2026-09-30 23:31:35.484 Df coreauthd[93298:c3da25] [com.apple.LocalAuthentication:ABM] <LACPhoneIntegrationController: 0x1044790c0> Not handling request rid: 19 - session not active
2026-09-30 23:31:35.484 Df coreauthd[93298:c3da25] [com.apple.LocalAuthentication:Default] Skipping processing of request rid: 19 by <LACPhoneIntegrationController: 0x1044790c0>
2026-09-30 23:31:35.484 Df coreauthd[93298:c3da25] [com.apple.LocalAuthentication:Default] Skipping processing of request rid: 19 by <LACApplePayBiometryToggleProcessor: 0x1046680f0>
2026-09-30 23:31:35.484 Df coreauthd[93298:c3da25] [com.apple.LocalAuthentication:Default] Skipping processing of request rid: 19 by <LACStashedCredentialsProcessor: 0x104668040>
2026-09-30 23:31:35.484 Df coreauthd[93298:c3da25] [com.apple.LocalAuthentication:Default] Returning cached eligibility result: true for domain: LACEligibilityDomainPhoneIntegration
2026-09-30 23:31:35.484 Df coreauthd[93298:c3da25] [com.apple.LocalAuthentication:Default] Returning cached eligibility result: true for domain: LACEligibilityDomainPhoneIntegration
2026-09-30 23:31:35.484 Df coreauthd[93298:c3da25] [com.apple.LocalAuthentication:ABM] <LACPhoneIntegrationController: 0x1044790c0> Not handling request rid: 19 - session not active
2026-09-30 23:31:35.484 Df coreauthd[93298:c3da25] [com.apple.LocalAuthentication:ABM] <LACOnenessController: 0x104478f00> Not handling request rid: 19 - session not active
2026-09-30 23:31:35.484 Df coreauthd[93298:c3da25] [com.apple.LocalAuthentication:Default] Returning cached eligibility result: true for domain: LACEligibilityDomainPhoneIntegration
2026-09-30 23:31:35.484 Df coreauthd[93298:c3da25] [com.apple.LocalAuthentication:Default] Returning cached eligibility result: true for domain: LACEligibilityDomainPhoneIntegration
2026-09-30 23:31:35.484 Df coreauthd[93298:c3da25] [com.apple.LocalAuthentication:SharedMode] <LACSharedModeProcessor: 0x1044310b0> not available in this platform
2026-09-30 23:31:35.485 Df MobileSafari[17408:c5bbff] [com.apple.LocalAuthentication:Client,Biometry] canEvaluatePolicy:1 on LAContext[1:7:0] cid:3 returned Error Domain=com.apple.LocalAuthentication Code=-7 "No identities are enrolled." UserInfo={NSDebugDescription=No identities are enrolled., NSLo
2026-09-30 23:31:35.485 Df coreauthd[93298:c3da25] [com.apple.LocalAuthentication:Server] evaluatePolicy:4 options:{
2026-09-30 23:31:35.485 Df coreauthd[93298:c3da25] [com.apple.LocalAuthentication:SharedMode] <LACSharedModeProcessor: 0x1044311a0> not available in this platform
2026-09-30 23:31:35.485 Df coreauthd[93298:c3da25] [com.apple.LocalAuthentication:Default] Skipping processing of request rid: 20 by <LACSharedModeProcessor: 0x1044311a0>
2026-09-30 23:31:35.485 Df coreauthd[93298:c3da25] [com.apple.LocalAuthentication:Default] Skipping processing of request rid: 20 by <LACDTOServiceProcessor: 0x104668090>
2026-09-30 23:31:35.485 Df coreauthd[93298:c3da25] [com.apple.LocalAuthentication:Default] Returning cached eligibility result: true for domain: LACEligibilityDomainPhoneIntegration
2026-09-30 23:31:35.485 Df coreauthd[93298:c3da25] [com.apple.LocalAuthentication:Default] Returning cached eligibility result: true for domain: LACEligibilityDomainPhoneIntegration
2026-09-30 23:31:35.485 Df coreauthd[93298:c3da25] [com.apple.LocalAuthentication:Default] Skipping processing of request rid: 20 by <LACPhoneIntegrationSessionProcessor: 0x1044ef4a0>
2026-09-30 23:31:35.485 Df coreauthd[93298:c3da25] [com.apple.LocalAuthentication:ABM] <LACOnenessController: 0x104478f00> Not handling request rid: 20 - session not active
2026-09-30 23:31:35.485 Df coreauthd[93298:c3da25] [com.apple.LocalAuthentication:Default] Skipping processing of request rid: 20 by <LACOnenessController: 0x104478f00>
2026-09-30 23:31:35.485 Df coreauthd[93298:c3da25] [com.apple.LocalAuthentication:Default] Returning cached eligibility result: true for domain: LACEligibilityDomainPhoneIntegration
2026-09-30 23:31:35.485 Df coreauthd[93298:c3da25] [com.apple.LocalAuthentication:Default] Returning cached eligibility result: true for domain: LACEligibilityDomainPhoneIntegration
2026-09-30 23:31:35.485 Df coreauthd[93298:c3da25] [com.apple.LocalAuthentication:ABM] <LACPhoneIntegrationController: 0x1044790c0> Not handling request rid: 20 - session not active
2026-09-30 23:31:35.485 Df coreauthd[93298:c3da25] [com.apple.LocalAuthentication:Default] Skipping processing of request rid: 20 by <LACPhoneIntegrationController: 0x1044790c0>
2026-09-30 23:31:35.485 Df coreauthd[93298:c3da25] [com.apple.LocalAuthentication:Default] Skipping processing of request rid: 20 by <LACApplePayBiometryToggleProcessor: 0x104668070>
2026-09-30 23:31:35.485 Df coreauthd[93298:c3da25] [com.apple.LocalAuthentication:Default] Skipping processing of request rid: 20 by <LACStashedCredentialsProcessor: 0x104668060>
2026-09-30 23:31:35.485 Df coreauthd[93298:c3da25] [com.apple.LocalAuthentication:Default] Returning cached eligibility result: true for domain: LACEligibilityDomainPhoneIntegration
2026-09-30 23:31:35.485 Df coreauthd[93298:c3da25] [com.apple.LocalAuthentication:Default] Returning cached eligibility result: true for domain: LACEligibilityDomainPhoneIntegration
2026-09-30 23:31:35.485 Df coreauthd[93298:c3da25] [com.apple.LocalAuthentication:ABM] <LACPhoneIntegrationController: 0x1044790c0> Not handling request rid: 20 - session not active
2026-09-30 23:31:35.485 Df coreauthd[93298:c3da25] [com.apple.LocalAuthentication:ABM] <LACOnenessController: 0x104478f00> Not handling request rid: 20 - session not active
2026-09-30 23:31:35.485 Df coreauthd[93298:c3da25] [com.apple.LocalAuthentication:Default] Returning cached eligibility result: true for domain: LACEligibilityDomainPhoneIntegration
2026-09-30 23:31:35.485 Df coreauthd[93298:c3da25] [com.apple.LocalAuthentication:Default] Returning cached eligibility result: true for domain: LACEligibilityDomainPhoneIntegration
2026-09-30 23:31:35.485 Df coreauthd[93298:c3da25] [com.apple.LocalAuthentication:SharedMode] <LACSharedModeProcessor: 0x1044311a0> not available in this platform
2026-09-30 23:31:35.485 Df MobileSafari[17408:c5bbff] [com.apple.LocalAuthentication:Client] canEvaluatePolicy:4 on LAContext[1:7:0] cid:4 returned Error Domain=com.apple.LocalAuthentication Code=-1020 "This call is not supported on iOS Simulator." UserInfo={NSDebugDescription=This call is not suppo
2026-09-30 23:31:35.598 Df MobileSafari[17408:c5bbed] [com.apple.mobilesafari:SuddenTerminationDisabler] Beginning new task assertion with reason: com.apple.SafariShared.WBSFormAutoFillCorrectionsSQLiteStore
2026-09-30 23:31:35.599 Df MobileSafari[17408:c5bbed] [com.apple.mobilesafari:SuddenTerminationDisabler] Did begin task assertion with reason com.apple.SafariShared.WBSFormAutoFillCorrectionsSQLiteStore
2026-09-30 23:31:35.599 Df MobileSafari[17408:c5bbed] [com.apple.mobilesafari:SuddenTerminationDisabler] Ending task assertion with reason com.apple.SafariShared.WBSFormAutoFillCorrectionsSQLiteStore
2026-09-30 23:31:35.961 Df MobileSafari[17408:c5bafc] [com.apple.appintents:View] Attaching custom entity provider to view: <TabDocumentView: 0x1055ac200; frame = (0 0; 0 0); layer = <CALayer: 0x101d57b70>>
    "<environment: keyboardFocus; target: <token: 16799:FBWorkspace-com.tarunyadgirkar.prefill.spike.textinsert/UISceneHosting-com.tarunyadgirkar.prefill.spike.textinsert:UIHostedScene-com.apple.InputUI-5980D490; pid: 87035>>" = "<reachability: unreachable; deferringGraphGeneration: 305>";
2026-09-30 23:31:36.073 Df SpringBoard[86754:c334f8] [com.apple.SpringBoard:ResourceConditions] Considering foreground scene <FBScene: 0x118ec2f00; FBSceneManager:sceneID:com.tarunyadgirkar.prefill.spike.textinsert-85A7109D-B842-4933-8BBF-51C9DB391CCC> with handle=[app<com.tarunyadgirkar.prefill.spi
2026-09-30 23:31:36.076 Df SpringBoard[86754:c334f8] [com.apple.UIKit:SceneDeactivation] [sceneID:com.tarunyadgirkar.prefill.spike.textinsert-85A7109D-B842-4933-8BBF-51C9DB391CCC] Setting deactivation reasons to: '(none)' for reason: scene settings update - settings are NOT eligible for deactivation
2026-09-30 23:31:36.076 Df SpringBoard[86754:c334f8] [com.apple.UIKit:SceneDeactivation] No longer tracking: <FBScene: 0x118ec2f00; FBSceneManager:sceneID:com.tarunyadgirkar.prefill.spike.textinsert-85A7109D-B842-4933-8BBF-51C9DB391CCC>
2026-09-30 23:31:36.077 Df SpringBoard[86754:c334f8] [com.apple.SpringBoard:CompanionScenes] [sceneID:com.tarunyadgirkar.prefill.spike.textinsert-85A7109D-B842-4933-8BBF-51C9DB391CCC] Host foreground state will update: NO
2026-09-30 23:31:36.077 Df SpringBoard[86754:c334f8] [com.apple.FrontBoard:Scene] [(FBSceneManager):sceneID:com.tarunyadgirkar.prefill.spike.textinsert-85A7109D-B842-4933-8BBF-51C9DB391CCC] scene content state changed: notReady
2026-09-30 23:31:36.077 Df SpringBoard[86754:c334f8] [com.apple.SpringBoard:KeyboardFocus] _updateDeferringRules(didUpdateContentState) sceneID:com.tarunyadgirkar.prefill.spike.textinsert-85A7109D-B842-4933-8BBF-51C9DB391CCC hasParent:YES contentState:notReady hasRule:YES wantsRule:NO
2026-09-30 23:31:36.077 Df SpringBoard[86754:c334f8] [com.apple.SpringBoard:KeyboardFocus] deferFromSBWindowScene: invalidate for <token: com.apple.frontboard.systemappservices/FBSceneManager:sceneID%3Acom.tarunyadgirkar.prefill.spike.textinsert-85A7109D-B842-4933-8BBF-51C9DB391CCC; pid: 16799>
2026-09-30 23:31:36.077 Df SpringBoard[86754:c334f8] [com.apple.SpringBoard:KeyboardFocus] _updateDeferringRules(didUpdateContentState) outcome:(unwanted, destroyed) sceneID:com.tarunyadgirkar.prefill.spike.textinsert-85A7109D-B842-4933-8BBF-51C9DB391CCC
2026-09-30 23:31:36.078 Df SpringBoard[86754:c334f8] [com.apple.SpringBoard:SceneSnapshots] <SBSceneSnapshotRequestor: 0x11f6bcf00> [sceneID:com.tarunyadgirkar.prefill.spike.textinsert-85A7109D-B842-4933-8BBF-51C9DB391CCC] Requesting 2 snapshot(s) because the scene actually moved to the background
2026-09-30 23:31:36.078 Df SpringBoard[86754:c334f8] [com.apple.FrontBoard:Common] Created: <FBSceneSnapshotAction: 0x126023680; sceneID:com.tarunyadgirkar.prefill.spike.textinsert-85A7109D-B842-4933-8BBF-51C9DB391CCC>
    <RBSProcessEndowmentInfo| namespace:com.apple.frontboard.visibility env:UIScene:com.apple.frontboard.systemappservices/FBSceneManager:sceneID%3Acom.tarunyadgirkar.prefill.spike.textinsert-85A7109D-B842-4933-8BBF-51C9DB391CCC payload: 3286669422001561946>
2026-09-30 23:31:36.080 Df SpringBoard[86754:c334f8] [com.apple.SpringBoard:AppProtection] <BSCompoundAssertion:0x11fcb4230> (SBApplicationAppProtectionAssistant: 0x11f5ee980 - com.tarunyadgirkar.prefill.spike.textinsert) invalidate acq:0x118d64fe0 count:1
2026-09-30 23:31:36.080 Df SpringBoard[86754:c334f8] [com.apple.SpringBoard:AppProtection] Informing <APSystemAppOutlet: 0x10bcd7690> that <APApplication: com.tarunyadgirkar.prefill.spike.textinsert> will become background as far as we know
2026-09-30 23:31:36.080 Df SpringBoard[86754:c334f8] [com.apple.appprotection:framework] All scenes dismissed for <APApplication: com.tarunyadgirkar.prefill.spike.textinsert>
2026-09-30 23:31:36.080 Df SpringBoard[86754:c5afe6] [com.apple.appprotection:framework] told auth provider com.tarunyadgirkar.prefill.spike.textinsert was dimissed. result:true err:(null)
2026-09-30 23:31:36.081 Df SpringBoard[86754:c5b9d7] [com.apple.FrontBoard:ProcessScene] [0x11fc65f80:(FBSceneManager):sceneID:com.tarunyadgirkar.prefill.spike.textinsert-85A7109D-B842-4933-8BBF-51C9DB391CCC] Scene lifecycle state did change: Background
2026-09-30 23:31:36.081 Df SpringBoard[86754:c5b9d7] [com.apple.FrontBoard:ProcessScene] [0x11fc65f80:(FBSceneManager):sceneID:com.tarunyadgirkar.prefill.spike.textinsert-85A7109D-B842-4933-8BBF-51C9DB391CCC] Scene state did change: FG-Active[90].
    <RBSProcessEndowmentInfo| namespace:com.apple.frontboard.visibility env:UIScene:com.apple.frontboard.systemappservices/FBSceneManager:sceneID%3Acom.tarunyadgirkar.prefill.spike.textinsert-85A7109D-B842-4933-8BBF-51C9DB391CCC payload: 3286669422001561946>
2026-09-30 23:31:36.082 Df SpringBoard[86754:c5b9d7] [com.apple.FrontBoard:ProcessWorkspace] [app<com.tarunyadgirkar.prefill.spike.textinsert>:16799] Workspace state did change: FV-Focal[100] --> FG-Active[90] (assertion acquired).
2026-09-30 23:31:36.082 Df SpringBoard[86754:c5b9d7] [com.apple.FrontBoard:Process] [app<com.tarunyadgirkar.prefill.spike.textinsert>:16799] Setting process visibility to: Background
2026-09-30 23:31:36.082 Df SpringBoard[86754:c5b9d7] [com.apple.FrontBoard:ProcessScene] [0x11fc65f80:(FBSceneManager):sceneID:com.tarunyadgirkar.prefill.spike.textinsert-85A7109D-B842-4933-8BBF-51C9DB391CCC] Sending scene action [Logical Deactivate][0xd9aa] to process 0x1196c9e00 (watchdog: 600.00s
2026-09-30 23:31:36.086 Df TextInsertSpike[16799:c5afde] [com.apple.FrontBoard:SceneClient] [(FBSceneManager):sceneID:com.tarunyadgirkar.prefill.spike.textinsert-85A7109D-B842-4933-8BBF-51C9DB391CCC] Received action(s) in scene-update: <FBSceneSnapshotAction: 0x152e20053>
2026-09-30 23:31:36.088 Df SpringBoard[86754:c334f8] [com.apple.SpringBoard:KeyboardFocus] _updateDeferringRules(didMoveToParentViewController) sceneID:com.tarunyadgirkar.prefill.spike.textinsert-85A7109D-B842-4933-8BBF-51C9DB391CCC hasParent:NO contentState:notReady hasRule:NO wantsRule:NO
2026-09-30 23:31:36.088 Df SpringBoard[86754:c334f8] [com.apple.SpringBoard:KeyboardFocus] _updateDeferringRules(didMoveToParentViewController) outcome:(no change) sceneID:com.tarunyadgirkar.prefill.spike.textinsert-85A7109D-B842-4933-8BBF-51C9DB391CCC
2026-09-30 23:31:36.088 Df SpringBoard[86754:c334f8] [com.apple.SpringBoard:AppRestrictionsOverlay] [sceneID:com.tarunyadgirkar.prefill.spike.textinsert-85A7109D-B842-4933-8BBF-51C9DB391CCC] tearing down vc for overlay: 0x0
2026-09-30 23:31:36.088 Df SpringBoard[86754:c334f8] [com.apple.SpringBoard:KeyboardFocus] _updateDeferringRules(didMoveToParentViewController) sceneID:com.tarunyadgirkar.prefill.spike.textinsert-85A7109D-B842-4933-8BBF-51C9DB391CCC hasParent:NO contentState:notReady hasRule:NO wantsRule:NO
2026-09-30 23:31:36.088 Df SpringBoard[86754:c334f8] [com.apple.SpringBoard:KeyboardFocus] _updateDeferringRules(didMoveToParentViewController) outcome:(no change) sceneID:com.tarunyadgirkar.prefill.spike.textinsert-85A7109D-B842-4933-8BBF-51C9DB391CCC
2026-09-30 23:31:36.089 Df SpringBoard[86754:c334f8] [com.apple.SpringBoard:AppSwitcher] <SBFullScreenSwitcherLiveContentOverlayCoordinator: 0x113cb2500> Removing SwitcherScene overlay for: <SBAppLayout: 0x11fe6efb0; primary: com.tarunyadgirkar.prefill.spike.textinsert:51C9DB391CCC; environment: mai
2026-09-30 23:31:36.089 Df SpringBoard[86754:c334f8] [com.apple.SpringBoard:HostedScenePolicy] Hosting policy changed for sceneID:com.tarunyadgirkar.prefill.spike.textinsert-85A7109D-B842-4933-8BBF-51C9DB391CCC: Enforce -> NotApplicable
2026-09-30 23:31:36.089 Df SpringBoard[86754:c334f8] [com.apple.SpringBoard:SuspendedUnderLock] Suspension under lock policy updated for sceneID:com.tarunyadgirkar.prefill.spike.textinsert-85A7109D-B842-4933-8BBF-51C9DB391CCC: NotApplicable
2026-09-30 23:31:36.091 Df TextInsertSpike[16799:c5b13c] [com.apple.xpc:connection] [0x108ec7200] invalidated because the current process cancelled the connection by calling xpc_connection_cancel()
2026-09-30 23:31:36.091 Df TextInsertSpike[16799:c5afde] [com.apple.UIKit:AppLifecycle] sceneOfRecord: sceneID: sceneID:com.tarunyadgirkar.prefill.spike.textinsert-85A7109D-B842-4933-8BBF-51C9DB391CCC  persistentID: 85A7109D-B842-4933-8BBF-51C9DB391CCC
2026-09-30 23:31:36.091 Df TextInsertSpike[16799:c5b13c] [com.apple.xpc:session] [0x1063bb020] Session canceled.
2026-09-30 23:31:36.091 Df intelligencecontextd[87723:c5bb03] [com.apple.UIIntelligenceSupport:xpc] client ConnectionID(15, ProcessInfo("com.tarunyadgirkar.prefill.spike.textinsert", pid: 16799)) disconnected
2026-09-30 23:31:36.092 Df SpringBoard[86754:c334f8] [com.apple.SpringBoard:AppRestrictionsOverlay] [sceneID:com.tarunyadgirkar.prefill.spike.textinsert-85A7109D-B842-4933-8BBF-51C9DB391CCC] tearing down vc for overlay: 0x0
2026-09-30 23:31:36.092 Df SpringBoard[86754:c334f8] [com.apple.SpringBoard:InputUI] Unable to use defaultPresenter for focused scene com.apple.frontboard.systemappservices/FBSceneManager:sceneID%3Acom.tarunyadgirkar.prefill.spike.textinsert-85A7109D-B842-4933-8BBF-51C9DB391CCC: forbiddenByPresenter
2026-09-30 23:31:36.093 Df TextInsertSpike[16799:c5b078] [com.apple.UIIntelligenceSupport:xpc] agent connection cancelled (details: Session manually canceled)
2026-09-30 23:31:36.093 Df TextInsertSpike[16799:c5b078] [com.apple.xpc:session] [0x1063bb020] Disposing of session
2026-09-30 23:31:36.093 Df TextInsertSpike[16799:c5afde] [com.apple.UIKit:Application] Deactivation reason added: 11; deactivation reasons: 4128 -> 6176; animating application lifecycle event: 0
2026-09-30 23:31:36.093 Df TextInsertSpike[16799:c5afde] [com.apple.RemoteTextInput:InputSessionChange] -[RTIInputSystemClient endAllowingRemoteTextInput:completion:]  End allowing remote text input: EF8C6058-DD74-48D6-959B-3419E830A462
2026-09-30 23:31:36.093 Df TextInsertSpike[16799:c5afde] [com.apple.KeyboardArbiter:Client] TX setWindowContextID:587576696 windowState:Disabled level:5.0
    focusContext:<contextID:2610451970 sceneID:com.tarunyadgirkar.prefill.spike.textinsert-85A7109D-B842-4933-8BBF-51C9DB391CCC>
2026-09-30 23:31:36.094 Df InputUI[87035:c33b5c] [com.apple.KeyboardArbiter:Handle] RX com.tarunyadgirkar.prefill.spike.textinsert(16799) setWindowContextID:587576696 windowState:Disabled level:5.0
    focusContext:<contextID:2610451970 sceneID:com.tarunyadgirkar.prefill.spike.textinsert-85A7109D-B842-4933-8BBF-51C9DB391CCC>
2026-09-30 23:31:36.095 Df InputUI[87035:c33b5c] [com.apple.KeyboardArbiter:Events] Deactivating client handle: com.tarunyadgirkar.prefill.spike.textinsert(16799)
2026-09-30 23:31:36.095 Df InputUI[87035:c33b5c] [com.apple.FrontBoard:Scene] [com.apple.InputUI.keyboard:KeyboardInputScene-com.apple.frontboard.systemappservices/FBSceneManager:sceneID%3Acom.tarunyadgirkar.prefill.spike.textinsert-85A7109D-B842-4933-8BBF-51C9DB391CCC] Removing parent scene.
2026-09-30 23:31:36.095 A  TextInsertSpike[16799:c5b078] (RunningBoardServices) observedProcessStatesDidChange
2026-09-30 23:31:36.095 Df TextInsertSpike[16799:c5afde] [com.apple.UIKit:BackgroundTask] Will add backgroundTask with taskName: _UIRemoteKeyboard XPC disconnection, expirationHandler: (null)
2026-09-30 23:31:36.095 Df TextInsertSpike[16799:c5afde] [com.apple.UIKit:BackgroundTask] Creating new assertion because there is no existing background assertion.
2026-09-30 23:31:36.095 Df TextInsertSpike[16799:c5afde] [com.apple.UIKit:BackgroundTask] Creating new background assertion
2026-09-30 23:31:36.095 Df TextInsertSpike[16799:c5afde] [com.apple.UIKit:BackgroundTask] Created new background assertion <BKSProcessAssertion: 0x115502670>
2026-09-30 23:31:36.096 Df InputUI[87035:c33b5c] [com.apple.FrontBoard:Scene] [com.apple.InputUI.keyboard:KeyboardInputScene-com.apple.frontboard.systemappservices/FBSceneManager:sceneID%3Acom.tarunyadgirkar.prefill.spike.textinsert-85A7109D-B842-4933-8BBF-51C9DB391CCC] scene content state changed: 
2026-09-30 23:31:36.096 Df InputUI[87035:c33b5c] [com.apple.UIKit:KeyboardScene] controller-level hosting assertion relinquished for scene com.apple.UIKit.KeyboardManagement.hosted/com.apple.InputUI.keyboard:KeyboardInputScene-com.apple.frontboard.systemappservices%2FFBSceneManager%3AsceneID%253Acom
2026-09-30 23:31:36.096 Df InputUI[87035:c33b5c] [com.apple.UIKit:KeyboardScene] workspace-level hosting assertion relinquished for scene com.apple.UIKit.KeyboardManagement.hosted/com.apple.InputUI.keyboard:KeyboardInputScene-com.apple.frontboard.systemappservices%2FFBSceneManager%3AsceneID%253Acom.
2026-09-30 23:31:36.096 Df InputUI[87035:c5b9d8] [com.apple.FrontBoard:ProcessScene] [0x106e4a340:com.apple.InputUI.keyboard:KeyboardInputScene-com.apple.frontboard.systemappservices/FBSceneManager:sceneID%3Acom.tarunyadgirkar.prefill.spike.textinsert-85A7109D-B842-4933-8BBF-51C9DB391CCC] Scene life
2026-09-30 23:31:36.096 Df InputUI[87035:c5b9d8] [com.apple.FrontBoard:ProcessScene] [0x106e4a340:com.apple.InputUI.keyboard:KeyboardInputScene-com.apple.frontboard.systemappservices/FBSceneManager:sceneID%3Acom.tarunyadgirkar.prefill.spike.textinsert-85A7109D-B842-4933-8BBF-51C9DB391CCC] Scene stat
2026-09-30 23:31:36.096 Df TextInsertSpike[16799:c5afde] [com.apple.UIKit:BackgroundTask] Incrementing reference count for background assertion <BKSProcessAssertion: 0x115502670>
2026-09-30 23:31:36.096 Df TextInsertSpike[16799:c5afde] [com.apple.UIKit:BackgroundTask] Created background task <_UIBackgroundTaskInfo: 0x113be8540>: taskID = 2, taskName = _UIRemoteKeyboard XPC disconnection, creationTime = 516689 (elapsed = 0).
2026-09-30 23:31:36.096 Df TextInsertSpike[16799:c5afde] [com.apple.KeyboardArbiter:Client] com.tarunyadgirkar.prefill.spike.textinsert(16799) invalidateConnection (appDidSuspend)
2026-09-30 23:31:36.097 Df TextInsertSpike[16799:c5afde] [com.apple.UIKit:BackgroundTask] Will add backgroundTask with taskName: com.apple.asset_manager.cache_resource_cleanup, expirationHandler: <__NSMallocBlock__: 0x114f355f0>
2026-09-30 23:31:36.097 Df SpringBoard[86754:c5b6da] [com.apple.FrontBoard:ProcessScene] [0x11fc65f80:(FBSceneManager):sceneID:com.tarunyadgirkar.prefill.spike.textinsert-85A7109D-B842-4933-8BBF-51C9DB391CCC] Sending scene action [Forward Event][0x245d] to process 0x1196c9e00 (watchdog: 600.00s)
2026-09-30 23:31:36.097 Df TextInsertSpike[16799:c5afde] [com.apple.UIKit:BackgroundTask] Reusing background assertion <BKSProcessAssertion: 0x115502670>
2026-09-30 23:31:36.097 Df SpringBoard[86754:c334f8] [com.apple.SpringBoard:Common] Application process state changed for com.tarunyadgirkar.prefill.spike.textinsert: <SBApplicationProcessState: 0x11f7001e0; pid: 16799; taskState: Running; visibility: Background>
2026-09-30 23:31:36.097 Df TextInsertSpike[16799:c5afde] [com.apple.UIKit:BackgroundTask] Incrementing reference count for background assertion <BKSProcessAssertion: 0x115502670>
2026-09-30 23:31:36.097 Df TextInsertSpike[16799:c5afde] [com.apple.UIKit:BackgroundTask] Created background task <_UIBackgroundTaskInfo: 0x113be8500>: taskID = 3, taskName = com.apple.asset_manager.cache_resource_cleanup, creationTime = 516689 (elapsed = 0).
2026-09-30 23:31:36.097 Df TextInsertSpike[16799:c5afde] [com.apple.UIKit:BackgroundTask] Ending background task with UIBackgroundTaskIdentifier: 3
2026-09-30 23:31:36.097 Df TextInsertSpike[16799:c5afde] [com.apple.UIKit:BackgroundTask] Ending task with identifier 3 and description: <_UIBackgroundTaskInfo: 0x113be8500>: taskID = 3, taskName = com.apple.asset_manager.cache_resource_cleanup, creationTime = 516689 (elapsed = 0), _expireHandler: <
2026-09-30 23:31:36.097 Df TextInsertSpike[16799:c5afde] [com.apple.UIKit:BackgroundTask] Decrementing reference count for assertion <BKSProcessAssertion: 0x115502670> (used by background task with identifier 3: <_UIBackgroundTaskInfo: 0x113be8500>: taskID = 3, taskName = com.apple.asset_manager.cac
2026-09-30 23:31:36.097 Df TextInsertSpike[16799:c5afde] [com.apple.UIKit:BackgroundTask] Will add backgroundTask with taskName: com.apple.asset_manager.cache_resource_cleanup, expirationHandler: <__NSMallocBlock__: 0x114f355f0>
2026-09-30 23:31:36.097 Df TextInsertSpike[16799:c5afde] [com.apple.UIKit:BackgroundTask] Reusing background assertion <BKSProcessAssertion: 0x115502670>
2026-09-30 23:31:36.097 Df TextInsertSpike[16799:c5afde] [com.apple.UIKit:BackgroundTask] Incrementing reference count for background assertion <BKSProcessAssertion: 0x115502670>
2026-09-30 23:31:36.097 Df TextInsertSpike[16799:c5afde] [com.apple.UIKit:BackgroundTask] Created background task <_UIBackgroundTaskInfo: 0x113be8340>: taskID = 4, taskName = com.apple.asset_manager.cache_resource_cleanup, creationTime = 516689 (elapsed = 0).
2026-09-30 23:31:36.097 Df TextInsertSpike[16799:c5afde] [com.apple.UIKit:BackgroundTask] Ending background task with UIBackgroundTaskIdentifier: 4
2026-09-30 23:31:36.097 Df InputUI[87035:c33b5c] [com.apple.KeyboardArbiter:Events] Event deferring target change: com.apple.frontboard.systemappservices/FBSceneManager:sceneID%3Acom.tarunyadgirkar.prefill.spike.textinsert-85A7109D-B842-4933-8BBF-51C9DB391CCC -> com.apple.frontboard.systemappservice
2026-09-30 23:31:36.098 Df TextInsertSpike[16799:c5b078] [com.apple.BackBoard:EventDelivery] will update observations for 3 observers
2026-09-30 23:31:36.098 Df TextInsertSpike[16799:c5afde] [com.apple.UIKit:BackgroundTask] Ending task with identifier 4 and description: <_UIBackgroundTaskInfo: 0x113be8340>: taskID = 4, taskName = com.apple.asset_manager.cache_resource_cleanup, creationTime = 516689 (elapsed = 0), _expireHandler: <
2026-09-30 23:31:36.098 Df TextInsertSpike[16799:c5afde] [com.apple.UIKit:BackgroundTask] Decrementing reference count for assertion <BKSProcessAssertion: 0x115502670> (used by background task with identifier 4: <_UIBackgroundTaskInfo: 0x113be8340>: taskID = 4, taskName = com.apple.asset_manager.cac
    "<environment: keyboardFocus; target: <token: 16799:FBWorkspace-com.tarunyadgirkar.prefill.spike.textinsert/UISceneHosting-com.tarunyadgirkar.prefill.spike.textinsert:UIHostedScene-com.apple.InputUI-5980D490; pid: 87035>>" = "<reachability: unreachable; deferringGraphGeneration: 306>";
2026-09-30 23:31:36.098 Df TextInsertSpike[16799:c5b078] [com.apple.BackBoard:EventDelivery] [BKSHIDEventObserver] policy-per (
2026-09-30 23:31:36.098 Df InputUI[87035:c5b9d8] [com.apple.FrontBoard:ProcessWorkspace] [app<com.tarunyadgirkar.prefill.spike.textinsert>:16799] Workspace state did change: FV-Focal[100] --> FG-Active[90] (assertion acquired).
2026-09-30 23:31:36.098 Df TextInsertSpike[16799:c5b078] [com.apple.BackBoard:EventDelivery] will update observations for 3 observers
2026-09-30 23:31:36.098 Df TextInsertSpike[16799:c5b078] [com.apple.BackBoard:EventDelivery] policyStatus:<0x108cec1c0; _UIKeyWindowSceneObserver-0x10629f390; fb/FBSceneManager:sceneID%3Acom.tarunyadgirkar.prefill.spike.textinsert-85A7109D-B842-4933-8BBF-51C9DB391CCC; <none; generation: 0>> was:<anc
    "<environment: keyboardFocus; target: <token: 16799:FBWorkspace-com.tarunyadgirkar.prefill.spike.textinsert/UISceneHosting-com.tarunyadgirkar.prefill.spike.textinsert:UIHostedScene-com.apple.InputUI-5980D490; pid: 87035>>" = "<reachability: unreachable; deferringGraphGeneration: 307>";
2026-09-30 23:31:36.098 Df InputUI[87035:c5b9d8] [com.apple.FrontBoard:Process] [app<com.tarunyadgirkar.prefill.spike.textinsert>:16799] Setting process visibility to: Background
2026-09-30 23:31:36.098 Df InputUI[87035:c5b9d8] [com.apple.FrontBoard:ProcessScene] [0x106e4a340:com.apple.InputUI.keyboard:KeyboardInputScene-com.apple.frontboard.systemappservices/FBSceneManager:sceneID%3Acom.tarunyadgirkar.prefill.spike.textinsert-85A7109D-B842-4933-8BBF-51C9DB391CCC] Sending sc
2026-09-30 23:31:36.098 Df TextInsertSpike[16799:c5b078] [com.apple.BackBoard:EventDelivery] [BKSHIDEventObserver] policyDidChange: 0x108cec1c0 -> <_UIKeyWindowSceneObserver: 0x10629f390> now:<none; generation: 0>
2026-09-30 23:31:36.099 Df InputUI[87035:c33b5c] [com.apple.KeyboardArbiter:Handle] com.tarunyadgirkar.prefill.spike.textinsert(16799) lostConnection (invalidation)
2026-09-30 23:31:36.099 Df TextInsertSpike[16799:c5afde] [com.apple.UIKit:BackgroundTask] Will add backgroundTask with taskName: com.apple.asset_manager.cache_resource_cleanup, expirationHandler: <__NSMallocBlock__: 0x1096f9b30>
2026-09-30 23:31:36.099 Df TextInsertSpike[16799:c5afde] [com.apple.UIKit:BackgroundTask] Reusing background assertion <BKSProcessAssertion: 0x115502670>
2026-09-30 23:31:36.099 Df TextInsertSpike[16799:c5afde] [com.apple.UIKit:BackgroundTask] Incrementing reference count for background assertion <BKSProcessAssertion: 0x115502670>
2026-09-30 23:31:36.099 Df TextInsertSpike[16799:c5afde] [com.apple.UIKit:BackgroundTask] Created background task <_UIBackgroundTaskInfo: 0x113bea980>: taskID = 5, taskName = com.apple.asset_manager.cache_resource_cleanup, creationTime = 516689 (elapsed = 0).
2026-09-30 23:31:36.099 Df TextInsertSpike[16799:c5afde] [com.apple.UIKit:BackgroundTask] Ending background task with UIBackgroundTaskIdentifier: 5
2026-09-30 23:31:36.099 Df TextInsertSpike[16799:c5afde] [com.apple.UIKit:BackgroundTask] Ending task with identifier 5 and description: <_UIBackgroundTaskInfo: 0x113bea980>: taskID = 5, taskName = com.apple.asset_manager.cache_resource_cleanup, creationTime = 516689 (elapsed = 0), _expireHandler: <
2026-09-30 23:31:36.100 Df TextInsertSpike[16799:c5afde] [com.apple.UIKit:BackgroundTask] Decrementing reference count for assertion <BKSProcessAssertion: 0x115502670> (used by background task with identifier 5: <_UIBackgroundTaskInfo: 0x113bea980>: taskID = 5, taskName = com.apple.asset_manager.cac
2026-09-30 23:31:36.100 Df InputUI[87035:c33b5c] [com.apple.KeyboardArbiter:Handle] RX com.tarunyadgirkar.prefill.spike.textinsert(16799) setWindowContextID:0 windowState:Disabled level:0.0
2026-09-30 23:31:36.100 Df InputUI[87035:c33b5c] [com.apple.UIKit:KeyboardScene] KeyboardArbiter has no scene identity for client handle <_UIKeyboardArbiterClientHandle: 0x106eedb20; [app<com.tarunyadgirkar.prefill.spike.textinsert((null))>:16799] <(null)>; hosting PIDs {(
2026-09-30 23:31:36.100 Df TextInsertSpike[16799:c5b078] [com.apple.BackBoard:EventDelivery] policyStatus:<0x108cef9c0; _UIKeyboardFocusAssistant-0x1060804e0; fb/FBSceneManager:sceneID%3Acom.tarunyadgirkar.prefill.spike.textinsert-85A7109D-B842-4933-8BBF-51C9DB391CCC; <none; generation: 0>> was:<anc
2026-09-30 23:31:36.100 Df TextInsertSpike[16799:c5b078] [com.apple.BackBoard:EventDelivery] [BKSHIDEventObserver] policyDidChange: 0x108cef9c0 -> <_UIKeyboardFocusAssistant: 0x1060804e0> now:<none; generation: 0>
2026-09-30 23:31:36.100 Df TextInsertSpike[16799:c5afde] [com.apple.UIKit:BackgroundTask] Will add backgroundTask with taskName: com.apple.asset_manager.cache_resource_cleanup, expirationHandler: <__NSMallocBlock__: 0x114f37b70>
2026-09-30 23:31:36.100 Df TextInsertSpike[16799:c5afde] [com.apple.UIKit:BackgroundTask] Reusing background assertion <BKSProcessAssertion: 0x115502670>
2026-09-30 23:31:36.100 Df TextInsertSpike[16799:c5afde] [com.apple.UIKit:BackgroundTask] Incrementing reference count for background assertion <BKSProcessAssertion: 0x115502670>
2026-09-30 23:31:36.100 Df TextInsertSpike[16799:c5afde] [com.apple.UIKit:BackgroundTask] Created background task <_UIBackgroundTaskInfo: 0x113be8f40>: taskID = 6, taskName = com.apple.asset_manager.cache_resource_cleanup, creationTime = 516689 (elapsed = 0).
2026-09-30 23:31:36.100 Df TextInsertSpike[16799:c5afde] [com.apple.UIKit:BackgroundTask] Ending background task with UIBackgroundTaskIdentifier: 6
2026-09-30 23:31:36.101 Df TextInsertSpike[16799:c5afde] [com.apple.UIKit:BackgroundTask] Ending task with identifier 6 and description: <_UIBackgroundTaskInfo: 0x113be8f40>: taskID = 6, taskName = com.apple.asset_manager.cache_resource_cleanup, creationTime = 516689 (elapsed = 0), _expireHandler: <
2026-09-30 23:31:36.101 Df TextInsertSpike[16799:c5afde] [com.apple.UIKit:BackgroundTask] Decrementing reference count for assertion <BKSProcessAssertion: 0x115502670> (used by background task with identifier 6: <_UIBackgroundTaskInfo: 0x113be8f40>: taskID = 6, taskName = com.apple.asset_manager.cac
2026-09-30 23:31:36.101 Df TextInsertSpike[16799:c5afde] [com.apple.UIKit:KeyboardAutomatic] didSuspend
2026-09-30 23:31:36.101 Df TextInsertSpike[16799:c5b078] [com.apple.BackBoard:EventDelivery] [BKSHIDEventObserver] policy-per (
2026-09-30 23:31:36.102 Df TextInsertSpike[16799:c5b078] [com.apple.network:path] nw_path_evaluator_start [7FD67BB4-EDE1-4FE4-903C-E4EA7C277B36 <NULL> generic, multipath service: handover, attribution: developer]
2026-09-30 23:31:36.102 Df TextInsertSpike[16799:c5afde] [com.apple.UIKit:Application] Deactivation reason removed: 5; deactivation reasons: 6176 -> 6144; animating application lifecycle event: 0
2026-09-30 23:31:36.103 Df TextInsertSpike[16799:c5b078] [com.apple.CoreAnalytics:client] No XPC connection in Simulator
2026-09-30 23:31:36.106 Df TextInsertSpike[16799:c5b13b] [com.apple.TextInputUI:InputSession_Proxy] -[TUIInputSessionProxy _configureConnection:]_block_invoke - InvalidationHandler called on nsxpcconnection.
2026-09-30 23:31:36.109 Df TextInsertSpike[16799:c5afde] [com.apple.UIKit:BackgroundTask] Will add backgroundTask with taskName: com.apple.uikit.applicationSnapshot, expirationHandler: <__NSMallocBlock__: 0x114f34f60>
2026-09-30 23:31:36.109 Df TextInsertSpike[16799:c5afde] [com.apple.UIKit:BackgroundTask] Reusing background assertion <BKSProcessAssertion: 0x115502670>
2026-09-30 23:31:36.109 Df TextInsertSpike[16799:c5afde] [com.apple.UIKit:BackgroundTask] Incrementing reference count for background assertion <BKSProcessAssertion: 0x115502670>
2026-09-30 23:31:36.109 Df TextInsertSpike[16799:c5afde] [com.apple.UIKit:BackgroundTask] Created background task <_UIBackgroundTaskInfo: 0x113be8c80>: taskID = 7, taskName = com.apple.uikit.applicationSnapshot, creationTime = 516689 (elapsed = 0).
2026-09-30 23:31:36.109 Df TextInsertSpike[16799:c5afde] [com.apple.UIKit:KeyboardSceneDelegate] forceReloadInputViews
2026-09-30 23:31:36.109 Df TextInsertSpike[16799:c5afde] [com.apple.UIKit:KeyboardSceneDelegate] Try reloading input views for responder:<UITextField: 0x10627b700> requiresKB:Y force:Y scene-identity:com.apple.frontboard.systemappservices/FBSceneManager:sceneID%3Acom.tarunyadgirkar.prefill.spike.tex
2026-09-30 23:31:36.109 Df TextInsertSpike[16799:c5afde] [com.apple.UIKit:KeyboardSceneDelegate] Reloading input views for key-window scene responder:<UITextField: 0x10627b700> requiresKB:Y force:Y scene-identity:com.apple.frontboard.systemappservices/FBSceneManager:sceneID%3Acom.tarunyadgirkar.pref
2026-09-30 23:31:36.109 Df TextInsertSpike[16799:c5afde] [com.apple.UIKit:KeyboardSceneDelegate] _reloadInputViewsForKeyWindowSceneResponder: 1 force: 1, fromBecomeFirstResponder: 0 (automaticKeyboard: 1, reloadIdentifier: 50C05F04-2D1C-4554-B946-6499268BF66F)
2026-09-30 23:31:36.109 Df TextInsertSpike[16799:c5afde] [com.apple.UIKit:KeyboardSceneDelegate] _inputViewsForResponder: <UITextField: 0x10627b700; frame = (0 0; 338 44); opaque = NO; >, automaticKeyboard: 1, force: 1
2026-09-30 23:31:36.109 Df TextInsertSpike[16799:c5afde] [com.apple.UIKit:KeyboardSceneDelegate] _inputViewsForResponder responderRequiresKeyboard:1, useKeyboard:1 (automaticKeyboardEnabled: 1, activeInstance:<UIKeyboardAutomatic: 0x11155a400; frame = {{0, 0}, {402, 226}}; alpha = 1.000000; isHidden
2026-09-30 23:31:36.110 Df TextInsertSpike[16799:c5afde] [com.apple.UIKit:KeyboardSceneDelegate] _inputViewsForResponder, found assistantVC: <UISystemInputAssistantViewController: 0x1115c9900; frame = {{0, 0}, {402, 0}}> (should suppress: 0, _dontNeed: 0)
2026-09-30 23:31:36.110 Df TextInsertSpike[16799:c5afde] [com.apple.UIKit:KeyboardUI] -[_UIKeyboardStateManager initWithPresentationDelegateView:forCustomInputView:] UIDevice.currentDevice._hardwareKeyboardAvailable = YES
2026-09-30 23:31:36.110 Df TextInsertSpike[16799:c5afde] [com.apple.BackBoard:Keyboard] currently observing: YES
2026-09-30 23:31:36.110 Df TextInsertSpike[16799:c5afde] [com.apple.BackBoard:Keyboard] connected: (
2026-09-30 23:31:36.110 Df TextInsertSpike[16799:c5afde] [com.apple.BackBoard:Keyboard] currently observing: NO
2026-09-30 23:31:36.110 Df TextInsertSpike[16799:c5afde] [com.apple.BackBoard:Keyboard] disconnected: (
2026-09-30 23:31:36.110 Df TextInsertSpike[16799:c5afde] [com.apple.TextInputUI:KeyboardInputManagerMux] Instancing system input manager: App->InputUI->kbd (secure candidate flow with in process keyboard)
2026-09-30 23:31:36.110 Df TextInsertSpike[16799:c5afde] [com.apple.TextInputUI:InputSession_Proxy] -[TUIInputSessionProxy _initalizeConnectionWithMachName:serviceName:implProxy:], machName: com.apple.inputservice.keyboardui, serviceName: com.apple.inputservice.inputManager
2026-09-30 23:31:36.111 Df TextInsertSpike[16799:c5afde] [com.apple.BackBoard:Keyboard] currently observing: YES
2026-09-30 23:31:36.111 Df TextInsertSpike[16799:c5afde] [com.apple.BackBoard:Keyboard] connected: (
2026-09-30 23:31:36.111 Df TextInsertSpike[16799:c5afde] [com.apple.BackBoard:Keyboard] currently observing: NO
2026-09-30 23:31:36.111 Df TextInsertSpike[16799:c5afde] [com.apple.BackBoard:Keyboard] disconnected: (
2026-09-30 23:31:36.111 Df InputUI[87035:c5add4] [com.apple.TextInputUI:InputSession_Manager] Created TUIInputSession with new incoming connection: <TUIInputSession: 0x104331440; identifier = 16799-BEB656EE-9F48-4C5E-BAA9-56B7B89F0B5B, bundle-id = 5AKJYZ7USP.com.tarunyadgirkar.prefill.spike.textinse
    "Key[10915560598552991]: <TUIInputSession: 0x104331440; identifier = 16799-BEB656EE-9F48-4C5E-BAA9-56B7B89F0B5B, bundle-id = 5AKJYZ7USP.com.tarunyadgirkar.prefill.spike.textinsert>, hasDelegate: YES",
2026-09-30 23:31:36.111 Df TextInsertSpike[16799:c5afde] [com.apple.BackBoard:Keyboard] currently observing: YES
2026-09-30 23:31:36.111 Df TextInsertSpike[16799:c5afde] [com.apple.BackBoard:Keyboard] connected: (
2026-09-30 23:31:36.111 Df TextInsertSpike[16799:c5afde] [com.apple.BackBoard:Keyboard] currently observing: NO
2026-09-30 23:31:36.111 Df TextInsertSpike[16799:c5afde] [com.apple.BackBoard:Keyboard] disconnected: (
2026-09-30 23:31:36.112 Df TextInsertSpike[16799:c5afde] [com.apple.BackBoard:Keyboard] currently observing: YES
2026-09-30 23:31:36.112 Df TextInsertSpike[16799:c5afde] [com.apple.BackBoard:Keyboard] connected: (
2026-09-30 23:31:36.112 Df TextInsertSpike[16799:c5afde] [com.apple.BackBoard:Keyboard] currently observing: NO
2026-09-30 23:31:36.112 Df TextInsertSpike[16799:c5afde] [com.apple.BackBoard:Keyboard] disconnected: (
2026-09-30 23:31:36.112 Df TextInsertSpike[16799:c5afde] [com.apple.UIKit:UIKBFeedbackGenerator] <_UIKBFeedbackGenerator: 0x115675b00>: Updating mode. Haptics: unsupported. Haptics: disabled. Ringer: on. Sound: enabled. Mode: audio only
2026-09-30 23:31:36.112 Df TextInsertSpike[16799:c5afde] [com.apple.UIKit:KeyboardSceneDelegate] _inputViewsForResponder, useKeyboard ivs: <UIInputViewSet: 0x115675bc0>
2026-09-30 23:31:36.112 Df TextInsertSpike[16799:c5afde] [com.apple.UIKit:KeyboardSceneDelegate] _inputViewsForResponder returning: <<UIInputViewSet: 0x115675bc0>; keyboard = <UIKeyboardAutomatic: 0x11155a400; frame = (0 0; 402 226); opaque = NO; layer = <CALayer: 0x108dbb540>>%; assistant = <TUISys
2026-09-30 23:31:36.113 Df TextInsertSpike[16799:c5afde] [com.apple.BackBoard:Keyboard] currently observing: YES
2026-09-30 23:31:36.113 Df TextInsertSpike[16799:c5afde] [com.apple.BackBoard:Keyboard] connected: (
2026-09-30 23:31:36.113 Df TextInsertSpike[16799:c5afde] [com.apple.BackBoard:Keyboard] currently observing: NO
2026-09-30 23:31:36.113 Df TextInsertSpike[16799:c5afde] [com.apple.BackBoard:Keyboard] disconnected: (
2026-09-30 23:31:36.113 Df TextInsertSpike[16799:c5afde] [com.apple.UIKit:InputSessionChange] -setDelegate=<_UITypeSelectKeyInput: 0x113a33600> force:NO delayEndInputSession:NO (delegateSame=NO)
2026-09-30 23:31:36.113 Df TextInsertSpike[16799:c5afde] [com.apple.UIKit:InputSessionChange] -_teardownExistingDelegate:(nil) forSetDelegate:<_UITypeSelectKeyInput: 0x113a33600> force:NO delayEndInputSession:NO
2026-09-30 23:31:36.113 Df TextInsertSpike[16799:c5afde] [com.apple.UIKit:KeyboardAutocorrectionControllerUI] -[UIKeyboardAutocorrectionController setAutocorrectionList:], (null)
2026-09-30 23:31:36.113 Df TextInsertSpike[16799:c5afde] [com.apple.UIKit:SmartReply] Handling responseContextDidChange - existing: (null), new: (null)
2026-09-30 23:31:36.115 E  TextInsertSpike[16799:c5afde] [com.apple.UIKit:UIFocus] UIKeyboardLayoutStar implements focusItemsInRect: - caching for linear focus movement is limited as long as this view is on screen.
2026-09-30 23:31:36.118 E  TextInsertSpike[16799:c5afde] [com.apple.UIKit:UIKBRenderingLog] isKeyboardMinorEdgeWidth may only be set for UIKBDynamicRenderFactory, changes not saved
2026-09-30 23:31:36.118 E  TextInsertSpike[16799:c5afde] [com.apple.UIKit:UIKBRenderingLog] keyboardVerticalSizeClass may only be set for UIKBDynamicRenderFactory, changes not saved
2026-09-30 23:31:36.118 E  TextInsertSpike[16799:c5afde] [com.apple.UIKit:UIKBRenderingLog] keyboardHorizontalSizeClass may only be set for UIKBDynamicRenderFactory, changes not saved
2026-09-30 23:31:36.118 E  TextInsertSpike[16799:c5afde] [com.apple.UIKit:UIKBRenderingLog] currentHandBias may only be set for UIKBDynamicRenderFactory, changes not saved
2026-09-30 23:31:36.118 E  TextInsertSpike[16799:c5afde] [com.apple.UIKit:UIKBRenderingLog] currentHeight may only be set for UIKBDynamicRenderFactory, changes not saved
2026-09-30 23:31:36.118 E  TextInsertSpike[16799:c5afde] [com.apple.UIKit:UIKBRenderingLog] isKeyboardMinorEdgeWidth may only be set for UIKBDynamicRenderFactory, changes not saved
2026-09-30 23:31:36.118 E  TextInsertSpike[16799:c5afde] [com.apple.UIKit:UIKBRenderingLog] keyboardVerticalSizeClass may only be set for UIKBDynamicRenderFactory, changes not saved
2026-09-30 23:31:36.118 E  TextInsertSpike[16799:c5afde] [com.apple.UIKit:UIKBRenderingLog] keyboardHorizontalSizeClass may only be set for UIKBDynamicRenderFactory, changes not saved
2026-09-30 23:31:36.118 E  TextInsertSpike[16799:c5afde] [com.apple.UIKit:UIKBRenderingLog] currentHandBias may only be set for UIKBDynamicRenderFactory, changes not saved
2026-09-30 23:31:36.118 E  TextInsertSpike[16799:c5afde] [com.apple.UIKit:UIKBRenderingLog] currentHeight may only be set for UIKBDynamicRenderFactory, changes not saved
2026-09-30 23:31:36.119 Df TextInsertSpike[16799:c5afde] [com.apple.TextInputUI:DynamicKeyplaneView] <TUIKeyplaneView: 0x11397ed00> changed keyplane size to {402, 216}; docked
2026-09-30 23:31:36.119 Df TextInsertSpike[16799:c5afde] [com.apple.TextInputUI:DynamicKeyplaneView] Setting dynamic keyplane: Dynamic-QWERTY-British-Small_Small-Letters-Small-Display
2026-09-30 23:31:36.119 E  TextInsertSpike[16799:c5afde] [com.apple.UIKit:UIKBRenderingLog] isKeyboardMinorEdgeWidth may only be set for UIKBDynamicRenderFactory, changes not saved
2026-09-30 23:31:36.119 E  TextInsertSpike[16799:c5afde] [com.apple.UIKit:UIKBRenderingLog] keyboardVerticalSizeClass may only be set for UIKBDynamicRenderFactory, changes not saved
2026-09-30 23:31:36.119 E  TextInsertSpike[16799:c5afde] [com.apple.UIKit:UIKBRenderingLog] keyboardHorizontalSizeClass may only be set for UIKBDynamicRenderFactory, changes not saved
2026-09-30 23:31:36.119 E  TextInsertSpike[16799:c5afde] [com.apple.UIKit:UIKBRenderingLog] currentHandBias may only be set for UIKBDynamicRenderFactory, changes not saved
2026-09-30 23:31:36.119 E  TextInsertSpike[16799:c5afde] [com.apple.UIKit:UIKBRenderingLog] currentHeight may only be set for UIKBDynamicRenderFactory, changes not saved
2026-09-30 23:31:36.123 Df TextInsertSpike[16799:c5afde] [com.apple.TextInputUI:KeyboardInputManagerMux] -[TUIKeyboardInputManagerMux forwardInvocation:] -> <NSInvocation: 0x113bcb780>
2026-09-30 23:31:36.123 Df TextInsertSpike[16799:c5afde] [com.apple.TextInputUI:InputSession_Proxy] -[TUIInputSessionProxy handleRequest:], invocation: changingContextWithTrigger:
2026-09-30 23:31:36.124 Df TextInsertSpike[16799:c5afde] [com.apple.UIKit:KeyboardUI] Creating a new RTI client
2026-09-30 23:31:36.124 Df TextInsertSpike[16799:c5afde] [com.apple.xpc:connection] [0x11172ca00] activating connection: mach=true listener=false peer=false name=com.apple.remote-text-editing-legacy
2026-09-30 23:31:36.124 A  TextInsertSpike[16799:c5b13b] (RunningBoardServices) observedProcessStatesDidChange
2026-09-30 23:31:36.124 Df launchd_sim[86751:c5bc6c] [user/502:] failed lookup: name = com.apple.remote-text-editing-legacy, requestor = TextInsertSpike[16799], error = 3: No such process
2026-09-30 23:31:36.125 Df TextInsertSpike[16799:c5afde] [com.apple.xpc:connection] [0x11172ca00] failed to do a bootstrap look-up: xpc_error=[3: No such process]
2026-09-30 23:31:36.125 Df TextInsertSpike[16799:c5afde] [com.apple.xpc:connection] [0x11172ca00] invalidated after a failed init
2026-09-30 23:31:36.125 Df TextInsertSpike[16799:c5afde] [com.apple.xpc:connection] [0x11172e580] activating connection: mach=true listener=false peer=false name=com.apple.sharing.remote-text-editing
2026-09-30 23:31:36.125 Df TextInsertSpike[16799:c5b078] [com.apple.RemoteTextInput:InputSessionChange] -[RTIInputSystemClient _configureConnection:withMachName:]_block_invoke_2  Client connection to service was invalidated: <NSXPCConnection: 0x11152bb60> connection to service named com.apple.remote
2026-09-30 23:31:36.125 Df TextInsertSpike[16799:c5afde] [com.apple.xpc:connection] [0x11550ae40] activating connection: mach=true listener=false peer=false name=com.apple.rti-screencontinuity
2026-09-30 23:31:36.125 Df launchd_sim[86751:c5bc6c] [user/502:] failed lookup: name = com.apple.rti-screencontinuity, requestor = TextInsertSpike[16799], error = 3: No such process
2026-09-30 23:31:36.125 Df TextInsertSpike[16799:c5afde] [com.apple.xpc:connection] [0x11550ae40] failed to do a bootstrap look-up: xpc_error=[3: No such process]
2026-09-30 23:31:36.125 Df TextInsertSpike[16799:c5afde] [com.apple.xpc:connection] [0x11550ae40] invalidated after a failed init
2026-09-30 23:31:36.125 Df TextInsertSpike[16799:c5b078] [com.apple.RemoteTextInput:InputSessionChange] -[RTIInputSystemClient _configureConnection:withMachName:]_block_invoke_2  Client connection to service was invalidated: <NSXPCConnection: 0x111528dc0> connection to service named com.apple.rti-sc
2026-09-30 23:31:36.125 Df TextInsertSpike[16799:c5afde] [com.apple.RemoteTextInput:InputSessionChange] -[RTIInputSystemClient beginAllowingRemoteTextInput:]  Begin allowing remote text input: 2F7ECCAF-1B0B-4AF1-BD76-B21031A2AFD6
2026-09-30 23:31:36.125 Df TextInsertSpike[16799:c5b13b] [com.apple.network:path] nw_path_evaluator_cancel [7FD67BB4-EDE1-4FE4-903C-E4EA7C277B36] cancel
2026-09-30 23:31:36.126 Df TextInsertSpike[16799:c5afde] [com.apple.Pasteboard:Pasteboard] PBItemCollection shutdown: invalidating data-consumers listener=0x0 remoteConnection=0x0 for itemCollection=809EC928-F443-47E8-8B0D-7A9598D2495E
2026-09-30 23:31:36.127 Df TextInsertSpike[16799:c5afde] [com.apple.RemoteTextInput:RTILog] -[RTIInputSystemClient remoteTextInputSessionWithID:textSuggestionsChanged:]  Text input session suggestions changed. sessionID = 2F7ECCAF-1B0B-4AF1-BD76-B21031A2AFD6
2026-09-30 23:31:36.127 Df TextInsertSpike[16799:c5afde] [com.apple.UIKit:InterfaceStyle] Push traits update to screen for new style 1, <UIWindowScene: 0x108ccd680> (85A7109D-B842-4933-8BBF-51C9DB391CCC)
2026-09-30 23:31:36.128 Df TextInsertSpike[16799:c5afde] [com.apple.UIKit:KeyboardSceneDelegate] forceReloadInputViews
2026-09-30 23:31:36.128 Df TextInsertSpike[16799:c5afde] [com.apple.UIKit:KeyboardSceneDelegate] Try reloading input views for responder:<UITextField: 0x10627b700> requiresKB:Y force:Y scene-identity:com.apple.frontboard.systemappservices/FBSceneManager:sceneID%3Acom.tarunyadgirkar.prefill.spike.tex
2026-09-30 23:31:36.128 Df TextInsertSpike[16799:c5afde] [com.apple.UIKit:KeyboardSceneDelegate] Reloading input views for key-window scene responder:<UITextField: 0x10627b700> requiresKB:Y force:Y scene-identity:com.apple.frontboard.systemappservices/FBSceneManager:sceneID%3Acom.tarunyadgirkar.pref
2026-09-30 23:31:36.128 Df TextInsertSpike[16799:c5afde] [com.apple.UIKit:KeyboardSceneDelegate] _reloadInputViewsForKeyWindowSceneResponder: 1 force: 1, fromBecomeFirstResponder: 0 (automaticKeyboard: 1, reloadIdentifier: EA31548F-F001-4B5B-8F97-A7408B1E6684)
2026-09-30 23:31:36.128 Df TextInsertSpike[16799:c5afde] [com.apple.UIKit:KeyboardSceneDelegate] _inputViewsForResponder: <UITextField: 0x10627b700; frame = (0 0; 338 44); opaque = NO; >, automaticKeyboard: 1, force: 1
2026-09-30 23:31:36.128 Df TextInsertSpike[16799:c5afde] [com.apple.UIKit:KeyboardSceneDelegate] _inputViewsForResponder responderRequiresKeyboard:1, useKeyboard:1 (automaticKeyboardEnabled: 1, activeInstance:<UIKeyboardAutomatic: 0x11155a400; frame = {{0, 0}, {402, 226}}; alpha = 1.000000; isHidden
2026-09-30 23:31:36.128 Df TextInsertSpike[16799:c5afde] [com.apple.UIKit:KeyboardSceneDelegate] _inputViewsForResponder, found assistantVC: <UISystemInputAssistantViewController: 0x1115c9900; frame = {{0, 0}, {402, 0}}> (should suppress: 0, _dontNeed: 0)
2026-09-30 23:31:36.128 Df TextInsertSpike[16799:c5afde] [com.apple.UIKit:KeyboardSceneDelegate] _inputViewsForResponder, useKeyboard ivs: <UIInputViewSet: 0x115675380>
2026-09-30 23:31:36.128 Df TextInsertSpike[16799:c5afde] [com.apple.UIKit:KeyboardSceneDelegate] _inputViewsForResponder returning: <<UIInputViewSet: 0x115675380>; keyboard = <UIKeyboardAutomatic: 0x11155a400; frame = (0 0; 402 226); opaque = NO; layer = <CALayer: 0x108dbb540>>%; assistant = <TUISys
2026-09-30 23:31:36.129 Df TextInsertSpike[16799:c5afde] [com.apple.BackBoard:Keyboard] currently observing: YES
2026-09-30 23:31:36.129 Df TextInsertSpike[16799:c5afde] [com.apple.BackBoard:Keyboard] connected: (
2026-09-30 23:31:36.129 Df TextInsertSpike[16799:c5afde] [com.apple.BackBoard:Keyboard] currently observing: NO
2026-09-30 23:31:36.129 Df TextInsertSpike[16799:c5afde] [com.apple.BackBoard:Keyboard] disconnected: (
2026-09-30 23:31:36.131 E  TextInsertSpike[16799:c5afde] [com.apple.UIKit:UIKBRenderingLog] isKeyboardMinorEdgeWidth may only be set for UIKBDynamicRenderFactory, changes not saved
2026-09-30 23:31:36.131 E  TextInsertSpike[16799:c5afde] [com.apple.UIKit:UIKBRenderingLog] keyboardVerticalSizeClass may only be set for UIKBDynamicRenderFactory, changes not saved
2026-09-30 23:31:36.131 E  TextInsertSpike[16799:c5afde] [com.apple.UIKit:UIKBRenderingLog] keyboardHorizontalSizeClass may only be set for UIKBDynamicRenderFactory, changes not saved
2026-09-30 23:31:36.131 E  TextInsertSpike[16799:c5afde] [com.apple.UIKit:UIKBRenderingLog] currentHandBias may only be set for UIKBDynamicRenderFactory, changes not saved
2026-09-30 23:31:36.131 E  TextInsertSpike[16799:c5afde] [com.apple.UIKit:UIKBRenderingLog] currentHeight may only be set for UIKBDynamicRenderFactory, changes not saved
2026-09-30 23:31:36.131 E  TextInsertSpike[16799:c5afde] [com.apple.UIKit:UIKBRenderingLog] isKeyboardMinorEdgeWidth may only be set for UIKBDynamicRenderFactory, changes not saved
2026-09-30 23:31:36.131 E  TextInsertSpike[16799:c5afde] [com.apple.UIKit:UIKBRenderingLog] keyboardVerticalSizeClass may only be set for UIKBDynamicRenderFactory, changes not saved
2026-09-30 23:31:36.132 E  TextInsertSpike[16799:c5afde] [com.apple.UIKit:UIKBRenderingLog] keyboardHorizontalSizeClass may only be set for UIKBDynamicRenderFactory, changes not saved
2026-09-30 23:31:36.132 E  TextInsertSpike[16799:c5afde] [com.apple.UIKit:UIKBRenderingLog] currentHandBias may only be set for UIKBDynamicRenderFactory, changes not saved
2026-09-30 23:31:36.132 E  TextInsertSpike[16799:c5afde] [com.apple.UIKit:UIKBRenderingLog] currentHeight may only be set for UIKBDynamicRenderFactory, changes not saved
2026-09-30 23:31:36.139 Df TextInsertSpike[16799:c5afde] [com.apple.RemoteTextInput:RTILog] -[RTIInputSystemClient remoteTextInputSessionWithID:textSuggestionsChanged:]  Text input session suggestions changed. sessionID = 2F7ECCAF-1B0B-4AF1-BD76-B21031A2AFD6
2026-09-30 23:31:36.139 Df TextInsertSpike[16799:c5afde] [com.apple.UIKit:InterfaceStyle] Should not send trait collection or coordinate space update, interface style 1 -> 1, <UIWindowScene: 0x108ccd680> (85A7109D-B842-4933-8BBF-51C9DB391CCC)
2026-09-30 23:31:36.163 Df TextInsertSpike[16799:c5afde] [com.apple.FrontBoard:Common] Performing snapshot request 0x115519740 (type 1)
2026-09-30 23:31:36.164 Df TextInsertSpike[16799:c5afde] [com.apple.FrontBoard:SceneClient] [(FBSceneManager):sceneID:com.tarunyadgirkar.prefill.spike.textinsert-85A7109D-B842-4933-8BBF-51C9DB391CCC] Sending action(s): <FBSSceneSnapshotRequestAction: 0x419f0000>
2026-09-30 23:31:36.165 Df SpringBoard[86754:c334f8] [com.apple.FrontBoard:Scene] [(FBSceneManager):sceneID:com.tarunyadgirkar.prefill.spike.textinsert-85A7109D-B842-4933-8BBF-51C9DB391CCC] Received action(s): <FBSSceneSnapshotRequestAction: 0x419f0000>
2026-09-30 23:31:36.165 Df SpringBoard[86754:c334f8] [com.apple.SpringBoard:SceneSnapshots] <SBSceneSnapshotRequestor: 0x11f6bcf00> [sceneID:com.tarunyadgirkar.prefill.spike.textinsert-85A7109D-B842-4933-8BBF-51C9DB391CCC] Got FBSSceneSnapshotRequestTypePerform (0x11f6110e0)
2026-09-30 23:31:36.165 Df SpringBoard[86754:c334f8] [com.apple.FrontBoard:Scene] [(FBSceneManager):sceneID:com.tarunyadgirkar.prefill.spike.textinsert-85A7109D-B842-4933-8BBF-51C9DB391CCC] Component <FBSceneObserver: 0x1262c94a0; component: <SBSceneSnapshotHostComponent: 0x1097aa580>> handled actio
    <RBSInheritance| environment:UIScene:com.apple.frontboard.systemappservices/FBSceneManager:sceneID%3Acom.tarunyadgirkar.prefill.spike.textinsert-85A7109D-B842-4933-8BBF-51C9DB391CCC name:com.apple.frontboard.visibility origID:86757-86754-6336 payload 3286669422001561946>,
2026-09-30 23:31:36.182 A  TextInsertSpike[16799:c5b13c] (RunningBoardServices) didChangeInheritances
2026-09-30 23:31:36.182 A  TextInsertSpike[16799:c5b13c] (RunningBoardServices) observedProcessStatesDidChange
2026-09-30 23:31:36.182 Df SpringBoard[86754:c5bafe] [com.apple.UserNotifications:RemoteNotifications] [com.tarunyadgirkar.prefill.spike.textinsert] com.tarunyadgirkar.prefill.spike.textinsert application state changed to <RBSProcessState| task:running-active debug:none>
2026-09-30 23:31:36.182 Df SpringBoard[86754:c5bafe] [com.apple.UserNotifications:RemoteNotifications] [com.tarunyadgirkar.prefill.spike.textinsert] Ignore becoming background for application without push registration
    TextInsertSpike
2026-09-30 23:31:36.191 Df SpringBoard[86754:c5ad28] [com.apple.SplashBoard:FileManifest] [com.tarunyadgirkar.prefill.spike.textinsert] START liquidating the old, as snapshot generation succeeded
2026-09-30 23:31:36.192 Df SpringBoard[86754:c5ad28] [com.apple.SplashBoard:FileManifest] [com.tarunyadgirkar.prefill.spike.textinsert] deleting old snapshots: (
    "<XBApplicationSnapshot: 0x11964fd40; identifier: 808F36DB-7F45-4A63-A6DF-B411F7572C5D; contentType: SceneContent; referenceSize: {402, 874}; interfaceOrientation: Portrait; userInterfaceStyle: Light> {\134n    creationDate = September 30, 2026 at 11:15:13\134U202fPM PDT;\134n    keepsImageAcces
2026-09-30 23:31:36.192 Df SpringBoard[86754:c5b6da] [com.apple.SplashBoard:FileManifest] <XBApplicationSnapshotManifestImpl: 0x113c76300> [com.tarunyadgirkar.prefill.spike.textinsert] Snapshot data for <XBApplicationSnapshot: 0x116de2a00; …D25F4593B79E> [com.tarunyadgirkar.prefill.spike.textinser
2026-09-30 23:31:36.192 Df SpringBoard[86754:c5ad28] [com.apple.SplashBoard:FileManifest] <XBApplicationSnapshotManifestImpl: 0x113c76300> [com.tarunyadgirkar.prefill.spike.textinsert] Deleting snapshots: (
2026-09-30 23:31:36.192 Df SpringBoard[86754:c5ad28] [com.apple.SplashBoard:FileManifest] <XBApplicationSnapshotManifestImpl: 0x113c76300> [com.tarunyadgirkar.prefill.spike.textinsert] Deleting snapshot <XBApplicationSnapshot: 0x11964fd40; …B411F7572C5D> [com.tarunyadgirkar.prefill.spike.textinser
2026-09-30 23:31:36.192 Df SpringBoard[86754:c5ad28] [com.apple.SplashBoard:FileManifest] <XBApplicationSnapshotManifestImpl: 0x113c76300> [com.tarunyadgirkar.prefill.spike.textinsert] Deleting paths: (
    "/Users/tarunyadgirkar/Library/Developer/CoreSimulator/Devices/CF361191-F960-4212-9B76-7C41256A11C9/data/Containers/Data/Application/7523AA5B-9625-43F7-AD3B-A2BB02C6F32E/Library/SplashBoard/Snapshots/sceneID:com.tarunyadgirkar.prefill.spike.textinsert-85A7109D-B842-4933-8BBF-51C9DB391CCC/808F36D
2026-09-30 23:31:36.192 Df SpringBoard[86754:c5ad28] [com.apple.SplashBoard:FileManifest] [com.tarunyadgirkar.prefill.spike.textinsert] deleting old suspend snapshots using predicate: <XBApplicationSnapshotPredicate: 0x11946aa10> {
2026-09-30 23:31:36.192 Df SpringBoard[86754:c5ad28] [com.apple.SplashBoard:FileManifest] <XBApplicationSnapshotManifestImpl: 0x113c76300> [com.tarunyadgirkar.prefill.spike.textinsert] Deleting snapshot <XBApplicationSnapshot: 0x116de0fc0; …44F6E065793A> [com.tarunyadgirkar.prefill.spike.textinser
2026-09-30 23:31:36.192 Df SpringBoard[86754:c5ad28] [com.apple.SplashBoard:FileManifest] [com.tarunyadgirkar.prefill.spike.textinsert] STOP liquidating the old
2026-09-30 23:31:36.192 Df SpringBoard[86754:c5ad28] [com.apple.SpringBoard:SceneSnapshots] <SBSceneSnapshotRequestor: 0x11f6bcf00> [sceneID:com.tarunyadgirkar.prefill.spike.textinsert-85A7109D-B842-4933-8BBF-51C9DB391CCC] Snapshot request (0x11f6110e0) complete with error: 0
2026-09-30 23:31:36.192 Df TextInsertSpike[16799:c5b078] [com.apple.FrontBoard:Common] Snapshot request 0x115519740 complete
2026-09-30 23:31:36.193 Df TextInsertSpike[16799:c5afde] [com.apple.UIKit:InterfaceStyle] Push traits update to screen for new style 1, <UIWindowScene: 0x108ccd680> (85A7109D-B842-4933-8BBF-51C9DB391CCC)
2026-09-30 23:31:36.193 Df TextInsertSpike[16799:c5afde] [com.apple.UIKit:KeyboardSceneDelegate] Try reloading input views for responder:<UITextField: 0x10627b700> requiresKB:Y force:N scene-identity:com.apple.frontboard.systemappservices/FBSceneManager:sceneID%3Acom.tarunyadgirkar.prefill.spike.tex
2026-09-30 23:31:36.194 Df TextInsertSpike[16799:c5afde] [com.apple.UIKit:KeyboardSceneDelegate] Reloading input views for key-window scene responder:<UITextField: 0x10627b700> requiresKB:Y force:N scene-identity:com.apple.frontboard.systemappservices/FBSceneManager:sceneID%3Acom.tarunyadgirkar.pref
2026-09-30 23:31:36.194 Df TextInsertSpike[16799:c5afde] [com.apple.UIKit:KeyboardSceneDelegate] _reloadInputViewsForKeyWindowSceneResponder: 1 force: 0, fromBecomeFirstResponder: 0 (automaticKeyboard: 1, reloadIdentifier: 3B318CE3-76FB-4133-B675-5B0256EBA979)
2026-09-30 23:31:36.194 Df TextInsertSpike[16799:c5afde] [com.apple.UIKit:KeyboardSceneDelegate] _inputViewsForResponder: <UITextField: 0x10627b700; frame = (0 0; 338 44); opaque = NO; >, automaticKeyboard: 1, force: 0
2026-09-30 23:31:36.194 Df TextInsertSpike[16799:c5afde] [com.apple.UIKit:KeyboardSceneDelegate] _inputViewsForResponder responderRequiresKeyboard:1, useKeyboard:1 (automaticKeyboardEnabled: 1, activeInstance:<UIKeyboardAutomatic: 0x11155a400; frame = {{0, 0}, {402, 226}}; alpha = 1.000000; isHidden
2026-09-30 23:31:36.194 Df TextInsertSpike[16799:c5afde] [com.apple.UIKit:KeyboardSceneDelegate] _inputViewsForResponder, found assistantVC: <UISystemInputAssistantViewController: 0x1115c9900; frame = {{0, 0}, {402, 0}}> (should suppress: 0, _dontNeed: 0)
2026-09-30 23:31:36.194 Df TextInsertSpike[16799:c5afde] [com.apple.UIKit:KeyboardSceneDelegate] _inputViewsForResponder, useKeyboard ivs: <UIInputViewSet: 0x111591440>
2026-09-30 23:31:36.194 Df TextInsertSpike[16799:c5afde] [com.apple.UIKit:KeyboardSceneDelegate] _inputViewsForResponder returning: <<UIInputViewSet: 0x111591440>; keyboard = <UIKeyboardAutomatic: 0x11155a400; frame = (0 0; 402 226); opaque = NO; layer = <CALayer: 0x108dbb540>>%; assistant = <TUISys
2026-09-30 23:31:36.194 Df TextInsertSpike[16799:c5afde] [com.apple.BackBoard:Keyboard] currently observing: YES
2026-09-30 23:31:36.195 Df TextInsertSpike[16799:c5afde] [com.apple.BackBoard:Keyboard] connected: (
2026-09-30 23:31:36.195 Df TextInsertSpike[16799:c5afde] [com.apple.BackBoard:Keyboard] currently observing: NO
2026-09-30 23:31:36.195 Df TextInsertSpike[16799:c5afde] [com.apple.BackBoard:Keyboard] disconnected: (
2026-09-30 23:31:36.195 Df TextInsertSpike[16799:c5afde] [com.apple.UIKit:InputSessionChange] -setDelegate=<UITextField: 0x10627b700> force:NO delayEndInputSession:NO (delegateSame=NO)
2026-09-30 23:31:36.195 Df TextInsertSpike[16799:c5afde] [com.apple.UIKit:InputSessionChange] -_teardownExistingDelegate:<_UITypeSelectKeyInput: 0x113a33600> forSetDelegate:<UITextField: 0x10627b700> force:NO delayEndInputSession:NO
2026-09-30 23:31:36.195 Df TextInsertSpike[16799:c5afde] [com.apple.RemoteTextInput:InputSessionChange] -[RTIInputSystemClient endRemoteTextInputSessionWithID:options:completion:]  Ending text input session. sessionID = 2F7ECCAF-1B0B-4AF1-BD76-B21031A2AFD6, options = <RTISessionOptions: 0x11558b7c0;
2026-09-30 23:31:36.195 Df TextInsertSpike[16799:c5afde] [com.apple.RemoteTextInput:InputSessionChange] -[RTIInputSystemClient _endSessionWithID:forServices:options:completion:]  End input session: 2F7ECCAF-1B0B-4AF1-BD76-B21031A2AFD6
2026-09-30 23:31:36.195 Df TextInsertSpike[16799:c5afde] [com.apple.UIKit:KeyboardAutocorrectionControllerUI] -[UIKeyboardAutocorrectionController setAutocorrectionList:], (null)
2026-09-30 23:31:36.195 Df TextInsertSpike[16799:c5afde] [com.apple.UIKit:SmartReply] Handling responseContextDidChange - existing: (null), new: (null)
2026-09-30 23:31:36.200 E  TextInsertSpike[16799:c5afde] [com.apple.UIKit:UIKBRenderingLog] isKeyboardMinorEdgeWidth may only be set for UIKBDynamicRenderFactory, changes not saved
2026-09-30 23:31:36.200 E  TextInsertSpike[16799:c5afde] [com.apple.UIKit:UIKBRenderingLog] keyboardVerticalSizeClass may only be set for UIKBDynamicRenderFactory, changes not saved
2026-09-30 23:31:36.200 E  TextInsertSpike[16799:c5afde] [com.apple.UIKit:UIKBRenderingLog] keyboardHorizontalSizeClass may only be set for UIKBDynamicRenderFactory, changes not saved
2026-09-30 23:31:36.200 E  TextInsertSpike[16799:c5afde] [com.apple.UIKit:UIKBRenderingLog] currentHandBias may only be set for UIKBDynamicRenderFactory, changes not saved
2026-09-30 23:31:36.200 E  TextInsertSpike[16799:c5afde] [com.apple.UIKit:UIKBRenderingLog] currentHeight may only be set for UIKBDynamicRenderFactory, changes not saved
2026-09-30 23:31:36.200 Df TextInsertSpike[16799:c5afde] [com.apple.TextInputUI:DynamicKeyplaneView] Setting dynamic keyplane: Dynamic-QWERTY-British-Small_Small-Letters-Small-Display
2026-09-30 23:31:36.200 E  TextInsertSpike[16799:c5afde] [com.apple.UIKit:UIKBRenderingLog] isKeyboardMinorEdgeWidth may only be set for UIKBDynamicRenderFactory, changes not saved
2026-09-30 23:31:36.201 E  TextInsertSpike[16799:c5afde] [com.apple.UIKit:UIKBRenderingLog] keyboardVerticalSizeClass may only be set for UIKBDynamicRenderFactory, changes not saved
2026-09-30 23:31:36.201 E  TextInsertSpike[16799:c5afde] [com.apple.UIKit:UIKBRenderingLog] keyboardHorizontalSizeClass may only be set for UIKBDynamicRenderFactory, changes not saved
2026-09-30 23:31:36.201 E  TextInsertSpike[16799:c5afde] [com.apple.UIKit:UIKBRenderingLog] currentHandBias may only be set for UIKBDynamicRenderFactory, changes not saved
2026-09-30 23:31:36.201 E  TextInsertSpike[16799:c5afde] [com.apple.UIKit:UIKBRenderingLog] currentHeight may only be set for UIKBDynamicRenderFactory, changes not saved
2026-09-30 23:31:36.203 E  TextInsertSpike[16799:c5afde] [com.apple.UIKit:UIKBRenderingLog] isKeyboardMinorEdgeWidth may only be set for UIKBDynamicRenderFactory, changes not saved
2026-09-30 23:31:36.203 E  TextInsertSpike[16799:c5afde] [com.apple.UIKit:UIKBRenderingLog] keyboardVerticalSizeClass may only be set for UIKBDynamicRenderFactory, changes not saved
2026-09-30 23:31:36.203 E  TextInsertSpike[16799:c5afde] [com.apple.UIKit:UIKBRenderingLog] keyboardHorizontalSizeClass may only be set for UIKBDynamicRenderFactory, changes not saved
2026-09-30 23:31:36.203 E  TextInsertSpike[16799:c5afde] [com.apple.UIKit:UIKBRenderingLog] currentHandBias may only be set for UIKBDynamicRenderFactory, changes not saved
2026-09-30 23:31:36.203 E  TextInsertSpike[16799:c5afde] [com.apple.UIKit:UIKBRenderingLog] currentHeight may only be set for UIKBDynamicRenderFactory, changes not saved
2026-09-30 23:31:36.216 Df TextInsertSpike[16799:c5afde] [com.apple.TextInputUI:KeyboardInputManagerMux] -[TUIKeyboardInputManagerMux forwardInvocation:] -> <NSInvocation: 0x11570a300>
2026-09-30 23:31:36.216 Df TextInsertSpike[16799:c5afde] [com.apple.TextInputUI:InputSession_Proxy] -[TUIInputSessionProxy handleRequest:], invocation: changingContextWithTrigger:
2026-09-30 23:31:36.219 Df TextInsertSpike[16799:c5afde] [com.apple.RemoteTextInput:InputSessionChange] -[RTIInputSystemClient beginAllowingRemoteTextInput:]  Begin allowing remote text input: E3AABD19-FC97-45F7-B031-358B584CDAAA
2026-09-30 23:31:36.220 Df TextInsertSpike[16799:c5afde] [com.apple.Pasteboard:Pasteboard] PBItemCollection shutdown: invalidating data-consumers listener=0x0 remoteConnection=0x0 for itemCollection=BB90A712-CE9E-46CA-9F89-EFF3E6200C4E
2026-09-30 23:31:36.220 Df TextInsertSpike[16799:c5afde] [com.apple.RemoteTextInput:RTILog] -[RTIInputSystemClient remoteTextInputSessionWithID:textSuggestionsChanged:]  Text input session suggestions changed. sessionID = E3AABD19-FC97-45F7-B031-358B584CDAAA
2026-09-30 23:31:36.221 Df TextInsertSpike[16799:c5afde] [com.apple.UIKit:Orientation] <UIWindowScene: 0x108ccd680> (85A7109D-B842-4933-8BBF-51C9DB391CCC) Scene updated orientation preferences: ( Pu Ll Lr ) -> ( Pu )
2026-09-30 23:31:36.221 Df TextInsertSpike[16799:c5afde] [com.apple.UIKit:Orientation] <UIWindowScene: 0x108ccd680> (85A7109D-B842-4933-8BBF-51C9DB391CCC) Scene updated orientation preferences: ( Pu ) -> ( Pu Ll Lr )
2026-09-30 23:31:36.222 Df TextInsertSpike[16799:c5afde] [com.apple.UIKit:UIFocusSystemSceneComponent] Override focusSystemState: (DISABLED) for reason(s): <_UIEditMenuBridgedContextMenuInteraction: 0x111529cc0>
2026-09-30 23:31:36.222 Df TextInsertSpike[16799:c5afde] [com.apple.UIKit:InterfaceStyle] Not push traits update to screen for new style 1, <UIWindowScene: 0x108ccd680> (85A7109D-B842-4933-8BBF-51C9DB391CCC)
2026-09-30 23:31:36.223 Df TextInsertSpike[16799:c5afde] [com.apple.UIKit:InterfaceStyle] Not push traits update to screen for new style 1, <_UIKeyboardInputScene: 0x1095f8000> (KeyboardInputScene-com.apple.frontboard.systemappservices/FBSceneManager:sceneID%3Acom.tarunyadgirkar.prefill.spike.textin
2026-09-30 23:31:36.223 Df TextInsertSpike[16799:c5afde] [com.apple.UIKit:UICMILifecycle] performAllAnimations for animator: <_UIContextMenuAnimator: 0x11551bfc0>
2026-09-30 23:31:36.224 Df TextInsertSpike[16799:c5afde] [com.apple.UIKit:UICMILifecycle] performAllCompletions for animator: <_UIContextMenuAnimator: 0x11551bfc0>
2026-09-30 23:31:36.227 Df TextInsertSpike[16799:c5afde] [com.apple.UIKit:KeyboardSceneDelegate] forceReloadInputViews
2026-09-30 23:31:36.227 Df TextInsertSpike[16799:c5afde] [com.apple.UIKit:KeyboardSceneDelegate] Try reloading input views for responder:<UITextField: 0x10627b700> requiresKB:Y force:Y scene-identity:com.apple.frontboard.systemappservices/FBSceneManager:sceneID%3Acom.tarunyadgirkar.prefill.spike.tex
2026-09-30 23:31:36.227 Df TextInsertSpike[16799:c5afde] [com.apple.UIKit:KeyboardSceneDelegate] Reloading input views for key-window scene responder:<UITextField: 0x10627b700> requiresKB:Y force:Y scene-identity:com.apple.frontboard.systemappservices/FBSceneManager:sceneID%3Acom.tarunyadgirkar.pref
2026-09-30 23:31:36.227 Df TextInsertSpike[16799:c5afde] [com.apple.UIKit:KeyboardSceneDelegate] _reloadInputViewsForKeyWindowSceneResponder: 1 force: 1, fromBecomeFirstResponder: 0 (automaticKeyboard: 1, reloadIdentifier: 71E9CE26-85DE-4934-9176-E17BBCDFF56D)
2026-09-30 23:31:36.227 Df TextInsertSpike[16799:c5afde] [com.apple.UIKit:KeyboardSceneDelegate] _inputViewsForResponder: <UITextField: 0x10627b700; frame = (0 0; 338 44); opaque = NO; >, automaticKeyboard: 1, force: 1
2026-09-30 23:31:36.227 Df TextInsertSpike[16799:c5afde] [com.apple.UIKit:KeyboardSceneDelegate] _inputViewsForResponder responderRequiresKeyboard:1, useKeyboard:1 (automaticKeyboardEnabled: 1, activeInstance:<UIKeyboardAutomatic: 0x11155a400; frame = {{0, 0}, {402, 226}}; alpha = 1.000000; isHidden
2026-09-30 23:31:36.228 Df TextInsertSpike[16799:c5afde] [com.apple.UIKit:KeyboardSceneDelegate] _inputViewsForResponder, found assistantVC: <UISystemInputAssistantViewController: 0x1115c9900; frame = {{0, 0}, {402, 0}}> (should suppress: 0, _dontNeed: 0)
2026-09-30 23:31:36.228 Df TextInsertSpike[16799:c5afde] [com.apple.UIKit:KeyboardSceneDelegate] _inputViewsForResponder, useKeyboard ivs: <UIInputViewSet: 0x115674f00>
2026-09-30 23:31:36.228 Df TextInsertSpike[16799:c5afde] [com.apple.UIKit:KeyboardSceneDelegate] _inputViewsForResponder returning: <<UIInputViewSet: 0x115674f00>; keyboard = <UIKeyboardAutomatic: 0x11155a400; frame = (0 0; 402 226); opaque = NO; layer = <CALayer: 0x108dbb540>>%; assistant = <TUISys
2026-09-30 23:31:36.228 Df TextInsertSpike[16799:c5afde] [com.apple.BackBoard:Keyboard] currently observing: YES
2026-09-30 23:31:36.228 Df TextInsertSpike[16799:c5afde] [com.apple.BackBoard:Keyboard] connected: (
2026-09-30 23:31:36.228 Df TextInsertSpike[16799:c5afde] [com.apple.BackBoard:Keyboard] currently observing: NO
2026-09-30 23:31:36.228 Df TextInsertSpike[16799:c5afde] [com.apple.BackBoard:Keyboard] disconnected: (
2026-09-30 23:31:36.232 E  TextInsertSpike[16799:c5afde] [com.apple.UIKit:UIKBRenderingLog] isKeyboardMinorEdgeWidth may only be set for UIKBDynamicRenderFactory, changes not saved
2026-09-30 23:31:36.232 E  TextInsertSpike[16799:c5afde] [com.apple.UIKit:UIKBRenderingLog] keyboardVerticalSizeClass may only be set for UIKBDynamicRenderFactory, changes not saved
2026-09-30 23:31:36.232 E  TextInsertSpike[16799:c5afde] [com.apple.UIKit:UIKBRenderingLog] keyboardHorizontalSizeClass may only be set for UIKBDynamicRenderFactory, changes not saved
2026-09-30 23:31:36.232 E  TextInsertSpike[16799:c5afde] [com.apple.UIKit:UIKBRenderingLog] currentHandBias may only be set for UIKBDynamicRenderFactory, changes not saved
2026-09-30 23:31:36.232 E  TextInsertSpike[16799:c5afde] [com.apple.UIKit:UIKBRenderingLog] currentHeight may only be set for UIKBDynamicRenderFactory, changes not saved
2026-09-30 23:31:36.233 E  TextInsertSpike[16799:c5afde] [com.apple.UIKit:UIKBRenderingLog] isKeyboardMinorEdgeWidth may only be set for UIKBDynamicRenderFactory, changes not saved
2026-09-30 23:31:36.233 E  TextInsertSpike[16799:c5afde] [com.apple.UIKit:UIKBRenderingLog] keyboardVerticalSizeClass may only be set for UIKBDynamicRenderFactory, changes not saved
2026-09-30 23:31:36.233 E  TextInsertSpike[16799:c5afde] [com.apple.UIKit:UIKBRenderingLog] keyboardHorizontalSizeClass may only be set for UIKBDynamicRenderFactory, changes not saved
2026-09-30 23:31:36.233 E  TextInsertSpike[16799:c5afde] [com.apple.UIKit:UIKBRenderingLog] currentHandBias may only be set for UIKBDynamicRenderFactory, changes not saved
2026-09-30 23:31:36.233 E  TextInsertSpike[16799:c5afde] [com.apple.UIKit:UIKBRenderingLog] currentHeight may only be set for UIKBDynamicRenderFactory, changes not saved
2026-09-30 23:31:36.236 Df TextInsertSpike[16799:c5afde] [com.apple.RemoteTextInput:RTILog] -[RTIInputSystemClient remoteTextInputSessionWithID:textSuggestionsChanged:]  Text input session suggestions changed. sessionID = E3AABD19-FC97-45F7-B031-358B584CDAAA
2026-09-30 23:31:36.236 Df TextInsertSpike[16799:c5afde] [com.apple.UIKit:InterfaceStyle] Should not send trait collection or coordinate space update, interface style 2 -> 2, <UIWindowScene: 0x108ccd680> (85A7109D-B842-4933-8BBF-51C9DB391CCC)
2026-09-30 23:31:36.248 Df TextInsertSpike[16799:c5afde] [com.apple.TextInputUI:InputCandidate_Controller] -[TUIHostingInputCandidateController forwardRenderConfigToClient:]
2026-09-30 23:31:36.248 Df TextInsertSpike[16799:c5afde] [com.apple.FrontBoard:Scene] [UISceneHosting-com.tarunyadgirkar.prefill.spike.textinsert:UIHostedScene-com.apple.InputUI-5980D490] Sending action(s): TextInputUI.InvocationHostToClient
2026-09-30 23:31:36.249 Df InputUI[87035:c33b5c] [com.apple.FrontBoard:SceneClient] [UISceneHosting-com.tarunyadgirkar.prefill.spike.textinsert:UIHostedScene-com.apple.InputUI-5980D490] Received action(s): TextInputUI.InvocationHostToClient
2026-09-30 23:31:36.254 Df SpringBoard[86754:c334f8] [com.apple.UIKit:KeyboardSceneDelegate] Tracking provider: updateProviderFromRemoteUpdate for info: <<<_UIKeyboardChangedInformation: 0x11f761980>; appId (null) bundleId (null) animation fence (null); position {{0, 0}, {0, 0}}; animated YES; on sc
2026-09-30 23:31:36.258 Df SpringBoard[86754:c334f8] [com.apple.UIKit:KeyboardSceneDelegate] Tracking provider: updateProviderFromRemoteUpdate for info: <<<_UIKeyboardChangedInformation: 0x11f761980>; appId (null) bundleId (null) animation fence (null); position {{0, 0}, {0, 0}}; animated YES; on sc
2026-09-30 23:31:36.261 E  TextInsertSpike[16799:c5afde] [com.apple.coreanimation:API] cannot add handler to 0 from 0 - dropping
2026-09-30 23:31:36.263 Df SpringBoard[86754:c334f8] [com.apple.UIKit:KeyboardSceneDelegate] Tracking provider: updateProviderFromRemoteUpdate for info: <<<_UIKeyboardChangedInformation: 0x11f761980>; appId (null) bundleId (null) animation fence (null); position {{0, 0}, {0, 0}}; animated YES; on sc
2026-09-30 23:31:36.265 Df SpringBoard[86754:c334f8] [com.apple.UIKit:KeyboardSceneDelegate] Tracking provider: updateProviderFromRemoteUpdate for info: <<<_UIKeyboardChangedInformation: 0x11f761980>; appId (null) bundleId (null) animation fence (null); position {{0, 0}, {0, 0}}; animated YES; on sc
2026-09-30 23:31:36.266 Df SpringBoard[86754:c334f8] [com.apple.UIKit:KeyboardSceneDelegate] Tracking provider: updateProviderFromRemoteUpdate for info: <<<_UIKeyboardChangedInformation: 0x11f761980>; appId (null) bundleId (null) animation fence (null); position {{0, 0}, {0, 0}}; animated YES; on sc
2026-09-30 23:31:36.268 Df TextInsertSpike[16799:c5bd27] [com.apple.network:path] nw_path_evaluator_start [1278419C-C6DD-452E-A6AC-11EB58FC765F <NULL> generic, multipath service: handover, attribution: developer]
2026-09-30 23:31:36.277 Df TextInsertSpike[16799:c5afde] [com.apple.FrontBoard:Common] Performing snapshot request 0x115519650 (type 1)
2026-09-30 23:31:36.277 Df TextInsertSpike[16799:c5afde] [com.apple.FrontBoard:SceneClient] [(FBSceneManager):sceneID:com.tarunyadgirkar.prefill.spike.textinsert-85A7109D-B842-4933-8BBF-51C9DB391CCC] Sending action(s): <FBSSceneSnapshotRequestAction: 0x419f0001>
2026-09-30 23:31:36.279 Df SpringBoard[86754:c334f8] [com.apple.FrontBoard:Scene] [(FBSceneManager):sceneID:com.tarunyadgirkar.prefill.spike.textinsert-85A7109D-B842-4933-8BBF-51C9DB391CCC] Received action(s): <FBSSceneSnapshotRequestAction: 0x419f0001>
2026-09-30 23:31:36.280 Df SpringBoard[86754:c334f8] [com.apple.SpringBoard:SceneSnapshots] <SBSceneSnapshotRequestor: 0x11f6bcf00> [sceneID:com.tarunyadgirkar.prefill.spike.textinsert-85A7109D-B842-4933-8BBF-51C9DB391CCC] Got FBSSceneSnapshotRequestTypePerform (0x10bd5f400)
2026-09-30 23:31:36.280 Df SpringBoard[86754:c334f8] [com.apple.FrontBoard:Scene] [(FBSceneManager):sceneID:com.tarunyadgirkar.prefill.spike.textinsert-85A7109D-B842-4933-8BBF-51C9DB391CCC] Component <FBSceneObserver: 0x1262c94a0; component: <SBSceneSnapshotHostComponent: 0x1097aa580>> handled actio
2026-09-30 23:31:36.287 A  TextInsertSpike[16799:c5b13b] (RunningBoardServices) observedProcessStatesDidChange
2026-09-30 23:31:36.288 A  TextInsertSpike[16799:c5bd27] (RunningBoardServices) observedProcessStatesDidChange
2026-09-30 23:31:36.304 Df SpringBoard[86754:c5bd14] [com.apple.SplashBoard:FileManifest] [com.tarunyadgirkar.prefill.spike.textinsert] START liquidating the old, as snapshot generation succeeded
2026-09-30 23:31:36.305 Df SpringBoard[86754:c5bd14] [com.apple.SplashBoard:FileManifest] [com.tarunyadgirkar.prefill.spike.textinsert] deleting old snapshots: (
    "<XBApplicationSnapshot: 0x11964d880; identifier: 5D289325-05A7-46F1-96BD-B77579B9D3F9; contentType: SceneContent; referenceSize: {402, 874}; interfaceOrientation: Portrait; userInterfaceStyle: Dark> {\134n    creationDate = September 30, 2026 at 11:15:13\134U202fPM PDT;\134n    keepsImageAccess
2026-09-30 23:31:36.305 Df SpringBoard[86754:c5bafe] [com.apple.SplashBoard:FileManifest] <XBApplicationSnapshotManifestImpl: 0x113c76300> [com.tarunyadgirkar.prefill.spike.textinsert] Snapshot data for <XBApplicationSnapshot: 0x116de0fc0; …C80466BA3BF6> [com.tarunyadgirkar.prefill.spike.textinser
2026-09-30 23:31:36.305 Df SpringBoard[86754:c5bd14] [com.apple.SplashBoard:FileManifest] <XBApplicationSnapshotManifestImpl: 0x113c76300> [com.tarunyadgirkar.prefill.spike.textinsert] Deleting snapshots: (
2026-09-30 23:31:36.305 Df SpringBoard[86754:c5bd14] [com.apple.SplashBoard:FileManifest] <XBApplicationSnapshotManifestImpl: 0x113c76300> [com.tarunyadgirkar.prefill.spike.textinsert] Deleting snapshot <XBApplicationSnapshot: 0x11964d880; …B77579B9D3F9> [com.tarunyadgirkar.prefill.spike.textinser
2026-09-30 23:31:36.305 Df SpringBoard[86754:c5bd14] [com.apple.SplashBoard:FileManifest] <XBApplicationSnapshotManifestImpl: 0x113c76300> [com.tarunyadgirkar.prefill.spike.textinsert] Deleting paths: (
    "/Users/tarunyadgirkar/Library/Developer/CoreSimulator/Devices/CF361191-F960-4212-9B76-7C41256A11C9/data/Containers/Data/Application/7523AA5B-9625-43F7-AD3B-A2BB02C6F32E/Library/SplashBoard/Snapshots/sceneID:com.tarunyadgirkar.prefill.spike.textinsert-85A7109D-B842-4933-8BBF-51C9DB391CCC/5D28932
2026-09-30 23:31:36.305 Df SpringBoard[86754:c5bd14] [com.apple.SplashBoard:FileManifest] [com.tarunyadgirkar.prefill.spike.textinsert] deleting old suspend snapshots using predicate: <XBApplicationSnapshotPredicate: 0x11946baf0> {
2026-09-30 23:31:36.305 Df SpringBoard[86754:c5bd14] [com.apple.SplashBoard:FileManifest] [com.tarunyadgirkar.prefill.spike.textinsert] STOP liquidating the old
2026-09-30 23:31:36.305 Df SpringBoard[86754:c5bd14] [com.apple.SpringBoard:SceneSnapshots] <SBSceneSnapshotRequestor: 0x11f6bcf00> [sceneID:com.tarunyadgirkar.prefill.spike.textinsert-85A7109D-B842-4933-8BBF-51C9DB391CCC] Snapshot request (0x10bd5f400) complete with error: 0
2026-09-30 23:31:36.306 Df TextInsertSpike[16799:c5b13b] [com.apple.FrontBoard:Common] Snapshot request 0x115519650 complete
2026-09-30 23:31:36.306 Df TextInsertSpike[16799:c5afde] [com.apple.UIKit:KeyboardSceneDelegate] forceReloadInputViews
2026-09-30 23:31:36.306 Df TextInsertSpike[16799:c5afde] [com.apple.UIKit:KeyboardSceneDelegate] Try reloading input views for responder:<UITextField: 0x10627b700> requiresKB:Y force:Y scene-identity:com.apple.frontboard.systemappservices/FBSceneManager:sceneID%3Acom.tarunyadgirkar.prefill.spike.tex
2026-09-30 23:31:36.306 Df TextInsertSpike[16799:c5afde] [com.apple.UIKit:KeyboardSceneDelegate] Reloading input views for key-window scene responder:<UITextField: 0x10627b700> requiresKB:Y force:Y scene-identity:com.apple.frontboard.systemappservices/FBSceneManager:sceneID%3Acom.tarunyadgirkar.pref
2026-09-30 23:31:36.306 Df TextInsertSpike[16799:c5afde] [com.apple.UIKit:KeyboardSceneDelegate] _reloadInputViewsForKeyWindowSceneResponder: 1 force: 1, fromBecomeFirstResponder: 0 (automaticKeyboard: 1, reloadIdentifier: 44033D2F-1B35-48DE-A329-61E32F3F981E)
2026-09-30 23:31:36.306 Df TextInsertSpike[16799:c5afde] [com.apple.UIKit:KeyboardSceneDelegate] _inputViewsForResponder: <UITextField: 0x10627b700; frame = (0 0; 338 44); opaque = NO; >, automaticKeyboard: 1, force: 1
2026-09-30 23:31:36.306 Df TextInsertSpike[16799:c5afde] [com.apple.UIKit:KeyboardSceneDelegate] _inputViewsForResponder responderRequiresKeyboard:1, useKeyboard:1 (automaticKeyboardEnabled: 1, activeInstance:<UIKeyboardAutomatic: 0x11155a400; frame = {{0, 0}, {402, 226}}; alpha = 1.000000; isHidden
2026-09-30 23:31:36.306 Df TextInsertSpike[16799:c5afde] [com.apple.UIKit:KeyboardSceneDelegate] _inputViewsForResponder, found assistantVC: <UISystemInputAssistantViewController: 0x1115c9900; frame = {{0, 0}, {402, 0}}> (should suppress: 0, _dontNeed: 0)
2026-09-30 23:31:36.306 Df TextInsertSpike[16799:c5afde] [com.apple.UIKit:KeyboardSceneDelegate] _inputViewsForResponder, useKeyboard ivs: <UIInputViewSet: 0x109566d00>
2026-09-30 23:31:36.307 Df TextInsertSpike[16799:c5afde] [com.apple.UIKit:KeyboardSceneDelegate] _inputViewsForResponder returning: <<UIInputViewSet: 0x109566d00>; keyboard = <UIKeyboardAutomatic: 0x11155a400; frame = (0 0; 402 226); opaque = NO; layer = <CALayer: 0x108dbb540>>%; assistant = <TUISys
2026-09-30 23:31:36.307 Df TextInsertSpike[16799:c5afde] [com.apple.BackBoard:Keyboard] currently observing: YES
2026-09-30 23:31:36.307 Df TextInsertSpike[16799:c5afde] [com.apple.BackBoard:Keyboard] connected: (
2026-09-30 23:31:36.307 Df TextInsertSpike[16799:c5afde] [com.apple.BackBoard:Keyboard] currently observing: NO
2026-09-30 23:31:36.307 Df TextInsertSpike[16799:c5afde] [com.apple.BackBoard:Keyboard] disconnected: (
2026-09-30 23:31:36.310 E  TextInsertSpike[16799:c5afde] [com.apple.UIKit:UIKBRenderingLog] isKeyboardMinorEdgeWidth may only be set for UIKBDynamicRenderFactory, changes not saved
2026-09-30 23:31:36.310 E  TextInsertSpike[16799:c5afde] [com.apple.UIKit:UIKBRenderingLog] keyboardVerticalSizeClass may only be set for UIKBDynamicRenderFactory, changes not saved
2026-09-30 23:31:36.310 E  TextInsertSpike[16799:c5afde] [com.apple.UIKit:UIKBRenderingLog] keyboardHorizontalSizeClass may only be set for UIKBDynamicRenderFactory, changes not saved
2026-09-30 23:31:36.310 E  TextInsertSpike[16799:c5afde] [com.apple.UIKit:UIKBRenderingLog] currentHandBias may only be set for UIKBDynamicRenderFactory, changes not saved
2026-09-30 23:31:36.310 E  TextInsertSpike[16799:c5afde] [com.apple.UIKit:UIKBRenderingLog] currentHeight may only be set for UIKBDynamicRenderFactory, changes not saved
2026-09-30 23:31:36.311 E  TextInsertSpike[16799:c5afde] [com.apple.UIKit:UIKBRenderingLog] isKeyboardMinorEdgeWidth may only be set for UIKBDynamicRenderFactory, changes not saved
2026-09-30 23:31:36.311 E  TextInsertSpike[16799:c5afde] [com.apple.UIKit:UIKBRenderingLog] keyboardVerticalSizeClass may only be set for UIKBDynamicRenderFactory, changes not saved
2026-09-30 23:31:36.311 E  TextInsertSpike[16799:c5afde] [com.apple.UIKit:UIKBRenderingLog] keyboardHorizontalSizeClass may only be set for UIKBDynamicRenderFactory, changes not saved
2026-09-30 23:31:36.311 E  TextInsertSpike[16799:c5afde] [com.apple.UIKit:UIKBRenderingLog] currentHandBias may only be set for UIKBDynamicRenderFactory, changes not saved
2026-09-30 23:31:36.311 E  TextInsertSpike[16799:c5afde] [com.apple.UIKit:UIKBRenderingLog] currentHeight may only be set for UIKBDynamicRenderFactory, changes not saved
2026-09-30 23:31:36.314 Df TextInsertSpike[16799:c5afde] [com.apple.RemoteTextInput:RTILog] -[RTIInputSystemClient remoteTextInputSessionWithID:textSuggestionsChanged:]  Text input session suggestions changed. sessionID = E3AABD19-FC97-45F7-B031-358B584CDAAA
2026-09-30 23:31:36.314 Df TextInsertSpike[16799:c5afde] [com.apple.UIKit:BackgroundTask] Ending background task with UIBackgroundTaskIdentifier: 7
2026-09-30 23:31:36.314 Df TextInsertSpike[16799:c5afde] [com.apple.UIKit:BackgroundTask] Ending task with identifier 7 and description: <_UIBackgroundTaskInfo: 0x113be8c80>: taskID = 7, taskName = com.apple.uikit.applicationSnapshot, creationTime = 516689 (elapsed = 0), _expireHandler: <__NSMallocB
2026-09-30 23:31:36.314 Df TextInsertSpike[16799:c5afde] [com.apple.UIKit:BackgroundTask] Decrementing reference count for assertion <BKSProcessAssertion: 0x115502670> (used by background task with identifier 7: <_UIBackgroundTaskInfo: 0x113be8c80>: taskID = 7, taskName = com.apple.uikit.application
2026-09-30 23:31:36.314 Df SpringBoard[86754:c5bd14] [com.apple.FrontBoard:Common] Got response for <FBSceneSnapshotAction: 0x126023680; sceneID:com.tarunyadgirkar.prefill.spike.textinsert-85A7109D-B842-4933-8BBF-51C9DB391CCC>: success
2026-09-30 23:31:36.314 Df TextInsertSpike[16799:c5afde] [com.apple.UIKit:InterfaceStyle] Push traits update to screen for new style 1, <UIWindowScene: 0x108ccd680> (85A7109D-B842-4933-8BBF-51C9DB391CCC)
2026-09-30 23:31:36.316 Df TextInsertSpike[16799:c5afde] [com.apple.UIKit:InterfaceStyle] Should not send trait collection or coordinate space update, interface style 1 -> 1, <UIWindowScene: 0x108ccd680> (85A7109D-B842-4933-8BBF-51C9DB391CCC)
2026-09-30 23:31:36.317 Df TextInsertSpike[16799:c5afde] [com.apple.UIKit:EventDeferring] [0x1061edb00] [keyboardFocus] Disabling event deferring records requested: adding recreation reason: detachedContext; for reason: _UIEventDeferringManager: 0x1061edb00: disabling keyboardFocus: context detached
2026-09-30 23:31:36.318 Df TextInsertSpike[16799:c5afde] [com.apple.UIKit:BackgroundTask] Will add backgroundTask with taskName: com.apple.UIKit.CABackingStoreCollect, expirationHandler: (null)
2026-09-30 23:31:36.318 Df TextInsertSpike[16799:c5afde] [com.apple.UIKit:BackgroundTask] Reusing background assertion <BKSProcessAssertion: 0x115502670>
    [16799-3]; <keyboardFocus; …refill.spike.textinsert-85A7109D-B842-4933-8BBF-51C9DB391CCC>; priority: low -> <token: …ll.spike.textinsert:UIHostedScene-com.apple.InputUI-5980D490; pid: 87035>; reason: UISceneEventDeferring,
    [16799-1]; <keyboardFocus; …refill.spike.textinsert-85A7109D-B842-4933-8BBF-51C9DB391CCC> -> <token: <uq: 1; UIKit-localContainer>; pid: 16799>; reason: UIKit-localContainer
2026-09-30 23:31:36.318 Df TextInsertSpike[16799:c5afde] [com.apple.UIKit:BackgroundTask] Incrementing reference count for background assertion <BKSProcessAssertion: 0x115502670>
2026-09-30 23:31:36.318 Df TextInsertSpike[16799:c5afde] [com.apple.UIKit:BackgroundTask] Created background task <_UIBackgroundTaskInfo: 0x113975400>: taskID = 8, taskName = com.apple.UIKit.CABackingStoreCollect, creationTime = 516689 (elapsed = 0).
    [16799-3]; <keyboardFocus; com.apple.UIKit.KeyboardManagement.hosted/com.apple.InputUI.keyboard:KeyboardInputScene-com.apple.frontboard.systemappservices%2FFBSceneManager%3AsceneID%253Acom.tarunyadgirkar.prefill.spike.textinsert-85A7109D-B842-4933-8BBF-51C9DB391CCC>; priority: low -> <token: 167
    [16799-1]; <keyboardFocus; com.apple.frontboard.systemappservices/FBSceneManager:sceneID%3Acom.tarunyadgirkar.prefill.spike.textinsert-85A7109D-B842-4933-8BBF-51C9DB391CCC> -> <token: <uq: 1; UIKit-localContainer>; pid: 16799>; reason: UIKit-localContainer
    [16799-3]; <keyboardFocus; com.apple.UIKit.KeyboardManagement.hosted/com.apple.InputUI.keyboard:KeyboardInputScene-com.apple.frontboard.systemappservices%2FFBSceneManager%3AsceneID%253Acom.tarunyadgirkar.prefill.spike.textinsert-85A7109D-B842-4933-8BBF-51C9DB391CCC>; priority: low -> <token: 167
    [16799-1]; <keyboardFocus; com.apple.frontboard.systemappservices/FBSceneManager:sceneID%3Acom.tarunyadgirkar.prefill.spike.textinsert-85A7109D-B842-4933-8BBF-51C9DB391CCC> -> <token: <uq: 1; UIKit-localContainer>; pid: 16799>; reason: UIKit-localContainer
    "<environment: keyboardFocus; target: <token: 16799:FBWorkspace-com.tarunyadgirkar.prefill.spike.textinsert/UISceneHosting-com.tarunyadgirkar.prefill.spike.textinsert:UIHostedScene-com.apple.InputUI-5980D490; pid: 87035>>" = "<reachability: unreachable; deferringGraphGeneration: 308>";
2026-09-30 23:31:36.323 Df TextInsertSpike[16799:c5afde] [com.apple.RemoteTextInput:InputSessionChange] -[RTIInputSystemClient endRemoteTextInputSessionWithID:options:completion:]  Ending text input session. sessionID = EF8C6058-DD74-48D6-959B-3419E830A462, options = <RTISessionOptions: 0x113a30b60;
2026-09-30 23:31:36.323 Df TextInsertSpike[16799:c5afde] [com.apple.RemoteTextInput:InputSessionChange] -[RTIInputSystemClient _endSessionWithID:forServices:options:completion:]  End input session: EF8C6058-DD74-48D6-959B-3419E830A462
2026-09-30 23:31:36.323 Df TextInsertSpike[16799:c5afde] [com.apple.xpc:connection] [0x113a20780] invalidated because the current process cancelled the connection by calling xpc_connection_cancel()
2026-09-30 23:31:36.323 Df TextInsertSpike[16799:c5afde] [com.apple.UIKit:UIKBFeedbackGenerator] <_UIKBFeedbackGenerator: 0x111593840>: Engine 0x0 or players 0x114dc4d00 exist during dealloc, releasing them from our worker queue.
2026-09-30 23:31:36.323 Df TextInsertSpike[16799:c5afde] [com.apple.UIKit:UIKBFeedbackGenerator] <_UIKBFeedbackGenerator: 0x111593840>: Stopping engine: dealloc
2026-09-30 23:31:36.329 Df TextInsertSpike[16799:c5afde] [com.apple.UIKit:KeyWindow] Scene target of keyboard event deferring environment did change: target=0; ancestor=0; scene: UIWindowScene: 0x108ccd680; scene identity: com.apple.frontboard.systemappservices/FBSceneManager:sceneID%3Acom.tarunyadg
2026-09-30 23:31:36.329 Df TextInsertSpike[16799:c5afde] [com.apple.UIKit:KeyboardFocusAssistant] Event deferring policy changed: finalScene:Y->N (token: com.apple.frontboard.systemappservices/FBSceneManager:sceneID%3Acom.tarunyadgirkar.prefill.spike.textinsert-85A7109D-B842-4933-8BBF-51C9DB391CCC)
2026-09-30 23:31:36.330 Df TextInsertSpike[16799:c5afde] (AggregateDictionary) AggregateDictionary is not supported on this platform
2026-09-30 23:31:36.334 Df TextInsertSpike[16799:c5afde] [com.apple.TextInputUI:InputCandidate_Controller] -[TUIHostingInputCandidateController forwardRenderConfigToClient:]
2026-09-30 23:31:36.334 Df TextInsertSpike[16799:c5afde] [com.apple.FrontBoard:Scene] [UISceneHosting-com.tarunyadgirkar.prefill.spike.textinsert:UIHostedScene-com.apple.InputUI-5980D490] Sending action(s): TextInputUI.InvocationHostToClient
2026-09-30 23:31:36.335 Df InputUI[87035:c33b5c] [com.apple.FrontBoard:SceneClient] [UISceneHosting-com.tarunyadgirkar.prefill.spike.textinsert:UIHostedScene-com.apple.InputUI-5980D490] Received action(s): TextInputUI.InvocationHostToClient
2026-09-30 23:31:36.336 Df TextInsertSpike[16799:c5afde] [com.apple.UIKit:KeyboardFocusAssistant] Not ready for task: waiting to become deferring target (responder:<UITextField: 0x10627b700>, precedence:1, reason:setInputViews)
2026-09-30 23:31:36.336 Df TextInsertSpike[16799:c5afde] [com.apple.UIKit:KeyboardFocusAssistant] Not ready for task: waiting to become deferring target (responder:<UITextField: 0x10627b700>, precedence:1, reason:setInputViews)
2026-09-30 23:31:36.336 Df TextInsertSpike[16799:c5afde] [com.apple.UIKit:KeyboardFocusAssistant] Not ready for task: waiting to become deferring target (responder:<UITextField: 0x10627b700>, precedence:1, reason:setInputViews)
2026-09-30 23:31:36.336 Df TextInsertSpike[16799:c5afde] [com.apple.UIKit:KeyboardFocusAssistant] Not ready for task: waiting to become deferring target (responder:<UITextField: 0x10627b700>, precedence:1, reason:setInputViews)
2026-09-30 23:31:36.336 Df TextInsertSpike[16799:c5afde] [com.apple.UIKit:KeyboardFocusAssistant] Not ready for task: waiting to become deferring target (responder:<UITextField: 0x10627b700>, precedence:1, reason:setInputViews)
2026-09-30 23:31:36.337 Df TextInsertSpike[16799:c5afde] [com.apple.UIKit:UICMILifecycle] _animateUsingFluidSpringWithType 1 completion: finished 1, retargeted 0, count: 0
2026-09-30 23:31:36.340 Df MobileSafari[17408:c5bbef] [com.apple.mobilesafari:CloudBookmarks] Requesting local migration state from data provider
2026-09-30 23:31:36.345 Df TextInsertSpike[16799:c5afde] [com.apple.UIKit:BackgroundTask] Ending background task with UIBackgroundTaskIdentifier: 2
2026-09-30 23:31:36.345 Df TextInsertSpike[16799:c5afde] [com.apple.UIKit:BackgroundTask] Ending task with identifier 2 and description: <_UIBackgroundTaskInfo: 0x113be8540>: taskID = 2, taskName = _UIRemoteKeyboard XPC disconnection, creationTime = 516689 (elapsed = 0), _expireHandler: (null)
2026-09-30 23:31:36.345 Df TextInsertSpike[16799:c5afde] [com.apple.UIKit:BackgroundTask] Decrementing reference count for assertion <BKSProcessAssertion: 0x115502670> (used by background task with identifier 2: <_UIBackgroundTaskInfo: 0x113be8540>: taskID = 2, taskName = _UIRemoteKeyboard XPC disco
2026-09-30 23:31:36.345 E  TextInsertSpike[16799:c5afde] [com.apple.coreanimation:API] cannot add handler to 0 from 0 - dropping
2026-09-30 23:31:36.355 Df MobileSafari[17408:c5bafc] [com.apple.xpc:connection] [0x13e7f52c0] activating connection: mach=true listener=false peer=false name=com.apple.AuthenticationServices.AutoFill
2026-09-30 23:31:36.359 Df MobileSafari[17408:c5bbff] [com.apple.mobilesafari:Keychain] Ongoing credential sharing is disabled because iCloud Keychain is disabled
2026-09-30 23:31:36.359 Df MobileSafari[17408:c5bbff] [com.apple.mobilesafari:Passwords] Not fetching shared account groups because ongoing credential sharing is disabled
2026-09-30 23:31:36.361 Df SpringBoard[86754:c5bd14] [com.apple.FrontBoard:ProcessScene] [0x11fc65f80:(FBSceneManager):sceneID:com.tarunyadgirkar.prefill.spike.textinsert-85A7109D-B842-4933-8BBF-51C9DB391CCC] Scene action [Logical Deactivate][0xd9aa] completed with success: 1
2026-09-30 23:31:36.361 Df TextInsertSpike[16799:c5afde] [com.apple.UIKit:BackgroundTask] Ending background task with UIBackgroundTaskIdentifier: 8
2026-09-30 23:31:36.362 Df TextInsertSpike[16799:c5afde] [com.apple.UIKit:BackgroundTask] Ending task with identifier 8 and description: <_UIBackgroundTaskInfo: 0x113975400>: taskID = 8, taskName = com.apple.UIKit.CABackingStoreCollect, creationTime = 516689 (elapsed = 0), _expireHandler: (null)
2026-09-30 23:31:36.362 Df TextInsertSpike[16799:c5afde] [com.apple.UIKit:BackgroundTask] Decrementing reference count for assertion <BKSProcessAssertion: 0x115502670> (used by background task with identifier 8: <_UIBackgroundTaskInfo: 0x113975400>: taskID = 8, taskName = com.apple.UIKit.CABackingSt
2026-09-30 23:31:36.362 Df TextInsertSpike[16799:c5afde] [com.apple.UIKit:BackgroundTask] Will invalidate assertion: <BKSProcessAssertion: 0x115502670> for task identifier: 8
2026-09-30 23:31:36.362 Df TextInsertSpike[16799:c5afde] [com.apple.UIKit:AppLifecycle] sceneOfRecord: sceneID: sceneID:com.tarunyadgirkar.prefill.spike.textinsert-85A7109D-B842-4933-8BBF-51C9DB391CCC  persistentID: 85A7109D-B842-4933-8BBF-51C9DB391CCC
2026-09-30 23:31:36.362 Df TextInsertSpike[16799:c5afde] [com.apple.UIKit:InterfaceStyle] Not push traits update to screen for new style 1, <UIWindowScene: 0x108ccd680> (85A7109D-B842-4933-8BBF-51C9DB391CCC)
2026-09-30 23:31:36.363 Df SpringBoard[86754:c5bd14] [com.apple.FrontBoard:ProcessScene] [0x11fc65f80:(FBSceneManager):sceneID:com.tarunyadgirkar.prefill.spike.textinsert-85A7109D-B842-4933-8BBF-51C9DB391CCC] Scene action [Forward Event][0x245d] completed with success: 1
2026-09-30 23:31:36.363 Df TextInsertSpike[16799:c5afde] [com.apple.UIKit:AppLifecycle] sceneOfRecord: sceneID: sceneID:com.tarunyadgirkar.prefill.spike.textinsert-85A7109D-B842-4933-8BBF-51C9DB391CCC  persistentID: 85A7109D-B842-4933-8BBF-51C9DB391CCC
2026-09-30 23:31:36.363 Df TextInsertSpike[16799:c5afde] [com.apple.UIKit:BackgroundTask] Will add backgroundTask with taskName: com.apple.UIKit.CABackingStoreCollect, expirationHandler: (null)
2026-09-30 23:31:36.363 Df TextInsertSpike[16799:c5afde] [com.apple.UIKit:BackgroundTask] Creating new assertion because there is no existing background assertion.
2026-09-30 23:31:36.363 Df TextInsertSpike[16799:c5afde] [com.apple.UIKit:BackgroundTask] Creating new background assertion
2026-09-30 23:31:36.363 Df TextInsertSpike[16799:c5afde] [com.apple.UIKit:BackgroundTask] Created new background assertion <BKSProcessAssertion: 0x115702f30>
2026-09-30 23:31:36.363 Df TextInsertSpike[16799:c5afde] [com.apple.UIKit:BackgroundTask] Incrementing reference count for background assertion <BKSProcessAssertion: 0x115702f30>
2026-09-30 23:31:36.363 Df TextInsertSpike[16799:c5afde] [com.apple.UIKit:BackgroundTask] Created background task <_UIBackgroundTaskInfo: 0x113975400>: taskID = 9, taskName = com.apple.UIKit.CABackingStoreCollect, creationTime = 516689 (elapsed = 0).
2026-09-30 23:31:36.364 Df TextInsertSpike[16799:c5afde] [com.apple.UIKit:BackgroundTask] Ending background task with UIBackgroundTaskIdentifier: 9
2026-09-30 23:31:36.364 Df TextInsertSpike[16799:c5afde] [com.apple.UIKit:BackgroundTask] Ending task with identifier 9 and description: <_UIBackgroundTaskInfo: 0x113975400>: taskID = 9, taskName = com.apple.UIKit.CABackingStoreCollect, creationTime = 516689 (elapsed = 0), _expireHandler: (null)
2026-09-30 23:31:36.364 Df TextInsertSpike[16799:c5afde] [com.apple.UIKit:BackgroundTask] Decrementing reference count for assertion <BKSProcessAssertion: 0x115702f30> (used by background task with identifier 9: <_UIBackgroundTaskInfo: 0x113975400>: taskID = 9, taskName = com.apple.UIKit.CABackingSt
2026-09-30 23:31:36.364 Df TextInsertSpike[16799:c5afde] [com.apple.UIKit:BackgroundTask] Will invalidate assertion: <BKSProcessAssertion: 0x115702f30> for task identifier: 9
2026-09-30 23:31:36.364 Df TextInsertSpike[16799:c5afde] [com.apple.UIKit:DisplayLink] Legacy remapping target changed from '5413AD25-0C44-4163-A8FF-B906395CA854' to '(null)'
2026-09-30 23:31:36.364 Df TextInsertSpike[16799:c5afde] [com.apple.FrontBoard:Scene] [UISceneHosting-com.tarunyadgirkar.prefill.spike.textinsert:UIHostedScene-com.apple.InputUI-5980D490] propagating 2 settings from com.apple.InputUI.keyboard:KeyboardInputScene-com.apple.frontboard.systemappservices
2026-09-30 23:31:36.364 Df MobileSafari[17408:c5bbf1] [com.apple.mobilesafari:Passwords] Beginning saved account store load
2026-09-30 23:31:36.364 Df TextInsertSpike[16799:c5afde] [com.apple.FrontBoard:Scene] [UISceneHosting-com.tarunyadgirkar.prefill.spike.textinsert:UIHostedScene-com.apple.InputUI-5980D490] scene content state changed: notReady
2026-09-30 23:31:36.364 Df TextInsertSpike[16799:c5b13b] [com.apple.FrontBoard:ProcessScene] [0x113943000:UISceneHosting-com.tarunyadgirkar.prefill.spike.textinsert:UIHostedScene-com.apple.InputUI-5980D490] Scene lifecycle state did change: Background
2026-09-30 23:31:36.364 Df TextInsertSpike[16799:c5b13b] [com.apple.FrontBoard:ProcessScene] [0x113943000:UISceneHosting-com.tarunyadgirkar.prefill.spike.textinsert:UIHostedScene-com.apple.InputUI-5980D490] Scene state did change: FG-Active[90].
2026-09-30 23:31:36.365 Df TextInsertSpike[16799:c5afde] [com.apple.Pasteboard:Pasteboard] PBItemCollection shutdown: invalidating data-consumers listener=0x0 remoteConnection=0x0 for itemCollection=6FCCCE6A-F473-4B54-B373-55F08430629E
2026-09-30 23:31:36.366 Df TextInsertSpike[16799:c5b13b] [com.apple.FrontBoard:ProcessWorkspace] [osservice<com.apple.InputUI>:87035] Workspace state did change: FV-Focal[100] --> FG-Active[90] (assertion acquired).
2026-09-30 23:31:36.366 Df TextInsertSpike[16799:c5b13b] [com.apple.FrontBoard:Process] [osservice<com.apple.InputUI>:87035] Setting process visibility to: Background
2026-09-30 23:31:36.366 Df InputUI[87035:c5b9d8] [com.apple.FrontBoard:ProcessScene] [0x106e4a340:com.apple.InputUI.keyboard:KeyboardInputScene-com.apple.frontboard.systemappservices/FBSceneManager:sceneID%3Acom.tarunyadgirkar.prefill.spike.textinsert-85A7109D-B842-4933-8BBF-51C9DB391CCC] Scene acti
2026-09-30 23:31:36.366 Df TextInsertSpike[16799:c5b13b] [com.apple.FrontBoard:ProcessScene] [0x113943000:UISceneHosting-com.tarunyadgirkar.prefill.spike.textinsert:UIHostedScene-com.apple.InputUI-5980D490] Sending scene action [Logical Deactivate][0x776b] to process 0x113a64f00 (watchdog: 10.00s)
2026-09-30 23:31:36.366 E  cfprefsd[86798:c58fa3] [com.apple.defaults:cfprefsd] Couldn't open /Library/Managed Preferences/mobile/com.apple.Passwords.plist due to No such file or directory
2026-09-30 23:31:36.366 E  cfprefsd[86798:c58fa3] [com.apple.defaults:cfprefsd] Couldn't open /Library/Managed Preferences/com.apple.Passwords.plist due to No such file or directory
2026-09-30 23:31:36.366 E  cfprefsd[86798:c58fa3] [com.apple.defaults:cfprefsd] Couldn't open /Users/tarunyadgirkar/Library/Developer/CoreSimulator/Devices/CF361191-F960-4212-9B76-7C41256A11C9/data/Library/Preferences/com.apple.Passwords.plist due to No such file or directory
2026-09-30 23:31:36.367 E  cfprefsd[86798:c58fa3] [com.apple.defaults:cfprefsd] Couldn't open /Users/tarunyadgirkar/Library/Developer/CoreSimulator/Devices/CF361191-F960-4212-9B76-7C41256A11C9/data/Library/Preferences/ByHost/com.apple.Passwords..plist due to No such file or directory
2026-09-30 23:31:36.367 Df TextInsertSpike[16799:c5bd27] [com.apple.FrontBoard:ProcessScene] [0x113943000:UISceneHosting-com.tarunyadgirkar.prefill.spike.textinsert:UIHostedScene-com.apple.InputUI-5980D490] Scene action [Logical Deactivate][0x776b] completed with success: 1
2026-09-30 23:31:36.369 E  MobileSafari[17408:c5bbfd] [com.apple.mobilesafari:Passwords] Failed to fetch current user participant ID with error: Error Domain=KCSharingErrorDomain Code=43 "(null)"
2026-09-30 23:31:36.369 E  cfprefsd[86798:c58fa3] [com.apple.defaults:cfprefsd] Couldn't open /Library/Managed Preferences/mobile/com.apple.Passwords.plist due to No such file or directory
2026-09-30 23:31:36.369 E  MobileSafari[17408:c5bbfd] [com.apple.mobilesafari:Passwords] Failed to provision for password sharing with error: Error Domain=KCSharingErrorDomain Code=33 "(null)" UserInfo={NSUnderlyingError=0x105758510 {Error Domain=KCSharingErrorDomain Code=35 "(null)"}}
2026-09-30 23:31:36.369 E  cfprefsd[86798:c58fa3] [com.apple.defaults:cfprefsd] Couldn't open /Library/Managed Preferences/com.apple.Passwords.plist due to No such file or directory
2026-09-30 23:31:36.370 E  cfprefsd[86798:c58fa3] [com.apple.defaults:cfprefsd] Couldn't open /Users/tarunyadgirkar/Library/Developer/CoreSimulator/Devices/CF361191-F960-4212-9B76-7C41256A11C9/data/Library/Preferences/com.apple.Passwords.plist due to No such file or directory
2026-09-30 23:31:36.370 E  cfprefsd[86798:c58fa3] [com.apple.defaults:cfprefsd] Couldn't open /Users/tarunyadgirkar/Library/Developer/CoreSimulator/Devices/CF361191-F960-4212-9B76-7C41256A11C9/data/Library/Preferences/ByHost/com.apple.Passwords..plist due to No such file or directory
2026-09-30 23:31:36.370 Df MobileSafari[17408:c5bbf1] [com.apple.mobilesafari:Passwords] No passkeys found.
2026-09-30 23:31:36.371 E  MobileSafari[17408:c5bbf1] [com.apple.mobilesafari:Passwords] Could not fetch passkeys: -25300
2026-09-30 23:31:36.375 Df MobileSafari[17408:c5bbf1] [com.apple.mobilesafari:Keychain] No credential items found in access group com.apple.cfnetwork
2026-09-30 23:31:36.380 Df MobileSafari[17408:c5bbf1] [com.apple.mobilesafari:Keychain] -[WBSSavedAccountStore _loadSavedAccountsWithPasswordsFromKeychainData:forGroupID:withDictionaryForSavedAccountsWithPasswords:fromRecentlyDeleted:]: Loaded 0 password keychain records from group:  from Recently D
2026-09-30 23:31:36.387 Df MobileSafari[17408:c5bbf1] [com.apple.mobilesafari:Keychain] -[WBSSavedAccountStore _loadSavedAccountsWithPasswordsFromKeychainData:forGroupID:withDictionaryForSavedAccountsWithPasswords:fromRecentlyDeleted:]: loaded 0 sidecar items from personal keychain
2026-09-30 23:31:36.389 A  TextInsertSpike[16799:c5bd27] (RunningBoardServices) observedProcessStatesDidChange
2026-09-30 23:31:36.392 Df MobileSafari[17408:c5bbf1] [com.apple.mobilesafari:Passwords] Skipping fetching of Sign in with Apple accounts since the bundle identifier (com.apple.mobilesafari) doesn't match Passwords app or Passwords menu bar app.
2026-09-30 23:31:36.392 Df MobileSafari[17408:c5bbf1] [com.apple.mobilesafari:Passwords] Completed saved account store load
2026-09-30 23:31:36.395 Df MobileSafari[17408:c5bc00] [com.apple.mobilesafari:Keychain] Ongoing credential sharing is disabled because iCloud Keychain is disabled
2026-09-30 23:31:36.395 Df MobileSafari[17408:c5bc00] [com.apple.mobilesafari:Passwords] Not fetching shared account groups because ongoing credential sharing is disabled
2026-09-30 23:31:36.396 Df MobileSafari[17408:c5bbf1] [com.apple.mobilesafari:Keychain] No credential items found in access group com.apple.cfnetwork-recently-deleted
2026-09-30 23:31:36.400 Df MobileSafari[17408:c5bbf1] [com.apple.mobilesafari:Keychain] -[WBSSavedAccountStore _loadSavedAccountsWithPasswordsFromKeychainData:forGroupID:withDictionaryForSavedAccountsWithPasswords:fromRecentlyDeleted:]: Loaded 0 password keychain records from group:  from Recently D
2026-09-30 23:31:36.401 Df MobileSafari[17408:c5bbf1] [com.apple.mobilesafari:Keychain] -[WBSSavedAccountStore _loadSavedAccountsWithPasswordsFromKeychainData:forGroupID:withDictionaryForSavedAccountsWithPasswords:fromRecentlyDeleted:]: loaded 0 sidecar items from personal keychain
2026-09-30 23:31:36.408 Df MobileSafari[17408:c5bc00] [com.apple.mobilesafari:Keychain] Ongoing credential sharing is disabled because iCloud Keychain is disabled
2026-09-30 23:31:36.408 Df MobileSafari[17408:c5bc00] [com.apple.mobilesafari:Passwords] Not fetching shared account groups because ongoing credential sharing is disabled
2026-09-30 23:31:36.410 Df MobileSafari[17408:c5bbf1] [com.apple.mobilesafari:Passwords] Aborting clean up for passwords with unmatchable contributor ID because groups have changed since the account store was loaded.
2026-09-30 23:31:36.410 Df MobileSafari[17408:c5bbf1] [com.apple.mobilesafari:Passwords] Aborting clean up for passwords with unmatchable contributor ID because groups have changed since the account store was loaded.
2026-09-30 23:31:36.410 Df MobileSafari[17408:c5bc00] [com.apple.mobilesafari:Passwords] Beginning saved account store load
2026-09-30 23:31:36.411 Df MobileSafari[17408:c5bc00] [com.apple.mobilesafari:Passwords] No passkeys found.
2026-09-30 23:31:36.418 E  MobileSafari[17408:c5bc00] [com.apple.mobilesafari:Passwords] Could not fetch passkeys: -25300
2026-09-30 23:31:36.419 A  TextInsertSpike[16799:c5b13b] (RunningBoardServices) observedProcessStatesDidChange
2026-09-30 23:31:36.430 Df MobileSafari[17408:c5bc00] [com.apple.mobilesafari:Keychain] No credential items found in access group com.apple.cfnetwork
2026-09-30 23:31:36.430 Df MobileSafari[17408:c5bc00] [com.apple.mobilesafari:Keychain] -[WBSSavedAccountStore _loadSavedAccountsWithPasswordsFromKeychainData:forGroupID:withDictionaryForSavedAccountsWithPasswords:fromRecentlyDeleted:]: Loaded 0 password keychain records from group:  from Recently D
2026-09-30 23:31:36.435 Df MobileSafari[17408:c5bc00] [com.apple.mobilesafari:Keychain] -[WBSSavedAccountStore _loadSavedAccountsWithPasswordsFromKeychainData:forGroupID:withDictionaryForSavedAccountsWithPasswords:fromRecentlyDeleted:]: loaded 0 sidecar items from personal keychain
2026-09-30 23:31:36.436 Df MobileSafari[17408:c5bc00] [com.apple.mobilesafari:Passwords] Skipping fetching of Sign in with Apple accounts since the bundle identifier (com.apple.mobilesafari) doesn't match Passwords app or Passwords menu bar app.
2026-09-30 23:31:36.436 Df MobileSafari[17408:c5bc00] [com.apple.mobilesafari:Passwords] Completed saved account store load
2026-09-30 23:31:36.436 Df MobileSafari[17408:c5bc01] [com.apple.mobilesafari:Keychain] Ongoing credential sharing is disabled because iCloud Keychain is disabled
2026-09-30 23:31:36.436 Df MobileSafari[17408:c5bc01] [com.apple.mobilesafari:Passwords] Not fetching shared account groups because ongoing credential sharing is disabled
2026-09-30 23:31:36.441 Df MobileSafari[17408:c5bd56] [com.apple.mobilesafari:Passwords] Reloading generated passwords store
2026-09-30 23:31:36.442 Df MobileSafari[17408:c5bd56] [com.apple.mobilesafari:Keychain] No recently generated password items found in access group com.apple.password-manager.generated-passwords
2026-09-30 23:31:36.443 Df MobileSafari[17408:c5bd56] [com.apple.mobilesafari:Passwords] Finished reloading generated passwords store
2026-09-30 23:31:36.448 Df MobileSafari[17408:c5bafc] [com.apple.xpc:connection] [0x13e7f6800] activating connection: mach=true listener=false peer=false name=com.apple.AuthenticationServices.AutoFill
2026-09-30 23:31:36.448 Df MobileSafari[17408:c5bc01] [com.apple.PlugInKit:discovery] [d C40561B7-C655-4CAC-9C75-B9F548D69517] <PKHost:0x101fb2d40> Beginning discovery for flags: 0, point: com.apple.authentication-services-credential-provider-ui
    NSExtensionPointName = "com.apple.authentication-services-credential-provider-ui";
    <EXConcreteExtension: 0x13f125ce0> {id = com.tarunyadgirkar.prefill.spike.textinsert.provider}
2026-09-30 23:31:36.467 Df SpringBoard[86754:c5bd14] [com.apple.FrontBoard:ProcessScene] [0x11fc65f80:(FBSceneManager):sceneID:com.tarunyadgirkar.prefill.spike.textinsert-85A7109D-B842-4933-8BBF-51C9DB391CCC] Scene state did change: XX-None[0].
2026-09-30 23:31:36.467 Df SpringBoard[86754:c5bd14] [com.apple.FrontBoard:ProcessWorkspace] [app<com.tarunyadgirkar.prefill.spike.textinsert>:16799] Workspace state did change: FG-Active[90] --> XX-None[0] (assertion dropped).
2026-09-30 23:31:36.470 Df InputUI[87035:c5b9d8] [com.apple.FrontBoard:ProcessScene] [0x106e4a340:com.apple.InputUI.keyboard:KeyboardInputScene-com.apple.frontboard.systemappservices/FBSceneManager:sceneID%3Acom.tarunyadgirkar.prefill.spike.textinsert-85A7109D-B842-4933-8BBF-51C9DB391CCC] Scene stat
2026-09-30 23:31:36.470 Df TextInsertSpike[16799:c5bd27] [com.apple.FrontBoard:ProcessScene] [0x113943000:UISceneHosting-com.tarunyadgirkar.prefill.spike.textinsert:UIHostedScene-com.apple.InputUI-5980D490] Scene state did change: XX-None[0].
2026-09-30 23:31:36.470 Df InputUI[87035:c5b9d8] [com.apple.FrontBoard:ProcessWorkspace] [app<com.tarunyadgirkar.prefill.spike.textinsert>:16799] Workspace state did change: FG-Active[90] --> XX-None[0] (assertion dropped).
2026-09-30 23:31:36.471 Df TextInsertSpike[16799:c5bd27] [com.apple.FrontBoard:ProcessWorkspace] [osservice<com.apple.InputUI>:87035] Workspace state did change: FG-Active[90] --> XX-None[0] (assertion dropped).
2026-09-30 23:31:36.471 Df TextInsertSpike[16799:c5bd27] [com.apple.FrontBoard:ProcessWorkspace] Updating self-assertion for unified workspace priority: XX-None[0]
    "Key[10915560598552991]: <TUIInputSession: 0x104331440; identifier = 16799-BEB656EE-9F48-4C5E-BAA9-56B7B89F0B5B, bundle-id = 5AKJYZ7USP.com.tarunyadgirkar.prefill.spike.textinsert>, hasDelegate: YES",
2026-09-30 23:31:36.575 A  TextInsertSpike[16799:c5bd27] (RunningBoardServices) observedProcessStatesDidChange
2026-09-30 23:31:36.681 A  TextInsertSpike[16799:c5b13b] (RunningBoardServices) observedProcessStatesDidChange
2026-09-30 23:31:36.733 A  TextInsertSpike[16799:c5b13b] (RunningBoardServices) observedProcessStatesDidChange
2026-09-30 23:31:36.738 Df SpringBoard[86754:c334f8] [com.apple.UIKit:KeyboardSceneDelegate] Tracking provider: updateProviderFromRemoteUpdate for info: <<<_UIKeyboardChangedInformation: 0x11f761b00>; appId (null) bundleId (null) animation fence (null); position {{0, 0}, {0, 0}}; animated YES; on sc
2026-09-30 23:31:36.739 Df SpringBoard[86754:c334f8] [com.apple.UIKit:KeyboardSceneDelegate] Tracking provider: updateProviderFromRemoteUpdate for info: <<<_UIKeyboardChangedInformation: 0x11f761b00>; appId (null) bundleId (null) animation fence (null); position {{0, 0}, {0, 0}}; animated YES; on sc
2026-09-30 23:31:36.740 Df SpringBoard[86754:c334f8] [com.apple.UIKit:KeyboardSceneDelegate] Tracking provider: updateProviderFromRemoteUpdate for info: <<<_UIKeyboardChangedInformation: 0x11f761b00>; appId (null) bundleId (null) animation fence (null); position {{0, 0}, {0, 0}}; animated YES; on sc
2026-09-30 23:31:36.742 Df SpringBoard[86754:c334f8] [com.apple.UIKit:KeyboardSceneDelegate] Tracking provider: updateProviderFromRemoteUpdate for info: <<<_UIKeyboardChangedInformation: 0x11f761b00>; appId (null) bundleId (null) animation fence (null); position {{0, 0}, {0, 0}}; animated YES; on sc
2026-09-30 23:31:36.744 Df SpringBoard[86754:c334f8] [com.apple.UIKit:KeyboardSceneDelegate] Tracking provider: updateProviderFromRemoteUpdate for info: <<<_UIKeyboardChangedInformation: 0x11f761b00>; appId (null) bundleId (null) animation fence (null); position {{0, 0}, {0, 0}}; animated YES; on sc
2026-09-30 23:31:36.759 A  TextInsertSpike[16799:c5bd27] (RunningBoardServices) observedProcessStatesDidChange
2026-09-30 23:31:36.864 A  TextInsertSpike[16799:c5b13b] (RunningBoardServices) observedProcessStatesDidChange
2026-09-30 23:31:36.874 Df MobileSafari[17408:c5bbff] [com.apple.mobilesafari:Keychain] Ongoing credential sharing is disabled because iCloud Keychain is disabled
2026-09-30 23:31:36.874 Df MobileSafari[17408:c5bbff] [com.apple.mobilesafari:Passwords] Not fetching shared account groups because ongoing credential sharing is disabled
2026-09-30 23:31:36.875 Df MobileSafari[17408:c5bbff] [com.apple.mobilesafari:Passwords] Beginning saved account store load
2026-09-30 23:31:36.877 Df MobileSafari[17408:c5bbff] [com.apple.mobilesafari:Passwords] No passkeys found.
2026-09-30 23:31:36.878 E  MobileSafari[17408:c5bbff] [com.apple.mobilesafari:Passwords] Could not fetch passkeys: -25300
2026-09-30 23:31:36.879 Df MobileSafari[17408:c5bbff] [com.apple.mobilesafari:Keychain] No credential items found in access group com.apple.cfnetwork
2026-09-30 23:31:36.879 Df MobileSafari[17408:c5bbff] [com.apple.mobilesafari:Keychain] -[WBSSavedAccountStore _loadSavedAccountsWithPasswordsFromKeychainData:forGroupID:withDictionaryForSavedAccountsWithPasswords:fromRecentlyDeleted:]: Loaded 0 password keychain records from group:  from Recently D
    "<environment: keyboardFocus; target: <token: 16799:FBWorkspace-com.tarunyadgirkar.prefill.spike.textinsert/UISceneHosting-com.tarunyadgirkar.prefill.spike.textinsert:UIHostedScene-com.apple.InputUI-5980D490; pid: 87035>>" = "<reachability: unreachable; deferringGraphGeneration: 310>";
2026-09-30 23:31:36.880 Df MobileSafari[17408:c5bbff] [com.apple.mobilesafari:Keychain] -[WBSSavedAccountStore _loadSavedAccountsWithPasswordsFromKeychainData:forGroupID:withDictionaryForSavedAccountsWithPasswords:fromRecentlyDeleted:]: loaded 0 sidecar items from personal keychain
2026-09-30 23:31:36.881 Df TextInsertSpike[16799:c5bd27] [com.apple.BackBoard:EventDelivery] will update observations for 0 observers
2026-09-30 23:31:36.881 Df MobileSafari[17408:c5bbff] [com.apple.mobilesafari:Passwords] Skipping fetching of Sign in with Apple accounts since the bundle identifier (com.apple.mobilesafari) doesn't match Passwords app or Passwords menu bar app.
2026-09-30 23:31:36.881 Df MobileSafari[17408:c5bbff] [com.apple.mobilesafari:Passwords] Completed saved account store load
2026-09-30 23:31:36.882 Df MobileSafari[17408:c5bbee] [com.apple.mobilesafari:Keychain] Ongoing credential sharing is disabled because iCloud Keychain is disabled
2026-09-30 23:31:36.882 Df MobileSafari[17408:c5bbee] [com.apple.mobilesafari:Passwords] Not fetching shared account groups because ongoing credential sharing is disabled
2026-09-30 23:31:36.882 Df TextInsertSpike[16799:c5bd27] [com.apple.BackBoard:EventDelivery] will update observations for 0 observers
2026-09-30 23:31:36.882 Df MobileSafari[17408:c5bbff] [com.apple.mobilesafari:Keychain] No credential items found in access group com.apple.cfnetwork-recently-deleted
2026-09-30 23:31:36.883 Df MobileSafari[17408:c5bbff] [com.apple.mobilesafari:Keychain] -[WBSSavedAccountStore _loadSavedAccountsWithPasswordsFromKeychainData:forGroupID:withDictionaryForSavedAccountsWithPasswords:fromRecentlyDeleted:]: Loaded 0 password keychain records from group:  from Recently D
2026-09-30 23:31:36.884 Df MobileSafari[17408:c5bbff] [com.apple.mobilesafari:Keychain] -[WBSSavedAccountStore _loadSavedAccountsWithPasswordsFromKeychainData:forGroupID:withDictionaryForSavedAccountsWithPasswords:fromRecentlyDeleted:]: loaded 0 sidecar items from personal keychain
2026-09-30 23:31:36.885 Df MobileSafari[17408:c5bbfe] [com.apple.mobilesafari:Keychain] Ongoing credential sharing is disabled because iCloud Keychain is disabled
2026-09-30 23:31:36.885 Df MobileSafari[17408:c5bbfe] [com.apple.mobilesafari:Passwords] Not fetching shared account groups because ongoing credential sharing is disabled
2026-09-30 23:31:36.919 A  TextInsertSpike[16799:c5b13b] (RunningBoardServices) observedProcessStatesDidChange
2026-09-30 23:31:36.958 Df SpringBoard[86754:c334f8] [com.apple.UIKit:KeyboardSceneDelegate] Tracking provider: updateProviderFromRemoteUpdate for info: <<<_UIKeyboardChangedInformation: 0x11f761980>; appId (null) bundleId (null) animation fence (null); position {{0, 0}, {0, 0}}; animated YES; on sc
2026-09-30 23:31:36.963 Df SpringBoard[86754:c334f8] [com.apple.UIKit:KeyboardSceneDelegate] Tracking provider: updateProviderFromRemoteUpdate for info: <<<_UIKeyboardChangedInformation: 0x11f761980>; appId (null) bundleId (null) animation fence (null); position {{0, 0}, {0, 0}}; animated YES; on sc
2026-09-30 23:31:36.964 Df SpringBoard[86754:c334f8] [com.apple.UIKit:KeyboardSceneDelegate] Tracking provider: updateProviderFromRemoteUpdate for info: <<<_UIKeyboardChangedInformation: 0x11f761980>; appId (null) bundleId (null) animation fence (null); position {{0, 0}, {0, 0}}; animated YES; on sc
2026-09-30 23:31:36.966 Df SpringBoard[86754:c334f8] [com.apple.UIKit:KeyboardSceneDelegate] Tracking provider: updateProviderFromRemoteUpdate for info: <<<_UIKeyboardChangedInformation: 0x11f761980>; appId (null) bundleId (null) animation fence (null); position {{0, 0}, {0, 0}}; animated YES; on sc
2026-09-30 23:31:36.968 Df SpringBoard[86754:c334f8] [com.apple.UIKit:KeyboardSceneDelegate] Tracking provider: updateProviderFromRemoteUpdate for info: <<<_UIKeyboardChangedInformation: 0x11f761980>; appId (null) bundleId (null) animation fence (null); position {{0, 0}, {0, 0}}; animated YES; on sc
2026-09-30 23:31:37.022 A  TextInsertSpike[16799:c5bd27] (RunningBoardServices) observedProcessStatesDidChange
2026-09-30 23:31:37.026 A  TextInsertSpike[16799:c5b13b] (RunningBoardServices) observedProcessStatesDidChange
2026-09-30 23:31:37.239 Df MobileSafari[17408:c5bbee] [com.apple.useractivity:main] ENCODE: Caching encoded userInfo to use until we are marked dirty again, returning encoded result $4d50030581b9636f6d2e6170706c652e5361666172692e436c6f756454616281.. 68 ..bf687474703a2f2f6c6f63616c686f73743a383830342
2026-09-30 23:31:37.386 Df TextInsertSpike[16799:c5bd27] [com.apple.UIKit:UIKBFeedbackGenerator] Worker queue now setting engine 0x0 and players 0x114dc4d00 to nil.
2026-09-30 23:31:37.687 Df MobileSafari[17408:c5bbef] [com.apple.xpc.activity:Client] xpc_activity_register: com.apple.safarishared.WBSParsecDSession.autoFillDataUpdate, criteria: dictionary
2026-09-30 23:31:37.687 Df MobileSafari[17408:c5bbef] [com.apple.xpc.activity:Client] _xpc_activity_register: com.apple.safarishared.WBSParsecDSession.autoFillDataUpdate (0x13f99ac60), 0
2026-09-30 23:31:37.687 Df MobileSafari[17408:c5bbef] [com.apple.xpc.activity:Client] xpc_activity_set_criteria: com.apple.safarishared.WBSParsecDSession.autoFillDataUpdate (0x13f99ac60), dict
2026-09-30 23:31:37.687 Df MobileSafari[17408:c5bbef] [com.apple.xpc.activity:Client] xpc_activity_set_criteria, lower half: com.apple.safarishared.WBSParsecDSession.autoFillDataUpdate (0x13f99ac60), dict
2026-09-30 23:31:37.687 Df MobileSafari[17408:c5bbef] [com.apple.xpc.activity:Client] _xpc_activity_set_criteria: com.apple.safarishared.WBSParsecDSession.autoFillDataUpdate (0x13f99ac60), dict
2026-09-30 23:31:37.687 Df MobileSafari[17408:c5bbef] [com.apple.xpc.activity:Client] _xpc_activity_set_criteria: xpc_set_event com.apple.safarishared.WBSParsecDSession.autoFillDataUpdate, 1
2026-09-30 23:31:37.687 Df MobileSafari[17408:c5bbef] [com.apple.xpc.activity:Client] xpc_activity_set_criteria: com.apple.safarishared.WBSParsecDSession.autoFillDataUpdate (0x13f99ac60), setting state now to 1
2026-09-30 23:31:37.687 Df MobileSafari[17408:c5bbef] [com.apple.xpc.activity:Client] _xpc_activity_set_state: com.apple.safarishared.WBSParsecDSession.autoFillDataUpdate (0x13f99ac60), 1
2026-09-30 23:31:37.688 Df UserEventAgent[86753:c5b6f3] [com.apple.xpc.activity:Internal] Creating on XPC add event: com.apple.safarishared.WBSParsecDSession.autoFillDataUpdate
2026-09-30 23:31:37.689 Df UserEventAgent[86753:c5b6f3] [com.apple.xpc.activity:Internal] Created: com.apple.safarishared.WBSParsecDSession.autoFillDataUpdate (0x103e79400)
2026-09-30 23:31:37.689 Df UserEventAgent[86753:c5b6f3] [com.apple.xpc.activity:Activities] Registered: com.apple.safarishared.WBSParsecDSession.autoFillDataUpdate (0x103e79400)
2026-09-30 23:31:37.993 Df MobileSafari[17408:c5bafc] [com.apple.WebKit:AppSSO] 0x10f1a40c0 - SOAuthorizationCoordinator::tryAuthorize
2026-09-30 23:31:37.993 Df MobileSafari[17408:c5bafc] [com.apple.WebKit:AppSSO] 0x10f1a40c0 - SOAuthorizationCoordinator::canAuthorize: Calling async canPerformAuthorizationWithURL
2026-09-30 23:31:38.008 A  MobileSafari[17408:c5bafc] (AppSSO) canPerformAuthorizationWithURL
2026-09-30 23:31:38.010 A  MobileSafari[17408:c5bafc] (AppSSOCore) canPerformAuthorizationWithURL
2026-09-30 23:31:38.019 Df MobileSafari[17408:c5bafc] [com.apple.xpc:connection] [0x13f379540] activating connection: mach=true listener=false peer=false name=com.apple.ak.authorizationservices.xpc
2026-09-30 23:31:38.039 Df akd[86957:c57aba] [com.apple.xpc:connection] [0x101ccc780] activating connection: mach=false listener=false peer=true name=com.apple.ak.authorizationservices.xpc.peer[17408].0x101ccc780
2026-09-30 23:31:38.049 Df MobileSafari[17408:c5bbf2] [com.apple.authkit:nto] Authorization controller should process URL async: NO
2026-09-30 23:31:38.050 Df MobileSafari[17408:c5bafc] [com.apple.WebKit:AppSSO] SOAuthorizationCoordinator::canAuthorize: Async canPerformAuthorizationWithURL completed, result=0
2026-09-30 23:31:38.050 Df MobileSafari[17408:c5bafc] [com.apple.WebKit:AppSSO] SOAuthorizationCoordinator::tryAuthorize: The requested URL is not registered for AppSSO handling. No further action needed.
2026-09-30 23:31:38.169 Df MobileSafari[17408:c5bafc] [com.apple.WebKit:AppSSO] 0x10f1a40c0 - SOAuthorizationCoordinator::tryAuthorize
2026-09-30 23:31:38.169 Df MobileSafari[17408:c5bafc] [com.apple.WebKit:AppSSO] 0x10f1a40c0 - SOAuthorizationCoordinator::canAuthorize: Calling async canPerformAuthorizationWithURL
2026-09-30 23:31:38.169 A  MobileSafari[17408:c5bafc] (AppSSO) canPerformAuthorizationWithURL
2026-09-30 23:31:38.169 A  MobileSafari[17408:c5bafc] (AppSSOCore) canPerformAuthorizationWithURL
2026-09-30 23:31:38.171 Df MobileSafari[17408:c5bbf2] [com.apple.authkit:nto] Authorization controller should process URL async: NO
2026-09-30 23:31:38.172 Df MobileSafari[17408:c5bafc] [com.apple.WebKit:AppSSO] SOAuthorizationCoordinator::canAuthorize: Async canPerformAuthorizationWithURL completed, result=0
2026-09-30 23:31:38.172 Df MobileSafari[17408:c5bafc] [com.apple.WebKit:AppSSO] SOAuthorizationCoordinator::tryAuthorize: The requested URL is not registered for AppSSO handling. No further action needed.
2026-09-30 23:31:38.269 A  TextInsertSpike[16799:c5bd27] (RunningBoardServices) observedProcessStatesDidChange
2026-09-30 23:31:38.300 A  TextInsertSpike[16799:c5b13b] (RunningBoardServices) observedProcessStatesDidChange
2026-09-30 23:31:38.303 Df SpringBoard[86754:c334f8] [com.apple.UIKit:KeyboardSceneDelegate] Tracking provider: updateProviderFromRemoteUpdate for info: <<<_UIKeyboardChangedInformation: 0x11f761b00>; appId (null) bundleId (null) animation fence (null); position {{0, 0}, {0, 0}}; animated YES; on sc
2026-09-30 23:31:38.304 Df SpringBoard[86754:c334f8] [com.apple.UIKit:KeyboardSceneDelegate] Tracking provider: updateProviderFromRemoteUpdate for info: <<<_UIKeyboardChangedInformation: 0x11f761b00>; appId (null) bundleId (null) animation fence (null); position {{0, 0}, {0, 0}}; animated YES; on sc
2026-09-30 23:31:38.305 Df SpringBoard[86754:c334f8] [com.apple.UIKit:KeyboardSceneDelegate] Tracking provider: updateProviderFromRemoteUpdate for info: <<<_UIKeyboardChangedInformation: 0x11f761b00>; appId (null) bundleId (null) animation fence (null); position {{0, 0}, {0, 0}}; animated YES; on sc
2026-09-30 23:31:38.307 Df SpringBoard[86754:c334f8] [com.apple.UIKit:KeyboardSceneDelegate] Tracking provider: updateProviderFromRemoteUpdate for info: <<<_UIKeyboardChangedInformation: 0x11f761b00>; appId (null) bundleId (null) animation fence (null); position {{0, 0}, {0, 0}}; animated YES; on sc
2026-09-30 23:31:38.310 Df SpringBoard[86754:c334f8] [com.apple.UIKit:KeyboardSceneDelegate] Tracking provider: updateProviderFromRemoteUpdate for info: <<<_UIKeyboardChangedInformation: 0x11f761b00>; appId (null) bundleId (null) animation fence (null); position {{0, 0}, {0, 0}}; animated YES; on sc
2026-09-30 23:31:38.353 E  MobileSafari[17408:c5bafc] [com.apple.mobilesafari:FaviconProvider] Failed to get image information from icon data with error: Error Domain=WKErrorDomain Code=1 "(null)"
2026-09-30 23:31:38.353 E  MobileSafari[17408:c5bbf1] [com.apple.mobilesafari:FaviconProvider] Failed to get image from icon data for page URL: <mask.hash: 'u71/b9XQ7d/fs6cywFxGug=='> - data 0 bytes
2026-09-30 23:31:38.377 A  TextInsertSpike[16799:c5bd27] (RunningBoardServices) observedProcessStatesDidChange
2026-09-30 23:31:38.571 Df MobileSafari[17408:c5bafc] [com.apple.mobilesafari:Passwords] Enqueueing asynchronous query for saved accounts matching criteria <private>
2026-09-30 23:31:38.571 Df MobileSafari[17408:c5bbf1] [com.apple.mobilesafari:Passwords] Beginning query for saved accounts matching criteria
2026-09-30 23:31:38.572 Df AuthenticationServicesAgent[88774:c5b9d0] [com.apple.xpc:connection] [0x101530500] activating connection: mach=false listener=false peer=true name=com.apple.AuthenticationServices.AutoFill.peer[17408].0x101530500
2026-09-30 23:31:38.573 Df MobileSafari[17408:c5bbf1] [com.apple.mobilesafari:AutoFill] Found 0 tree matches for <private> and associated domains: <private>
2026-09-30 23:31:38.573 Df MobileSafari[17408:c5bbf1] [com.apple.mobilesafari:AutoFill] Executed query for host '<mask.hash: 'njQFVwBVq+ofED9Nre3l+g=='>' with partial username '<mask.hash: '8QFI5wj8nq7NJVfXf8e56w=='>', prefix
2026-09-30 23:31:38.573 Df MobileSafari[17408:c5bbf1] [com.apple.mobilesafari:AutoFill] Query returned 0 matches
2026-09-30 23:31:38.573 Df MobileSafari[17408:c5bbf1] [com.apple.mobilesafari:Passwords] Finished query for saved accounts matching criteria
2026-09-30 23:31:38.987 Sd SpringBoard[86754:0] (CDF4E24A-4A9C-3FB3-8B3A-DD6CDC678FBA) TCC Authorization Cache
2026-09-30 23:31:39.634 Df UserEventAgent[86753:c5b6f3] [com.apple.xpc.activity:Activities] Initiating: com.apple.safarishared.WBSParsecDSession.autoFillDataUpdate (0x103e79400)
2026-09-30 23:31:39.635 Df MobileSafari[17408:c5bd5c] [com.apple.xpc.activity:Client] _xpc_activity_dispatch: beginning dispatch, activity name com.apple.safarishared.WBSParsecDSession.autoFillDataUpdate, seqno 1
2026-09-30 23:31:39.635 Df MobileSafari[17408:c5bd5c] [com.apple.xpc.activity:Client] _xpc_activity_dispatch: com.apple.safarishared.WBSParsecDSession.autoFillDataUpdate (0x13f99ac60): found an activity with matching seqno 1
2026-09-30 23:31:39.635 Df MobileSafari[17408:c5bd5c] [com.apple.xpc.activity:Client] _xpc_activity_begin_running: com.apple.safarishared.WBSParsecDSession.autoFillDataUpdate (0x13f99ac60) seqno: 1.
2026-09-30 23:31:39.635 Df MobileSafari[17408:c5bd5c] [com.apple.xpc.activity:Client] _xpc_activity_dispatch: lower half, activity name com.apple.safarishared.WBSParsecDSession.autoFillDataUpdate (0x13f99ac60), seqno from top half was 1
2026-09-30 23:31:39.635 Df MobileSafari[17408:c5bd5c] [com.apple.xpc.activity:Client] _xpc_activity_dispatch: created connection 0x13f379a40 for activity name com.apple.safarishared.WBSParsecDSession.autoFillDataUpdate (0x13f99ac60), seqno 1
2026-09-30 23:31:39.635 Df MobileSafari[17408:c5bd5c] [com.apple.xpc.activity:Client] _xpc_activity_set_state: com.apple.safarishared.WBSParsecDSession.autoFillDataUpdate (0x13f99ac60), 2
2026-09-30 23:31:39.635 Df MobileSafari[17408:c5bd5c] [com.apple.xpc.activity:Client] _xpc_activity_set_state: send new state to CTS: com.apple.safarishared.WBSParsecDSession.autoFillDataUpdate (0x13f99ac60), 2
2026-09-30 23:31:39.635 Df UserEventAgent[86753:c5b6f3] [com.apple.xpc.activity:Activities] Running (PID 17408): com.apple.safarishared.WBSParsecDSession.autoFillDataUpdate (0x103e79400)
2026-09-30 23:31:39.636 Df MobileSafari[17408:c5bbfe] [com.apple.xpc.activity:Client] _xpc_activity_set_state_from_cts: com.apple.safarishared.WBSParsecDSession.autoFillDataUpdate (0x13f99ac60), set activity state to 2
2026-09-30 23:31:39.636 Df MobileSafari[17408:c5bbfe] [com.apple.xpc.activity:Client] __XPC_ACTIVITY_CALLING_HANDLER__: com.apple.safarishared.WBSParsecDSession.autoFillDataUpdate (0x13f99ac60), current state 2, pending state 0
2026-09-30 23:31:39.636 Df MobileSafari[17408:c5bbfe] [com.apple.xpc.activity:Client] _xpc_activity_set_state: com.apple.safarishared.WBSParsecDSession.autoFillDataUpdate (0x13f99ac60), 4
2026-09-30 23:31:39.636 Df MobileSafari[17408:c5bd5c] [com.apple.mobilesafari:SuddenTerminationDisabler] Beginning new task assertion with reason: com.apple.SafariShared.WBSFormAutoFillCorrectionsSQLiteStore
2026-09-30 23:31:39.636 Df MobileSafari[17408:c5bbfe] [com.apple.xpc.activity:Client] __XPC_ACTIVITY_CALLING_HANDLER__ returned from handler: com.apple.safarishared.WBSParsecDSession.autoFillDataUpdate (0x13f99ac60), current state 2, pending state 4
2026-09-30 23:31:39.636 Df MobileSafari[17408:c5bbfe] [com.apple.xpc.activity:Client] _xpc_activity_set_state: send new state to CTS: com.apple.safarishared.WBSParsecDSession.autoFillDataUpdate (0x13f99ac60), 4
2026-09-30 23:31:39.636 Df MobileSafari[17408:c5bd5c] [com.apple.mobilesafari:SuddenTerminationDisabler] Did begin task assertion with reason com.apple.SafariShared.WBSFormAutoFillCorrectionsSQLiteStore
2026-09-30 23:31:39.638 Df MobileSafari[17408:c5bd5c] [com.apple.FileURL:default] kExcludedFromBackupXattrName set on path: /Users/tarunyadgirkar/Library/Developer/CoreSimulator/Devices/67D26F69-0444-498D-ADEE-F687E565B7CB/data/Containers/Data/Application/940B02CD-FEDE-4572-85D6-606628FAFAC9/Library
2026-09-30 23:31:39.639 Df MobileSafari[17408:c5bd5c] [com.apple.mobilesafari:SuddenTerminationDisabler] Ending task assertion with reason com.apple.SafariShared.WBSFormAutoFillCorrectionsSQLiteStore
2026-09-30 23:31:39.641 Df MobileSafari[17408:c5bd5c] [com.apple.xpc.activity:Client] _xpc_activity_set_state: com.apple.safarishared.WBSParsecDSession.autoFillDataUpdate (0x13f99ac60), 5
2026-09-30 23:31:39.641 Df MobileSafari[17408:c5bd5c] [com.apple.xpc.activity:Client] _xpc_activity_set_state: send new state to CTS: com.apple.safarishared.WBSParsecDSession.autoFillDataUpdate (0x13f99ac60), 5
2026-09-30 23:31:39.642 Df UserEventAgent[86753:c5b6f3] [com.apple.xpc.activity:Activities] Completed: com.apple.safarishared.WBSParsecDSession.autoFillDataUpdate (0x103e79400)
2026-09-30 23:31:39.642 Df UserEventAgent[86753:c5b6f3] [com.apple.xpc.activity:Activities] Rescheduling: com.apple.safarishared.WBSParsecDSession.autoFillDataUpdate (0x103e79400)
2026-09-30 23:31:39.642 Df MobileSafari[17408:c5bd5c] [com.apple.xpc.activity:Client] _xpc_activity_set_state_from_cts: com.apple.safarishared.WBSParsecDSession.autoFillDataUpdate (0x13f99ac60), set activity state to 1
2026-09-30 23:31:39.642 Df MobileSafari[17408:c5bd5c] [com.apple.xpc.activity:Client] _xpc_activity_end_running: com.apple.safarishared.WBSParsecDSession.autoFillDataUpdate (0x13f99ac60) seqno: 1.
2026-09-30 23:31:39.960 Df MobileSafari[17408:c5bbef] [com.apple.mobilesafari:Keychain] No credential items found in access group com.apple.cfnetwork-recently-deleted
2026-09-30 23:31:39.961 Df MobileSafari[17408:c5bbef] [com.apple.mobilesafari:Keychain] -[WBSSavedAccountStore _loadSavedAccountsWithPasswordsFromKeychainData:forGroupID:withDictionaryForSavedAccountsWithPasswords:fromRecentlyDeleted:]: Loaded 0 password keychain records from group:  from Recently D
2026-09-30 23:31:39.962 Df MobileSafari[17408:c5bbef] [com.apple.mobilesafari:Keychain] -[WBSSavedAccountStore _loadSavedAccountsWithPasswordsFromKeychainData:forGroupID:withDictionaryForSavedAccountsWithPasswords:fromRecentlyDeleted:]: loaded 0 sidecar items from personal keychain
2026-09-30 23:31:39.963 Df MobileSafari[17408:c5bbf1] [com.apple.mobilesafari:Keychain] Ongoing credential sharing is disabled because iCloud Keychain is disabled
2026-09-30 23:31:39.963 Df MobileSafari[17408:c5bbf1] [com.apple.mobilesafari:Passwords] Not fetching shared account groups because ongoing credential sharing is disabled
2026-09-30 23:31:40.456 Df MobileSafari[17408:c5bafc] [com.apple.LinkPresentation:Fetching] LPMetadataProvider<1>: acquiring process assertion
2026-09-30 23:31:40.456 Df MobileSafari[17408:c5bafc] [com.apple.LinkPresentation:Fetching] LPMetadataProvider<1>: start fetching for WKWebView
2026-09-30 23:31:40.456 Df MobileSafari[17408:c5bafc] [com.apple.LinkPresentation:Fetching] LPMetadataProvider<1>: Performing metadata extraction
2026-09-30 23:31:40.479 Df MobileSafari[17408:c5bafc] [com.apple.LinkPresentation:Fetching] LPMetadataProvider<1>: fetched metadata
2026-09-30 23:31:40.479 Df MobileSafari[17408:c5bafc] [com.apple.LinkPresentation:Fetching] LPMetadataProvider<1>: skipping subresource fetch
2026-09-30 23:31:40.479 Df MobileSafari[17408:c5bafc] [com.apple.LinkPresentation:Fetching] LPMetadataProvider<1>: starting postprocessing (has metadata=1, has error=0)
2026-09-30 23:31:40.479 Df MobileSafari[17408:c5bafc] [com.apple.LinkPresentation:Fetching] LPMetadataProvider<1>: not filtering duplicate images as configuration does not support using Vision.framework
2026-09-30 23:31:40.480 Df MobileSafari[17408:c5bbf0] [com.apple.LinkPresentation:Fetching] LPMetadataProvider<1>: completed (has metadata=1, has error=0)
2026-09-30 23:31:40.480 Df MobileSafari[17408:c5bafc] [com.apple.LinkPresentation:Fetching] LPMetadataProvider<1>: invalidating process assertion
2026-09-30 23:31:41.186 Df SpringBoard[86754:c334f8] [preflight:SceneHostedPreflight] [Preflighter: TCCs] com.tarunyadgirkar.prefill.spike.textinsert requires preflight: false
2026-09-30 23:31:41.186 Df SpringBoard[86754:c334f8] [preflight:SceneHostedPreflight] [Preflighter: ScreenTime] com.tarunyadgirkar.prefill.spike.textinsert requires preflight: false
2026-09-30 23:31:41.186 Df SpringBoard[86754:c334f8] [preflight:PreflightSceneExtension] sceneID:com.tarunyadgirkar.prefill.spike.textinsert-85A7109D-B842-4933-8BBF-51C9DB391CCC: returning requiresPreflight FALSE as there's no activePreflightSource
2026-09-30 23:31:41.309 Df MobileSafari[17408:c5bd1c] [com.apple.mobilesafari:AutoFill] WebContent[17495] Will not inject JavaScript in injected bundle
    "<environment: keyboardFocus; target: <token: 16799:FBWorkspace-com.tarunyadgirkar.prefill.spike.textinsert/UISceneHosting-com.tarunyadgirkar.prefill.spike.textinsert:UIHostedScene-com.apple.InputUI-5980D490; pid: 87035>>" = "<reachability: unreachable; deferringGraphGeneration: 311>";
2026-09-30 23:31:41.475 Df MobileSafari[17408:c5bafc] [com.apple.mobilesafari:AutoFill] Creating EMOneTimeCodeAccelerator for SFAppAutoFillOneTimeCodeProvider 0x13e5d9d80
2026-09-30 23:31:41.488 Df MobileSafari[17408:c5bbf1] [com.apple.mobilesafari:AutoFill] SFAppAutoFillOneTimeCodeProvider 0x13e5d9d80 added observer <SFFormAutocompleteState: 0x13e3e3900>; 1 observer remain
2026-09-30 23:31:41.495 Df MobileSafari[17408:c5bafc] [com.apple.xpc:connection] [0x13f37c280] activating connection: mach=true listener=false peer=false name=com.apple.AuthenticationServices.AutoFill
2026-09-30 23:31:41.497 A  MobileSafari[17408:c5bafc] (TCC) tcc_send_request_authorization() IPC
2026-09-30 23:31:41.526 A  postersyncd[94137:c3e78a] (TCC) tcc_send_request_authorization() IPC
2026-09-30 23:31:41.529 A  postersyncd[94137:c3e78a] (TCC) tcc_send_request_authorization() IPC
2026-09-30 23:31:41.533 Df MobileSafari[17408:c5bbf1] [com.apple.DataDeliveryServices:UAFAssetProvider] Observe update notification for assetSetName: com.apple.linguisticdata
2026-09-30 23:31:41.534 A  TextInsertSpike[16799:c5bd21] (RunningBoardServices) observedProcessStatesDidChange
2026-09-30 23:31:41.543 Df MobileSafari[17408:c5bc01] [com.apple.DataDeliveryServices:UAFAssetProvider] Sandbox extension request for asset set: com.apple.linguisticdata completed successfully
2026-09-30 23:31:41.547 Df MobileSafari[17408:c5bc00] [com.apple.contacts:avatar-decorator] Calling imNicknameProvider.allNicknamesForContact:contact
2026-09-30 23:31:41.553 Df MobileSafari[17408:c5bc00] [com.apple.contacts:avatar-decorator] IMNicknameProvider returned 0 nicknames
2026-09-30 23:31:41.558 A  TextInsertSpike[16799:c5bd21] (RunningBoardServices) observedProcessStatesDidChange
2026-09-30 23:31:41.564 Df SpringBoard[86754:c334f8] [com.apple.UIKit:KeyboardSceneDelegate] Tracking provider: updateProviderFromRemoteUpdate for info: <<<_UIKeyboardChangedInformation: 0x11f760900>; appId (null) bundleId (null) animation fence (null); position {{0, 857}, {0, 17}}; animated YES; on
2026-09-30 23:31:41.568 Df SpringBoard[86754:c334f8] [com.apple.UIKit:KeyboardSceneDelegate] Tracking provider: updateProviderFromRemoteUpdate for info: <<<_UIKeyboardChangedInformation: 0x11f760900>; appId (null) bundleId (null) animation fence (null); position {{0, 857}, {0, 17}}; animated YES; on
2026-09-30 23:31:41.574 Df SpringBoard[86754:c334f8] [com.apple.UIKit:KeyboardSceneDelegate] Tracking provider: updateProviderFromRemoteUpdate for info: <<<_UIKeyboardChangedInformation: 0x11f760900>; appId (null) bundleId (null) animation fence (null); position {{0, 857}, {0, 17}}; animated YES; on
2026-09-30 23:31:41.575 A  TextInsertSpike[16799:c5bd21] (RunningBoardServices) observedProcessStatesDidChange
2026-09-30 23:31:41.578 Df SpringBoard[86754:c334f8] [com.apple.UIKit:KeyboardSceneDelegate] Tracking provider: updateProviderFromRemoteUpdate for info: <<<_UIKeyboardChangedInformation: 0x11f760900>; appId (null) bundleId (null) animation fence (null); position {{0, 857}, {0, 17}}; animated YES; on
2026-09-30 23:31:41.580 Df SpringBoard[86754:c334f8] [com.apple.UIKit:KeyboardSceneDelegate] Tracking provider: updateProviderFromRemoteUpdate for info: <<<_UIKeyboardChangedInformation: 0x11f760900>; appId (null) bundleId (null) animation fence (null); position {{0, 857}, {0, 17}}; animated YES; on
2026-09-30 23:31:41.583 Df SpringBoard[86754:c334f8] [com.apple.SpringBoard:InputUI] Presenter updated from[0x0] to[<SBDeviceApplicationInputUIViewProvider: 0x11fe3d030> - sceneID:com.apple.mobilesafari-71DD3C25-4702-4D1D-8EB9-7DEF87C13EE1] for InputUI scene: <SBSingleSceneController: 0x11398b7a0; s
2026-09-30 23:31:41.583 Df SpringBoard[86754:c334f8] [com.apple.SpringBoard:SystemUIScene] [SUIS-InputUI:[Main] - 1] setPresenter[<SBDeviceApplicationInputUIViewProvider: 0x11fe3d030> - sceneID:com.apple.mobilesafari-71DD3C25-4702-4D1D-8EB9-7DEF87C13EE1] oldPresenter[0x0]
2026-09-30 23:31:41.593 A  TextInsertSpike[16799:c5bd21] (RunningBoardServices) observedProcessStatesDidChange
[15] [app<com.tarunyadgirkar.prefill.spike.textinsert((null))>:16799] -> {
2026-09-30 23:31:41.595 A  TextInsertSpike[16799:c5bd27] (RunningBoardServices) observedProcessStatesDidChange
2026-09-30 23:31:41.597 A  TextInsertSpike[16799:c5bd21] (RunningBoardServices) observedProcessStatesDidChange
2026-09-30 23:31:41.599 Df SpringBoard[86754:c334f8] [com.apple.SpringBoard:SystemUIScene] [SUIS-InputUI:[Main] - 1] Presenter[<SBDeviceApplicationInputUIViewProvider: 0x11fe3d030> - sceneID:com.apple.mobilesafari-71DD3C25-4702-4D1D-8EB9-7DEF87C13EE1] will present scene
    "<environment: keyboardFocus; target: <token: 16799:FBWorkspace-com.tarunyadgirkar.prefill.spike.textinsert/UISceneHosting-com.tarunyadgirkar.prefill.spike.textinsert:UIHostedScene-com.apple.InputUI-5980D490; pid: 87035>>" = "<reachability: unreachable; deferringGraphGeneration: 311>";
2026-09-30 23:31:41.601 Df SpringBoard[86754:c334f8] [com.apple.SpringBoard:KeyboardFocus] _updateDeferringRules(recalculateResignActiveAssertionForActiveOverlays) sceneID:com.apple.mobilesafari-71DD3C25-4702-4D1D-8EB9-7DEF87C13EE1 hasParent:YES activeOverlayProviders:[SBDeviceApplicationInputUIView
2026-09-30 23:31:41.602 A  TextInsertSpike[16799:c5bd27] (RunningBoardServices) observedProcessStatesDidChange
2026-09-30 23:31:41.606 Df InputUI[87035:c33b5c] [com.apple.UIKit:KeyWindow] Window resigning application key: UIWindow: 0x104215c00; contextId: 0xC233BF80; scene identity: 16799:FBWorkspace-com.tarunyadgirkar.prefill.spike.textinsert/UISceneHosting-com.tarunyadgirkar.prefill.spike.textinsert:UIHost
    [87035-D]; <keyboardFocus; …ll.spike.textinsert:UIHostedScene-com.apple.InputUI-5980D490> -> <token: <uq: 7; UIKit-localContainer>; pid: 87035>; reason: UIKit-localContainer
    [87035-D]; <keyboardFocus; 16799:FBWorkspace-com.tarunyadgirkar.prefill.spike.textinsert/UISceneHosting-com.tarunyadgirkar.prefill.spike.textinsert:UIHostedScene-com.apple.InputUI-5980D490> -> <token: <uq: 7; UIKit-localContainer>; pid: 87035>; reason: UIKit-localContainer
    [87035-D]; <keyboardFocus; 16799:FBWorkspace-com.tarunyadgirkar.prefill.spike.textinsert/UISceneHosting-com.tarunyadgirkar.prefill.spike.textinsert:UIHostedScene-com.apple.InputUI-5980D490> -> <token: <uq: 7; UIKit-localContainer>; pid: <…>
    "<environment: keyboardFocus; target: <token: 16799:FBWorkspace-com.tarunyadgirkar.prefill.spike.textinsert/UISceneHosting-com.tarunyadgirkar.prefill.spike.textinsert:UIHostedScene-com.apple.InputUI-5980D490; pid: 87035>>" = "<reachability: unreachable; deferringGraphGeneration: 312>";
2026-09-30 23:31:41.609 A  TextInsertSpike[16799:c5bd21] (RunningBoardServices) observedProcessStatesDidChange
2026-09-30 23:31:41.618 A  TextInsertSpike[16799:c5bd27] (RunningBoardServices) observedProcessStatesDidChange
2026-09-30 23:31:41.625 Df InputUI[87035:c33b5c] [com.apple.UIKit:KeyboardSceneDelegate] KeyboardTrackingCoordinator: Creating tracking provider for <_UIHostedWindowScene: 0x10739b700; role: UISceneSessionRoleSceneHosting; persistentIdentifier: UIHostedScene-com.apple.InputUI-5980D490; activationSta
2026-09-30 23:31:41.625 Df InputUI[87035:c33b5c] [com.apple.UIKit:KeyboardSceneDelegate] Tracking provider: updateProviderFromRemoteUpdate for info: <<<_UIKeyboardChangedInformation: 0x10728cf00>; appId (null) bundleId (null) animation fence (null); position {{0, 857}, {0, 17}}; animated YES; on scr
2026-09-30 23:31:41.626 Df InputUI[87035:c33b5c] [com.apple.UIKit:KeyboardSceneDelegate] KeyboardTrackingCoordinator: Creating tracking provider for <_UIHostedWindowScene: 0x107315680; role: UISceneSessionRoleSceneHosting; persistentIdentifier: UIHostedScene-com.apple.InputUI-8B0F812D; activationSta
2026-09-30 23:31:41.626 Df InputUI[87035:c33b5c] [com.apple.UIKit:KeyboardSceneDelegate] Tracking provider: updateProviderFromRemoteUpdate for info: <<<_UIKeyboardChangedInformation: 0x10728cf00>; appId (null) bundleId (null) animation fence (null); position {{0, 857}, {0, 17}}; animated YES; on scr
2026-09-30 23:31:41.634 Df MobileSafari[17408:c5bafc] [com.apple.UIKit:InputWindowController] Tracking provider: moveFromPlacement: <UIInputViewSetPlacementInitialPosition> toPlacement: <UIInputViewSetPlacementOnScreenWithAccessory> update to: {{0, 573}, {402, 301}}
2026-09-30 23:31:41.634 Df MobileSafari[17408:c5bafc] [com.apple.UIKit:KeyboardSceneDelegate] KeyboardTrackingCoordinator: Creating tracking provider for <_UIKeyboardInputScene: 0x160da2580; role: _UISceneSessionRoleKeyboardInputScene; persistentIdentifier: KeyboardInputScene-com.apple.frontboard.sy
2026-09-30 23:31:41.644 Df SpringBoard[86754:c334f8] [com.apple.UIKit:KeyboardSceneDelegate] Tracking provider: updateProviderFromRemoteUpdate for info: <<<_UIKeyboardChangedInformation: 0x11f761b00>; appId (null) bundleId (null) animation fence (null); position {{0, 573}, {402, 301}}; animated YES;
2026-09-30 23:31:41.646 Df InputUI[87035:c33b5c] [com.apple.UIKit:KeyboardSceneDelegate] Tracking provider: updateProviderFromRemoteUpdate for info: <<<_UIKeyboardChangedInformation: 0x10728ea00>; appId (null) bundleId (null) animation fence (null); position {{0, 573}, {402, 301}}; animated YES; on 
2026-09-30 23:31:41.646 Df SpringBoard[86754:c334f8] [com.apple.UIKit:KeyboardSceneDelegate] Tracking provider: updateProviderFromRemoteUpdate for info: <<<_UIKeyboardChangedInformation: 0x11f761b00>; appId (null) bundleId (null) animation fence (null); position {{0, 573}, {402, 301}}; animated YES;
2026-09-30 23:31:41.646 Df InputUI[87035:c33b5c] [com.apple.UIKit:KeyboardSceneDelegate] Tracking provider: updateProviderFromRemoteUpdate for info: <<<_UIKeyboardChangedInformation: 0x10728ea00>; appId (null) bundleId (null) animation fence (null); position {{0, 573}, {402, 301}}; animated YES; on 
2026-09-30 23:31:41.650 Df SpringBoard[86754:c334f8] [com.apple.UIKit:KeyboardSceneDelegate] Tracking provider: updateProviderFromRemoteUpdate for info: <<<_UIKeyboardChangedInformation: 0x11f761b00>; appId (null) bundleId (null) animation fence (null); position {{0, 573}, {402, 301}}; animated YES;
2026-09-30 23:31:41.651 Df SpringBoard[86754:c334f8] [com.apple.UIKit:KeyboardSceneDelegate] Tracking provider: updateProviderFromRemoteUpdate for info: <<<_UIKeyboardChangedInformation: 0x11f761b00>; appId (null) bundleId (null) animation fence (null); position {{0, 573}, {402, 301}}; animated YES;
2026-09-30 23:31:41.652 Df SpringBoard[86754:c334f8] [com.apple.UIKit:KeyboardSceneDelegate] Tracking provider: updateProviderFromRemoteUpdate for info: <<<_UIKeyboardChangedInformation: 0x11f761b00>; appId (null) bundleId (null) animation fence (null); position {{0, 573}, {402, 301}}; animated YES;
2026-09-30 23:31:41.721 Df MobileSafari[17408:c5bafc] [com.apple.mobilesafari:Passwords] Enqueueing synchronous query for saved accounts matching criteria <private>
2026-09-30 23:31:41.721 Df MobileSafari[17408:c5bafc] [com.apple.mobilesafari:Passwords] Beginning query for saved accounts matching criteria
2026-09-30 23:31:41.722 Df MobileSafari[17408:c5bafc] [com.apple.mobilesafari:AutoFill] Found 0 tree matches for <private> and associated domains: <private>
2026-09-30 23:31:41.722 Df MobileSafari[17408:c5bafc] [com.apple.mobilesafari:AutoFill] Executed query for host '<mask.hash: 'njQFVwBVq+ofED9Nre3l+g=='>' with partial username '<mask.hash: '8QFI5wj8nq7NJVfXf8e56w=='>', prefix
2026-09-30 23:31:41.722 Df MobileSafari[17408:c5bafc] [com.apple.mobilesafari:AutoFill] Query returned 0 matches
2026-09-30 23:31:41.722 Df MobileSafari[17408:c5bafc] [com.apple.mobilesafari:Passwords] Finished query for saved accounts matching criteria
2026-09-30 23:31:41.723 Df MobileSafari[17408:c5bafc] [com.apple.mobilesafari:Passwords] Enqueueing synchronous query for saved accounts matching criteria <private>
2026-09-30 23:31:41.723 Df MobileSafari[17408:c5bafc] [com.apple.mobilesafari:Passwords] Beginning query for saved accounts matching criteria
2026-09-30 23:31:41.724 Df MobileSafari[17408:c5bafc] [com.apple.mobilesafari:AutoFill] Found 0 tree matches for <private> and associated domains: <private>
2026-09-30 23:31:41.724 Df MobileSafari[17408:c5bafc] [com.apple.mobilesafari:AutoFill] Executed query for host '<mask.hash: 'njQFVwBVq+ofED9Nre3l+g=='>' with partial username '<mask.hash: '8QFI5wj8nq7NJVfXf8e56w=='>', prefix
2026-09-30 23:31:41.724 Df MobileSafari[17408:c5bafc] [com.apple.mobilesafari:AutoFill] Query returned 0 matches
2026-09-30 23:31:41.724 Df MobileSafari[17408:c5bafc] [com.apple.mobilesafari:Passwords] Finished query for saved accounts matching criteria
2026-09-30 23:31:41.724 Df MobileSafari[17408:c5bafc] [com.apple.mobilesafari:Passwords] Enqueueing synchronous query for saved accounts matching criteria <private>
2026-09-30 23:31:41.724 Df MobileSafari[17408:c5bafc] [com.apple.mobilesafari:Passwords] Beginning query for saved accounts matching criteria
2026-09-30 23:31:41.724 A  TextInsertSpike[16799:c5bd21] (RunningBoardServices) observedProcessStatesDidChange
2026-09-30 23:31:41.725 Df MobileSafari[17408:c5bafc] [com.apple.mobilesafari:AutoFill] Found 0 tree matches for <private> and associated domains: <private>
2026-09-30 23:31:41.725 Df MobileSafari[17408:c5bafc] [com.apple.mobilesafari:AutoFill] Executed query for host '<mask.hash: 'njQFVwBVq+ofED9Nre3l+g=='>' with partial username '<mask.hash: '8QFI5wj8nq7NJVfXf8e56w=='>', prefix
2026-09-30 23:31:41.725 Df MobileSafari[17408:c5bafc] [com.apple.mobilesafari:AutoFill] Query returned 0 matches
2026-09-30 23:31:41.725 Df MobileSafari[17408:c5bafc] [com.apple.mobilesafari:Passwords] Finished query for saved accounts matching criteria
2026-09-30 23:31:41.725 Df MobileSafari[17408:c5bafc] [com.apple.mobilesafari:Passwords] Enqueueing synchronous query for saved accounts matching criteria <private>
2026-09-30 23:31:41.725 Df MobileSafari[17408:c5bafc] [com.apple.mobilesafari:Passwords] Beginning query for saved accounts matching criteria
2026-09-30 23:31:41.726 A  TextInsertSpike[16799:c5bd21] (RunningBoardServices) observedProcessStatesDidChange
2026-09-30 23:31:41.727 Df MobileSafari[17408:c5bafc] [com.apple.mobilesafari:AutoFill] Found 0 tree matches for <private> and associated domains: <private>
2026-09-30 23:31:41.727 Df MobileSafari[17408:c5bafc] [com.apple.mobilesafari:AutoFill] Executed query for host '<mask.hash: 'njQFVwBVq+ofED9Nre3l+g=='>' with partial username '<mask.hash: '8QFI5wj8nq7NJVfXf8e56w=='>', prefix
2026-09-30 23:31:41.727 Df MobileSafari[17408:c5bafc] [com.apple.mobilesafari:AutoFill] Query returned 0 matches
2026-09-30 23:31:41.727 Df MobileSafari[17408:c5bafc] [com.apple.mobilesafari:Passwords] Finished query for saved accounts matching criteria
2026-09-30 23:31:41.729 Df MobileSafari[17408:c5bafc] [com.apple.mobilesafari:Passwords] Enqueueing synchronous query for saved accounts matching criteria <private>
2026-09-30 23:31:41.729 Df MobileSafari[17408:c5bafc] [com.apple.mobilesafari:Passwords] Beginning query for saved accounts matching criteria
2026-09-30 23:31:41.730 Df MobileSafari[17408:c5bafc] [com.apple.mobilesafari:AutoFill] Found 0 tree matches for <private> and associated domains: <private>
2026-09-30 23:31:41.730 Df MobileSafari[17408:c5bafc] [com.apple.mobilesafari:AutoFill] Executed query for host '<mask.hash: 'njQFVwBVq+ofED9Nre3l+g=='>' with partial username '<mask.hash: (null)>', prefix
2026-09-30 23:31:41.730 Df MobileSafari[17408:c5bafc] [com.apple.mobilesafari:AutoFill] Query returned 0 matches
2026-09-30 23:31:41.730 Df MobileSafari[17408:c5bafc] [com.apple.mobilesafari:Passwords] Finished query for saved accounts matching criteria
2026-09-30 23:31:41.755 Df MobileSafari[17408:c5bafc] [com.apple.UIKit:InputWindowController] Tracking provider: viewDidLayoutSubviews update to {{0, 546}, {402, 328}}
2026-09-30 23:31:41.756 Df SpringBoard[86754:c334f8] [com.apple.UIKit:KeyboardSceneDelegate] Tracking provider: updateProviderFromRemoteUpdate for info: <<<_UIKeyboardChangedInformation: 0x11f760900>; appId (null) bundleId (null) animation fence (null); position {{0, 546}, {402, 328}}; animated YES;
2026-09-30 23:31:41.757 Df InputUI[87035:c33b5c] [com.apple.UIKit:KeyboardSceneDelegate] Tracking provider: updateProviderFromRemoteUpdate for info: <<<_UIKeyboardChangedInformation: 0x10728f300>; appId (null) bundleId (null) animation fence (null); position {{0, 546}, {402, 328}}; animated YES; on 
2026-09-30 23:31:41.757 Df InputUI[87035:c33b5c] [com.apple.UIKit:KeyboardSceneDelegate] Tracking provider: updateProviderFromRemoteUpdate for info: <<<_UIKeyboardChangedInformation: 0x10728f300>; appId (null) bundleId (null) animation fence (null); position {{0, 546}, {402, 328}}; animated YES; on 
2026-09-30 23:31:41.759 Df SpringBoard[86754:c334f8] [com.apple.UIKit:KeyboardSceneDelegate] Tracking provider: updateProviderFromRemoteUpdate for info: <<<_UIKeyboardChangedInformation: 0x11f760900>; appId (null) bundleId (null) animation fence (null); position {{0, 546}, {402, 328}}; animated YES;
2026-09-30 23:31:41.762 Df SpringBoard[86754:c334f8] [com.apple.UIKit:KeyboardSceneDelegate] Tracking provider: updateProviderFromRemoteUpdate for info: <<<_UIKeyboardChangedInformation: 0x11f760900>; appId (null) bundleId (null) animation fence (null); position {{0, 546}, {402, 328}}; animated YES;
2026-09-30 23:31:41.763 Df SpringBoard[86754:c334f8] [com.apple.UIKit:KeyboardSceneDelegate] Tracking provider: updateProviderFromRemoteUpdate for info: <<<_UIKeyboardChangedInformation: 0x11f760900>; appId (null) bundleId (null) animation fence (null); position {{0, 546}, {402, 328}}; animated YES;
2026-09-30 23:31:41.763 Df SpringBoard[86754:c334f8] [com.apple.UIKit:KeyboardSceneDelegate] Tracking provider: updateProviderFromRemoteUpdate for info: <<<_UIKeyboardChangedInformation: 0x11f760900>; appId (null) bundleId (null) animation fence (null); position {{0, 546}, {402, 328}}; animated YES;
2026-09-30 23:31:41.773 Df MobileSafari[17408:c5bafc] [com.apple.mobilesafari:Passwords] Enqueueing synchronous query for saved accounts matching criteria <private>
2026-09-30 23:31:41.773 Df MobileSafari[17408:c5bafc] [com.apple.mobilesafari:Passwords] Beginning query for saved accounts matching criteria
2026-09-30 23:31:41.774 Df MobileSafari[17408:c5bafc] [com.apple.mobilesafari:AutoFill] Found 0 tree matches for <private> and associated domains: <private>
2026-09-30 23:31:41.774 Df MobileSafari[17408:c5bafc] [com.apple.mobilesafari:AutoFill] Executed query for host '<mask.hash: 'njQFVwBVq+ofED9Nre3l+g=='>' with partial username '<mask.hash: (null)>', prefix
2026-09-30 23:31:41.774 Df MobileSafari[17408:c5bafc] [com.apple.mobilesafari:AutoFill] Query returned 0 matches
2026-09-30 23:31:41.774 Df MobileSafari[17408:c5bafc] [com.apple.mobilesafari:Passwords] Finished query for saved accounts matching criteria
    "<environment: keyboardFocus; target: <token: 16799:FBWorkspace-com.tarunyadgirkar.prefill.spike.textinsert/UISceneHosting-com.tarunyadgirkar.prefill.spike.textinsert:UIHostedScene-com.apple.InputUI-5980D490; pid: 87035>>" = "<reachability: unreachable; deferringGraphGeneration: 313>";
    "<environment: keyboardFocus; target: <token: 16799:FBWorkspace-com.tarunyadgirkar.prefill.spike.textinsert/UISceneHosting-com.tarunyadgirkar.prefill.spike.textinsert:UIHostedScene-com.apple.InputUI-5980D490; pid: 87035>>" = "<reachability: unreachable; deferringGraphGeneration: 314>";
2026-09-30 23:31:41.830 A  TextInsertSpike[16799:c5bd27] (RunningBoardServices) observedProcessStatesDidChange
2026-09-30 23:31:41.860 A  TextInsertSpike[16799:c5bd21] (RunningBoardServices) observedProcessStatesDidChange
2026-09-30 23:31:42.119 A  TextInsertSpike[16799:c5bd27] (RunningBoardServices) observedProcessStatesDidChange
2026-09-30 23:31:42.225 A  TextInsertSpike[16799:c5bd21] (RunningBoardServices) observedProcessStatesDidChange
2026-09-30 23:31:42.410 Sd SpringBoard[86754:0] (CDF4E24A-4A9C-3FB3-8B3A-DD6CDC678FBA) TCC Authorization Cache
2026-09-30 23:31:42.484 Df MobileSafari[17408:c5bafc] [com.apple.LinkPresentation:Fetching] LPMetadataProvider<2>: acquiring process assertion
2026-09-30 23:31:42.484 Df MobileSafari[17408:c5bafc] [com.apple.LinkPresentation:Fetching] LPMetadataProvider<2>: start fetching for WKWebView
2026-09-30 23:31:42.484 Df MobileSafari[17408:c5bafc] [com.apple.LinkPresentation:Fetching] LPMetadataProvider<2>: Performing metadata extraction
2026-09-30 23:31:42.485 Df MobileSafari[17408:c5bafc] [com.apple.LinkPresentation:Fetching] LPMetadataProvider<2>: fetched metadata
2026-09-30 23:31:42.486 Df MobileSafari[17408:c5bafc] [com.apple.LinkPresentation:Fetching] LPMetadataProvider<2>: skipping subresource fetch
2026-09-30 23:31:42.486 Df MobileSafari[17408:c5bafc] [com.apple.LinkPresentation:Fetching] LPMetadataProvider<2>: starting postprocessing (has metadata=1, has error=0)
2026-09-30 23:31:42.486 Df MobileSafari[17408:c5bafc] [com.apple.LinkPresentation:Fetching] LPMetadataProvider<2>: not filtering duplicate images as configuration does not support using Vision.framework
2026-09-30 23:31:42.486 Df MobileSafari[17408:c5bc00] [com.apple.LinkPresentation:Fetching] LPMetadataProvider<2>: completed (has metadata=1, has error=0)
2026-09-30 23:31:42.487 Df MobileSafari[17408:c5bafc] [com.apple.LinkPresentation:Fetching] LPMetadataProvider<2>: invalidating process assertion
2026-09-30 23:31:42.732 A  TextInsertSpike[16799:c5bd21] (RunningBoardServices) observedProcessStatesDidChange
    "XC_kAXXCAttributeElementBaseType" = "_TtGC5UIKit17UICoreHostingViewVCS_21ToolbarVisualProvider8RootView_";
    "XC_kAXXCAttributeElementType" = "_TtGC5UIKit17UICoreHostingViewVCS_21ToolbarVisualProvider8RootView_";
2026-09-30 23:31:42.844 Df SpringBoard[86754:c334f8] [preflight:SceneHostedPreflight] [Preflighter: TCCs] com.tarunyadgirkar.prefill.spike.textinsert requires preflight: false
2026-09-30 23:31:42.844 Df SpringBoard[86754:c334f8] [preflight:SceneHostedPreflight] [Preflighter: ScreenTime] com.tarunyadgirkar.prefill.spike.textinsert requires preflight: false
2026-09-30 23:31:42.844 Df SpringBoard[86754:c334f8] [preflight:PreflightSceneExtension] sceneID:com.tarunyadgirkar.prefill.spike.textinsert-85A7109D-B842-4933-8BBF-51C9DB391CCC: returning requiresPreflight FALSE as there's no activePreflightSource
    "XC_kAXXCAttributeElementBaseType" = "_TtGC5UIKit17UICoreHostingViewVCS_21ToolbarVisualProvider8RootView_";
    "XC_kAXXCAttributeElementType" = "_TtGC5UIKit17UICoreHostingViewVCS_21ToolbarVisualProvider8RootView_";
    "XC_kAXXCAttributeElementBaseType" = "_TtGC5UIKit17UICoreHostingViewVCS_21ToolbarVisualProvider8RootView_";
    "XC_kAXXCAttributeElementType" = "_TtGC5UIKit17UICoreHostingViewVCS_21ToolbarVisualProvider8RootView_";
    "XC_kAXXCAttributeElementBaseType" = "_TtGC5UIKit17UICoreHostingViewVCS_21ToolbarVisualProvider8RootView_";
    "XC_kAXXCAttributeElementType" = "_TtGC5UIKit17UICoreHostingViewVCS_21ToolbarVisualProvider8RootView_";
2026-09-30 23:31:43.053 A  TextInsertSpike[16799:c5bd27] (RunningBoardServices) observedProcessStatesDidChange
2026-09-30 23:31:43.160 A  TextInsertSpike[16799:c5bd21] (RunningBoardServices) observedProcessStatesDidChange
2026-09-30 23:31:43.449 Df MobileSafari[17408:c5bbff] (SpotlightEmbeddingCore) SPEmbeddingProvider: Registered provider SPEmbeddingModel
    "<environment: keyboardFocus; target: <token: 16799:FBWorkspace-com.tarunyadgirkar.prefill.spike.textinsert/UISceneHosting-com.tarunyadgirkar.prefill.spike.textinsert:UIHostedScene-com.apple.InputUI-5980D490; pid: 87035>>" = "<reachability: unreachable; deferringGraphGeneration: 315>";
    ↪︎ Elements matching predicate '"AutoFill" IN identifiers'
    ↪︎ Elements matching predicate '"AutoFill" IN identifiers'
    ↪︎ Elements matching predicate '"AutoFill" IN identifiers'
    ↪︎ Elements matching predicate '"AutoFill" IN identifiers'
    MenuItem, label: 'AutoFill'
    MenuItem, label: 'AutoFill'
    MenuItem, label: 'AutoFill'
    ↪︎ Elements matching predicate '"AutoFill" IN identifiers' found matching snapshots: {(
    MenuItem, label: 'AutoFill'
    ↪︎ Elements matching predicate '"AutoFill" IN identifiers' with results: <XCTElementQueryResults: 0x160c24f00> (error: (null))
2026-09-30 23:31:46.027 Df trustd[87797:c5b38f] [com.apple.securityd:SecError] TextInsertUITest[16600]/1#-1 LF=0 NetworkingAnalyticsReport Error Domain=NSOSStatusErrorDomain Code=-4 "Networking analytics not supported in this environment" UserInfo={numberOfErrorsDeep=0, NSDescription=Networking anal
2026-09-30 23:31:46.488 Df MobileSafari[17408:c5bafc] [com.apple.LinkPresentation:Fetching] LPMetadataProvider<3>: acquiring process assertion
2026-09-30 23:31:46.488 Df MobileSafari[17408:c5bafc] [com.apple.LinkPresentation:Fetching] LPMetadataProvider<3>: start fetching for WKWebView
2026-09-30 23:31:46.488 Df MobileSafari[17408:c5bafc] [com.apple.LinkPresentation:Fetching] LPMetadataProvider<3>: Performing metadata extraction
2026-09-30 23:31:46.490 Df MobileSafari[17408:c5bafc] [com.apple.LinkPresentation:Fetching] LPMetadataProvider<3>: fetched metadata
2026-09-30 23:31:46.490 Df MobileSafari[17408:c5bafc] [com.apple.LinkPresentation:Fetching] LPMetadataProvider<3>: skipping subresource fetch
2026-09-30 23:31:46.490 Df MobileSafari[17408:c5bafc] [com.apple.LinkPresentation:Fetching] LPMetadataProvider<3>: starting postprocessing (has metadata=1, has error=0)
2026-09-30 23:31:46.490 Df MobileSafari[17408:c5bafc] [com.apple.LinkPresentation:Fetching] LPMetadataProvider<3>: not filtering duplicate images as configuration does not support using Vision.framework
2026-09-30 23:31:46.491 Df MobileSafari[17408:c5c0d1] [com.apple.LinkPresentation:Fetching] LPMetadataProvider<3>: completed (has metadata=1, has error=0)
2026-09-30 23:31:46.492 Df MobileSafari[17408:c5bafc] [com.apple.LinkPresentation:Fetching] LPMetadataProvider<3>: invalidating process assertion
2026-09-30 23:31:46.862 Df trustd[87797:c5b38f] [com.apple.securityd:SecError] TextInsertUITest[16600]/1#-1 LF=0 NetworkingAnalyticsReport Error Domain=NSOSStatusErrorDomain Code=-4 "Networking analytics not supported in this environment" UserInfo={numberOfErrorsDeep=0, NSDescription=Networking anal
    "XC_kAXXCAttributeLabel" = AutoFill;
    ↪︎ Elements matching predicate '"AutoFill" IN identifiers'
    ↪︎ Elements matching predicate '"AutoFill" IN identifiers'
    ↪︎ Elements matching predicate '"AutoFill" IN identifiers'
    ↪︎ Elements matching predicate '"AutoFill" IN identifiers'
    MenuItem, label: 'AutoFill'
    MenuItem, label: 'AutoFill'
    MenuItem, label: 'AutoFill'
    ↪︎ Elements matching predicate '"AutoFill" IN identifiers' found matching snapshots: {(
    MenuItem, label: 'AutoFill'
    ↪︎ Elements matching predicate '"AutoFill" IN identifiers' with results: <XCTElementQueryResults: 0x164d72160> (error: (null))
2026-09-30 23:31:47.137 Df SpringBoard[86754:c334f8] [preflight:SceneHostedPreflight] [Preflighter: TCCs] com.tarunyadgirkar.prefill.spike.textinsert requires preflight: false
2026-09-30 23:31:47.137 Df SpringBoard[86754:c334f8] [preflight:SceneHostedPreflight] [Preflighter: ScreenTime] com.tarunyadgirkar.prefill.spike.textinsert requires preflight: false
2026-09-30 23:31:47.137 Df SpringBoard[86754:c334f8] [preflight:PreflightSceneExtension] sceneID:com.tarunyadgirkar.prefill.spike.textinsert-85A7109D-B842-4933-8BBF-51C9DB391CCC: returning requiresPreflight FALSE as there's no activePreflightSource
    ↪︎ Elements matching predicate '"AutoFill" IN identifiers'
    ↪︎ Elements matching predicate '"AutoFill" IN identifiers'
    ↪︎ Elements matching predicate '"AutoFill" IN identifiers'
    ↪︎ Elements matching predicate '"AutoFill" IN identifiers'
    MenuItem, label: 'AutoFill'
    MenuItem, label: 'AutoFill'
    MenuItem, label: 'AutoFill'
    ↪︎ Elements matching predicate '"AutoFill" IN identifiers' found matching snapshots: {(
    MenuItem, label: 'AutoFill'
    ↪︎ Elements matching predicate '"AutoFill" IN identifiers' with results: <XCTElementQueryResults: 0x164e14d80> (error: (null))
    ↪︎ Elements matching predicate '"AutoFill" IN identifiers'
    ↪︎ Elements matching predicate '"AutoFill" IN identifiers'
    ↪︎ Elements matching predicate '"AutoFill" IN identifiers'
    ↪︎ Elements matching predicate '"AutoFill" IN identifiers'
    MenuItem, label: 'AutoFill'
    MenuItem, label: 'AutoFill'
    MenuItem, label: 'AutoFill'
    ↪︎ Elements matching predicate '"AutoFill" IN identifiers' found matching snapshots: {(
    MenuItem, label: 'AutoFill'
    ↪︎ Elements matching predicate '"AutoFill" IN identifiers' with results: <XCTElementQueryResults: 0x160c2ae80> (error: (null))
    ↪︎ Elements matching predicate '"AutoFill" IN identifiers'
    ↪︎ Elements matching predicate '"AutoFill" IN identifiers'
    ↪︎ Elements matching predicate '"AutoFill" IN identifiers'
    ↪︎ Elements matching predicate '"AutoFill" IN identifiers'
    MenuItem, label: 'AutoFill'
    MenuItem, label: 'AutoFill'
    MenuItem, label: 'AutoFill'
    ↪︎ Elements matching predicate '"AutoFill" IN identifiers' found matching snapshots: {(
    MenuItem, label: 'AutoFill'
    ↪︎ Elements matching predicate '"AutoFill" IN identifiers' with results: <XCTElementQueryResults: 0x164e0c930> (error: (null))
2026-09-30 23:31:48.661 A  TextInsertSpike[16799:c5bd21] (RunningBoardServices) observedProcessStatesDidChange
2026-09-30 23:31:48.665 Df SpringBoard[86754:c334f8] [com.apple.UIKit:KeyboardSceneDelegate] Tracking provider: updateProviderFromRemoteUpdate for info: <<<_UIKeyboardChangedInformation: 0x11f761980>; appId (null) bundleId (null) animation fence (null); position {{0, 546}, {402, 328}}; animated YES;
2026-09-30 23:31:48.666 Df InputUI[87035:c33b5c] [com.apple.UIKit:KeyboardSceneDelegate] Tracking provider: updateProviderFromRemoteUpdate for info: <<<_UIKeyboardChangedInformation: 0x10728d800>; appId (null) bundleId (null) animation fence (null); position {{0, 546}, {402, 328}}; animated YES; on 
2026-09-30 23:31:48.667 Df InputUI[87035:c33b5c] [com.apple.UIKit:KeyboardSceneDelegate] Tracking provider: updateProviderFromRemoteUpdate for info: <<<_UIKeyboardChangedInformation: 0x10728d800>; appId (null) bundleId (null) animation fence (null); position {{0, 546}, {402, 328}}; animated YES; on 
2026-09-30 23:31:48.669 Df SpringBoard[86754:c334f8] [com.apple.UIKit:KeyboardSceneDelegate] Tracking provider: updateProviderFromRemoteUpdate for info: <<<_UIKeyboardChangedInformation: 0x11f761980>; appId (null) bundleId (null) animation fence (null); position {{0, 546}, {402, 328}}; animated YES;
2026-09-30 23:31:48.674 Df SpringBoard[86754:c334f8] [com.apple.UIKit:KeyboardSceneDelegate] Tracking provider: updateProviderFromRemoteUpdate for info: <<<_UIKeyboardChangedInformation: 0x11f761980>; appId (null) bundleId (null) animation fence (null); position {{0, 546}, {402, 328}}; animated YES;
2026-09-30 23:31:48.674 A  TextInsertSpike[16799:c5bd20] (RunningBoardServices) observedProcessStatesDidChange
2026-09-30 23:31:48.676 Df SpringBoard[86754:c334f8] [com.apple.UIKit:KeyboardSceneDelegate] Tracking provider: updateProviderFromRemoteUpdate for info: <<<_UIKeyboardChangedInformation: 0x11f761980>; appId (null) bundleId (null) animation fence (null); position {{0, 546}, {402, 328}}; animated YES;
2026-09-30 23:31:48.678 Df MobileSafari[17408:c5bafc] [com.apple.UIKit:InputWindowController] Tracking provider: moveFromPlacement: <UIInputViewSetPlacementOnScreenWithAccessory> toPlacement: <UIInputViewSetPlacementOnScreenWithAccessory> update to: {{0, 546}, {402, 328}}
2026-09-30 23:31:48.678 Df SpringBoard[86754:c334f8] [com.apple.UIKit:KeyboardSceneDelegate] Tracking provider: updateProviderFromRemoteUpdate for info: <<<_UIKeyboardChangedInformation: 0x11f761980>; appId (null) bundleId (null) animation fence (null); position {{0, 546}, {402, 328}}; animated YES;
2026-09-30 23:31:48.743 A  TextInsertSpike[16799:c5bd20] (RunningBoardServices) observedProcessStatesDidChange
2026-09-30 23:31:48.749 Df SpringBoard[86754:c334f8] [com.apple.UIKit:KeyboardSceneDelegate] Tracking provider: updateProviderFromRemoteUpdate for info: <<<_UIKeyboardChangedInformation: 0x11f760900>; appId (null) bundleId (null) animation fence (null); position {{0, 573}, {402, 301}}; animated YES;
2026-09-30 23:31:48.750 Df InputUI[87035:c33b5c] [com.apple.UIKit:KeyboardSceneDelegate] Tracking provider: updateProviderFromRemoteUpdate for info: <<<_UIKeyboardChangedInformation: 0x10728ea00>; appId (null) bundleId (null) animation fence (null); position {{0, 573}, {402, 301}}; animated YES; on 
2026-09-30 23:31:48.750 Df InputUI[87035:c33b5c] [com.apple.UIKit:KeyboardSceneDelegate] Tracking provider: updateProviderFromRemoteUpdate for info: <<<_UIKeyboardChangedInformation: 0x10728ea00>; appId (null) bundleId (null) animation fence (null); position {{0, 573}, {402, 301}}; animated YES; on 
2026-09-30 23:31:48.752 Df SpringBoard[86754:c334f8] [com.apple.UIKit:KeyboardSceneDelegate] Tracking provider: updateProviderFromRemoteUpdate for info: <<<_UIKeyboardChangedInformation: 0x11f760900>; appId (null) bundleId (null) animation fence (null); position {{0, 573}, {402, 301}}; animated YES;
2026-09-30 23:31:48.754 Df SpringBoard[86754:c334f8] [com.apple.UIKit:KeyboardSceneDelegate] Tracking provider: updateProviderFromRemoteUpdate for info: <<<_UIKeyboardChangedInformation: 0x11f760900>; appId (null) bundleId (null) animation fence (null); position {{0, 573}, {402, 301}}; animated YES;
2026-09-30 23:31:48.755 Df SpringBoard[86754:c334f8] [com.apple.UIKit:KeyboardSceneDelegate] Tracking provider: updateProviderFromRemoteUpdate for info: <<<_UIKeyboardChangedInformation: 0x11f760900>; appId (null) bundleId (null) animation fence (null); position {{0, 573}, {402, 301}}; animated YES;
2026-09-30 23:31:48.755 Df MobileSafari[17408:c5bafc] [com.apple.UIKit:InputWindowController] Tracking provider: viewDidLayoutSubviews update to {{0, 573}, {402, 301}}
2026-09-30 23:31:48.756 Df SpringBoard[86754:c334f8] [com.apple.UIKit:KeyboardSceneDelegate] Tracking provider: updateProviderFromRemoteUpdate for info: <<<_UIKeyboardChangedInformation: 0x11f760900>; appId (null) bundleId (null) animation fence (null); position {{0, 573}, {402, 301}}; animated YES;
2026-09-30 23:31:48.769 A  TextInsertSpike[16799:c5bd20] (RunningBoardServices) observedProcessStatesDidChange
2026-09-30 23:31:48.769 Df MobileSafari[17408:c5bafc] [com.apple.UIKit:InputWindowController] Tracking provider: moveFromPlacement: <UIInputViewSetPlacementOnScreenWithAccessory> toPlacement: <UIInputViewSetPlacementOnScreenWithAccessory> update to: {{0, 573}, {402, 301}}
2026-09-30 23:31:48.874 A  TextInsertSpike[16799:c5bd21] (RunningBoardServices) observedProcessStatesDidChange
2026-09-30 23:31:48.892 A  TextInsertSpike[16799:c5bd21] (RunningBoardServices) observedProcessStatesDidChange
2026-09-30 23:31:49.102 Df trustd[87797:c5b38f] [com.apple.securityd:SecError] TextInsertUITest[16600]/1#-1 LF=0 NetworkingAnalyticsReport Error Domain=NSOSStatusErrorDomain Code=-4 "Networking analytics not supported in this environment" UserInfo={numberOfErrorsDeep=0, NSDescription=Networking anal
2026-09-30 23:31:50.295 Df trustd[87797:c5b38f] [com.apple.securityd:SecError] TextInsertUITest[16600]/1#-1 LF=0 NetworkingAnalyticsReport Error Domain=NSOSStatusErrorDomain Code=-4 "Networking analytics not supported in this environment" UserInfo={numberOfErrorsDeep=0, NSDescription=Networking anal
2026-09-30 23:31:52.495 Df MobileSafari[17408:c5bafc] [com.apple.LinkPresentation:Fetching] LPMetadataProvider<4>: acquiring process assertion
2026-09-30 23:31:52.495 Df MobileSafari[17408:c5bafc] [com.apple.LinkPresentation:Fetching] LPMetadataProvider<4>: start fetching for WKWebView
2026-09-30 23:31:52.495 Df MobileSafari[17408:c5bafc] [com.apple.LinkPresentation:Fetching] LPMetadataProvider<4>: Performing metadata extraction
2026-09-30 23:31:52.502 Df MobileSafari[17408:c5bafc] [com.apple.LinkPresentation:Fetching] LPMetadataProvider<4>: fetched metadata
2026-09-30 23:31:52.502 Df MobileSafari[17408:c5bafc] [com.apple.LinkPresentation:Fetching] LPMetadataProvider<4>: skipping subresource fetch
2026-09-30 23:31:52.502 Df MobileSafari[17408:c5bafc] [com.apple.LinkPresentation:Fetching] LPMetadataProvider<4>: starting postprocessing (has metadata=1, has error=0)
2026-09-30 23:31:52.502 Df MobileSafari[17408:c5bafc] [com.apple.LinkPresentation:Fetching] LPMetadataProvider<4>: not filtering duplicate images as configuration does not support using Vision.framework
2026-09-30 23:31:52.503 Df MobileSafari[17408:c5bbee] [com.apple.LinkPresentation:Fetching] LPMetadataProvider<4>: completed (has metadata=1, has error=0)
2026-09-30 23:31:52.503 Df MobileSafari[17408:c5bafc] [com.apple.LinkPresentation:Fetching] LPMetadataProvider<4>: invalidating process assertion
2026-09-30 23:31:52.697 Df trustd[87797:c5b38f] [com.apple.securityd:SecError] TextInsertUITest[16600]/1#-1 LF=0 NetworkingAnalyticsReport Error Domain=NSOSStatusErrorDomain Code=-4 "Networking analytics not supported in this environment" UserInfo={numberOfErrorsDeep=0, NSDescription=Networking anal
2026-09-30 23:31:53.376 Df trustd[87797:c5b38f] [com.apple.securityd:SecError] TextInsertUITest[16600]/1#-1 LF=0 NetworkingAnalyticsReport Error Domain=NSOSStatusErrorDomain Code=-4 "Networking analytics not supported in this environment" UserInfo={numberOfErrorsDeep=0, NSDescription=Networking anal
2026-09-30 23:31:53.576 Df trustd[87797:c5b38f] [com.apple.securityd:SecError] TextInsertUITest[16600]/1#-1 LF=0 NetworkingAnalyticsReport Error Domain=NSOSStatusErrorDomain Code=-4 "Networking analytics not supported in this environment" UserInfo={numberOfErrorsDeep=0, NSDescription=Networking anal
    ↪︎ Elements matching predicate '"Passwords" IN identifiers'
    ↪︎ Elements matching predicate '"Passwords" IN identifiers'
    ↪︎ Elements matching predicate '"Passwords" IN identifiers'
    ↪︎ Elements matching predicate '"Passwords" IN identifiers'
    ↪︎ Elements matching predicate '"Passwords" IN identifiers' found matching snapshots: {(
    ↪︎ Elements matching predicate '"Passwords" IN identifiers' with results: <XCTElementQueryResults: 0x164d70810> (error: (null))
2026-09-30 23:31:53.630 Df trustd[87797:c5b38f] [com.apple.securityd:SecError] TextInsertUITest[16600]/1#-1 LF=0 NetworkingAnalyticsReport Error Domain=NSOSStatusErrorDomain Code=-4 "Networking analytics not supported in this environment" UserInfo={numberOfErrorsDeep=0, NSDescription=Networking anal
2026-09-30 23:31:53.873 Df InputUI[87035:c5add5] [com.apple.FrontBoard:Common] <FBSWorkspaceScenesClient:0x106cc2080 16799:FBWorkspace-com.tarunyadgirkar.prefill.spike.textinsert> was invalidated
    bundleID = "com.tarunyadgirkar.prefill.spike.textinsert";
    lastPathComponent = TextInsertSpike;
2026-09-30 23:31:53.873 Df InputUI[87035:c5add5] [com.apple.FrontBoard:Common] FBSWorkspace unregistering source: 16799:FBWorkspace-com.tarunyadgirkar.prefill.spike.textinsert
2026-09-30 23:31:53.873 Df SpringBoard[86754:c5bd16] [com.apple.FrontBoard:ProcessWorkspace] [app<com.tarunyadgirkar.prefill.spike.textinsert>:16799] Workspace connection invalidated.
2026-09-30 23:31:53.873 Df SpringBoard[86754:c5bd16] [com.apple.FrontBoard:Process] [app<com.tarunyadgirkar.prefill.spike.textinsert>:16799] Now flagged as pending exit for reason: workspace client connection invalidated
2026-09-30 23:31:53.873 Df InputUI[87035:c5add5] [com.apple.FrontBoard:ProcessWorkspace] [app<com.tarunyadgirkar.prefill.spike.textinsert>:16799] Workspace connection invalidated.
    bundleID = "com.tarunyadgirkar.prefill.spike.textinsert";
    lastPathComponent = TextInsertSpike;
2026-09-30 23:31:53.873 Df InputUI[87035:c5add5] [com.apple.FrontBoard:Process] [app<com.tarunyadgirkar.prefill.spike.textinsert>:16799] Now flagged as pending exit for reason: workspace client connection invalidated
    "<environment: keyboardFocus; target: <token: 16799:FBWorkspace-com.tarunyadgirkar.prefill.spike.textinsert/UISceneHosting-com.tarunyadgirkar.prefill.spike.textinsert:UIHostedScene-com.apple.InputUI-5980D490; pid: 87035>>" = "<reachability: unreachable; deferringGraphGeneration: 319>";
    [87035-D]; <keyboardFocus; …ll.spike.textinsert:UIHostedScene-com.apple.InputUI-5980D490> -> <token: <uq: 7; UIKit-localContainer>; pid: 87035>; reason: UIKit-localContainer
    [87035-D]; <keyboardFocus; 16799:FBWorkspace-com.tarunyadgirkar.prefill.spike.textinsert/UISceneHosting-com.tarunyadgirkar.prefill.spike.textinsert:UIHostedScene-com.apple.InputUI-5980D490> -> <token: <uq: 7; UIKit-localContainer>; pid: 87035>; reason: UIKit-localContainer
    [87035-D]; <keyboardFocus; 16799:FBWorkspace-com.tarunyadgirkar.prefill.spike.textinsert/UISceneHosting-com.tarunyadgirkar.prefill.spike.textinsert:UIHostedScene-com.apple.InputUI-5980D490> -> <token: <uq: 7; UIKit-localContainer>; pid: 87035>; reason: UIKit-localContainer
    "<environment: keyboardFocus; target: <token: 16799:FBWorkspace-com.tarunyadgirkar.prefill.spike.textinsert/UISceneHosting-com.tarunyadgirkar.prefill.spike.textinsert:UIHostedScene-com.apple.InputUI-5980D490; pid: 87035>>" = "<reachability: unreachable; deferringGraphGeneration: 320>";
2026-09-30 23:31:53.877 Df InputUI[87035:c33b5c] [com.apple.UIKit:KeyWindow] Scene will invalidate: _UIHostedWindowScene: 0x10739b700; scene identity: 16799:FBWorkspace-com.tarunyadgirkar.prefill.spike.textinsert/UISceneHosting-com.tarunyadgirkar.prefill.spike.textinsert:UIHostedScene-com.apple.Inpu
2026-09-30 23:31:53.892 Df launchd_sim[86751:c5bc3f] [user/502/UIKitApplication:com.tarunyadgirkar.prefill.spike.textinsert[2174][rb-legacy] [16799]:] exited due to SIGTERM | sent by xcodebuild[16565], ran for 38006ms
2026-09-30 23:31:53.892 Df launchd_sim[86751:c5bc3f] [user/502/UIKitApplication:com.tarunyadgirkar.prefill.spike.textinsert[2174][rb-legacy] [16799]:] service state: exited
2026-09-30 23:31:53.892 Df launchd_sim[86751:c5bc3f] [user/502/UIKitApplication:com.tarunyadgirkar.prefill.spike.textinsert[2174][rb-legacy] [16799]:] internal event: EXITED, code = 0
2026-09-30 23:31:53.892 Df launchd_sim[86751:c5bc3f] [user/502/UIKitApplication:com.tarunyadgirkar.prefill.spike.textinsert[2174][rb-legacy] [16799]:] job state = exited
2026-09-30 23:31:53.892 Df launchd_sim[86751:c5bc3f] [user/502:] service inactive: UIKitApplication:com.tarunyadgirkar.prefill.spike.textinsert[2174][rb-legacy]
2026-09-30 23:31:53.892 Df launchd_sim[86751:c5bc3f] [user/502/UIKitApplication:com.tarunyadgirkar.prefill.spike.textinsert[2174][rb-legacy] [16799]:] service state: not running
2026-09-30 23:31:53.892 Df launchd_sim[86751:c5bc3f] [pid/16799 [TextInsertSpike]:] shutting down
2026-09-30 23:31:53.892 Df launchd_sim[86751:c5bc3f] [pid/16799 [TextInsertSpike]:] cleaning up
2026-09-30 23:31:53.893 Df launchd_sim[86751:c5bc3f] [user/502:] removing service: UIKitApplication:com.tarunyadgirkar.prefill.spike.textinsert[2174][rb-legacy]
2026-09-30 23:31:53.893 Df launchd_sim[86751:c5bc3f] [user/502/UIKitApplication:com.tarunyadgirkar.prefill.spike.textinsert[2174][rb-legacy]:] internal event: PETRIFIED, code = 0
2026-09-30 23:31:53.893 Df launchd_sim[86751:c5bc3f] [user/502/UIKitApplication:com.tarunyadgirkar.prefill.spike.textinsert[2174][rb-legacy]:] job state = removed
2026-09-30 23:31:53.895 Df SpringBoard[86754:c5bd1a] [com.apple.FrontBoard:Process] [app<com.tarunyadgirkar.prefill.spike.textinsert>:16799] Process exited: <RBSProcessExitContext| specific, status:<RBSProcessExitStatus| domain:signal(2) code:SIGTERM(15)>>.
2026-09-30 23:31:53.895 Df SpringBoard[86754:c5bd1a] [com.apple.FrontBoard:Process] [app<com.tarunyadgirkar.prefill.spike.textinsert>:16799] Setting process task state to: Not Running
2026-09-30 23:31:53.895 Df SpringBoard[86754:c5bd1a] [com.apple.FrontBoard:Process] [app<com.tarunyadgirkar.prefill.spike.textinsert>:16799] Setting process visibility to: Unknown
2026-09-30 23:31:53.895 Df SpringBoard[86754:c5bd15] [com.apple.FrontBoard:ProcessWorkspace] [app<com.tarunyadgirkar.prefill.spike.textinsert>:16799] Invalidating workspace.
2026-09-30 23:31:53.895 Df SpringBoard[86754:c5bd15] [com.apple.FrontBoard:ProcessWorkspace] Removing source registration for processHandle: [app<com.tarunyadgirkar.prefill.spike.textinsert((null))>:16799]
2026-09-30 23:31:53.895 Df SpringBoard[86754:c5bd15] [com.apple.FrontBoard:ProcessScene] [0x11fc65f80:(FBSceneManager):sceneID:com.tarunyadgirkar.prefill.spike.textinsert-85A7109D-B842-4933-8BBF-51C9DB391CCC] Invalidated for connection: 0x118e0a9a0.
2026-09-30 23:31:53.895 Df SpringBoard[86754:c5bd15] [com.apple.FrontBoard:Process] Removing: <FBApplicationProcess: 0x1196c9e00; app<com.tarunyadgirkar.prefill.spike.textinsert>:16799(v26C7A5)>
2026-09-30 23:31:53.895 Df InputUI[87035:c5c517] [com.apple.FrontBoard:Process] [app<com.tarunyadgirkar.prefill.spike.textinsert>:16799] Process exited: <RBSProcessExitContext| specific, status:<RBSProcessExitStatus| domain:signal(2) code:SIGTERM(15)>>.
2026-09-30 23:31:53.895 Df SpringBoard[86754:c334f8] [com.apple.SpringBoard:Workspace] Process exited: <FBApplicationProcess: 0x1196c9e00; app<com.tarunyadgirkar.prefill.spike.textinsert>:16799(v26C7A5)> -> <RBSProcessExitContext| specific, status:<RBSProcessExitStatus| domain:signal(2) code:SIGTERM
2026-09-30 23:31:53.895 Df InputUI[87035:c5c517] [com.apple.FrontBoard:Process] [app<com.tarunyadgirkar.prefill.spike.textinsert>:16799] Setting process task state to: Not Running
2026-09-30 23:31:53.895 Df InputUI[87035:c5c517] [com.apple.FrontBoard:Process] [app<com.tarunyadgirkar.prefill.spike.textinsert>:16799] Setting process visibility to: Unknown
2026-09-30 23:31:53.895 Df InputUI[87035:c5c517] [com.apple.FrontBoard:ProcessWorkspace] [app<com.tarunyadgirkar.prefill.spike.textinsert>:16799] Invalidating workspace.
2026-09-30 23:31:53.895 Df InputUI[87035:c5c517] [com.apple.FrontBoard:ProcessWorkspace] Removing source registration for processHandle: [app<com.tarunyadgirkar.prefill.spike.textinsert((null))>:16799]
2026-09-30 23:31:53.895 Df SpringBoard[86754:c334f8] [com.apple.SpringBoard:Common] Application process state changed for com.tarunyadgirkar.prefill.spike.textinsert: (null)
2026-09-30 23:31:53.896 Df InputUI[87035:c5c517] [com.apple.FrontBoard:ProcessScene] [0x106e4a340:com.apple.InputUI.keyboard:KeyboardInputScene-com.apple.frontboard.systemappservices/FBSceneManager:sceneID%3Acom.tarunyadgirkar.prefill.spike.textinsert-85A7109D-B842-4933-8BBF-51C9DB391CCC] Invalidate
2026-09-30 23:31:53.896 Df InputUI[87035:c5c517] [com.apple.FrontBoard:Process] Removing: <FBApplicationProcess: 0x110012280; app<com.tarunyadgirkar.prefill.spike.textinsert>:16799(v26C7A5)>
2026-09-30 23:31:53.896 Df SpringBoard[86754:c334f8] [com.apple.FrontBoard:Scene] Deactivating scene: (FBSceneManager):sceneID:com.tarunyadgirkar.prefill.spike.textinsert-85A7109D-B842-4933-8BBF-51C9DB391CCC
    TextInsertSpike
2026-09-30 23:31:53.896 Df SpringBoard[86754:c334f8] [com.apple.FrontBoard:Scene] [(FBSceneManager):sceneID:com.tarunyadgirkar.prefill.spike.textinsert-85A7109D-B842-4933-8BBF-51C9DB391CCC][1] Scene deactivated.
2026-09-30 23:31:53.896 Df SpringBoard[86754:c334f8] [com.apple.FrontBoard:Scene] Invalidating scene: (FBSceneManager):sceneID:com.tarunyadgirkar.prefill.spike.textinsert-85A7109D-B842-4933-8BBF-51C9DB391CCC
2026-09-30 23:31:53.896 Df SpringBoard[86754:c334f8] [com.apple.FrontBoard:Scene] [(FBSceneManager):sceneID:com.tarunyadgirkar.prefill.spike.textinsert-85A7109D-B842-4933-8BBF-51C9DB391CCC][1] Scene invalidated.
2026-09-30 23:31:53.896 E  SpringBoard[86754:c334f8] [com.apple.FrontBoard:Scene] Ignoring update for invalidated scene: (FBSceneManager):sceneID:com.tarunyadgirkar.prefill.spike.textinsert-85A7109D-B842-4933-8BBF-51C9DB391CCC
2026-09-30 23:31:53.897 Df SpringBoard[86754:c334f8] [com.apple.SpringBoard:CompanionScenes] [sceneID:com.tarunyadgirkar.prefill.spike.textinsert-85A7109D-B842-4933-8BBF-51C9DB391CCC] Host scene invalidated, unregistering all presentations.
2026-09-30 23:31:53.897 Df SpringBoard[86754:c334f8] [com.apple.SpringBoard:CompanionScenes] [sceneID:com.tarunyadgirkar.prefill.spike.textinsert-85A7109D-B842-4933-8BBF-51C9DB391CCC] Component invalidated, unregistering all presentations.
    "<environment: keyboardFocus; target: <token: 16799:FBWorkspace-com.tarunyadgirkar.prefill.spike.textinsert/UISceneHosting-com.tarunyadgirkar.prefill.spike.textinsert:UIHostedScene-com.apple.InputUI-5980D490; pid: 87035>>" = "<reachability: unreachable; deferringGraphGeneration: 0>";
2026-09-30 23:31:53.897 E  SpringBoard[86754:c334f8] [com.apple.FrontBoard:Scene] Ignoring update for invalidated scene: (FBSceneManager):sceneID:com.tarunyadgirkar.prefill.spike.textinsert-85A7109D-B842-4933-8BBF-51C9DB391CCC
2026-09-30 23:31:53.897 Df SpringBoard[86754:c334f8] [com.apple.UIKit:KBProxyForwarding] <StateMachine:0x115fbb940> Presentation environment invalidated: <_UISceneKeyboardProxyLayerForwardingPresentationScene: 0x11f694e70> Tracking scene: <FBScene: 0x118ec2f00; (null):sceneID:com.tarunyadgirkar.pref
2026-09-30 23:31:53.900 Df SpringBoard[86754:c5c853] [com.apple.UserNotifications:RemoteNotifications] [com.tarunyadgirkar.prefill.spike.textinsert] com.tarunyadgirkar.prefill.spike.textinsert application state changed to <RBSProcessState| task:none debug:none>
    caller = "testmanagerd: -[XCTouchGesturePerformer initWithUserTestingNotificationProvider:] + 60";
2026-09-30 23:31:53.902 Sd SpringBoard[86754:0] (CDF4E24A-4A9C-3FB3-8B3A-DD6CDC678FBA) TCC Authorization Cache
2026-09-30 23:31:53.903 Df InputUI[87035:c33b5c] [com.apple.FrontBoard:Scene] Deactivating scene: com.apple.InputUI.keyboard:KeyboardInputScene-com.apple.frontboard.systemappservices/FBSceneManager:sceneID%3Acom.tarunyadgirkar.prefill.spike.textinsert-85A7109D-B842-4933-8BBF-51C9DB391CCC
2026-09-30 23:31:53.903 Df InputUI[87035:c33b5c] [com.apple.FrontBoard:Scene] [com.apple.InputUI.keyboard:KeyboardInputScene-com.apple.frontboard.systemappservices/FBSceneManager:sceneID%3Acom.tarunyadgirkar.prefill.spike.textinsert-85A7109D-B842-4933-8BBF-51C9DB391CCC][1] Scene deactivated.
2026-09-30 23:31:53.903 Df InputUI[87035:c33b5c] [com.apple.FrontBoard:Scene] Invalidating scene: com.apple.InputUI.keyboard:KeyboardInputScene-com.apple.frontboard.systemappservices/FBSceneManager:sceneID%3Acom.tarunyadgirkar.prefill.spike.textinsert-85A7109D-B842-4933-8BBF-51C9DB391CCC
2026-09-30 23:31:53.903 Df InputUI[87035:c33b5c] [com.apple.FrontBoard:Scene] [com.apple.InputUI.keyboard:KeyboardInputScene-com.apple.frontboard.systemappservices/FBSceneManager:sceneID%3Acom.tarunyadgirkar.prefill.spike.textinsert-85A7109D-B842-4933-8BBF-51C9DB391CCC][1] Scene invalidated.
2026-09-30 23:31:53.903 Df InputUI[87035:c33b5c] [com.apple.UIKit:KBProxyForwarding] <StateMachine:0x106ff77c0> Presentation environment invalidated: <_UISceneKeyboardProxyLayerForwardingPresentationScene: 0x107092cd0> Tracking scene: <FBScene: 0x106c26400; com.apple.InputUI.keyboard((null)):Keyboar
2026-09-30 23:31:53.917 Df launchd_sim[86751:c5bc3f] [pid/16600 [TextInsertUITes]:] shutting down
2026-09-30 23:31:53.917 Df launchd_sim[86751:c5bc3f] [pid/16600 [TextInsertUITes]:] cleaning up
2026-09-30 23:31:53.917 A  AmbientPhotoFramePosterProvider[87443:c5ae0e] (CoreFoundation) Loading Preferences From User Session CFPrefsD
2026-09-30 23:31:53.941 A  AmbientPhotoFramePosterProvider[87443:c5ae0e] (CoreFoundation) Loading Preferences From User Session CFPrefsD
2026-09-30 23:32:02.285 Df log[18435:0] [com.apple.log:] log run noninteractively, parent: 86751 (launchd_sim), args: 'log' 'collect' '--output' '/Users/tarunyadgirkar/TarunsCode/prefill/spikes/textinsert/build/Logs/Test/Test-TextInsertSpike-2026.09.30_23-31-11--0700.xcresult/Staging/1_Test/Diagnost
2026-09-30 23:32:02.293 Df swcd[87251:c5bed9] [com.apple.xpc:connection] [0x1039248c0] activating connection: mach=false listener=false peer=true name=com.apple.SharedWebCredentials.peer[18437].0x1039248c0
2026-09-30 23:32:28.305 Df assistantd[86756:c5e2df] [com.apple.siri.sirinetwork:Network] Background Connection - Provider: Get Connection Metrics.
2026-09-30 23:32:28.312 Df assistantd[86756:c5e2df] [com.apple.siri.sirinetwork:Network] Background Connection - Provider: Get Connection Metrics updated with provider metrics.
2026-09-30 23:32:28.313 Df assistantd[86756:c5e2df] [com.apple.siri.sirinetwork:Network] Background Connection - Provider: Get Connection Metrics completed in 0.002 seconds.
2026-09-30 23:32:28.317 Df assistantd[86756:c5e2df] [com.apple.siri.sirinetwork:Network] Provider - NetworkConnectionProvider [4]: Close and cancel connection with no error
2026-09-30 23:32:28.318 Df assistantd[86756:c5e2df] [com.apple.siri.sirinetwork:Network] Provider - NetworkConnectionProvider [4]: Stale connection timer cancelled.
2026-09-30 23:32:28.318 Df assistantd[86756:c5e2df] [com.apple.siri.sirinetwork:Network] SiriNetwork - Report: Connection Snapshot. sequenceNumber 1, provider sirinetworknwconnection, snapshotTriggerReason requestend, connectionNetworkReport SiriNetwork - Report: Connection Network. attemptCount 1, 
2026-09-30 23:32:28.319 Df assistantd[86756:c5ac92] [com.apple.siri.sirinetwork:Network] Network Analytics: ConnectionProvider set: nil
2026-09-30 23:32:28.320 Df assistantd[86756:c5e2df] [com.apple.siri.sirinetwork:Network] Provider - NetworkConnectionProvider [4]: Close. Nil content sent to close connection. Start cancelling connection. Close error POSIXErrorCode(rawValue: 89): Operation canceled
2026-09-30 23:32:28.324 Df assistantd[86756:c5e2df] [com.apple.siri.sirinetwork:Network] Provider - NetworkConnectionProvider []: Reader got data, but connection was cancelled
2026-09-30 23:32:28.324 Df assistantd[86756:c5e2df] [com.apple.siri.sirinetwork:Network] Provider - NetworkConnectionProvider: Deallocating.
2026-09-30 23:32:28.324 Df assistantd[86756:c5e2df] [com.apple.siri.sirinetwork:Network] Provider - NetworkConnectionProvider: Deallocated.
2026-09-30 23:32:33.121 Df locationd[86778:c5b9d6] [com.apple.locationd.Core:Core] {"msg":"#AuthorizationDatabase holdOSTransactionUntilNextPersist"}
2026-09-30 23:32:33.709 Df log[19624:0] [com.apple.log:] log run noninteractively, parent: 86751 (launchd_sim), args: 'log' 'show' '--last' '6m' '--style' 'compact' '--predicate' 'process == "MobileSafari" OR process == "com.apple.WebKit.WebContent" OR process CONTAINS "AutoFill" OR process == "Auth
2026-09-30 23:32:39.597 A  passd[86783:c5e8fd] (CoreLocation) CL: CLInternalGetAuthorizationStatus
2026-09-30 23:32:39.597 Df passd[86783:c5e8fd] [com.apple.locationd.Core:Client] {"msg":"CLInternalGetAuthorizationStatus", "event":activity}
2026-09-30 23:32:39.686 A  locationd[86778:c5a320] CL: _CLDaemonGetAuthorizationStatus
2026-09-30 23:32:39.692 Df locationd[86778:c5a320] [com.apple.locationd.Core:Core] {"msg":"#AuthorizationDatabase releasePersistTransaction"}
2026-09-30 23:32:39.697 Df locationd[86778:c5a320] [com.apple.locationd.Core:Client] {"msg":"#Spi, Authorization status for BundleID or BundlePath", "bundle":[mobile]com.apple.PassKitCore, "SpecifiedBundleId":(null), "SpecifiedBundlePath":/private/var/run/com.apple.security.cryptexd/mnt/com.apple.iP
2026-09-30 23:32:50.804 Df MobileSafari[17408:c5d578] [com.apple.PlugInKit:discovery] [d 4A248432-EE5C-4189-B762-040F79C5074B] <PKHost:0x101fb2d40> Beginning discovery for flags: 0, point: com.apple.authentication-services-credential-provider-ui
2026-09-30 23:32:50.807 Df Preferences[90646:c5e22a] [com.apple.PlugInKit:discovery] [d AE36827E-F061-4956-88A1-6B32F8CA202A] <PKHost:0x10a451640> Beginning discovery for flags: 0, point: com.apple.authentication-services-credential-provider-ui
    NSExtensionPointName = "com.apple.authentication-services-credential-provider-ui";
    <EXConcreteExtension: 0x13f131f80> {id = com.tarunyadgirkar.prefill.spike.textinsert.provider}
    NSExtensionPointName = "com.apple.authentication-services-credential-provider-ui";
    <EXConcreteExtension: 0x118aed260> {id = com.tarunyadgirkar.prefill.spike.textinsert.provider}
2026-09-30 23:32:50.865 Df MobileSafari[17408:c5f1d1] [com.apple.PlugInKit:discovery] [d C6220085-DBA7-4850-985C-82178EBDB99C] <PKHost:0x101fb2d40> Beginning discovery for flags: 0, point: com.apple.authentication-services-credential-provider-ui
    NSExtensionPointName = "com.apple.authentication-services-credential-provider-ui";
    <EXConcreteExtension: 0x13f131f80> {id = com.tarunyadgirkar.prefill.spike.textinsert.provider}
2026-09-30 23:32:50.870 Df Preferences[90646:c5ec44] [com.apple.PlugInKit:discovery] [d DB8D5071-673D-4CB2-A628-D2DB74F65B30] <PKHost:0x10a451640> Beginning discovery for flags: 0, point: com.apple.authentication-services-credential-provider-ui
    NSExtensionPointName = "com.apple.authentication-services-credential-provider-ui";
    <EXConcreteExtension: 0x118aed260> {id = com.tarunyadgirkar.prefill.spike.textinsert.provider}
2026-09-30 23:32:50.890 Df MobileSafari[17408:c5f1ee] [com.apple.PlugInKit:discovery] [d 10A0F8CC-2439-4159-AF54-6BFDDBDD6EBF] <PKHost:0x101fb2d40> Beginning discovery for flags: 0, point: com.apple.authentication-services-credential-provider-ui
2026-09-30 23:32:50.891 Df fileproviderd[88338:c5f227] [com.apple.launchservices:db] NotifyToken::RegisterDispatch(com.apple.LaunchServices.database) fired for session key LSSessionKey(system: 0 uid: 502)
    NSExtensionPointName = "com.apple.authentication-services-credential-provider-ui";
    <EXConcreteExtension: 0x13f131f80> {id = com.tarunyadgirkar.prefill.spike.textinsert.provider}
2026-09-30 23:32:50.901 Df Preferences[90646:c5f229] [com.apple.PlugInKit:discovery] [d 03AC7F1E-2692-4A59-9E4C-D3773A6C35DD] <PKHost:0x10a451640> Beginning discovery for flags: 0, point: com.apple.authentication-services-credential-provider-ui
    NSExtensionPointName = "com.apple.authentication-services-credential-provider-ui";
    <EXConcreteExtension: 0x118aed260> {id = com.tarunyadgirkar.prefill.spike.textinsert.provider}
2026-09-30 23:32:50.962 E  generativeexperiencesd[87173:c5b256] [com.apple.externalproviderservice:Metadata] received nil from UserDefaults for externalProviderMetadata
2026-09-30 23:32:50.963 E  generativeexperiencesd[87173:c5f25a] [com.apple.externalproviderservice:Metadata] received nil from UserDefaults for externalProviderMetadata
2026-09-30 23:32:50.964 E  generativeexperiencesd[87173:c5b256] [com.apple.externalproviderservice:Metadata] received an empty metadata for external providers
2026-09-30 23:32:50.964 E  generativeexperiencesd[87173:c5f25a] [com.apple.externalproviderservice:Metadata] received an empty metadata for external providers
	<RBSDomainAttribute| domain:"com.apple.posterkit.provider" name:"PosterUpdate" sourceEnvironment:"(null)">
	<RBSDomainAttribute| domain:"com.apple.posterkit.provider" name:"PosterUpdate" sourceEnvironment:"(null)">
2026-09-30 23:32:51.022 Df MobileSafari[17408:c5f1ee] [com.apple.PlugInKit:discovery] [d E008EA11-EA9E-4730-BA3B-38A9B7FE1A5F] <PKHost:0x101fb2d40> Beginning discovery for flags: 0, point: com.apple.authentication-services-credential-provider-ui
2026-09-30 23:32:51.022 Df Preferences[90646:c5ec44] [com.apple.PlugInKit:discovery] [d F01DD7CE-948A-4BA4-B2D8-25F2C5B3C9E6] <PKHost:0x10a451640> Beginning discovery for flags: 0, point: com.apple.authentication-services-credential-provider-ui
    NSExtensionPointName = "com.apple.authentication-services-credential-provider-ui";
    <EXConcreteExtension: 0x13f131f80> {id = com.tarunyadgirkar.prefill.spike.textinsert.provider}
    NSExtensionPointName = "com.apple.authentication-services-credential-provider-ui";
    <EXConcreteExtension: 0x118aed340> {id = com.tarunyadgirkar.prefill.spike.textinsert.provider}
2026-09-30 23:32:51.033 Df fileproviderd[88338:c5f227] [com.apple.launchservices:db] NotifyToken::RegisterDispatch(com.apple.LaunchServices.database) fired for session key LSSessionKey(system: 0 uid: 502)
2026-09-30 23:32:51.038 E  generativeexperiencesd[87173:c5f25a] [com.apple.externalproviderservice:Metadata] received nil from UserDefaults for externalProviderMetadata
2026-09-30 23:32:51.038 E  generativeexperiencesd[87173:c5f25a] [com.apple.externalproviderservice:Metadata] received an empty metadata for external providers
    "com.tarunyadgirkar.prefill.spike.textinsert"
	<RBSDomainAttribute| domain:"com.apple.posterkit.provider" name:"PosterUpdate" sourceEnvironment:"(null)">
        "DYLD_FRAMEWORK_PATH" = "/Users/tarunyadgirkar/TarunsCode/prefill/spikes/textinsert/build/Build/Products/Debug-iphonesimulator:/Applications/Xcode.app/Contents/Developer/Platforms/iPhoneSimulator.platform/Developer/Library/Frameworks:/Users/tarunyadgirkar/TarunsCode/prefill/spikes/textinsert
    "<SBApplicationIcon: 0x11fc66340; uniqueIdentifier: com.tarunyadgirkar.prefill.spike.textinsert; bundleID: com.tarunyadgirkar.prefill.spike.textinsert>",
2026-09-30 23:32:51.068 Df SpringBoard[86754:c5c869] [com.apple.UserNotifications:DataProviderFactory] notificationSourcesDidInstall: 1 sources, initialLoad=0
2026-09-30 23:32:51.069 Df SpringBoard[86754:c5c869] [com.apple.UserNotifications:DataProviderFactory] Getting all section infos possible default data providers
2026-09-30 23:32:51.069 Df SpringBoard[86754:c5c86b] [com.apple.UserNotifications:DataProviderFactory] Got 0 section infos for default data providers with visible settings
		"XCODE_SCHEME_NAME" => <string: 0x1059ed020> { string cache = 0x0, length = 15, contents = "TextInsertSpike" }
		"DYLD_FRAMEWORK_PATH" => <string: 0x1059ecff0> { string cache = 0x0, length = 417, contents = "/Users/tarunyadgirkar/TarunsCode/prefill/spikes/textinsert/build/Build/Products/Debug-iphonesimulator:/Applications/Xcode.app/Contents/Developer/Platforms/iPhoneSimulator.platform/Developer/Library/Frame
		"__XPC_DYLD_FRAMEWORK_PATH" => <string: 0x1059ee0d0> { string cache = 0x0, length = 203, contents = "/Users/tarunyadgirkar/TarunsCode/prefill/spikes/textinsert/build/Build/Products/Debug-iphonesimulator:/Users/tarunyadgirkar/TarunsCode/prefill/spikes/textinsert/build/Build/Products/Debug-iphonesim
		"__XPC_DYLD_LIBRARY_PATH" => <string: 0x1059ed890> { string cache = 0x0, length = 203, contents = "/Users/tarunyadgirkar/TarunsCode/prefill/spikes/textinsert/build/Build/Products/Debug-iphonesimulator:/Users/tarunyadgirkar/TarunsCode/prefill/spikes/textinsert/build/Build/Products/Debug-iphonesimul
		"__XCODE_BUILT_PRODUCTS_DIR_PATHS" => <string: 0x1059ef750> { string cache = 0x0, length = 101, contents = "/Users/tarunyadgirkar/TarunsCode/prefill/spikes/textinsert/build/Build/Products/Debug-iphonesimulator" }
		"RUN_DESTINATION_DEVICE_NAME" => <string: 0x1059ec270> { string cache = 0x0, length = 24, contents = "Prefill Spike textinsert" }
		"DYLD_LIBRARY_PATH" => <string: 0x1059ef5d0> { string cache = 0x0, length = 395, contents = "/Users/tarunyadgirkar/TarunsCode/prefill/spikes/textinsert/build/Build/Products/Debug-iphonesimulator:/Applications/Xcode.app/Contents/Developer/Platforms/iPhoneSimulator.platform/Developer/usr/lib:/Users/
2026-09-30 23:32:51.100 Df CoreSimulatorBridge[86784:c5f1bf] [com.apple.FrontBoard:Common] [FBSSystemService][0x5e8b] Request successful: <BSProcessHandle: 0x1018567c0; TextInsertUITes:20237; valid: YES>
    "<SBApplicationIcon: 0x11fc66340; uniqueIdentifier: com.tarunyadgirkar.prefill.spike.textinsert; bundleID: com.tarunyadgirkar.prefill.spike.textinsert>",
2026-09-30 23:32:51.103 Sd SpringBoard[86754:0] (CDF4E24A-4A9C-3FB3-8B3A-DD6CDC678FBA) TCC Authorization Cache
2026-09-30 23:32:51.823 Df launchd_sim[86751:c5e985] [pid/20237 [TextInsertUITes]:] uncorking exec source upfront
2026-09-30 23:32:51.823 Df launchd_sim[86751:c5e985] [pid/20237 [TextInsertUITes]:] created
2026-09-30 23:32:54.452 Df SpringBoard[86754:c334f8] [com.apple.SpringBoard:SystemUIScene] [SUIS-InputUI:[Main] - 1] Presenter[<SBDeviceApplicationInputUIViewProvider: 0x11fe3d030> - sceneID:com.apple.mobilesafari-71DD3C25-4702-4D1D-8EB9-7DEF87C13EE1] will dismiss scene
2026-09-30 23:32:54.487 Df UserEventAgent[86753:c5f56d] [com.apple.xpc.activity:Activities] Unregistered on XPC remove event: com.apple.safarishared.WBSParsecDSession.autoFillDataUpdate (0x103e79400)
2026-09-30 23:32:54.489 Df InputUI[87035:c5f1fb] [com.apple.FrontBoard:Common] FBSWorkspace lost endpoint : <BSServiceConnectionEndpoint: 0x106e945c0; target: 16799:FBWorkspace-com.tarunyadgirkar.prefill.spike.textinsert; service: com.apple.frontboard.workspace-service>
2026-09-30 23:32:54.492 Df locationd[86778:c5b9d6] [com.apple.locationd.Core:Core] {"msg":"computing freshAuthorizationContext", "Client":icom.apple.mobilesafari:, "BigSwitch":1, "InUseLevel":0}
2026-09-30 23:32:54.508 Df SpringBoard[86754:c5c86b] [com.apple.appprotection:framework] told auth provider com.apple.mobilesafari was dimissed. result:true err:(null)
    "DYLD_FRAMEWORK_PATH" = "/Users/tarunyadgirkar/TarunsCode/prefill/spikes/textinsert/build/Build/Products/Debug-iphonesimulator";
    "DYLD_LIBRARY_PATH" = "/Users/tarunyadgirkar/TarunsCode/prefill/spikes/textinsert/build/Build/Products/Debug-iphonesimulator";
    "XCODE_SCHEME_NAME" = TextInsertSpike;
    "__XCODE_BUILT_PRODUCTS_DIR_PATHS" = "/Users/tarunyadgirkar/TarunsCode/prefill/spikes/textinsert/build/Build/Products/Debug-iphonesimulator";
    "__XPC_DYLD_FRAMEWORK_PATH" = "/Users/tarunyadgirkar/TarunsCode/prefill/spikes/textinsert/build/Build/Products/Debug-iphonesimulator";
    "__XPC_DYLD_LIBRARY_PATH" = "/Users/tarunyadgirkar/TarunsCode/prefill/spikes/textinsert/build/Build/Products/Debug-iphonesimulator";
		"XCODE_SCHEME_NAME" => <string: 0x105952220> { string cache = 0x0, length = 15, contents = "TextInsertSpike" }
		"DYLD_FRAMEWORK_PATH" => <string: 0x1059516e0> { string cache = 0x0, length = 101, contents = "/Users/tarunyadgirkar/TarunsCode/prefill/spikes/textinsert/build/Build/Products/Debug-iphonesimulator" }
		"__XPC_DYLD_FRAMEWORK_PATH" => <string: 0x105953480> { string cache = 0x0, length = 101, contents = "/Users/tarunyadgirkar/TarunsCode/prefill/spikes/textinsert/build/Build/Products/Debug-iphonesimulator" }
		"__XPC_DYLD_LIBRARY_PATH" => <string: 0x1059504e0> { string cache = 0x0, length = 101, contents = "/Users/tarunyadgirkar/TarunsCode/prefill/spikes/textinsert/build/Build/Products/Debug-iphonesimulator" }
		"__XCODE_BUILT_PRODUCTS_DIR_PATHS" => <string: 0x105950450> { string cache = 0x0, length = 101, contents = "/Users/tarunyadgirkar/TarunsCode/prefill/spikes/textinsert/build/Build/Products/Debug-iphonesimulator" }
		"DYLD_LIBRARY_PATH" => <string: 0x1059518f0> { string cache = 0x0, length = 101, contents = "/Users/tarunyadgirkar/TarunsCode/prefill/spikes/textinsert/build/Build/Products/Debug-iphonesimulator" }
2026-09-30 23:32:55.459 Df locationd[86778:c5b9d6] [com.apple.locationd.Core:Core] {"msg":"computing freshAuthorizationContext", "Client":icom.apple.mobilesafari:, "BigSwitch":1, "InUseLevel":5}
2026-09-30 23:32:55.897 Df fileproviderd[88338:c5ad2a] [com.apple.launchservices:db] NotifyToken::RegisterDispatch(com.apple.LaunchServices.database) fired for session key LSSessionKey(system: 0 uid: 502)
2026-09-30 23:32:56.903 Df coreauthd[93298:c3da25] [com.apple.LocalAuthentication:Server,LAContext] ContextProxy[17408:1:7:0] deallocated
2026-09-30 23:32:56.903 Df coreauthd[93298:c3da25] [com.apple.LocalAuthentication:Context] Untracking proxy:ContextProxy[17408:1:7:0] from plugin:<ContextPluginACM: 0x104684000>[0] (ContextProxy[17408:1:7:0] deallocated)
2026-09-30 23:32:56.903 Df coreauthd[93298:c3da25] [com.apple.LocalAuthentication:Server,LAContext] Context[7:0] deallocated
2026-09-30 23:32:56.903 Df coreauthd[93298:c3da25] [com.apple.LocalAuthentication:Context] Untracking <ContextPluginACM: 0x104684000>[0] (released gracefully), was present: 0
2026-09-30 23:32:57.124 Df MobileSafari[20369:c5f602] [com.apple.containermanager:query] Query; personaid = 4294967295, type = NOPERSONA, name = <unknown>, origin [pid = 0, personaid = 0], proximate [pid = 0, personaid = 0], euid = 502, uid = 502, class = 2, identifier = [com.apple.Passwords](1), gi
2026-09-30 23:32:57.125 Df containermanagerd[86809:c35626] [com.apple.containermanager:query] Selected query plan; plan = <MCMCommandQueryPlanWithIdentities; identities = [<MCMContainerIdentity: 0x103868ac0; userIdentity = <502/20/502/2/502>, identifier = com.apple.Passwords, class = (2)appData, pla
2026-09-30 23:32:57.250 Df MobileSafari[20369:c5f71a] [com.apple.triald:_] no factor providers loaded for namespace SAFARI_SEARCH_RANKING from directories (
2026-09-30 23:32:57.304 Df MobileSafari[20369:c5f71b] [com.apple.LocalAuthentication:Client] LA logging set up for this process.
2026-09-30 23:32:57.304 Df MobileSafari[20369:c5f71b] [com.apple.LocalAuthentication:Client,LAContext] Creating LAContext new cid:1
2026-09-30 23:32:57.306 Df coreauthd[93298:c3da25] [com.apple.LocalAuthentication:Server,LAContext] Context[8:0] created
2026-09-30 23:32:57.306 Df coreauthd[93298:c3da25] [com.apple.LocalAuthentication:Context] Tracking <ContextPluginACM: 0x104684000>[0]
2026-09-30 23:32:57.306 Df coreauthd[93298:c3da25] [com.apple.LocalAuthentication:ACM] Updated: <LACACMPoolsInfo; disposable: <LACACMPoolInfo; size: 64, used: 0, free: 64, freeForLA: 58, reservedForLA: 58>, non-disposable: <LACACMPoolInfo; size: 64, used: 0, free: 64, freeForLA: 58, reservedForLA: 5
2026-09-30 23:32:57.306 Df coreauthd[93298:c3da25] [com.apple.LocalAuthentication:Server,LAContext] ContextProxy[20369:1:8:0] created for Context[8:0] uid:502
2026-09-30 23:32:57.306 Df MobileSafari[20369:c5f71b] [com.apple.LocalAuthentication:Client,LAContext] LAContext[1:8:0] created new cid:1
2026-09-30 23:32:57.307 Df coreauthd[93298:c3da25] [com.apple.LocalAuthentication:Server] evaluatePolicy:2 options:{
2026-09-30 23:32:57.307 Df coreauthd[93298:c3da25] [com.apple.LocalAuthentication:SharedMode] <LACSharedModeProcessor: 0x104433c30> not available in this platform
2026-09-30 23:32:57.307 Df coreauthd[93298:c3da25] [com.apple.LocalAuthentication:Default] Skipping processing of request rid: 21 by <LACSharedModeProcessor: 0x104433c30>
2026-09-30 23:32:57.308 Df coreauthd[93298:c3da25] [com.apple.LocalAuthentication:Default] Skipping processing of request rid: 21 by <LACDTOExtendedPolicyProtectionProcessor: 0x1044ef5c0>
2026-09-30 23:32:57.308 Df coreauthd[93298:c3da25] [com.apple.LocalAuthentication:Default] Skipping processing of request rid: 21 by <LACDTOCoreProcessor: 0x104668040>
2026-09-30 23:32:57.308 Df coreauthd[93298:c3da25] [com.apple.LocalAuthentication:Default] Returning cached eligibility result: true for domain: LACEligibilityDomainPhoneIntegration
2026-09-30 23:32:57.308 Df coreauthd[93298:c3da25] [com.apple.LocalAuthentication:Default] Returning cached eligibility result: true for domain: LACEligibilityDomainPhoneIntegration
2026-09-30 23:32:57.308 Df coreauthd[93298:c3da25] [com.apple.LocalAuthentication:Default] Skipping processing of request rid: 21 by <LACPhoneIntegrationSessionProcessor: 0x1044ef4a0>
2026-09-30 23:32:57.308 Df coreauthd[93298:c3da25] [com.apple.LocalAuthentication:ABM] <LACOnenessController: 0x104478f00> Not handling request rid: 21 - session not active
2026-09-30 23:32:57.308 Df coreauthd[93298:c3da25] [com.apple.LocalAuthentication:Default] Skipping processing of request rid: 21 by <LACOnenessController: 0x104478f00>
2026-09-30 23:32:57.308 Df coreauthd[93298:c3da25] [com.apple.LocalAuthentication:Default] Returning cached eligibility result: true for domain: LACEligibilityDomainPhoneIntegration
2026-09-30 23:32:57.308 Df coreauthd[93298:c3da25] [com.apple.LocalAuthentication:Default] Returning cached eligibility result: true for domain: LACEligibilityDomainPhoneIntegration
2026-09-30 23:32:57.308 Df coreauthd[93298:c3da25] [com.apple.LocalAuthentication:ABM] <LACPhoneIntegrationController: 0x1044790c0> Not handling request rid: 21 - session not active
2026-09-30 23:32:57.308 Df coreauthd[93298:c3da25] [com.apple.LocalAuthentication:Default] Skipping processing of request rid: 21 by <LACPhoneIntegrationController: 0x1044790c0>
2026-09-30 23:32:57.308 Df coreauthd[93298:c3da25] [com.apple.LocalAuthentication:Default] Skipping processing of request rid: 21 by <LACApplePayBiometryToggleProcessor: 0x1046680e0>
2026-09-30 23:32:57.308 Df coreauthd[93298:c3da25] [com.apple.LocalAuthentication:Default] Skipping processing of request rid: 21 by <LACStashedCredentialsProcessor: 0x1046680f0>
2026-09-30 23:32:57.309 Df coreauthd[93298:c3da25] [com.apple.LocalAuthentication:Server] uiMechanism: MechanismUI[16] nonUiMechanism: MechanismPasscode[15](par:16)
2026-09-30 23:32:57.309 Df coreauthd[93298:c3da25] [com.apple.LocalAuthentication:Default] Returning cached eligibility result: true for domain: LACEligibilityDomainPhoneIntegration
2026-09-30 23:32:57.309 Df coreauthd[93298:c3da25] [com.apple.LocalAuthentication:Default] Returning cached eligibility result: true for domain: LACEligibilityDomainPhoneIntegration
2026-09-30 23:32:57.309 Df coreauthd[93298:c3da25] [com.apple.LocalAuthentication:ABM] <LACPhoneIntegrationController: 0x1044790c0> Not handling request rid: 21 - session not active
2026-09-30 23:32:57.309 Df coreauthd[93298:c3da25] [com.apple.LocalAuthentication:ABM] <LACOnenessController: 0x104478f00> Not handling request rid: 21 - session not active
2026-09-30 23:32:57.309 Df coreauthd[93298:c3da25] [com.apple.LocalAuthentication:Default] Returning cached eligibility result: true for domain: LACEligibilityDomainPhoneIntegration
2026-09-30 23:32:57.309 Df coreauthd[93298:c3da25] [com.apple.LocalAuthentication:Default] Returning cached eligibility result: true for domain: LACEligibilityDomainPhoneIntegration
2026-09-30 23:32:57.309 Df coreauthd[93298:c3da25] [com.apple.LocalAuthentication:SharedMode] <LACSharedModeProcessor: 0x104433c30> not available in this platform
2026-09-30 23:32:57.310 Df MobileSafari[20369:c5f71b] [com.apple.LocalAuthentication:Client] canEvaluatePolicy:2 on LAContext[1:8:0] cid:2 returned YES
2026-09-30 23:32:57.310 Df coreauthd[93298:c3da25] [com.apple.LocalAuthentication:Server,Biometry] evaluatePolicy:1 options:{
2026-09-30 23:32:57.310 Df coreauthd[93298:c3da25] [com.apple.LocalAuthentication:SharedMode] <LACSharedModeProcessor: 0x104432a60> not available in this platform
2026-09-30 23:32:57.310 Df coreauthd[93298:c3da25] [com.apple.LocalAuthentication:Default] Skipping processing of request rid: 22 by <LACSharedModeProcessor: 0x104432a60>
2026-09-30 23:32:57.310 Df coreauthd[93298:c3da25] [com.apple.LocalAuthentication:Default] Skipping processing of request rid: 22 by <LACDTOServiceProcessor: 0x1046680d0>
2026-09-30 23:32:57.310 Df coreauthd[93298:c3da25] [com.apple.LocalAuthentication:Default] Returning cached eligibility result: true for domain: LACEligibilityDomainPhoneIntegration
2026-09-30 23:32:57.310 Df coreauthd[93298:c3da25] [com.apple.LocalAuthentication:Default] Returning cached eligibility result: true for domain: LACEligibilityDomainPhoneIntegration
2026-09-30 23:32:57.310 Df coreauthd[93298:c3da25] [com.apple.LocalAuthentication:Default] Skipping processing of request rid: 22 by <LACPhoneIntegrationSessionProcessor: 0x1044ef4a0>
2026-09-30 23:32:57.310 Df coreauthd[93298:c3da25] [com.apple.LocalAuthentication:ABM] <LACOnenessController: 0x104478f00> Not handling request rid: 22 - session not active
2026-09-30 23:32:57.310 Df coreauthd[93298:c3da25] [com.apple.LocalAuthentication:Default] Skipping processing of request rid: 22 by <LACOnenessController: 0x104478f00>
2026-09-30 23:32:57.310 Df coreauthd[93298:c3da25] [com.apple.LocalAuthentication:Default] Returning cached eligibility result: true for domain: LACEligibilityDomainPhoneIntegration
2026-09-30 23:32:57.310 Df coreauthd[93298:c3da25] [com.apple.LocalAuthentication:Default] Returning cached eligibility result: true for domain: LACEligibilityDomainPhoneIntegration
2026-09-30 23:32:57.310 Df coreauthd[93298:c3da25] [com.apple.LocalAuthentication:ABM] <LACPhoneIntegrationController: 0x1044790c0> Not handling request rid: 22 - session not active
2026-09-30 23:32:57.310 Df coreauthd[93298:c3da25] [com.apple.LocalAuthentication:Default] Skipping processing of request rid: 22 by <LACPhoneIntegrationController: 0x1044790c0>
2026-09-30 23:32:57.310 Df coreauthd[93298:c3da25] [com.apple.LocalAuthentication:Default] Skipping processing of request rid: 22 by <LACApplePayBiometryToggleProcessor: 0x104668090>
2026-09-30 23:32:57.310 Df coreauthd[93298:c3da25] [com.apple.LocalAuthentication:Default] Skipping processing of request rid: 22 by <LACStashedCredentialsProcessor: 0x104668070>
2026-09-30 23:32:57.311 Df coreauthd[93298:c3da25] [com.apple.LocalAuthentication:Default] Returning cached eligibility result: true for domain: LACEligibilityDomainPhoneIntegration
2026-09-30 23:32:57.311 Df coreauthd[93298:c3da25] [com.apple.LocalAuthentication:Default] Returning cached eligibility result: true for domain: LACEligibilityDomainPhoneIntegration
2026-09-30 23:32:57.311 Df coreauthd[93298:c3da25] [com.apple.LocalAuthentication:ABM] <LACPhoneIntegrationController: 0x1044790c0> Not handling request rid: 22 - session not active
2026-09-30 23:32:57.311 Df coreauthd[93298:c3da25] [com.apple.LocalAuthentication:ABM] <LACOnenessController: 0x104478f00> Not handling request rid: 22 - session not active
2026-09-30 23:32:57.311 Df coreauthd[93298:c3da25] [com.apple.LocalAuthentication:Default] Returning cached eligibility result: true for domain: LACEligibilityDomainPhoneIntegration
2026-09-30 23:32:57.311 Df coreauthd[93298:c3da25] [com.apple.LocalAuthentication:Default] Returning cached eligibility result: true for domain: LACEligibilityDomainPhoneIntegration
2026-09-30 23:32:57.311 Df coreauthd[93298:c3da25] [com.apple.LocalAuthentication:SharedMode] <LACSharedModeProcessor: 0x104432a60> not available in this platform
2026-09-30 23:32:57.311 Df MobileSafari[20369:c5f71b] [com.apple.LocalAuthentication:Client,Biometry] canEvaluatePolicy:1 on LAContext[1:8:0] cid:3 returned Error Domain=com.apple.LocalAuthentication Code=-7 "No identities are enrolled." UserInfo={NSDebugDescription=No identities are enrolled., NSLo
2026-09-30 23:32:57.311 Df coreauthd[93298:c3da25] [com.apple.LocalAuthentication:Server] evaluatePolicy:4 options:{
2026-09-30 23:32:57.311 Df coreauthd[93298:c3da25] [com.apple.LocalAuthentication:SharedMode] <LACSharedModeProcessor: 0x104432340> not available in this platform
2026-09-30 23:32:57.311 Df coreauthd[93298:c3da25] [com.apple.LocalAuthentication:Default] Skipping processing of request rid: 23 by <LACSharedModeProcessor: 0x104432340>
2026-09-30 23:32:57.311 Df coreauthd[93298:c3da25] [com.apple.LocalAuthentication:Default] Skipping processing of request rid: 23 by <LACDTOServiceProcessor: 0x1046680c0>
2026-09-30 23:32:57.311 Df coreauthd[93298:c3da25] [com.apple.LocalAuthentication:Default] Returning cached eligibility result: true for domain: LACEligibilityDomainPhoneIntegration
2026-09-30 23:32:57.311 Df coreauthd[93298:c3da25] [com.apple.LocalAuthentication:Default] Returning cached eligibility result: true for domain: LACEligibilityDomainPhoneIntegration
2026-09-30 23:32:57.311 Df coreauthd[93298:c3da25] [com.apple.LocalAuthentication:Default] Skipping processing of request rid: 23 by <LACPhoneIntegrationSessionProcessor: 0x1044ef4a0>
2026-09-30 23:32:57.311 Df coreauthd[93298:c3da25] [com.apple.LocalAuthentication:ABM] <LACOnenessController: 0x104478f00> Not handling request rid: 23 - session not active
2026-09-30 23:32:57.311 Df coreauthd[93298:c3da25] [com.apple.LocalAuthentication:Default] Skipping processing of request rid: 23 by <LACOnenessController: 0x104478f00>
2026-09-30 23:32:57.311 Df coreauthd[93298:c3da25] [com.apple.LocalAuthentication:Default] Returning cached eligibility result: true for domain: LACEligibilityDomainPhoneIntegration
2026-09-30 23:32:57.311 Df coreauthd[93298:c3da25] [com.apple.LocalAuthentication:Default] Returning cached eligibility result: true for domain: LACEligibilityDomainPhoneIntegration
2026-09-30 23:32:57.312 Df coreauthd[93298:c3da25] [com.apple.LocalAuthentication:ABM] <LACPhoneIntegrationController: 0x1044790c0> Not handling request rid: 23 - session not active
2026-09-30 23:32:57.312 Df coreauthd[93298:c3da25] [com.apple.LocalAuthentication:Default] Skipping processing of request rid: 23 by <LACPhoneIntegrationController: 0x1044790c0>
2026-09-30 23:32:57.312 Df coreauthd[93298:c3da25] [com.apple.LocalAuthentication:Default] Skipping processing of request rid: 23 by <LACApplePayBiometryToggleProcessor: 0x104668080>
2026-09-30 23:32:57.312 Df coreauthd[93298:c3da25] [com.apple.LocalAuthentication:Default] Skipping processing of request rid: 23 by <LACStashedCredentialsProcessor: 0x1046680e0>
2026-09-30 23:32:57.312 Df coreauthd[93298:c3da25] [com.apple.LocalAuthentication:Default] Returning cached eligibility result: true for domain: LACEligibilityDomainPhoneIntegration
2026-09-30 23:32:57.312 Df coreauthd[93298:c3da25] [com.apple.LocalAuthentication:Default] Returning cached eligibility result: true for domain: LACEligibilityDomainPhoneIntegration
2026-09-30 23:32:57.312 Df coreauthd[93298:c3da25] [com.apple.LocalAuthentication:ABM] <LACPhoneIntegrationController: 0x1044790c0> Not handling request rid: 23 - session not active
2026-09-30 23:32:57.312 Df coreauthd[93298:c3da25] [com.apple.LocalAuthentication:ABM] <LACOnenessController: 0x104478f00> Not handling request rid: 23 - session not active
2026-09-30 23:32:57.312 Df coreauthd[93298:c3da25] [com.apple.LocalAuthentication:Default] Returning cached eligibility result: true for domain: LACEligibilityDomainPhoneIntegration
2026-09-30 23:32:57.312 Df coreauthd[93298:c3da25] [com.apple.LocalAuthentication:Default] Returning cached eligibility result: true for domain: LACEligibilityDomainPhoneIntegration
2026-09-30 23:32:57.312 Df coreauthd[93298:c3da25] [com.apple.LocalAuthentication:SharedMode] <LACSharedModeProcessor: 0x104432340> not available in this platform
2026-09-30 23:32:57.312 Df MobileSafari[20369:c5f71b] [com.apple.LocalAuthentication:Client] canEvaluatePolicy:4 on LAContext[1:8:0] cid:4 returned Error Domain=com.apple.LocalAuthentication Code=-1020 "This call is not supported on iOS Simulator." UserInfo={NSDebugDescription=This call is not suppo
2026-09-30 23:32:57.340 Df MobileSafari[20369:c5f71b] [com.apple.mobilesafari:SuddenTerminationDisabler] Beginning new task assertion with reason: com.apple.SafariShared.WBSFormAutoFillCorrectionsSQLiteStore
2026-09-30 23:32:57.340 Df MobileSafari[20369:c5f71b] [com.apple.mobilesafari:SuddenTerminationDisabler] Did begin task assertion with reason com.apple.SafariShared.WBSFormAutoFillCorrectionsSQLiteStore
2026-09-30 23:32:57.340 Df MobileSafari[20369:c5f71b] [com.apple.mobilesafari:SuddenTerminationDisabler] Ending task assertion with reason com.apple.SafariShared.WBSFormAutoFillCorrectionsSQLiteStore
2026-09-30 23:32:57.463 Df MobileSafari[20369:c5f602] [com.apple.appintents:View] Attaching custom entity provider to view: <TabDocumentView: 0x109e28200; frame = (0 0; 0 0); layer = <CALayer: 0x109f62100>>
2026-09-30 23:32:57.611 Df siriactionsd[86842:c5f56e] [com.apple.shortcuts:ToolKit] Building complete Link snapshot from LNMetadataProvider
2026-09-30 23:32:57.713 Df MobileSafari[20369:c5f71a] [com.apple.mobilesafari:CloudBookmarks] Requesting local migration state from data provider
2026-09-30 23:32:57.724 Df MobileSafari[20369:c5f602] [com.apple.xpc:connection] [0x13cffaa80] activating connection: mach=true listener=false peer=false name=com.apple.AuthenticationServices.AutoFill
2026-09-30 23:32:57.729 Df MobileSafari[20369:c5f721] [com.apple.mobilesafari:Keychain] Ongoing credential sharing is disabled because iCloud Keychain is disabled
2026-09-30 23:32:57.732 Df MobileSafari[20369:c5f721] [com.apple.mobilesafari:Passwords] Not fetching shared account groups because ongoing credential sharing is disabled
2026-09-30 23:32:57.732 E  MobileSafari[20369:c5f717] [com.apple.mobilesafari:Passwords] Failed to fetch current user participant ID with error: Error Domain=KCSharingErrorDomain Code=43 "(null)"
2026-09-30 23:32:57.732 Df MobileSafari[20369:c5f71c] [com.apple.mobilesafari:Passwords] Beginning saved account store load
2026-09-30 23:32:57.732 E  MobileSafari[20369:c5f717] [com.apple.mobilesafari:Passwords] Failed to provision for password sharing with error: Error Domain=KCSharingErrorDomain Code=33 "(null)" UserInfo={NSUnderlyingError=0x13d8f5da0 {Error Domain=KCSharingErrorDomain Code=35 "(null)"}}
2026-09-30 23:32:57.733 Df MobileSafari[20369:c5f71c] [com.apple.mobilesafari:Passwords] No passkeys found.
2026-09-30 23:32:57.734 E  cfprefsd[86798:c5e6a0] [com.apple.defaults:cfprefsd] Couldn't open /Library/Managed Preferences/mobile/com.apple.Passwords.plist due to No such file or directory
2026-09-30 23:32:57.734 E  cfprefsd[86798:c5e6a0] [com.apple.defaults:cfprefsd] Couldn't open /Library/Managed Preferences/com.apple.Passwords.plist due to No such file or directory
2026-09-30 23:32:57.734 E  cfprefsd[86798:c5e6a0] [com.apple.defaults:cfprefsd] Couldn't open /Users/tarunyadgirkar/Library/Developer/CoreSimulator/Devices/CF361191-F960-4212-9B76-7C41256A11C9/data/Library/Preferences/com.apple.Passwords.plist due to No such file or directory
2026-09-30 23:32:57.734 E  cfprefsd[86798:c5e6a0] [com.apple.defaults:cfprefsd] Couldn't open /Users/tarunyadgirkar/Library/Developer/CoreSimulator/Devices/CF361191-F960-4212-9B76-7C41256A11C9/data/Library/Preferences/ByHost/com.apple.Passwords..plist due to No such file or directory
2026-09-30 23:32:57.736 E  cfprefsd[86798:c5e6a0] [com.apple.defaults:cfprefsd] Couldn't open /Library/Managed Preferences/mobile/com.apple.Passwords.plist due to No such file or directory
2026-09-30 23:32:57.736 E  cfprefsd[86798:c5e6a0] [com.apple.defaults:cfprefsd] Couldn't open /Library/Managed Preferences/com.apple.Passwords.plist due to No such file or directory
2026-09-30 23:32:57.736 E  cfprefsd[86798:c5e6a0] [com.apple.defaults:cfprefsd] Couldn't open /Users/tarunyadgirkar/Library/Developer/CoreSimulator/Devices/CF361191-F960-4212-9B76-7C41256A11C9/data/Library/Preferences/com.apple.Passwords.plist due to No such file or directory
2026-09-30 23:32:57.736 E  cfprefsd[86798:c5e6a0] [com.apple.defaults:cfprefsd] Couldn't open /Users/tarunyadgirkar/Library/Developer/CoreSimulator/Devices/CF361191-F960-4212-9B76-7C41256A11C9/data/Library/Preferences/ByHost/com.apple.Passwords..plist due to No such file or directory
2026-09-30 23:32:57.737 E  MobileSafari[20369:c5f71c] [com.apple.mobilesafari:Passwords] Could not fetch passkeys: -25300
2026-09-30 23:32:57.742 Df MobileSafari[20369:c5f71c] [com.apple.mobilesafari:Keychain] No credential items found in access group com.apple.cfnetwork
2026-09-30 23:32:57.745 Df MobileSafari[20369:c5f71c] [com.apple.mobilesafari:Keychain] -[WBSSavedAccountStore _loadSavedAccountsWithPasswordsFromKeychainData:forGroupID:withDictionaryForSavedAccountsWithPasswords:fromRecentlyDeleted:]: Loaded 0 password keychain records from group:  from Recently D
2026-09-30 23:32:57.750 Df MobileSafari[20369:c5f71c] [com.apple.mobilesafari:Keychain] -[WBSSavedAccountStore _loadSavedAccountsWithPasswordsFromKeychainData:forGroupID:withDictionaryForSavedAccountsWithPasswords:fromRecentlyDeleted:]: loaded 0 sidecar items from personal keychain
2026-09-30 23:32:57.755 Df MobileSafari[20369:c5f71c] [com.apple.mobilesafari:Passwords] Skipping fetching of Sign in with Apple accounts since the bundle identifier (com.apple.mobilesafari) doesn't match Passwords app or Passwords menu bar app.
2026-09-30 23:32:57.755 Df MobileSafari[20369:c5f71c] [com.apple.mobilesafari:Passwords] Completed saved account store load
2026-09-30 23:32:57.755 Df MobileSafari[20369:c5f722] [com.apple.mobilesafari:Keychain] Ongoing credential sharing is disabled because iCloud Keychain is disabled
2026-09-30 23:32:57.755 Df MobileSafari[20369:c5f722] [com.apple.mobilesafari:Passwords] Not fetching shared account groups because ongoing credential sharing is disabled
2026-09-30 23:32:57.755 Df MobileSafari[20369:c5f71c] [com.apple.mobilesafari:Keychain] No credential items found in access group com.apple.cfnetwork-recently-deleted
2026-09-30 23:32:57.757 Df MobileSafari[20369:c5f71c] [com.apple.mobilesafari:Keychain] -[WBSSavedAccountStore _loadSavedAccountsWithPasswordsFromKeychainData:forGroupID:withDictionaryForSavedAccountsWithPasswords:fromRecentlyDeleted:]: Loaded 0 password keychain records from group:  from Recently D
2026-09-30 23:32:57.761 Df MobileSafari[20369:c5f71c] [com.apple.mobilesafari:Keychain] -[WBSSavedAccountStore _loadSavedAccountsWithPasswordsFromKeychainData:forGroupID:withDictionaryForSavedAccountsWithPasswords:fromRecentlyDeleted:]: loaded 0 sidecar items from personal keychain
2026-09-30 23:32:57.768 Df MobileSafari[20369:c5f719] [com.apple.mobilesafari:Keychain] Ongoing credential sharing is disabled because iCloud Keychain is disabled
2026-09-30 23:32:57.768 Df MobileSafari[20369:c5f719] [com.apple.mobilesafari:Passwords] Not fetching shared account groups because ongoing credential sharing is disabled
2026-09-30 23:32:57.768 Df MobileSafari[20369:c5f71c] [com.apple.mobilesafari:Passwords] Aborting clean up for passwords with unmatchable contributor ID because groups have changed since the account store was loaded.
2026-09-30 23:32:57.768 Df MobileSafari[20369:c5f71c] [com.apple.mobilesafari:Passwords] Aborting clean up for passwords with unmatchable contributor ID because groups have changed since the account store was loaded.
2026-09-30 23:32:57.768 Df MobileSafari[20369:c5f724] [com.apple.mobilesafari:Passwords] Beginning saved account store load
2026-09-30 23:32:57.769 Df MobileSafari[20369:c5f724] [com.apple.mobilesafari:Passwords] No passkeys found.
2026-09-30 23:32:57.772 E  MobileSafari[20369:c5f724] [com.apple.mobilesafari:Passwords] Could not fetch passkeys: -25300
2026-09-30 23:32:57.778 Df MobileSafari[20369:c5f724] [com.apple.mobilesafari:Keychain] No credential items found in access group com.apple.cfnetwork
2026-09-30 23:32:57.778 Df MobileSafari[20369:c5f724] [com.apple.mobilesafari:Keychain] -[WBSSavedAccountStore _loadSavedAccountsWithPasswordsFromKeychainData:forGroupID:withDictionaryForSavedAccountsWithPasswords:fromRecentlyDeleted:]: Loaded 0 password keychain records from group:  from Recently D
2026-09-30 23:32:57.783 Df MobileSafari[20369:c5f724] [com.apple.mobilesafari:Keychain] -[WBSSavedAccountStore _loadSavedAccountsWithPasswordsFromKeychainData:forGroupID:withDictionaryForSavedAccountsWithPasswords:fromRecentlyDeleted:]: loaded 0 sidecar items from personal keychain
2026-09-30 23:32:57.786 Df MobileSafari[20369:c5f724] [com.apple.mobilesafari:Passwords] Skipping fetching of Sign in with Apple accounts since the bundle identifier (com.apple.mobilesafari) doesn't match Passwords app or Passwords menu bar app.
2026-09-30 23:32:57.786 Df MobileSafari[20369:c5f724] [com.apple.mobilesafari:Passwords] Completed saved account store load
2026-09-30 23:32:57.786 Df MobileSafari[20369:c5f723] [com.apple.mobilesafari:Keychain] Ongoing credential sharing is disabled because iCloud Keychain is disabled
2026-09-30 23:32:57.786 Df MobileSafari[20369:c5f723] [com.apple.mobilesafari:Passwords] Not fetching shared account groups because ongoing credential sharing is disabled
2026-09-30 23:32:57.792 Df MobileSafari[20369:c5f719] [com.apple.mobilesafari:Passwords] Reloading generated passwords store
2026-09-30 23:32:57.798 Df MobileSafari[20369:c5f719] [com.apple.mobilesafari:Keychain] No recently generated password items found in access group com.apple.password-manager.generated-passwords
2026-09-30 23:32:57.798 Df MobileSafari[20369:c5f719] [com.apple.mobilesafari:Passwords] Finished reloading generated passwords store
2026-09-30 23:32:57.802 Df MobileSafari[20369:c5f602] [com.apple.xpc:connection] [0x13cffb200] activating connection: mach=true listener=false peer=false name=com.apple.AuthenticationServices.AutoFill
2026-09-30 23:32:57.805 Df MobileSafari[20369:c5f721] [com.apple.PlugInKit:discovery] [d 0E371860-408F-4D50-92AD-44C4BEB1A47C] <PKHost:0x106799680> Beginning discovery for flags: 0, point: com.apple.authentication-services-credential-provider-ui
    NSExtensionPointName = "com.apple.authentication-services-credential-provider-ui";
    <EXConcreteExtension: 0x1075c1dc0> {id = com.tarunyadgirkar.prefill.spike.textinsert.provider}
2026-09-30 23:32:58.073 Df SpringBoard[86754:c334f8] [com.apple.UIKit:KeyboardSceneDelegate] Tracking provider: updateProviderFromRemoteUpdate for info: <<<_UIKeyboardChangedInformation: 0x10cf4cf00>; appId (null) bundleId (null) animation fence (null); position {{0, 0}, {0, 0}}; animated YES; on sc
2026-09-30 23:32:58.075 Df SpringBoard[86754:c334f8] [com.apple.UIKit:KeyboardSceneDelegate] Tracking provider: updateProviderFromRemoteUpdate for info: <<<_UIKeyboardChangedInformation: 0x10cf4cf00>; appId (null) bundleId (null) animation fence (null); position {{0, 0}, {0, 0}}; animated YES; on sc
2026-09-30 23:32:58.077 Df SpringBoard[86754:c334f8] [com.apple.UIKit:KeyboardSceneDelegate] Tracking provider: updateProviderFromRemoteUpdate for info: <<<_UIKeyboardChangedInformation: 0x10cf4cf00>; appId (null) bundleId (null) animation fence (null); position {{0, 0}, {0, 0}}; animated YES; on sc
2026-09-30 23:32:58.078 Df SpringBoard[86754:c334f8] [com.apple.UIKit:KeyboardSceneDelegate] Tracking provider: updateProviderFromRemoteUpdate for info: <<<_UIKeyboardChangedInformation: 0x10cf4cf00>; appId (null) bundleId (null) animation fence (null); position {{0, 0}, {0, 0}}; animated YES; on sc
2026-09-30 23:32:58.079 Df SpringBoard[86754:c334f8] [com.apple.UIKit:KeyboardSceneDelegate] Tracking provider: updateProviderFromRemoteUpdate for info: <<<_UIKeyboardChangedInformation: 0x10cf4cf00>; appId (null) bundleId (null) animation fence (null); position {{0, 0}, {0, 0}}; animated YES; on sc
2026-09-30 23:32:58.205 Df MobileSafari[20369:c5f725] [com.apple.mobilesafari:Keychain] Ongoing credential sharing is disabled because iCloud Keychain is disabled
2026-09-30 23:32:58.205 Df MobileSafari[20369:c5f725] [com.apple.mobilesafari:Passwords] Not fetching shared account groups because ongoing credential sharing is disabled
2026-09-30 23:32:58.208 Df MobileSafari[20369:c5f71b] [com.apple.mobilesafari:Passwords] Beginning saved account store load
2026-09-30 23:32:58.209 Df MobileSafari[20369:c5f71b] [com.apple.mobilesafari:Passwords] No passkeys found.
2026-09-30 23:32:58.209 E  MobileSafari[20369:c5f71b] [com.apple.mobilesafari:Passwords] Could not fetch passkeys: -25300
2026-09-30 23:32:58.210 Df MobileSafari[20369:c5f71b] [com.apple.mobilesafari:Keychain] No credential items found in access group com.apple.cfnetwork
2026-09-30 23:32:58.210 Df MobileSafari[20369:c5f71b] [com.apple.mobilesafari:Keychain] -[WBSSavedAccountStore _loadSavedAccountsWithPasswordsFromKeychainData:forGroupID:withDictionaryForSavedAccountsWithPasswords:fromRecentlyDeleted:]: Loaded 0 password keychain records from group:  from Recently D
2026-09-30 23:32:58.211 Df MobileSafari[20369:c5f71b] [com.apple.mobilesafari:Keychain] -[WBSSavedAccountStore _loadSavedAccountsWithPasswordsFromKeychainData:forGroupID:withDictionaryForSavedAccountsWithPasswords:fromRecentlyDeleted:]: loaded 0 sidecar items from personal keychain
2026-09-30 23:32:58.212 Df MobileSafari[20369:c5f71b] [com.apple.mobilesafari:Passwords] Skipping fetching of Sign in with Apple accounts since the bundle identifier (com.apple.mobilesafari) doesn't match Passwords app or Passwords menu bar app.
2026-09-30 23:32:58.212 Df MobileSafari[20369:c5f71b] [com.apple.mobilesafari:Passwords] Completed saved account store load
2026-09-30 23:32:58.212 Df MobileSafari[20369:c5f725] [com.apple.mobilesafari:Keychain] Ongoing credential sharing is disabled because iCloud Keychain is disabled
2026-09-30 23:32:58.212 Df MobileSafari[20369:c5f725] [com.apple.mobilesafari:Passwords] Not fetching shared account groups because ongoing credential sharing is disabled
2026-09-30 23:32:58.212 Df MobileSafari[20369:c5f71b] [com.apple.mobilesafari:Keychain] No credential items found in access group com.apple.cfnetwork-recently-deleted
2026-09-30 23:32:58.212 Df MobileSafari[20369:c5f71b] [com.apple.mobilesafari:Keychain] -[WBSSavedAccountStore _loadSavedAccountsWithPasswordsFromKeychainData:forGroupID:withDictionaryForSavedAccountsWithPasswords:fromRecentlyDeleted:]: Loaded 0 password keychain records from group:  from Recently D
2026-09-30 23:32:58.213 Df MobileSafari[20369:c5f71b] [com.apple.mobilesafari:Keychain] -[WBSSavedAccountStore _loadSavedAccountsWithPasswordsFromKeychainData:forGroupID:withDictionaryForSavedAccountsWithPasswords:fromRecentlyDeleted:]: loaded 0 sidecar items from personal keychain
2026-09-30 23:32:58.214 Df MobileSafari[20369:c5f722] [com.apple.mobilesafari:Keychain] Ongoing credential sharing is disabled because iCloud Keychain is disabled
2026-09-30 23:32:58.214 Df MobileSafari[20369:c5f722] [com.apple.mobilesafari:Passwords] Not fetching shared account groups because ongoing credential sharing is disabled
2026-09-30 23:32:58.281 Df SpringBoard[86754:c334f8] [com.apple.UIKit:KeyboardSceneDelegate] Tracking provider: updateProviderFromRemoteUpdate for info: <<<_UIKeyboardChangedInformation: 0x10cf4c180>; appId (null) bundleId (null) animation fence (null); position {{0, 0}, {0, 0}}; animated YES; on sc
2026-09-30 23:32:58.283 Df SpringBoard[86754:c334f8] [com.apple.UIKit:KeyboardSceneDelegate] Tracking provider: updateProviderFromRemoteUpdate for info: <<<_UIKeyboardChangedInformation: 0x10cf4c180>; appId (null) bundleId (null) animation fence (null); position {{0, 0}, {0, 0}}; animated YES; on sc
2026-09-30 23:32:58.284 Df SpringBoard[86754:c334f8] [com.apple.UIKit:KeyboardSceneDelegate] Tracking provider: updateProviderFromRemoteUpdate for info: <<<_UIKeyboardChangedInformation: 0x10cf4c180>; appId (null) bundleId (null) animation fence (null); position {{0, 0}, {0, 0}}; animated YES; on sc
2026-09-30 23:32:58.287 Df SpringBoard[86754:c334f8] [com.apple.UIKit:KeyboardSceneDelegate] Tracking provider: updateProviderFromRemoteUpdate for info: <<<_UIKeyboardChangedInformation: 0x10cf4c180>; appId (null) bundleId (null) animation fence (null); position {{0, 0}, {0, 0}}; animated YES; on sc
2026-09-30 23:32:58.290 Df SpringBoard[86754:c334f8] [com.apple.UIKit:KeyboardSceneDelegate] Tracking provider: updateProviderFromRemoteUpdate for info: <<<_UIKeyboardChangedInformation: 0x10cf4c180>; appId (null) bundleId (null) animation fence (null); position {{0, 0}, {0, 0}}; animated YES; on sc
2026-09-30 23:32:58.639 Df MobileSafari[20369:c5f720] [com.apple.useractivity:main] ENCODE: Caching encoded userInfo to use until we are marked dirty again, returning encoded result $4d50030581b9636f6d2e6170706c652e5361666172692e436c6f756454616281.. 68 ..bf687474703a2f2f6c6f63616c686f73743a383830342
2026-09-30 23:32:58.753 Df MobileSafari[20369:c5f714] [com.apple.xpc.activity:Client] xpc_activity_register: com.apple.safarishared.WBSParsecDSession.autoFillDataUpdate, criteria: dictionary
2026-09-30 23:32:58.754 Df MobileSafari[20369:c5f714] [com.apple.xpc.activity:Client] _xpc_activity_register: com.apple.safarishared.WBSParsecDSession.autoFillDataUpdate (0x13ecca9e0), 0
2026-09-30 23:32:58.754 Df MobileSafari[20369:c5f714] [com.apple.xpc.activity:Client] xpc_activity_set_criteria: com.apple.safarishared.WBSParsecDSession.autoFillDataUpdate (0x13ecca9e0), dict
2026-09-30 23:32:58.754 Df MobileSafari[20369:c5f714] [com.apple.xpc.activity:Client] xpc_activity_set_criteria, lower half: com.apple.safarishared.WBSParsecDSession.autoFillDataUpdate (0x13ecca9e0), dict
2026-09-30 23:32:58.754 Df MobileSafari[20369:c5f714] [com.apple.xpc.activity:Client] _xpc_activity_set_criteria: com.apple.safarishared.WBSParsecDSession.autoFillDataUpdate (0x13ecca9e0), dict
2026-09-30 23:32:58.754 Df MobileSafari[20369:c5f714] [com.apple.xpc.activity:Client] _xpc_activity_set_criteria: xpc_set_event com.apple.safarishared.WBSParsecDSession.autoFillDataUpdate, 1
2026-09-30 23:32:58.754 Df MobileSafari[20369:c5f714] [com.apple.xpc.activity:Client] xpc_activity_set_criteria: com.apple.safarishared.WBSParsecDSession.autoFillDataUpdate (0x13ecca9e0), setting state now to 1
2026-09-30 23:32:58.754 Df MobileSafari[20369:c5f714] [com.apple.xpc.activity:Client] _xpc_activity_set_state: com.apple.safarishared.WBSParsecDSession.autoFillDataUpdate (0x13ecca9e0), 1
2026-09-30 23:32:58.754 Df UserEventAgent[86753:c5f56d] [com.apple.xpc.activity:Internal] Creating on XPC add event: com.apple.safarishared.WBSParsecDSession.autoFillDataUpdate
2026-09-30 23:32:58.755 Df UserEventAgent[86753:c5f56d] [com.apple.xpc.activity:Internal] Created: com.apple.safarishared.WBSParsecDSession.autoFillDataUpdate (0x103e79400)
2026-09-30 23:32:58.756 Df UserEventAgent[86753:c5f56d] [com.apple.xpc.activity:Activities] Registered: com.apple.safarishared.WBSParsecDSession.autoFillDataUpdate (0x103e79400)
2026-09-30 23:32:59.435 Df MobileSafari[20369:c5f602] [com.apple.WebKit:AppSSO] 0x1141540c0 - SOAuthorizationCoordinator::tryAuthorize
2026-09-30 23:32:59.435 Df MobileSafari[20369:c5f602] [com.apple.WebKit:AppSSO] 0x1141540c0 - SOAuthorizationCoordinator::canAuthorize: Calling async canPerformAuthorizationWithURL
2026-09-30 23:32:59.438 A  MobileSafari[20369:c5f602] (AppSSO) canPerformAuthorizationWithURL
2026-09-30 23:32:59.438 A  MobileSafari[20369:c5f602] (AppSSOCore) canPerformAuthorizationWithURL
2026-09-30 23:32:59.438 Df MobileSafari[20369:c5f602] [com.apple.xpc:connection] [0x13da51680] activating connection: mach=true listener=false peer=false name=com.apple.ak.authorizationservices.xpc
2026-09-30 23:32:59.439 Df MobileSafari[20369:c5f602] [com.apple.WebKit:AppSSO] 0x1141540c0 - SOAuthorizationCoordinator::tryAuthorize
2026-09-30 23:32:59.439 Df akd[86957:c57aba] [com.apple.xpc:connection] [0x101ccc780] activating connection: mach=false listener=false peer=true name=com.apple.ak.authorizationservices.xpc.peer[20369].0x101ccc780
2026-09-30 23:32:59.439 Df MobileSafari[20369:c5f602] [com.apple.WebKit:AppSSO] 0x1141540c0 - SOAuthorizationCoordinator::canAuthorize: Calling async canPerformAuthorizationWithURL
2026-09-30 23:32:59.439 A  MobileSafari[20369:c5f602] (AppSSO) canPerformAuthorizationWithURL
2026-09-30 23:32:59.439 A  MobileSafari[20369:c5f602] (AppSSOCore) canPerformAuthorizationWithURL
2026-09-30 23:32:59.439 Df MobileSafari[20369:c5f719] [com.apple.authkit:nto] Authorization controller should process URL async: NO
2026-09-30 23:32:59.440 Df MobileSafari[20369:c5f602] [com.apple.WebKit:AppSSO] SOAuthorizationCoordinator::canAuthorize: Async canPerformAuthorizationWithURL completed, result=0
2026-09-30 23:32:59.440 Df MobileSafari[20369:c5f719] [com.apple.authkit:nto] Authorization controller should process URL async: NO
2026-09-30 23:32:59.440 Df MobileSafari[20369:c5f602] [com.apple.WebKit:AppSSO] SOAuthorizationCoordinator::tryAuthorize: The requested URL is not registered for AppSSO handling. No further action needed.
2026-09-30 23:32:59.440 Df MobileSafari[20369:c5f602] [com.apple.WebKit:AppSSO] SOAuthorizationCoordinator::canAuthorize: Async canPerformAuthorizationWithURL completed, result=0
2026-09-30 23:32:59.440 Df MobileSafari[20369:c5f602] [com.apple.WebKit:AppSSO] SOAuthorizationCoordinator::tryAuthorize: The requested URL is not registered for AppSSO handling. No further action needed.
2026-09-30 23:32:59.503 Df SpringBoard[86754:c334f8] [com.apple.UIKit:KeyboardSceneDelegate] Tracking provider: updateProviderFromRemoteUpdate for info: <<<_UIKeyboardChangedInformation: 0x10cf4cd80>; appId (null) bundleId (null) animation fence (null); position {{0, 0}, {0, 0}}; animated YES; on sc
2026-09-30 23:32:59.505 Df SpringBoard[86754:c334f8] [com.apple.UIKit:KeyboardSceneDelegate] Tracking provider: updateProviderFromRemoteUpdate for info: <<<_UIKeyboardChangedInformation: 0x10cf4cd80>; appId (null) bundleId (null) animation fence (null); position {{0, 0}, {0, 0}}; animated YES; on sc
2026-09-30 23:32:59.506 Df SpringBoard[86754:c334f8] [com.apple.UIKit:KeyboardSceneDelegate] Tracking provider: updateProviderFromRemoteUpdate for info: <<<_UIKeyboardChangedInformation: 0x10cf4cd80>; appId (null) bundleId (null) animation fence (null); position {{0, 0}, {0, 0}}; animated YES; on sc
2026-09-30 23:32:59.513 Df SpringBoard[86754:c334f8] [com.apple.UIKit:KeyboardSceneDelegate] Tracking provider: updateProviderFromRemoteUpdate for info: <<<_UIKeyboardChangedInformation: 0x10cf4cd80>; appId (null) bundleId (null) animation fence (null); position {{0, 0}, {0, 0}}; animated YES; on sc
2026-09-30 23:32:59.515 Df SpringBoard[86754:c334f8] [com.apple.UIKit:KeyboardSceneDelegate] Tracking provider: updateProviderFromRemoteUpdate for info: <<<_UIKeyboardChangedInformation: 0x10cf4cd80>; appId (null) bundleId (null) animation fence (null); position {{0, 0}, {0, 0}}; animated YES; on sc
2026-09-30 23:32:59.562 E  MobileSafari[20369:c5f602] [com.apple.mobilesafari:FaviconProvider] Failed to get image information from icon data with error: Error Domain=WKErrorDomain Code=1 "(null)"
2026-09-30 23:32:59.562 E  MobileSafari[20369:c5f71a] [com.apple.mobilesafari:FaviconProvider] Failed to get image from icon data for page URL: <mask.hash: 'owR0gVthFeILqa53TQMsGQ=='> - data 0 bytes
2026-09-30 23:32:59.761 Df MobileSafari[20369:c5f602] [com.apple.mobilesafari:Passwords] Enqueueing asynchronous query for saved accounts matching criteria <private>
2026-09-30 23:32:59.761 Df MobileSafari[20369:c5f71a] [com.apple.mobilesafari:Passwords] Beginning query for saved accounts matching criteria
2026-09-30 23:32:59.762 Df AuthenticationServicesAgent[88774:c5f268] [com.apple.xpc:connection] [0x101530500] activating connection: mach=false listener=false peer=true name=com.apple.AuthenticationServices.AutoFill.peer[20369].0x101530500
2026-09-30 23:32:59.763 Df MobileSafari[20369:c5f71a] [com.apple.mobilesafari:AutoFill] Found 0 tree matches for <private> and associated domains: <private>
2026-09-30 23:32:59.763 Df MobileSafari[20369:c5f71a] [com.apple.mobilesafari:AutoFill] Executed query for host '<mask.hash: '4/5cvWmIcyJXMjWQ4u1qMg=='>' with partial username '<mask.hash: 'S5jGJzDIp6h/LDsCDd/uHg=='>', prefix
2026-09-30 23:32:59.763 Df MobileSafari[20369:c5f71a] [com.apple.mobilesafari:AutoFill] Query returned 0 matches
2026-09-30 23:32:59.763 Df MobileSafari[20369:c5f71a] [com.apple.mobilesafari:Passwords] Finished query for saved accounts matching criteria
2026-09-30 23:32:59.776 Df generativeexperiencesd[87173:c5f25a] [com.apple.externalproviderservice:observing] TKToolkitDatabaseChanged: rebuilding provider list
2026-09-30 23:32:59.777 Df generativeexperiencesd[87173:c5f25a] [com.apple.ModelCatalog:XPC] calling acquireCoherenceToken for ["com.apple.gm.vip_and_blocked_provider"]
2026-09-30 23:32:59.781 Df intelligenceflowd[87630:c5f91f] [com.apple.shortcuts:ToolKitDatabase] Fetching multiple records using request: <ToolKitDatabaseRequest id=B5AF7649-554E-4718-AF70-92BE01FBC017 scope: all locale: en query: <ContainerDefinitionQuery identifier: is(com.tarunyadgirkar.prefill.s
2026-09-30 23:32:59.782 Df intelligenceflowd[87630:c5f91f] [com.apple.shortcuts:ToolKitDatabase] Fetched multiple records: 0 for request: <ToolKitDatabaseRequest id=B5AF7649-554E-4718-AF70-92BE01FBC017 scope: all locale: en query: <ContainerDefinitionQuery identifier: is(com.tarunyadgirkar.prefill.s
2026-09-30 23:33:00.548 Df UserEventAgent[86753:c5f56d] [com.apple.xpc.activity:Activities] Initiating: com.apple.safarishared.WBSParsecDSession.autoFillDataUpdate (0x103e79400)
2026-09-30 23:33:00.549 Df MobileSafari[20369:c5f71a] [com.apple.xpc.activity:Client] _xpc_activity_dispatch: beginning dispatch, activity name com.apple.safarishared.WBSParsecDSession.autoFillDataUpdate, seqno 1
2026-09-30 23:33:00.549 Df MobileSafari[20369:c5f71a] [com.apple.xpc.activity:Client] _xpc_activity_dispatch: com.apple.safarishared.WBSParsecDSession.autoFillDataUpdate (0x13ecca9e0): found an activity with matching seqno 1
2026-09-30 23:33:00.549 Df MobileSafari[20369:c5f71a] [com.apple.xpc.activity:Client] _xpc_activity_begin_running: com.apple.safarishared.WBSParsecDSession.autoFillDataUpdate (0x13ecca9e0) seqno: 1.
2026-09-30 23:33:00.549 Df MobileSafari[20369:c5f71a] [com.apple.xpc.activity:Client] _xpc_activity_dispatch: lower half, activity name com.apple.safarishared.WBSParsecDSession.autoFillDataUpdate (0x13ecca9e0), seqno from top half was 1
2026-09-30 23:33:00.549 Df MobileSafari[20369:c5f71a] [com.apple.xpc.activity:Client] _xpc_activity_dispatch: created connection 0x13d964780 for activity name com.apple.safarishared.WBSParsecDSession.autoFillDataUpdate (0x13ecca9e0), seqno 1
2026-09-30 23:33:00.549 Df MobileSafari[20369:c5f71a] [com.apple.xpc.activity:Client] _xpc_activity_set_state: com.apple.safarishared.WBSParsecDSession.autoFillDataUpdate (0x13ecca9e0), 2
2026-09-30 23:33:00.549 Df MobileSafari[20369:c5f71a] [com.apple.xpc.activity:Client] _xpc_activity_set_state: send new state to CTS: com.apple.safarishared.WBSParsecDSession.autoFillDataUpdate (0x13ecca9e0), 2
2026-09-30 23:33:00.549 Df UserEventAgent[86753:c5f56d] [com.apple.xpc.activity:Activities] Running (PID 20369): com.apple.safarishared.WBSParsecDSession.autoFillDataUpdate (0x103e79400)
2026-09-30 23:33:00.549 Df MobileSafari[20369:c5f722] [com.apple.xpc.activity:Client] _xpc_activity_set_state_from_cts: com.apple.safarishared.WBSParsecDSession.autoFillDataUpdate (0x13ecca9e0), set activity state to 2
2026-09-30 23:33:00.550 Df MobileSafari[20369:c5f722] [com.apple.xpc.activity:Client] __XPC_ACTIVITY_CALLING_HANDLER__: com.apple.safarishared.WBSParsecDSession.autoFillDataUpdate (0x13ecca9e0), current state 2, pending state 0
2026-09-30 23:33:00.550 Df MobileSafari[20369:c5f722] [com.apple.xpc.activity:Client] _xpc_activity_set_state: com.apple.safarishared.WBSParsecDSession.autoFillDataUpdate (0x13ecca9e0), 4
2026-09-30 23:33:00.550 Df MobileSafari[20369:c5f71a] [com.apple.mobilesafari:SuddenTerminationDisabler] Beginning new task assertion with reason: com.apple.SafariShared.WBSFormAutoFillCorrectionsSQLiteStore
2026-09-30 23:33:00.550 Df MobileSafari[20369:c5f722] [com.apple.xpc.activity:Client] __XPC_ACTIVITY_CALLING_HANDLER__ returned from handler: com.apple.safarishared.WBSParsecDSession.autoFillDataUpdate (0x13ecca9e0), current state 2, pending state 4
2026-09-30 23:33:00.550 Df MobileSafari[20369:c5f722] [com.apple.xpc.activity:Client] _xpc_activity_set_state: send new state to CTS: com.apple.safarishared.WBSParsecDSession.autoFillDataUpdate (0x13ecca9e0), 4
2026-09-30 23:33:00.551 Df MobileSafari[20369:c5f71a] [com.apple.mobilesafari:SuddenTerminationDisabler] Did begin task assertion with reason com.apple.SafariShared.WBSFormAutoFillCorrectionsSQLiteStore
2026-09-30 23:33:00.551 Df MobileSafari[20369:c5f71a] [com.apple.FileURL:default] kExcludedFromBackupXattrName set on path: /Users/tarunyadgirkar/Library/Developer/CoreSimulator/Devices/67D26F69-0444-498D-ADEE-F687E565B7CB/data/Containers/Data/Application/940B02CD-FEDE-4572-85D6-606628FAFAC9/Library
2026-09-30 23:33:00.551 Df MobileSafari[20369:c5f71a] [com.apple.mobilesafari:SuddenTerminationDisabler] Ending task assertion with reason com.apple.SafariShared.WBSFormAutoFillCorrectionsSQLiteStore
2026-09-30 23:33:00.553 Df MobileSafari[20369:c5f722] [com.apple.xpc.activity:Client] _xpc_activity_set_state: com.apple.safarishared.WBSParsecDSession.autoFillDataUpdate (0x13ecca9e0), 5
2026-09-30 23:33:00.553 Df MobileSafari[20369:c5f722] [com.apple.xpc.activity:Client] _xpc_activity_set_state: send new state to CTS: com.apple.safarishared.WBSParsecDSession.autoFillDataUpdate (0x13ecca9e0), 5
2026-09-30 23:33:00.553 Df UserEventAgent[86753:c5e167] [com.apple.xpc.activity:Activities] Completed: com.apple.safarishared.WBSParsecDSession.autoFillDataUpdate (0x103e79400)
2026-09-30 23:33:00.554 Df UserEventAgent[86753:c5e167] [com.apple.xpc.activity:Activities] Rescheduling: com.apple.safarishared.WBSParsecDSession.autoFillDataUpdate (0x103e79400)
2026-09-30 23:33:00.554 Df MobileSafari[20369:c5f722] [com.apple.xpc.activity:Client] _xpc_activity_set_state_from_cts: com.apple.safarishared.WBSParsecDSession.autoFillDataUpdate (0x13ecca9e0), set activity state to 1
2026-09-30 23:33:00.555 Df MobileSafari[20369:c5f722] [com.apple.xpc.activity:Client] _xpc_activity_end_running: com.apple.safarishared.WBSParsecDSession.autoFillDataUpdate (0x13ecca9e0) seqno: 1.
2026-09-30 23:33:00.790 Df Preferences[90646:c5e22a] [com.apple.PlugInKit:discovery] [d 25A324C2-7E8D-4C01-A53D-2CE6AAB8CFAB] <PKHost:0x10a451640> Beginning discovery for flags: 0, point: com.apple.authentication-services-credential-provider-ui
2026-09-30 23:33:00.790 Df Preferences[90646:c5f1f6] [com.apple.PlugInKit:discovery] [d AC054632-A31D-4FAB-83D7-3AB51EE21476] <PKHost:0x10a451640> Beginning discovery for flags: 0, point: com.apple.authentication-services-credential-provider-ui
2026-09-30 23:33:00.791 Df Preferences[90646:c5f22c] [com.apple.PlugInKit:discovery] [d 2854A22C-AAC0-4A73-A302-82F28AC0AAB5] <PKHost:0x10a451640> Beginning discovery for flags: 0, point: com.apple.authentication-services-credential-provider-ui
2026-09-30 23:33:00.791 Df Preferences[90646:c5f229] [com.apple.PlugInKit:discovery] [d 08B9B3D9-E914-444A-B5AC-6F00A89CBFBC] <PKHost:0x10a451640> Beginning discovery for flags: 0, point: com.apple.authentication-services-credential-provider-ui
    NSExtensionPointName = "com.apple.authentication-services-credential-provider-ui";
    NSExtensionPointName = "com.apple.authentication-services-credential-provider-ui";
    NSExtensionPointName = "com.apple.authentication-services-credential-provider-ui";
    NSExtensionPointName = "com.apple.authentication-services-credential-provider-ui";
    "com.apple.gm.vip_and_blocked_provider.generic" = ENABLED;
2026-09-30 23:33:00.872 Df generativeexperiencesd[87173:c5f25a] [com.apple.UnifiedAssetFramework:Client] -[UAFAssetSet assetNamed:] A7495C54-BF1A-432E-B3C8-956240FCC5AC: Returning com.apple.gm.vip_and_blocked_provider.generic from source none
2026-09-30 23:33:00.873 Df generativeexperiencesd[87173:c5f25a] [com.apple.ModelCatalog:General] Failed to find asset named com.apple.gm.vip_and_blocked_provider.generic in asset set com.apple.MobileAsset.UAF.FM.Overrides
2026-09-30 23:33:00.883 E  generativeexperiencesd[87173:c5f25a] [com.apple.externalproviderservice:General] Failed to read blocked data from Model Catalog: ModelCatalog.CatalogErrors.AssetErrors.failedToFindAsset("com.apple.gm.vip_and_blocked_provider.generic - no asset")
2026-09-30 23:33:00.884 Df generativeexperiencesd[87173:c5f25a] [com.apple.externalproviderservice:General] ExternalProviderService: configuration changed, refreshing cache
2026-09-30 23:33:00.892 E  generativeexperiencesd[87173:c5f25a] [com.apple.externalproviderservice:Metadata] received nil from UserDefaults for externalProviderMetadata
2026-09-30 23:33:00.892 E  generativeexperiencesd[87173:c5f25a] [com.apple.externalproviderservice:Metadata] received an empty metadata for external providers
2026-09-30 23:33:01.353 Df MobileSafari[20369:c5f714] [com.apple.mobilesafari:Keychain] No credential items found in access group com.apple.cfnetwork-recently-deleted
2026-09-30 23:33:01.353 Df MobileSafari[20369:c5f714] [com.apple.mobilesafari:Keychain] -[WBSSavedAccountStore _loadSavedAccountsWithPasswordsFromKeychainData:forGroupID:withDictionaryForSavedAccountsWithPasswords:fromRecentlyDeleted:]: Loaded 0 password keychain records from group:  from Recently D
2026-09-30 23:33:01.354 Df MobileSafari[20369:c5f714] [com.apple.mobilesafari:Keychain] -[WBSSavedAccountStore _loadSavedAccountsWithPasswordsFromKeychainData:forGroupID:withDictionaryForSavedAccountsWithPasswords:fromRecentlyDeleted:]: loaded 0 sidecar items from personal keychain
2026-09-30 23:33:01.358 Df MobileSafari[20369:c5f71a] [com.apple.mobilesafari:Keychain] Ongoing credential sharing is disabled because iCloud Keychain is disabled
2026-09-30 23:33:01.358 Df MobileSafari[20369:c5f71a] [com.apple.mobilesafari:Passwords] Not fetching shared account groups because ongoing credential sharing is disabled
2026-09-30 23:33:01.365 E  siriknowledged[87223:c5f239] [com.apple.launchservices:registration] no install info, bundle at <FSNode 0x101d493e0> { isDir = ?, path = '/Users/tarunyadgirkar/Library/Developer/CoreSimulator/Devices/CF361191-F960-4212-9B76-7C41256A11C9/data/Containers/Bundle/Application/3
2026-09-30 23:33:01.367 E  siriknowledged[87223:c5f239] [com.apple.launchservices:registration] no install info, bundle at <FSNode 0x101d493e0> { isDir = ?, path = '/private/var/run/com.apple.security.cryptexd/mnt/com.apple.iPhoneOS.SimulatorRuntime-v24.1.434.0.GOjTIm/Library/Developer/CoreSimulator
2026-09-30 23:33:01.495 Df generativeexperiencesd[87173:c5f25a] [com.apple.externalproviderservice:General] Adding AgentIntent provider: ChatGPT providerID=com.apple.gms.GenerativePartnerPrototypeExtension.GenerativePartnerPrototypeIntentChatGPT bundleID=com.openai.chat isVip=false implementsAgentIn
2026-09-30 23:33:01.497 Df generativeexperiencesd[87173:c5f25a] [com.apple.externalproviderservice:General] installedExternalProviders: ChatGPT providerID=com.apple.gms.GenerativePartnerPrototypeExtension.GenerativePartnerPrototypeIntentChatGPT bundleID=com.openai.chat isVip=false implementsAgentInt
2026-09-30 23:33:01.497 Df generativeexperiencesd[87173:c5f25a] [com.apple.externalproviderservice:observing] No reportable changes found for external providers list
2026-09-30 23:33:01.590 Df MobileSafari[20369:c5f602] [com.apple.LinkPresentation:Fetching] LPMetadataProvider<1>: acquiring process assertion
2026-09-30 23:33:01.590 Df MobileSafari[20369:c5f602] [com.apple.LinkPresentation:Fetching] LPMetadataProvider<1>: start fetching for WKWebView
2026-09-30 23:33:01.590 Df MobileSafari[20369:c5f602] [com.apple.LinkPresentation:Fetching] LPMetadataProvider<1>: Performing metadata extraction
2026-09-30 23:33:01.601 Df MobileSafari[20369:c5f602] [com.apple.LinkPresentation:Fetching] LPMetadataProvider<1>: fetched metadata
2026-09-30 23:33:01.601 Df MobileSafari[20369:c5f602] [com.apple.LinkPresentation:Fetching] LPMetadataProvider<1>: skipping subresource fetch
2026-09-30 23:33:01.601 Df MobileSafari[20369:c5f602] [com.apple.LinkPresentation:Fetching] LPMetadataProvider<1>: starting postprocessing (has metadata=1, has error=0)
2026-09-30 23:33:01.601 Df MobileSafari[20369:c5f602] [com.apple.LinkPresentation:Fetching] LPMetadataProvider<1>: not filtering duplicate images as configuration does not support using Vision.framework
2026-09-30 23:33:01.602 Df MobileSafari[20369:c5f722] [com.apple.LinkPresentation:Fetching] LPMetadataProvider<1>: completed (has metadata=1, has error=0)
2026-09-30 23:33:01.602 Df MobileSafari[20369:c5f602] [com.apple.LinkPresentation:Fetching] LPMetadataProvider<1>: invalidating process assertion
2026-09-30 23:33:01.951 Df assistantd[86756:c5f212] [com.apple.siri.sirinetwork:Network] Network Analytics: ConnectionProvider set: NETPROVIDER_SN_NETWORK_CONNECTION
2026-09-30 23:33:01.952 Df assistantd[86756:c5f841] [com.apple.siri.sirinetwork:Network] Provider - NetworkConnectionProvider: Preparing connection with initial payload.
2026-09-30 23:33:01.952 Df assistantd[86756:c5f841] [com.apple.siri.sirinetwork:Network] Provider - Network setup: Endpoint created: guzzoni.apple.com:443/5228
2026-09-30 23:33:01.953 Df assistantd[86756:c5f841] [com.apple.siri.sirinetwork:Network] Provider - Network setup: TLS enabled
2026-09-30 23:33:01.953 Df assistantd[86756:c5f841] [com.apple.siri.sirinetwork:Network] Provider - Network setup: session set guzzoni.apple.com
2026-09-30 23:33:01.953 Df assistantd[86756:c5f841] [com.apple.siri.sirinetwork:Network] Provider - Network setup: Multipath service interactive
2026-09-30 23:33:01.954 Df assistantd[86756:c5f841] [com.apple.siri.sirinetwork:Network] Provider - Network setup: Source application assigned (audit_token_t).
2026-09-30 23:33:01.954 Df assistantd[86756:c5f841] [com.apple.siri.sirinetwork:Network] Provider - NetworkConnectionProvider [5]: Open timer scheduled (milliseconds(15000)).
2026-09-30 23:33:01.954 Df assistantd[86756:c5f841] [com.apple.siri.sirinetwork:Network] Provider - NetworkConnectionProvider [5]: Open slow timer scheduled (milliseconds(6000)).
2026-09-30 23:33:01.954 Df assistantd[86756:c5f841] [com.apple.siri.sirinetwork:Network] Provider - NetworkConnectionProvider [5]: Connection start
2026-09-30 23:33:01.956 Df assistantd[86756:c5fa23] [com.apple.siri.sirinetwork:Network] Provider - NetworkConnectionProvider [5]: State updated to preparing. Info: [C5 guzzoni.apple.com:443 tcp, traffic class: 600, multipath service: interactive, tls, attribution: developer, path satisfied (Path is
2026-09-30 23:33:02.252 Df assistantd[86756:c5fa23] [com.apple.siri.sirinetwork:Network] Provider - NetworkConnectionProvider [5]: State updated to ready. Info: [C5 connected guzzoni.apple.com:443 tcp, traffic class: 600, multipath service: interactive, tls, attribution: developer, path satisfied (P
2026-09-30 23:33:02.252 Df assistantd[86756:c5fa23] [com.apple.siri.sirinetwork:Network] Provider - NetworkConnectionProvider [5]: Stale connection timer scheduled (milliseconds(90000)).
2026-09-30 23:33:02.254 Df assistantd[86756:c5fa23] [com.apple.siri.sirinetwork:Network] Provider - NetworkConnectionProvider [5]: Open timer cancelled.
2026-09-30 23:33:02.254 Df assistantd[86756:c5fa23] [com.apple.siri.sirinetwork:Network] Provider - NetworkConnectionProvider [5]: Open slow timer cancelled.
2026-09-30 23:33:02.254 Df assistantd[86756:c5fa23] [com.apple.siri.sirinetwork:Network] Provider - NetworkConnectionProvider [5]: Connection ready.
2026-09-30 23:33:02.256 Df assistantd[86756:c5fa23] [com.apple.siri.sirinetwork:Network] Background Connection - Provider. Connection ready.
2026-09-30 23:33:02.272 Df assistantd[86756:c5fa23] [com.apple.siri.sirinetwork:Network] Provider - NetworkConnectionProvider [5]: Reader. Ready to receive data.
2026-09-30 23:33:02.273 Df assistantd[86756:c5fa23] [com.apple.siri.sirinetwork:Network] Provider - NetworkConnectionProvider [5]: isMPTCP false, Analysis Info - ConnectionAnalysisInfo(connectionURL: Optional(https://guzzoni.apple.com), interfaceIndex: Optional(15), sendBufferSize: 0, wwanPreferred:
2026-09-30 23:33:02.280 Df assistantd[86756:c5fa23] [com.apple.siri.sirinetwork:Network] Provider - NetworkConnectionProvider [5]: Sent data successfully
2026-09-30 23:33:02.319 Df assistantd[86756:c5fa23] [com.apple.siri.sirinetwork:Network] Provider - NetworkConnectionProvider [5]: Sent data successfully
2026-09-30 23:33:02.320 Df assistantd[86756:c5fa23] [com.apple.siri.sirinetwork:Network] Provider - NetworkConnectionProvider [5]: Sent data successfully
2026-09-30 23:33:02.324 Df assistantd[86756:c5fa23] [com.apple.siri.sirinetwork:Network] Provider - NetworkConnectionProvider [5]: Reader. Ready to receive data.
2026-09-30 23:33:02.333 Df assistantd[86756:c5fa23] [com.apple.siri.sirinetwork:Network] Provider - NetworkConnectionProvider [5]: Reader. Ready to receive data.
2026-09-30 23:33:02.341 Df assistantd[86756:c5f841] [com.apple.siri.sirinetwork:Network] Provider - NetworkConnectionProvider [5]: Reader. Ready to receive data.
2026-09-30 23:33:02.373 Df assistantd[86756:c5fa23] [com.apple.siri.sirinetwork:Network] Provider - NetworkConnectionProvider [5]: Sent data successfully
2026-09-30 23:33:02.411 Df Preferences[90646:c5ec44] [com.apple.Settings.Host:Search Indexing] Skipping indexing of AppIntent OpenPasswordsSettingsExtensionSettingsDeepLink + AppValue PasswordsSettingsExtensionSettingsDeepLink as indexing type should not index it.
2026-09-30 23:33:02.411 Df Preferences[90646:c5ec44] [com.apple.Settings.Host:Search Indexing] Skipping indexing of AppIntent OpenTVProviderDeepLinks + AppValue TVProviderDeepLinks as indexing type should not index it.
2026-09-30 23:33:02.638 Df Preferences[90646:c5f2fe] [com.apple.Settings.Host:Search Indexing] Skipping indexing of AppIntent OpenPasswordsSettingsExtensionSettingsDeepLink + AppValue PasswordsSettingsExtensionSettingsDeepLink as indexing type should not index it.
2026-09-30 23:33:02.638 Df Preferences[90646:c5f2fe] [com.apple.Settings.Host:Search Indexing] Skipping indexing of AppIntent OpenTVProviderDeepLinks + AppValue TVProviderDeepLinks as indexing type should not index it.
2026-09-30 23:33:02.674 Df MobileSafari[20369:c5f82e] [com.apple.mobilesafari:AutoFill] WebContent[20458] Will not inject JavaScript in injected bundle
2026-09-30 23:33:02.768 Df MobileSafari[20369:c5f602] [com.apple.mobilesafari:AutoFill] Creating EMOneTimeCodeAccelerator for SFAppAutoFillOneTimeCodeProvider 0x13dbf3e00
2026-09-30 23:33:02.785 Df MobileSafari[20369:c5f717] [com.apple.mobilesafari:AutoFill] SFAppAutoFillOneTimeCodeProvider 0x13dbf3e00 added observer <SFFormAutocompleteState: 0x13cd22900>; 1 observer remain
2026-09-30 23:33:02.791 Df MobileSafari[20369:c5f602] [com.apple.xpc:connection] [0x13fee8640] activating connection: mach=true listener=false peer=false name=com.apple.AuthenticationServices.AutoFill
2026-09-30 23:33:02.796 A  MobileSafari[20369:c5f602] (TCC) tcc_send_request_authorization() IPC
2026-09-30 23:33:02.798 Df Preferences[90646:c5f2f5] [com.apple.Settings.Host:Search Indexing] Skipping indexing of AppIntent OpenPasswordsSettingsExtensionSettingsDeepLink + AppValue PasswordsSettingsExtensionSettingsDeepLink as indexing type should not index it.
2026-09-30 23:33:02.798 Df Preferences[90646:c5f2f5] [com.apple.Settings.Host:Search Indexing] Skipping indexing of AppIntent OpenTVProviderDeepLinks + AppValue TVProviderDeepLinks as indexing type should not index it.
2026-09-30 23:33:02.827 A  postersyncd[94137:c3e78a] (TCC) tcc_send_request_authorization() IPC
2026-09-30 23:33:02.835 A  postersyncd[94137:c3e78a] (TCC) tcc_send_request_authorization() IPC
2026-09-30 23:33:02.845 Df MobileSafari[20369:c5f718] [com.apple.DataDeliveryServices:UAFAssetProvider] Observe update notification for assetSetName: com.apple.linguisticdata
2026-09-30 23:33:02.850 Df MobileSafari[20369:c5f721] [com.apple.contacts:avatar-decorator] Calling imNicknameProvider.allNicknamesForContact:contact
2026-09-30 23:33:02.857 Df MobileSafari[20369:c5f721] [com.apple.contacts:avatar-decorator] IMNicknameProvider returned 0 nicknames
2026-09-30 23:33:02.859 Df MobileSafari[20369:c5f718] [com.apple.DataDeliveryServices:UAFAssetProvider] Sandbox extension request for asset set: com.apple.linguisticdata completed successfully
2026-09-30 23:33:02.871 Df SpringBoard[86754:c334f8] [com.apple.UIKit:KeyboardSceneDelegate] Tracking provider: updateProviderFromRemoteUpdate for info: <<<_UIKeyboardChangedInformation: 0x10cf4d080>; appId (null) bundleId (null) animation fence (null); position {{0, 857}, {0, 17}}; animated YES; on
2026-09-30 23:33:02.875 Df SpringBoard[86754:c334f8] [com.apple.UIKit:KeyboardSceneDelegate] Tracking provider: updateProviderFromRemoteUpdate for info: <<<_UIKeyboardChangedInformation: 0x10cf4d080>; appId (null) bundleId (null) animation fence (null); position {{0, 857}, {0, 17}}; animated YES; on
2026-09-30 23:33:02.882 Df SpringBoard[86754:c334f8] [com.apple.UIKit:KeyboardSceneDelegate] Tracking provider: updateProviderFromRemoteUpdate for info: <<<_UIKeyboardChangedInformation: 0x10cf4d080>; appId (null) bundleId (null) animation fence (null); position {{0, 857}, {0, 17}}; animated YES; on
2026-09-30 23:33:02.890 Df SpringBoard[86754:c334f8] [com.apple.UIKit:KeyboardSceneDelegate] Tracking provider: updateProviderFromRemoteUpdate for info: <<<_UIKeyboardChangedInformation: 0x10cf4d080>; appId (null) bundleId (null) animation fence (null); position {{0, 857}, {0, 17}}; animated YES; on
2026-09-30 23:33:02.897 Df SpringBoard[86754:c334f8] [com.apple.UIKit:KeyboardSceneDelegate] Tracking provider: updateProviderFromRemoteUpdate for info: <<<_UIKeyboardChangedInformation: 0x10cf4d080>; appId (null) bundleId (null) animation fence (null); position {{0, 857}, {0, 17}}; animated YES; on
2026-09-30 23:33:02.899 Df SpringBoard[86754:c334f8] [com.apple.SpringBoard:InputUI] Presenter updated from[0x0] to[<SBDeviceApplicationInputUIViewProvider: 0x11fe3d180> - sceneID:com.apple.mobilesafari-71DD3C25-4702-4D1D-8EB9-7DEF87C13EE1] for InputUI scene: <SBSingleSceneController: 0x11398b7a0; s
2026-09-30 23:33:02.899 Df SpringBoard[86754:c334f8] [com.apple.SpringBoard:SystemUIScene] [SUIS-InputUI:[Main] - 1] setPresenter[<SBDeviceApplicationInputUIViewProvider: 0x11fe3d180> - sceneID:com.apple.mobilesafari-71DD3C25-4702-4D1D-8EB9-7DEF87C13EE1] oldPresenter[0x0]
2026-09-30 23:33:02.917 Df SpringBoard[86754:c334f8] [com.apple.SpringBoard:SystemUIScene] [SUIS-InputUI:[Main] - 1] Presenter[<SBDeviceApplicationInputUIViewProvider: 0x11fe3d180> - sceneID:com.apple.mobilesafari-71DD3C25-4702-4D1D-8EB9-7DEF87C13EE1] will present scene
2026-09-30 23:33:02.919 Df SpringBoard[86754:c334f8] [com.apple.SpringBoard:KeyboardFocus] _updateDeferringRules(recalculateResignActiveAssertionForActiveOverlays) sceneID:com.apple.mobilesafari-71DD3C25-4702-4D1D-8EB9-7DEF87C13EE1 hasParent:YES activeOverlayProviders:[SBDeviceApplicationInputUIView
2026-09-30 23:33:02.978 Df SpringBoard[86754:c334f8] [com.apple.UIKit:KeyboardSceneDelegate] Tracking provider: updateProviderFromRemoteUpdate for info: <<<_UIKeyboardChangedInformation: 0x10cf4cd80>; appId (null) bundleId (null) animation fence (null); position {{0, 573}, {402, 301}}; animated YES;
2026-09-30 23:33:02.980 Df SpringBoard[86754:c334f8] [com.apple.UIKit:KeyboardSceneDelegate] Tracking provider: updateProviderFromRemoteUpdate for info: <<<_UIKeyboardChangedInformation: 0x10cf4cd80>; appId (null) bundleId (null) animation fence (null); position {{0, 573}, {402, 301}}; animated YES;
2026-09-30 23:33:02.981 Df InputUI[87035:c33b5c] [com.apple.UIKit:KeyboardSceneDelegate] KeyboardTrackingCoordinator: Creating tracking provider for <_UIHostedWindowScene: 0x1100bc780; role: UISceneSessionRoleSceneHosting; persistentIdentifier: UIHostedScene-com.apple.InputUI-DC99AB9D; activationSta
2026-09-30 23:33:02.981 Df InputUI[87035:c33b5c] [com.apple.UIKit:KeyboardSceneDelegate] Tracking provider: updateProviderFromRemoteUpdate for info: <<<_UIKeyboardChangedInformation: 0x10728d200>; appId (null) bundleId (null) animation fence (null); position {{0, 573}, {402, 301}}; animated YES; on 
2026-09-30 23:33:02.981 Df MobileSafari[20369:c5f602] [com.apple.UIKit:InputWindowController] Tracking provider: moveFromPlacement: <UIInputViewSetPlacementInitialPosition> toPlacement: <UIInputViewSetPlacementOnScreenWithAccessory> update to: {{0, 573}, {402, 301}}
2026-09-30 23:33:02.981 Df MobileSafari[20369:c5f602] [com.apple.UIKit:KeyboardSceneDelegate] KeyboardTrackingCoordinator: Creating tracking provider for <_UIKeyboardInputScene: 0x13ed1ef80; role: _UISceneSessionRoleKeyboardInputScene; persistentIdentifier: KeyboardInputScene-com.apple.frontboard.sy
2026-09-30 23:33:02.983 Df SpringBoard[86754:c334f8] [com.apple.UIKit:KeyboardSceneDelegate] Tracking provider: updateProviderFromRemoteUpdate for info: <<<_UIKeyboardChangedInformation: 0x10cf4cd80>; appId (null) bundleId (null) animation fence (null); position {{0, 573}, {402, 301}}; animated YES;
2026-09-30 23:33:02.984 Df SpringBoard[86754:c334f8] [com.apple.UIKit:KeyboardSceneDelegate] Tracking provider: updateProviderFromRemoteUpdate for info: <<<_UIKeyboardChangedInformation: 0x10cf4cd80>; appId (null) bundleId (null) animation fence (null); position {{0, 573}, {402, 301}}; animated YES;
2026-09-30 23:33:02.985 Df SpringBoard[86754:c334f8] [com.apple.UIKit:KeyboardSceneDelegate] Tracking provider: updateProviderFromRemoteUpdate for info: <<<_UIKeyboardChangedInformation: 0x10cf4cd80>; appId (null) bundleId (null) animation fence (null); position {{0, 573}, {402, 301}}; animated YES;
2026-09-30 23:33:03.089 Df MobileSafari[20369:c5f602] [com.apple.mobilesafari:Passwords] Enqueueing synchronous query for saved accounts matching criteria <private>
2026-09-30 23:33:03.089 Df MobileSafari[20369:c5f602] [com.apple.mobilesafari:Passwords] Beginning query for saved accounts matching criteria
2026-09-30 23:33:03.091 Df MobileSafari[20369:c5f602] [com.apple.mobilesafari:AutoFill] Found 0 tree matches for <private> and associated domains: <private>
2026-09-30 23:33:03.091 Df MobileSafari[20369:c5f602] [com.apple.mobilesafari:AutoFill] Executed query for host '<mask.hash: '4/5cvWmIcyJXMjWQ4u1qMg=='>' with partial username '<mask.hash: 'S5jGJzDIp6h/LDsCDd/uHg=='>', prefix
2026-09-30 23:33:03.091 Df MobileSafari[20369:c5f602] [com.apple.mobilesafari:AutoFill] Query returned 0 matches
2026-09-30 23:33:03.091 Df MobileSafari[20369:c5f602] [com.apple.mobilesafari:Passwords] Finished query for saved accounts matching criteria
2026-09-30 23:33:03.091 Df MobileSafari[20369:c5f602] [com.apple.mobilesafari:Passwords] Enqueueing synchronous query for saved accounts matching criteria <private>
2026-09-30 23:33:03.091 Df MobileSafari[20369:c5f602] [com.apple.mobilesafari:Passwords] Beginning query for saved accounts matching criteria
2026-09-30 23:33:03.092 Df MobileSafari[20369:c5f602] [com.apple.mobilesafari:AutoFill] Found 0 tree matches for <private> and associated domains: <private>
2026-09-30 23:33:03.093 Df MobileSafari[20369:c5f602] [com.apple.mobilesafari:AutoFill] Executed query for host '<mask.hash: '4/5cvWmIcyJXMjWQ4u1qMg=='>' with partial username '<mask.hash: 'S5jGJzDIp6h/LDsCDd/uHg=='>', prefix
2026-09-30 23:33:03.093 Df MobileSafari[20369:c5f602] [com.apple.mobilesafari:AutoFill] Query returned 0 matches
2026-09-30 23:33:03.093 Df MobileSafari[20369:c5f602] [com.apple.mobilesafari:Passwords] Finished query for saved accounts matching criteria
2026-09-30 23:33:03.093 Df MobileSafari[20369:c5f602] [com.apple.mobilesafari:Passwords] Enqueueing synchronous query for saved accounts matching criteria <private>
2026-09-30 23:33:03.093 Df MobileSafari[20369:c5f602] [com.apple.mobilesafari:Passwords] Beginning query for saved accounts matching criteria
2026-09-30 23:33:03.094 Df MobileSafari[20369:c5f602] [com.apple.mobilesafari:AutoFill] Found 0 tree matches for <private> and associated domains: <private>
2026-09-30 23:33:03.094 Df MobileSafari[20369:c5f602] [com.apple.mobilesafari:AutoFill] Executed query for host '<mask.hash: '4/5cvWmIcyJXMjWQ4u1qMg=='>' with partial username '<mask.hash: 'S5jGJzDIp6h/LDsCDd/uHg=='>', prefix
2026-09-30 23:33:03.094 Df MobileSafari[20369:c5f602] [com.apple.mobilesafari:AutoFill] Query returned 0 matches
2026-09-30 23:33:03.094 Df MobileSafari[20369:c5f602] [com.apple.mobilesafari:Passwords] Finished query for saved accounts matching criteria
2026-09-30 23:33:03.094 Df MobileSafari[20369:c5f602] [com.apple.mobilesafari:Passwords] Enqueueing synchronous query for saved accounts matching criteria <private>
2026-09-30 23:33:03.094 Df MobileSafari[20369:c5f602] [com.apple.mobilesafari:Passwords] Beginning query for saved accounts matching criteria
2026-09-30 23:33:03.095 Df MobileSafari[20369:c5f602] [com.apple.mobilesafari:AutoFill] Found 0 tree matches for <private> and associated domains: <private>
2026-09-30 23:33:03.095 Df MobileSafari[20369:c5f602] [com.apple.mobilesafari:AutoFill] Executed query for host '<mask.hash: '4/5cvWmIcyJXMjWQ4u1qMg=='>' with partial username '<mask.hash: 'S5jGJzDIp6h/LDsCDd/uHg=='>', prefix
2026-09-30 23:33:03.095 Df MobileSafari[20369:c5f602] [com.apple.mobilesafari:AutoFill] Query returned 0 matches
2026-09-30 23:33:03.095 Df MobileSafari[20369:c5f602] [com.apple.mobilesafari:Passwords] Finished query for saved accounts matching criteria
2026-09-30 23:33:03.097 Df MobileSafari[20369:c5f602] [com.apple.mobilesafari:Passwords] Enqueueing synchronous query for saved accounts matching criteria <private>
2026-09-30 23:33:03.097 Df MobileSafari[20369:c5f602] [com.apple.mobilesafari:Passwords] Beginning query for saved accounts matching criteria
2026-09-30 23:33:03.098 Df MobileSafari[20369:c5f602] [com.apple.mobilesafari:AutoFill] Found 0 tree matches for <private> and associated domains: <private>
2026-09-30 23:33:03.098 Df MobileSafari[20369:c5f602] [com.apple.mobilesafari:AutoFill] Executed query for host '<mask.hash: '4/5cvWmIcyJXMjWQ4u1qMg=='>' with partial username '<mask.hash: (null)>', prefix
2026-09-30 23:33:03.098 Df MobileSafari[20369:c5f602] [com.apple.mobilesafari:AutoFill] Query returned 0 matches
2026-09-30 23:33:03.098 Df MobileSafari[20369:c5f602] [com.apple.mobilesafari:Passwords] Finished query for saved accounts matching criteria
2026-09-30 23:33:03.134 Df MobileSafari[20369:c5f602] [com.apple.mobilesafari:Passwords] Enqueueing synchronous query for saved accounts matching criteria <private>
2026-09-30 23:33:03.134 Df MobileSafari[20369:c5f602] [com.apple.mobilesafari:Passwords] Beginning query for saved accounts matching criteria
2026-09-30 23:33:03.135 Df MobileSafari[20369:c5f602] [com.apple.mobilesafari:AutoFill] Found 0 tree matches for <private> and associated domains: <private>
2026-09-30 23:33:03.135 Df MobileSafari[20369:c5f602] [com.apple.mobilesafari:AutoFill] Executed query for host '<mask.hash: '4/5cvWmIcyJXMjWQ4u1qMg=='>' with partial username '<mask.hash: (null)>', prefix
2026-09-30 23:33:03.135 Df MobileSafari[20369:c5f602] [com.apple.mobilesafari:AutoFill] Query returned 0 matches
2026-09-30 23:33:03.135 Df MobileSafari[20369:c5f602] [com.apple.mobilesafari:Passwords] Finished query for saved accounts matching criteria
2026-09-30 23:33:03.140 Df MobileSafari[20369:c5f602] [com.apple.UIKit:InputWindowController] Tracking provider: viewDidLayoutSubviews update to {{0, 546}, {402, 328}}
2026-09-30 23:33:03.141 Df SpringBoard[86754:c334f8] [com.apple.UIKit:KeyboardSceneDelegate] Tracking provider: updateProviderFromRemoteUpdate for info: <<<_UIKeyboardChangedInformation: 0x10cf4d080>; appId (null) bundleId (null) animation fence (null); position {{0, 546}, {402, 328}}; animated YES;
2026-09-30 23:33:03.142 Df InputUI[87035:c33b5c] [com.apple.UIKit:KeyboardSceneDelegate] Tracking provider: updateProviderFromRemoteUpdate for info: <<<_UIKeyboardChangedInformation: 0x104223c00>; appId (null) bundleId (null) animation fence (null); position {{0, 546}, {402, 328}}; animated YES; on 
2026-09-30 23:33:03.143 Df SpringBoard[86754:c334f8] [com.apple.UIKit:KeyboardSceneDelegate] Tracking provider: updateProviderFromRemoteUpdate for info: <<<_UIKeyboardChangedInformation: 0x10cf4d080>; appId (null) bundleId (null) animation fence (null); position {{0, 546}, {402, 328}}; animated YES;
2026-09-30 23:33:03.146 Df SpringBoard[86754:c334f8] [com.apple.UIKit:KeyboardSceneDelegate] Tracking provider: updateProviderFromRemoteUpdate for info: <<<_UIKeyboardChangedInformation: 0x10cf4d080>; appId (null) bundleId (null) animation fence (null); position {{0, 546}, {402, 328}}; animated YES;
2026-09-30 23:33:03.147 Df SpringBoard[86754:c334f8] [com.apple.UIKit:KeyboardSceneDelegate] Tracking provider: updateProviderFromRemoteUpdate for info: <<<_UIKeyboardChangedInformation: 0x10cf4d080>; appId (null) bundleId (null) animation fence (null); position {{0, 546}, {402, 328}}; animated YES;
2026-09-30 23:33:03.149 Df SpringBoard[86754:c334f8] [com.apple.UIKit:KeyboardSceneDelegate] Tracking provider: updateProviderFromRemoteUpdate for info: <<<_UIKeyboardChangedInformation: 0x10cf4d080>; appId (null) bundleId (null) animation fence (null); position {{0, 546}, {402, 328}}; animated YES;
2026-09-30 23:33:03.602 Df MobileSafari[20369:c5f602] [com.apple.LinkPresentation:Fetching] LPMetadataProvider<2>: acquiring process assertion
2026-09-30 23:33:03.602 Df MobileSafari[20369:c5f602] [com.apple.LinkPresentation:Fetching] LPMetadataProvider<2>: start fetching for WKWebView
2026-09-30 23:33:03.602 Df MobileSafari[20369:c5f602] [com.apple.LinkPresentation:Fetching] LPMetadataProvider<2>: Performing metadata extraction
2026-09-30 23:33:03.603 Df MobileSafari[20369:c5f602] [com.apple.LinkPresentation:Fetching] LPMetadataProvider<2>: fetched metadata
2026-09-30 23:33:03.603 Df MobileSafari[20369:c5f602] [com.apple.LinkPresentation:Fetching] LPMetadataProvider<2>: skipping subresource fetch
2026-09-30 23:33:03.603 Df MobileSafari[20369:c5f602] [com.apple.LinkPresentation:Fetching] LPMetadataProvider<2>: starting postprocessing (has metadata=1, has error=0)
2026-09-30 23:33:03.603 Df MobileSafari[20369:c5f602] [com.apple.LinkPresentation:Fetching] LPMetadataProvider<2>: not filtering duplicate images as configuration does not support using Vision.framework
2026-09-30 23:33:03.604 Df MobileSafari[20369:c5f71b] [com.apple.LinkPresentation:Fetching] LPMetadataProvider<2>: completed (has metadata=1, has error=0)
2026-09-30 23:33:03.604 Df MobileSafari[20369:c5f602] [com.apple.LinkPresentation:Fetching] LPMetadataProvider<2>: invalidating process assertion
2026-09-30 23:33:04.012 Df Preferences[90646:c5ec44] [com.apple.Settings.Host:Search Indexing] Skipping indexing of AppIntent OpenPasswordsSettingsExtensionSettingsDeepLink + AppValue PasswordsSettingsExtensionSettingsDeepLink as indexing type should not index it.
2026-09-30 23:33:04.012 Df Preferences[90646:c5ec44] [com.apple.Settings.Host:Search Indexing] Skipping indexing of AppIntent OpenTVProviderDeepLinks + AppValue TVProviderDeepLinks as indexing type should not index it.
2026-09-30 23:33:04.555 Df MobileSafari[20369:c5f714] (SpotlightEmbeddingCore) SPEmbeddingProvider: Registered provider SPEmbeddingModel
    "XC_kAXXCAttributeElementBaseType" = "_TtGC5UIKit17UICoreHostingViewVCS_21ToolbarVisualProvider8RootView_";
    "XC_kAXXCAttributeElementType" = "_TtGC5UIKit17UICoreHostingViewVCS_21ToolbarVisualProvider8RootView_";
    "XC_kAXXCAttributeElementBaseType" = "_TtGC5UIKit17UICoreHostingViewVCS_21ToolbarVisualProvider8RootView_";
    "XC_kAXXCAttributeElementType" = "_TtGC5UIKit17UICoreHostingViewVCS_21ToolbarVisualProvider8RootView_";
    "XC_kAXXCAttributeElementBaseType" = "_TtGC5UIKit17UICoreHostingViewVCS_21ToolbarVisualProvider8RootView_";
    "XC_kAXXCAttributeElementType" = "_TtGC5UIKit17UICoreHostingViewVCS_21ToolbarVisualProvider8RootView_";
    "XC_kAXXCAttributeElementBaseType" = "_TtGC5UIKit17UICoreHostingViewVCS_21ToolbarVisualProvider8RootView_";
    "XC_kAXXCAttributeElementType" = "_TtGC5UIKit17UICoreHostingViewVCS_21ToolbarVisualProvider8RootView_";
    ↪︎ Elements matching predicate '"AutoFill" IN identifiers'
    ↪︎ Elements matching predicate '"AutoFill" IN identifiers'
    ↪︎ Elements matching predicate '"AutoFill" IN identifiers'
    ↪︎ Elements matching predicate '"AutoFill" IN identifiers'
    MenuItem, label: 'AutoFill'
    MenuItem, label: 'AutoFill'
    MenuItem, label: 'AutoFill'
    ↪︎ Elements matching predicate '"AutoFill" IN identifiers' found matching snapshots: {(
    MenuItem, label: 'AutoFill'
    ↪︎ Elements matching predicate '"AutoFill" IN identifiers' with results: <XCTElementQueryResults: 0x16e06a340> (error: (null))
2026-09-30 23:33:07.606 Df MobileSafari[20369:c5f602] [com.apple.LinkPresentation:Fetching] LPMetadataProvider<3>: acquiring process assertion
2026-09-30 23:33:07.606 Df MobileSafari[20369:c5f602] [com.apple.LinkPresentation:Fetching] LPMetadataProvider<3>: start fetching for WKWebView
2026-09-30 23:33:07.606 Df MobileSafari[20369:c5f602] [com.apple.LinkPresentation:Fetching] LPMetadataProvider<3>: Performing metadata extraction
2026-09-30 23:33:07.608 Df MobileSafari[20369:c5f602] [com.apple.LinkPresentation:Fetching] LPMetadataProvider<3>: fetched metadata
2026-09-30 23:33:07.608 Df MobileSafari[20369:c5f602] [com.apple.LinkPresentation:Fetching] LPMetadataProvider<3>: skipping subresource fetch
2026-09-30 23:33:07.608 Df MobileSafari[20369:c5f602] [com.apple.LinkPresentation:Fetching] LPMetadataProvider<3>: starting postprocessing (has metadata=1, has error=0)
2026-09-30 23:33:07.608 Df MobileSafari[20369:c5f602] [com.apple.LinkPresentation:Fetching] LPMetadataProvider<3>: not filtering duplicate images as configuration does not support using Vision.framework
2026-09-30 23:33:07.609 Df MobileSafari[20369:c5f714] [com.apple.LinkPresentation:Fetching] LPMetadataProvider<3>: completed (has metadata=1, has error=0)
2026-09-30 23:33:07.609 Df MobileSafari[20369:c5f602] [com.apple.LinkPresentation:Fetching] LPMetadataProvider<3>: invalidating process assertion
    "XC_kAXXCAttributeLabel" = AutoFill;
2026-09-30 23:33:08.528 Df trustd[87797:c5fa2c] [com.apple.securityd:SecError] TextInsertUITest[20237]/1#-1 LF=0 NetworkingAnalyticsReport Error Domain=NSOSStatusErrorDomain Code=-4 "Networking analytics not supported in this environment" UserInfo={numberOfErrorsDeep=0, NSDescription=Networking anal
    ↪︎ Elements matching predicate '"AutoFill" IN identifiers'
    ↪︎ Elements matching predicate '"AutoFill" IN identifiers'
    ↪︎ Elements matching predicate '"AutoFill" IN identifiers'
    ↪︎ Elements matching predicate '"AutoFill" IN identifiers'
    MenuItem, label: 'AutoFill'
    MenuItem, label: 'AutoFill'
    MenuItem, label: 'AutoFill'
    ↪︎ Elements matching predicate '"AutoFill" IN identifiers' found matching snapshots: {(
    MenuItem, label: 'AutoFill'
    ↪︎ Elements matching predicate '"AutoFill" IN identifiers' with results: <XCTElementQueryResults: 0x16e06b3f0> (error: (null))
    ↪︎ Elements matching predicate '"AutoFill" IN identifiers'
    ↪︎ Elements matching predicate '"AutoFill" IN identifiers'
    ↪︎ Elements matching predicate '"AutoFill" IN identifiers'
    ↪︎ Elements matching predicate '"AutoFill" IN identifiers'
    MenuItem, label: 'AutoFill'
    MenuItem, label: 'AutoFill'
    MenuItem, label: 'AutoFill'
    ↪︎ Elements matching predicate '"AutoFill" IN identifiers' found matching snapshots: {(
    MenuItem, label: 'AutoFill'
    ↪︎ Elements matching predicate '"AutoFill" IN identifiers' with results: <XCTElementQueryResults: 0x13d907ab0> (error: (null))
2026-09-30 23:33:09.644 Df SpringBoard[86754:c334f8] [com.apple.UIKit:KeyboardSceneDelegate] Tracking provider: updateProviderFromRemoteUpdate for info: <<<_UIKeyboardChangedInformation: 0x11f760f00>; appId (null) bundleId (null) animation fence (null); position {{0, 546}, {402, 328}}; animated YES;
2026-09-30 23:33:09.645 Df InputUI[87035:c33b5c] [com.apple.UIKit:KeyboardSceneDelegate] Tracking provider: updateProviderFromRemoteUpdate for info: <<<_UIKeyboardChangedInformation: 0x104220900>; appId (null) bundleId (null) animation fence (null); position {{0, 546}, {402, 328}}; animated YES; on 
2026-09-30 23:33:09.647 Df SpringBoard[86754:c334f8] [com.apple.UIKit:KeyboardSceneDelegate] Tracking provider: updateProviderFromRemoteUpdate for info: <<<_UIKeyboardChangedInformation: 0x11f760f00>; appId (null) bundleId (null) animation fence (null); position {{0, 546}, {402, 328}}; animated YES;
2026-09-30 23:33:09.650 Df SpringBoard[86754:c334f8] [com.apple.UIKit:KeyboardSceneDelegate] Tracking provider: updateProviderFromRemoteUpdate for info: <<<_UIKeyboardChangedInformation: 0x11f760f00>; appId (null) bundleId (null) animation fence (null); position {{0, 546}, {402, 328}}; animated YES;
2026-09-30 23:33:09.650 Df SpringBoard[86754:c334f8] [com.apple.UIKit:KeyboardSceneDelegate] Tracking provider: updateProviderFromRemoteUpdate for info: <<<_UIKeyboardChangedInformation: 0x11f760f00>; appId (null) bundleId (null) animation fence (null); position {{0, 546}, {402, 328}}; animated YES;
2026-09-30 23:33:09.651 Df SpringBoard[86754:c334f8] [com.apple.UIKit:KeyboardSceneDelegate] Tracking provider: updateProviderFromRemoteUpdate for info: <<<_UIKeyboardChangedInformation: 0x11f760f00>; appId (null) bundleId (null) animation fence (null); position {{0, 546}, {402, 328}}; animated YES;
2026-09-30 23:33:09.652 Df MobileSafari[20369:c5f602] [com.apple.UIKit:InputWindowController] Tracking provider: moveFromPlacement: <UIInputViewSetPlacementOnScreenWithAccessory> toPlacement: <UIInputViewSetPlacementOnScreenWithAccessory> update to: {{0, 546}, {402, 328}}
2026-09-30 23:33:09.689 Df SpringBoard[86754:c334f8] [com.apple.UIKit:KeyboardSceneDelegate] Tracking provider: updateProviderFromRemoteUpdate for info: <<<_UIKeyboardChangedInformation: 0x11f762d00>; appId (null) bundleId (null) animation fence (null); position {{0, 573}, {402, 301}}; animated YES;
2026-09-30 23:33:09.690 Df InputUI[87035:c33b5c] [com.apple.UIKit:KeyboardSceneDelegate] Tracking provider: updateProviderFromRemoteUpdate for info: <<<_UIKeyboardChangedInformation: 0x104222e80>; appId (null) bundleId (null) animation fence (null); position {{0, 573}, {402, 301}}; animated YES; on 
2026-09-30 23:33:09.691 Df SpringBoard[86754:c334f8] [com.apple.UIKit:KeyboardSceneDelegate] Tracking provider: updateProviderFromRemoteUpdate for info: <<<_UIKeyboardChangedInformation: 0x11f762d00>; appId (null) bundleId (null) animation fence (null); position {{0, 573}, {402, 301}}; animated YES;
2026-09-30 23:33:09.693 Df SpringBoard[86754:c334f8] [com.apple.UIKit:KeyboardSceneDelegate] Tracking provider: updateProviderFromRemoteUpdate for info: <<<_UIKeyboardChangedInformation: 0x11f762d00>; appId (null) bundleId (null) animation fence (null); position {{0, 573}, {402, 301}}; animated YES;
2026-09-30 23:33:09.694 Df SpringBoard[86754:c334f8] [com.apple.UIKit:KeyboardSceneDelegate] Tracking provider: updateProviderFromRemoteUpdate for info: <<<_UIKeyboardChangedInformation: 0x11f762d00>; appId (null) bundleId (null) animation fence (null); position {{0, 573}, {402, 301}}; animated YES;
2026-09-30 23:33:09.695 Df MobileSafari[20369:c5f602] [com.apple.UIKit:InputWindowController] Tracking provider: viewDidLayoutSubviews update to {{0, 573}, {402, 301}}
2026-09-30 23:33:09.695 Df SpringBoard[86754:c334f8] [com.apple.UIKit:KeyboardSceneDelegate] Tracking provider: updateProviderFromRemoteUpdate for info: <<<_UIKeyboardChangedInformation: 0x11f762d00>; appId (null) bundleId (null) animation fence (null); position {{0, 573}, {402, 301}}; animated YES;
2026-09-30 23:33:09.700 Df MobileSafari[20369:c5f602] [com.apple.UIKit:InputWindowController] Tracking provider: moveFromPlacement: <UIInputViewSetPlacementOnScreenWithAccessory> toPlacement: <UIInputViewSetPlacementOnScreenWithAccessory> update to: {{0, 573}, {402, 301}}
2026-09-30 23:33:10.572 Df trustd[87797:c5fa2c] [com.apple.securityd:SecError] TextInsertUITest[20237]/1#-1 LF=0 NetworkingAnalyticsReport Error Domain=NSOSStatusErrorDomain Code=-4 "Networking analytics not supported in this environment" UserInfo={numberOfErrorsDeep=0, NSDescription=Networking anal
2026-09-30 23:33:11.223 Df trustd[87797:c5fa2c] [com.apple.securityd:SecError] TextInsertUITest[20237]/1#-1 LF=0 NetworkingAnalyticsReport Error Domain=NSOSStatusErrorDomain Code=-4 "Networking analytics not supported in this environment" UserInfo={numberOfErrorsDeep=0, NSDescription=Networking anal
    "XC_kAXXCAttributeLabel" = "AutoFill Contact";
2026-09-30 23:33:11.415 Df SpringBoard[86754:c334f8] [com.apple.SpringBoard:SystemUIScene] [SUIS-InputUI:[Main] - 1] Presenter[<SBDeviceApplicationInputUIViewProvider: 0x11fe3d180> - sceneID:com.apple.mobilesafari-71DD3C25-4702-4D1D-8EB9-7DEF87C13EE1] will dismiss scene
2026-09-30 23:33:11.420 Df UserEventAgent[86753:c5fe21] [com.apple.xpc.activity:Activities] Unregistered on XPC remove event: com.apple.safarishared.WBSParsecDSession.autoFillDataUpdate (0x103e79400)
2026-09-30 23:33:11.424 Df locationd[86778:c5a320] [com.apple.locationd.Core:Core] {"msg":"computing freshAuthorizationContext", "Client":icom.apple.mobilesafari:, "BigSwitch":1, "InUseLevel":0}
2026-09-30 23:33:11.438 Df SpringBoard[86754:c5c86b] [com.apple.appprotection:framework] told auth provider com.apple.mobilesafari was dimissed. result:true err:(null)
2026-09-30 23:33:11.745 Df coreauthd[93298:c5f6fa] [com.apple.LocalAuthentication:Server,LAContext] ContextProxy[20369:1:8:0] deallocated
2026-09-30 23:33:11.745 Df coreauthd[93298:c5f6fa] [com.apple.LocalAuthentication:Context] Untracking proxy:ContextProxy[20369:1:8:0] from plugin:<ContextPluginACM: 0x104684000>[0] (ContextProxy[20369:1:8:0] deallocated)
2026-09-30 23:33:11.746 Df coreauthd[93298:c5f6fa] [com.apple.LocalAuthentication:Server,LAContext] Context[8:0] deallocated
2026-09-30 23:33:11.746 Df coreauthd[93298:c5f6fa] [com.apple.LocalAuthentication:Context] Untracking <ContextPluginACM: 0x104684000>[0] (released gracefully), was present: 0
    "DYLD_FRAMEWORK_PATH" = "/Users/tarunyadgirkar/TarunsCode/prefill/spikes/textinsert/build/Build/Products/Debug-iphonesimulator";
    "DYLD_LIBRARY_PATH" = "/Users/tarunyadgirkar/TarunsCode/prefill/spikes/textinsert/build/Build/Products/Debug-iphonesimulator";
    "XCODE_SCHEME_NAME" = TextInsertSpike;
    "__XCODE_BUILT_PRODUCTS_DIR_PATHS" = "/Users/tarunyadgirkar/TarunsCode/prefill/spikes/textinsert/build/Build/Products/Debug-iphonesimulator";
    "__XPC_DYLD_FRAMEWORK_PATH" = "/Users/tarunyadgirkar/TarunsCode/prefill/spikes/textinsert/build/Build/Products/Debug-iphonesimulator";
    "__XPC_DYLD_LIBRARY_PATH" = "/Users/tarunyadgirkar/TarunsCode/prefill/spikes/textinsert/build/Build/Products/Debug-iphonesimulator";
		"XCODE_SCHEME_NAME" => <string: 0x105953660> { string cache = 0x0, length = 15, contents = "TextInsertSpike" }
		"DYLD_FRAMEWORK_PATH" => <string: 0x105952f10> { string cache = 0x0, length = 101, contents = "/Users/tarunyadgirkar/TarunsCode/prefill/spikes/textinsert/build/Build/Products/Debug-iphonesimulator" }
		"__XPC_DYLD_FRAMEWORK_PATH" => <string: 0x105952c70> { string cache = 0x0, length = 101, contents = "/Users/tarunyadgirkar/TarunsCode/prefill/spikes/textinsert/build/Build/Products/Debug-iphonesimulator" }
		"__XPC_DYLD_LIBRARY_PATH" => <string: 0x105950d20> { string cache = 0x0, length = 101, contents = "/Users/tarunyadgirkar/TarunsCode/prefill/spikes/textinsert/build/Build/Products/Debug-iphonesimulator" }
		"__XCODE_BUILT_PRODUCTS_DIR_PATHS" => <string: 0x1059519b0> { string cache = 0x0, length = 101, contents = "/Users/tarunyadgirkar/TarunsCode/prefill/spikes/textinsert/build/Build/Products/Debug-iphonesimulator" }
		"DYLD_LIBRARY_PATH" => <string: 0x1059516e0> { string cache = 0x0, length = 101, contents = "/Users/tarunyadgirkar/TarunsCode/prefill/spikes/textinsert/build/Build/Products/Debug-iphonesimulator" }
2026-09-30 23:33:12.493 Df locationd[86778:c5ba65] [com.apple.locationd.Core:Core] {"msg":"computing freshAuthorizationContext", "Client":icom.apple.mobilesafari:, "BigSwitch":1, "InUseLevel":5}
2026-09-30 23:33:13.957 Df MobileSafari[20926:c5fee7] [com.apple.containermanager:query] Query; personaid = 4294967295, type = NOPERSONA, name = <unknown>, origin [pid = 0, personaid = 0], proximate [pid = 0, personaid = 0], euid = 502, uid = 502, class = 2, identifier = [com.apple.Passwords](1), gi
2026-09-30 23:33:13.957 Df containermanagerd[86809:c35626] [com.apple.containermanager:query] Selected query plan; plan = <MCMCommandQueryPlanWithIdentities; identities = [<MCMContainerIdentity: 0x10386a180; userIdentity = <502/20/502/2/502>, identifier = com.apple.Passwords, class = (2)appData, pla
2026-09-30 23:33:14.098 Df MobileSafari[20926:c5fffc] [com.apple.triald:_] no factor providers loaded for namespace SAFARI_SEARCH_RANKING from directories (
2026-09-30 23:33:14.153 Df MobileSafari[20926:c60000] [com.apple.LocalAuthentication:Client] LA logging set up for this process.
2026-09-30 23:33:14.153 Df MobileSafari[20926:c60000] [com.apple.LocalAuthentication:Client,LAContext] Creating LAContext new cid:1
2026-09-30 23:33:14.154 Df coreauthd[93298:c5f6fa] [com.apple.LocalAuthentication:Server,LAContext] Context[9:0] created
2026-09-30 23:33:14.154 Df coreauthd[93298:c5f6fa] [com.apple.LocalAuthentication:Context] Tracking <ContextPluginACM: 0x104684000>[0]
2026-09-30 23:33:14.155 Df coreauthd[93298:c5f6fa] [com.apple.LocalAuthentication:ACM] Updated: <LACACMPoolsInfo; disposable: <LACACMPoolInfo; size: 64, used: 0, free: 64, freeForLA: 58, reservedForLA: 58>, non-disposable: <LACACMPoolInfo; size: 64, used: 0, free: 64, freeForLA: 58, reservedForLA: 5
2026-09-30 23:33:14.155 Df coreauthd[93298:c5f6fa] [com.apple.LocalAuthentication:Server,LAContext] ContextProxy[20926:1:9:0] created for Context[9:0] uid:502
2026-09-30 23:33:14.155 Df MobileSafari[20926:c60000] [com.apple.LocalAuthentication:Client,LAContext] LAContext[1:9:0] created new cid:1
2026-09-30 23:33:14.156 Df coreauthd[93298:c5f6fa] [com.apple.LocalAuthentication:Server] evaluatePolicy:2 options:{
2026-09-30 23:33:14.156 Df coreauthd[93298:c5f6fa] [com.apple.LocalAuthentication:SharedMode] <LACSharedModeProcessor: 0x1044322e0> not available in this platform
2026-09-30 23:33:14.156 Df coreauthd[93298:c5f6fa] [com.apple.LocalAuthentication:Default] Skipping processing of request rid: 24 by <LACSharedModeProcessor: 0x1044322e0>
2026-09-30 23:33:14.156 Df coreauthd[93298:c5f6fa] [com.apple.LocalAuthentication:Default] Skipping processing of request rid: 24 by <LACDTOExtendedPolicyProtectionProcessor: 0x1044eff00>
2026-09-30 23:33:14.156 Df coreauthd[93298:c5f6fa] [com.apple.LocalAuthentication:Default] Skipping processing of request rid: 24 by <LACDTOCoreProcessor: 0x104668070>
2026-09-30 23:33:14.156 Df coreauthd[93298:c5f6fa] [com.apple.LocalAuthentication:Default] Returning cached eligibility result: true for domain: LACEligibilityDomainPhoneIntegration
2026-09-30 23:33:14.156 Df coreauthd[93298:c5f6fa] [com.apple.LocalAuthentication:Default] Returning cached eligibility result: true for domain: LACEligibilityDomainPhoneIntegration
2026-09-30 23:33:14.156 Df coreauthd[93298:c5f6fa] [com.apple.LocalAuthentication:Default] Skipping processing of request rid: 24 by <LACPhoneIntegrationSessionProcessor: 0x1044ef4a0>
2026-09-30 23:33:14.156 Df coreauthd[93298:c5f6fa] [com.apple.LocalAuthentication:ABM] <LACOnenessController: 0x104478f00> Not handling request rid: 24 - session not active
2026-09-30 23:33:14.156 Df coreauthd[93298:c5f6fa] [com.apple.LocalAuthentication:Default] Skipping processing of request rid: 24 by <LACOnenessController: 0x104478f00>
2026-09-30 23:33:14.156 Df coreauthd[93298:c5f6fa] [com.apple.LocalAuthentication:Default] Returning cached eligibility result: true for domain: LACEligibilityDomainPhoneIntegration
2026-09-30 23:33:14.156 Df coreauthd[93298:c5f6fa] [com.apple.LocalAuthentication:Default] Returning cached eligibility result: true for domain: LACEligibilityDomainPhoneIntegration
2026-09-30 23:33:14.156 Df coreauthd[93298:c5f6fa] [com.apple.LocalAuthentication:ABM] <LACPhoneIntegrationController: 0x1044790c0> Not handling request rid: 24 - session not active
2026-09-30 23:33:14.156 Df coreauthd[93298:c5f6fa] [com.apple.LocalAuthentication:Default] Skipping processing of request rid: 24 by <LACPhoneIntegrationController: 0x1044790c0>
2026-09-30 23:33:14.156 Df coreauthd[93298:c5f6fa] [com.apple.LocalAuthentication:Default] Skipping processing of request rid: 24 by <LACApplePayBiometryToggleProcessor: 0x1046680d0>
2026-09-30 23:33:14.156 Df coreauthd[93298:c5f6fa] [com.apple.LocalAuthentication:Default] Skipping processing of request rid: 24 by <LACStashedCredentialsProcessor: 0x104668090>
2026-09-30 23:33:14.157 Df coreauthd[93298:c5f6fa] [com.apple.LocalAuthentication:Server] uiMechanism: MechanismUI[18] nonUiMechanism: MechanismPasscode[17](par:18)
2026-09-30 23:33:14.157 Df coreauthd[93298:c5f6fa] [com.apple.LocalAuthentication:Default] Returning cached eligibility result: true for domain: LACEligibilityDomainPhoneIntegration
2026-09-30 23:33:14.157 Df coreauthd[93298:c5f6fa] [com.apple.LocalAuthentication:Default] Returning cached eligibility result: true for domain: LACEligibilityDomainPhoneIntegration
2026-09-30 23:33:14.157 Df coreauthd[93298:c5f6fa] [com.apple.LocalAuthentication:ABM] <LACPhoneIntegrationController: 0x1044790c0> Not handling request rid: 24 - session not active
2026-09-30 23:33:14.157 Df coreauthd[93298:c5f6fa] [com.apple.LocalAuthentication:ABM] <LACOnenessController: 0x104478f00> Not handling request rid: 24 - session not active
2026-09-30 23:33:14.157 Df coreauthd[93298:c5f6fa] [com.apple.LocalAuthentication:Default] Returning cached eligibility result: true for domain: LACEligibilityDomainPhoneIntegration
2026-09-30 23:33:14.157 Df coreauthd[93298:c5f6fa] [com.apple.LocalAuthentication:Default] Returning cached eligibility result: true for domain: LACEligibilityDomainPhoneIntegration
2026-09-30 23:33:14.157 Df coreauthd[93298:c5f6fa] [com.apple.LocalAuthentication:SharedMode] <LACSharedModeProcessor: 0x1044322e0> not available in this platform
2026-09-30 23:33:14.160 Df MobileSafari[20926:c60000] [com.apple.LocalAuthentication:Client] canEvaluatePolicy:2 on LAContext[1:9:0] cid:2 returned YES
2026-09-30 23:33:14.160 Df coreauthd[93298:c5f6fa] [com.apple.LocalAuthentication:Server,Biometry] evaluatePolicy:1 options:{
2026-09-30 23:33:14.160 Df coreauthd[93298:c5f6fa] [com.apple.LocalAuthentication:SharedMode] <LACSharedModeProcessor: 0x1044339f0> not available in this platform
2026-09-30 23:33:14.160 Df coreauthd[93298:c5f6fa] [com.apple.LocalAuthentication:Default] Skipping processing of request rid: 25 by <LACSharedModeProcessor: 0x1044339f0>
2026-09-30 23:33:14.160 Df coreauthd[93298:c5f6fa] [com.apple.LocalAuthentication:Default] Skipping processing of request rid: 25 by <LACDTOServiceProcessor: 0x104668020>
2026-09-30 23:33:14.160 Df coreauthd[93298:c5f6fa] [com.apple.LocalAuthentication:Default] Returning cached eligibility result: true for domain: LACEligibilityDomainPhoneIntegration
2026-09-30 23:33:14.160 Df coreauthd[93298:c5f6fa] [com.apple.LocalAuthentication:Default] Returning cached eligibility result: true for domain: LACEligibilityDomainPhoneIntegration
2026-09-30 23:33:14.160 Df coreauthd[93298:c5f6fa] [com.apple.LocalAuthentication:Default] Skipping processing of request rid: 25 by <LACPhoneIntegrationSessionProcessor: 0x1044ef4a0>
2026-09-30 23:33:14.160 Df coreauthd[93298:c5f6fa] [com.apple.LocalAuthentication:ABM] <LACOnenessController: 0x104478f00> Not handling request rid: 25 - session not active
2026-09-30 23:33:14.160 Df coreauthd[93298:c5f6fa] [com.apple.LocalAuthentication:Default] Skipping processing of request rid: 25 by <LACOnenessController: 0x104478f00>
2026-09-30 23:33:14.160 Df coreauthd[93298:c5f6fa] [com.apple.LocalAuthentication:Default] Returning cached eligibility result: true for domain: LACEligibilityDomainPhoneIntegration
2026-09-30 23:33:14.160 Df coreauthd[93298:c5f6fa] [com.apple.LocalAuthentication:Default] Returning cached eligibility result: true for domain: LACEligibilityDomainPhoneIntegration
2026-09-30 23:33:14.160 Df coreauthd[93298:c5f6fa] [com.apple.LocalAuthentication:ABM] <LACPhoneIntegrationController: 0x1044790c0> Not handling request rid: 25 - session not active
2026-09-30 23:33:14.160 Df coreauthd[93298:c5f6fa] [com.apple.LocalAuthentication:Default] Skipping processing of request rid: 25 by <LACPhoneIntegrationController: 0x1044790c0>
2026-09-30 23:33:14.160 Df coreauthd[93298:c5f6fa] [com.apple.LocalAuthentication:Default] Skipping processing of request rid: 25 by <LACApplePayBiometryToggleProcessor: 0x1046680c0>
2026-09-30 23:33:14.160 Df coreauthd[93298:c5f6fa] [com.apple.LocalAuthentication:Default] Skipping processing of request rid: 25 by <LACStashedCredentialsProcessor: 0x104668080>
2026-09-30 23:33:14.161 Df coreauthd[93298:c5f6fa] [com.apple.LocalAuthentication:Default] Returning cached eligibility result: true for domain: LACEligibilityDomainPhoneIntegration
2026-09-30 23:33:14.161 Df coreauthd[93298:c5f6fa] [com.apple.LocalAuthentication:Default] Returning cached eligibility result: true for domain: LACEligibilityDomainPhoneIntegration
2026-09-30 23:33:14.161 Df coreauthd[93298:c5f6fa] [com.apple.LocalAuthentication:ABM] <LACPhoneIntegrationController: 0x1044790c0> Not handling request rid: 25 - session not active
2026-09-30 23:33:14.161 Df coreauthd[93298:c5f6fa] [com.apple.LocalAuthentication:ABM] <LACOnenessController: 0x104478f00> Not handling request rid: 25 - session not active
2026-09-30 23:33:14.161 Df coreauthd[93298:c5f6fa] [com.apple.LocalAuthentication:Default] Returning cached eligibility result: true for domain: LACEligibilityDomainPhoneIntegration
2026-09-30 23:33:14.161 Df coreauthd[93298:c5f6fa] [com.apple.LocalAuthentication:Default] Returning cached eligibility result: true for domain: LACEligibilityDomainPhoneIntegration
2026-09-30 23:33:14.161 Df coreauthd[93298:c5f6fa] [com.apple.LocalAuthentication:SharedMode] <LACSharedModeProcessor: 0x1044339f0> not available in this platform
2026-09-30 23:33:14.161 Df MobileSafari[20926:c60000] [com.apple.LocalAuthentication:Client,Biometry] canEvaluatePolicy:1 on LAContext[1:9:0] cid:3 returned Error Domain=com.apple.LocalAuthentication Code=-7 "No identities are enrolled." UserInfo={NSDebugDescription=No identities are enrolled., NSLo
2026-09-30 23:33:14.161 Df coreauthd[93298:c5f6fa] [com.apple.LocalAuthentication:Server] evaluatePolicy:4 options:{
2026-09-30 23:33:14.161 Df coreauthd[93298:c5f6fa] [com.apple.LocalAuthentication:SharedMode] <LACSharedModeProcessor: 0x104432460> not available in this platform
2026-09-30 23:33:14.161 Df coreauthd[93298:c5f6fa] [com.apple.LocalAuthentication:Default] Skipping processing of request rid: 26 by <LACSharedModeProcessor: 0x104432460>
2026-09-30 23:33:14.161 Df coreauthd[93298:c5f6fa] [com.apple.LocalAuthentication:Default] Skipping processing of request rid: 26 by <LACDTOServiceProcessor: 0x1046680f0>
2026-09-30 23:33:14.161 Df coreauthd[93298:c5f6fa] [com.apple.LocalAuthentication:Default] Returning cached eligibility result: true for domain: LACEligibilityDomainPhoneIntegration
2026-09-30 23:33:14.161 Df coreauthd[93298:c5f6fa] [com.apple.LocalAuthentication:Default] Returning cached eligibility result: true for domain: LACEligibilityDomainPhoneIntegration
2026-09-30 23:33:14.161 Df coreauthd[93298:c5f6fa] [com.apple.LocalAuthentication:Default] Skipping processing of request rid: 26 by <LACPhoneIntegrationSessionProcessor: 0x1044ef4a0>
2026-09-30 23:33:14.161 Df coreauthd[93298:c5f6fa] [com.apple.LocalAuthentication:ABM] <LACOnenessController: 0x104478f00> Not handling request rid: 26 - session not active
2026-09-30 23:33:14.161 Df coreauthd[93298:c5f6fa] [com.apple.LocalAuthentication:Default] Skipping processing of request rid: 26 by <LACOnenessController: 0x104478f00>
2026-09-30 23:33:14.161 Df coreauthd[93298:c5f6fa] [com.apple.LocalAuthentication:Default] Returning cached eligibility result: true for domain: LACEligibilityDomainPhoneIntegration
2026-09-30 23:33:14.162 Df coreauthd[93298:c5f6fa] [com.apple.LocalAuthentication:Default] Returning cached eligibility result: true for domain: LACEligibilityDomainPhoneIntegration
2026-09-30 23:33:14.162 Df coreauthd[93298:c5f6fa] [com.apple.LocalAuthentication:ABM] <LACPhoneIntegrationController: 0x1044790c0> Not handling request rid: 26 - session not active
2026-09-30 23:33:14.162 Df coreauthd[93298:c5f6fa] [com.apple.LocalAuthentication:Default] Skipping processing of request rid: 26 by <LACPhoneIntegrationController: 0x1044790c0>
2026-09-30 23:33:14.162 Df coreauthd[93298:c5f6fa] [com.apple.LocalAuthentication:Default] Skipping processing of request rid: 26 by <LACApplePayBiometryToggleProcessor: 0x104668040>
2026-09-30 23:33:14.162 Df coreauthd[93298:c5f6fa] [com.apple.LocalAuthentication:Default] Skipping processing of request rid: 26 by <LACStashedCredentialsProcessor: 0x1046680d0>
2026-09-30 23:33:14.162 Df coreauthd[93298:c5f6fa] [com.apple.LocalAuthentication:Default] Returning cached eligibility result: true for domain: LACEligibilityDomainPhoneIntegration
2026-09-30 23:33:14.162 Df coreauthd[93298:c5f6fa] [com.apple.LocalAuthentication:Default] Returning cached eligibility result: true for domain: LACEligibilityDomainPhoneIntegration
2026-09-30 23:33:14.162 Df coreauthd[93298:c5f6fa] [com.apple.LocalAuthentication:ABM] <LACPhoneIntegrationController: 0x1044790c0> Not handling request rid: 26 - session not active
2026-09-30 23:33:14.162 Df coreauthd[93298:c5f6fa] [com.apple.LocalAuthentication:ABM] <LACOnenessController: 0x104478f00> Not handling request rid: 26 - session not active
2026-09-30 23:33:14.162 Df coreauthd[93298:c5f6fa] [com.apple.LocalAuthentication:Default] Returning cached eligibility result: true for domain: LACEligibilityDomainPhoneIntegration
2026-09-30 23:33:14.162 Df coreauthd[93298:c5f6fa] [com.apple.LocalAuthentication:Default] Returning cached eligibility result: true for domain: LACEligibilityDomainPhoneIntegration
2026-09-30 23:33:14.162 Df coreauthd[93298:c5f6fa] [com.apple.LocalAuthentication:SharedMode] <LACSharedModeProcessor: 0x104432460> not available in this platform
2026-09-30 23:33:14.162 Df MobileSafari[20926:c60000] [com.apple.LocalAuthentication:Client] canEvaluatePolicy:4 on LAContext[1:9:0] cid:4 returned Error Domain=com.apple.LocalAuthentication Code=-1020 "This call is not supported on iOS Simulator." UserInfo={NSDebugDescription=This call is not suppo
2026-09-30 23:33:14.205 Df MobileSafari[20926:c5fffc] [com.apple.mobilesafari:SuddenTerminationDisabler] Beginning new task assertion with reason: com.apple.SafariShared.WBSFormAutoFillCorrectionsSQLiteStore
2026-09-30 23:33:14.205 Df MobileSafari[20926:c5fffc] [com.apple.mobilesafari:SuddenTerminationDisabler] Did begin task assertion with reason com.apple.SafariShared.WBSFormAutoFillCorrectionsSQLiteStore
2026-09-30 23:33:14.205 Df MobileSafari[20926:c5fffc] [com.apple.mobilesafari:SuddenTerminationDisabler] Ending task assertion with reason com.apple.SafariShared.WBSFormAutoFillCorrectionsSQLiteStore
2026-09-30 23:33:14.322 Df MobileSafari[20926:c5fee7] [com.apple.appintents:View] Attaching custom entity provider to view: <TabDocumentView: 0x109d5c200; frame = (0 0; 0 0); layer = <CALayer: 0x109fba220>>
2026-09-30 23:33:14.494 Df MobileSafari[20926:c60015] [com.apple.mobilesafari:CloudBookmarks] Requesting local migration state from data provider
2026-09-30 23:33:14.502 Df MobileSafari[20926:c5fee7] [com.apple.xpc:connection] [0x13d809180] activating connection: mach=true listener=false peer=false name=com.apple.AuthenticationServices.AutoFill
2026-09-30 23:33:14.520 Df MobileSafari[20926:c5fff9] [com.apple.mobilesafari:Keychain] Ongoing credential sharing is disabled because iCloud Keychain is disabled
2026-09-30 23:33:14.521 Df MobileSafari[20926:c5fff9] [com.apple.mobilesafari:Passwords] Not fetching shared account groups because ongoing credential sharing is disabled
2026-09-30 23:33:14.523 Df MobileSafari[20926:c5fff8] [com.apple.mobilesafari:Passwords] Beginning saved account store load
2026-09-30 23:33:14.526 E  cfprefsd[86798:c5fdf4] [com.apple.defaults:cfprefsd] Couldn't open /Library/Managed Preferences/mobile/com.apple.Passwords.plist due to No such file or directory
2026-09-30 23:33:14.526 E  cfprefsd[86798:c5fdf4] [com.apple.defaults:cfprefsd] Couldn't open /Library/Managed Preferences/com.apple.Passwords.plist due to No such file or directory
2026-09-30 23:33:14.526 E  cfprefsd[86798:c5fdf4] [com.apple.defaults:cfprefsd] Couldn't open /Users/tarunyadgirkar/Library/Developer/CoreSimulator/Devices/CF361191-F960-4212-9B76-7C41256A11C9/data/Library/Preferences/com.apple.Passwords.plist due to No such file or directory
2026-09-30 23:33:14.527 E  cfprefsd[86798:c5fdf4] [com.apple.defaults:cfprefsd] Couldn't open /Users/tarunyadgirkar/Library/Developer/CoreSimulator/Devices/CF361191-F960-4212-9B76-7C41256A11C9/data/Library/Preferences/ByHost/com.apple.Passwords..plist due to No such file or directory
2026-09-30 23:33:14.528 E  cfprefsd[86798:c5fdf4] [com.apple.defaults:cfprefsd] Couldn't open /Library/Managed Preferences/mobile/com.apple.Passwords.plist due to No such file or directory
2026-09-30 23:33:14.528 E  cfprefsd[86798:c5fdf4] [com.apple.defaults:cfprefsd] Couldn't open /Library/Managed Preferences/com.apple.Passwords.plist due to No such file or directory
2026-09-30 23:33:14.528 E  cfprefsd[86798:c5fdf4] [com.apple.defaults:cfprefsd] Couldn't open /Users/tarunyadgirkar/Library/Developer/CoreSimulator/Devices/CF361191-F960-4212-9B76-7C41256A11C9/data/Library/Preferences/com.apple.Passwords.plist due to No such file or directory
2026-09-30 23:33:14.528 E  cfprefsd[86798:c5fdf4] [com.apple.defaults:cfprefsd] Couldn't open /Users/tarunyadgirkar/Library/Developer/CoreSimulator/Devices/CF361191-F960-4212-9B76-7C41256A11C9/data/Library/Preferences/ByHost/com.apple.Passwords..plist due to No such file or directory
2026-09-30 23:33:14.528 Df MobileSafari[20926:c5fff8] [com.apple.mobilesafari:Passwords] No passkeys found.
2026-09-30 23:33:14.529 E  MobileSafari[20926:c5fff8] [com.apple.mobilesafari:Passwords] Could not fetch passkeys: -25300
2026-09-30 23:33:14.529 Df MobileSafari[20926:c5fff8] [com.apple.mobilesafari:Keychain] No credential items found in access group com.apple.cfnetwork
2026-09-30 23:33:14.529 Df MobileSafari[20926:c5fff8] [com.apple.mobilesafari:Keychain] -[WBSSavedAccountStore _loadSavedAccountsWithPasswordsFromKeychainData:forGroupID:withDictionaryForSavedAccountsWithPasswords:fromRecentlyDeleted:]: Loaded 0 password keychain records from group:  from Recently D
2026-09-30 23:33:14.532 Df MobileSafari[20926:c5fff8] [com.apple.mobilesafari:Keychain] -[WBSSavedAccountStore _loadSavedAccountsWithPasswordsFromKeychainData:forGroupID:withDictionaryForSavedAccountsWithPasswords:fromRecentlyDeleted:]: loaded 0 sidecar items from personal keychain
2026-09-30 23:33:14.537 E  MobileSafari[20926:c5fffc] [com.apple.mobilesafari:Passwords] Failed to fetch current user participant ID with error: Error Domain=KCSharingErrorDomain Code=43 "(null)"
2026-09-30 23:33:14.537 E  MobileSafari[20926:c5fffc] [com.apple.mobilesafari:Passwords] Failed to provision for password sharing with error: Error Domain=KCSharingErrorDomain Code=33 "(null)" UserInfo={NSUnderlyingError=0x109fb26a0 {Error Domain=KCSharingErrorDomain Code=35 "(null)"}}
2026-09-30 23:33:14.539 Df MobileSafari[20926:c5fff8] [com.apple.mobilesafari:Passwords] Skipping fetching of Sign in with Apple accounts since the bundle identifier (com.apple.mobilesafari) doesn't match Passwords app or Passwords menu bar app.
2026-09-30 23:33:14.541 Df MobileSafari[20926:c5fff8] [com.apple.mobilesafari:Passwords] Completed saved account store load
2026-09-30 23:33:14.541 Df MobileSafari[20926:c5fffc] [com.apple.mobilesafari:Keychain] Ongoing credential sharing is disabled because iCloud Keychain is disabled
2026-09-30 23:33:14.541 Df MobileSafari[20926:c5fffc] [com.apple.mobilesafari:Passwords] Not fetching shared account groups because ongoing credential sharing is disabled
2026-09-30 23:33:14.541 Df MobileSafari[20926:c5fff8] [com.apple.mobilesafari:Keychain] No credential items found in access group com.apple.cfnetwork-recently-deleted
2026-09-30 23:33:14.544 Df MobileSafari[20926:c5fff8] [com.apple.mobilesafari:Keychain] -[WBSSavedAccountStore _loadSavedAccountsWithPasswordsFromKeychainData:forGroupID:withDictionaryForSavedAccountsWithPasswords:fromRecentlyDeleted:]: Loaded 0 password keychain records from group:  from Recently D
2026-09-30 23:33:14.544 Df MobileSafari[20926:c5fff8] [com.apple.mobilesafari:Keychain] -[WBSSavedAccountStore _loadSavedAccountsWithPasswordsFromKeychainData:forGroupID:withDictionaryForSavedAccountsWithPasswords:fromRecentlyDeleted:]: loaded 0 sidecar items from personal keychain
2026-09-30 23:33:14.545 Df MobileSafari[20926:c60013] [com.apple.mobilesafari:Keychain] Ongoing credential sharing is disabled because iCloud Keychain is disabled
2026-09-30 23:33:14.545 Df MobileSafari[20926:c60013] [com.apple.mobilesafari:Passwords] Not fetching shared account groups because ongoing credential sharing is disabled
2026-09-30 23:33:14.545 Df MobileSafari[20926:c5fff8] [com.apple.mobilesafari:Passwords] Aborting clean up for passwords with unmatchable contributor ID because groups have changed since the account store was loaded.
2026-09-30 23:33:14.545 Df MobileSafari[20926:c5fff8] [com.apple.mobilesafari:Passwords] Aborting clean up for passwords with unmatchable contributor ID because groups have changed since the account store was loaded.
2026-09-30 23:33:14.546 Df MobileSafari[20926:c5fffc] [com.apple.mobilesafari:Passwords] Beginning saved account store load
2026-09-30 23:33:14.551 Df MobileSafari[20926:c5fffc] [com.apple.mobilesafari:Passwords] No passkeys found.
2026-09-30 23:33:14.552 E  MobileSafari[20926:c5fffc] [com.apple.mobilesafari:Passwords] Could not fetch passkeys: -25300
2026-09-30 23:33:14.552 Df MobileSafari[20926:c5fffc] [com.apple.mobilesafari:Keychain] No credential items found in access group com.apple.cfnetwork
2026-09-30 23:33:14.556 Df MobileSafari[20926:c5fffc] [com.apple.mobilesafari:Keychain] -[WBSSavedAccountStore _loadSavedAccountsWithPasswordsFromKeychainData:forGroupID:withDictionaryForSavedAccountsWithPasswords:fromRecentlyDeleted:]: Loaded 0 password keychain records from group:  from Recently D
2026-09-30 23:33:14.559 Df MobileSafari[20926:c5fffc] [com.apple.mobilesafari:Keychain] -[WBSSavedAccountStore _loadSavedAccountsWithPasswordsFromKeychainData:forGroupID:withDictionaryForSavedAccountsWithPasswords:fromRecentlyDeleted:]: loaded 0 sidecar items from personal keychain
2026-09-30 23:33:14.560 Df MobileSafari[20926:c5fffc] [com.apple.mobilesafari:Passwords] Skipping fetching of Sign in with Apple accounts since the bundle identifier (com.apple.mobilesafari) doesn't match Passwords app or Passwords menu bar app.
2026-09-30 23:33:14.560 Df MobileSafari[20926:c5fffc] [com.apple.mobilesafari:Passwords] Completed saved account store load
2026-09-30 23:33:14.560 Df MobileSafari[20926:c60013] [com.apple.mobilesafari:Keychain] Ongoing credential sharing is disabled because iCloud Keychain is disabled
2026-09-30 23:33:14.560 Df MobileSafari[20926:c60013] [com.apple.mobilesafari:Passwords] Not fetching shared account groups because ongoing credential sharing is disabled
2026-09-30 23:33:14.561 Df MobileSafari[20926:c60013] [com.apple.mobilesafari:Passwords] Reloading generated passwords store
2026-09-30 23:33:14.566 Df MobileSafari[20926:c60013] [com.apple.mobilesafari:Keychain] No recently generated password items found in access group com.apple.password-manager.generated-passwords
2026-09-30 23:33:14.566 Df MobileSafari[20926:c60013] [com.apple.mobilesafari:Passwords] Finished reloading generated passwords store
2026-09-30 23:33:14.609 Df MobileSafari[20926:c5fee7] [com.apple.xpc:connection] [0x13d80bac0] activating connection: mach=true listener=false peer=false name=com.apple.AuthenticationServices.AutoFill
2026-09-30 23:33:14.612 Df MobileSafari[20926:c60074] [com.apple.PlugInKit:discovery] [d 12128D5E-50BD-4143-A5E5-B53F3429EAFB] <PKHost:0x1067a1bc0> Beginning discovery for flags: 0, point: com.apple.authentication-services-credential-provider-ui
    NSExtensionPointName = "com.apple.authentication-services-credential-provider-ui";
    <EXConcreteExtension: 0x107535dc0> {id = com.tarunyadgirkar.prefill.spike.textinsert.provider}
2026-09-30 23:33:14.736 Df MobileSafari[20926:c60000] [com.apple.xpc.activity:Client] xpc_activity_register: com.apple.safarishared.WBSParsecDSession.autoFillDataUpdate, criteria: dictionary
2026-09-30 23:33:14.738 Df MobileSafari[20926:c60000] [com.apple.xpc.activity:Client] _xpc_activity_register: com.apple.safarishared.WBSParsecDSession.autoFillDataUpdate (0x13ddbf480), 0
2026-09-30 23:33:14.738 Df MobileSafari[20926:c60000] [com.apple.xpc.activity:Client] xpc_activity_set_criteria: com.apple.safarishared.WBSParsecDSession.autoFillDataUpdate (0x13ddbf480), dict
2026-09-30 23:33:14.738 Df MobileSafari[20926:c60074] [com.apple.xpc.activity:Client] xpc_activity_set_criteria, lower half: com.apple.safarishared.WBSParsecDSession.autoFillDataUpdate (0x13ddbf480), dict
2026-09-30 23:33:14.738 Df MobileSafari[20926:c60074] [com.apple.xpc.activity:Client] _xpc_activity_set_criteria: com.apple.safarishared.WBSParsecDSession.autoFillDataUpdate (0x13ddbf480), dict
2026-09-30 23:33:14.738 Df MobileSafari[20926:c60074] [com.apple.xpc.activity:Client] _xpc_activity_set_criteria: xpc_set_event com.apple.safarishared.WBSParsecDSession.autoFillDataUpdate, 1
2026-09-30 23:33:14.739 Df MobileSafari[20926:c60074] [com.apple.xpc.activity:Client] xpc_activity_set_criteria: com.apple.safarishared.WBSParsecDSession.autoFillDataUpdate (0x13ddbf480), setting state now to 1
2026-09-30 23:33:14.739 Df MobileSafari[20926:c60074] [com.apple.xpc.activity:Client] _xpc_activity_set_state: com.apple.safarishared.WBSParsecDSession.autoFillDataUpdate (0x13ddbf480), 1
2026-09-30 23:33:14.739 Df UserEventAgent[86753:c5e167] [com.apple.xpc.activity:Internal] Creating on XPC add event: com.apple.safarishared.WBSParsecDSession.autoFillDataUpdate
2026-09-30 23:33:14.741 Df UserEventAgent[86753:c5e167] [com.apple.xpc.activity:Internal] Created: com.apple.safarishared.WBSParsecDSession.autoFillDataUpdate (0x103e1df40)
2026-09-30 23:33:14.741 Df UserEventAgent[86753:c5e167] [com.apple.xpc.activity:Activities] Registered: com.apple.safarishared.WBSParsecDSession.autoFillDataUpdate (0x103e1df40)
2026-09-30 23:33:14.802 Df SpringBoard[86754:c334f8] [com.apple.UIKit:KeyboardSceneDelegate] Tracking provider: updateProviderFromRemoteUpdate for info: <<<_UIKeyboardChangedInformation: 0x10cf4c180>; appId (null) bundleId (null) animation fence (null); position {{0, 0}, {0, 0}}; animated YES; on sc
2026-09-30 23:33:14.806 Df SpringBoard[86754:c334f8] [com.apple.UIKit:KeyboardSceneDelegate] Tracking provider: updateProviderFromRemoteUpdate for info: <<<_UIKeyboardChangedInformation: 0x10cf4c180>; appId (null) bundleId (null) animation fence (null); position {{0, 0}, {0, 0}}; animated YES; on sc
2026-09-30 23:33:14.807 Df SpringBoard[86754:c334f8] [com.apple.UIKit:KeyboardSceneDelegate] Tracking provider: updateProviderFromRemoteUpdate for info: <<<_UIKeyboardChangedInformation: 0x10cf4c180>; appId (null) bundleId (null) animation fence (null); position {{0, 0}, {0, 0}}; animated YES; on sc
2026-09-30 23:33:14.810 Df SpringBoard[86754:c334f8] [com.apple.UIKit:KeyboardSceneDelegate] Tracking provider: updateProviderFromRemoteUpdate for info: <<<_UIKeyboardChangedInformation: 0x10cf4c180>; appId (null) bundleId (null) animation fence (null); position {{0, 0}, {0, 0}}; animated YES; on sc
2026-09-30 23:33:14.811 Df SpringBoard[86754:c334f8] [com.apple.UIKit:KeyboardSceneDelegate] Tracking provider: updateProviderFromRemoteUpdate for info: <<<_UIKeyboardChangedInformation: 0x10cf4c180>; appId (null) bundleId (null) animation fence (null); position {{0, 0}, {0, 0}}; animated YES; on sc
2026-09-30 23:33:14.935 Df MobileSafari[20926:c60074] [com.apple.mobilesafari:Keychain] Ongoing credential sharing is disabled because iCloud Keychain is disabled
2026-09-30 23:33:14.935 Df MobileSafari[20926:c60074] [com.apple.mobilesafari:Passwords] Not fetching shared account groups because ongoing credential sharing is disabled
2026-09-30 23:33:14.936 Df MobileSafari[20926:c5fffb] [com.apple.mobilesafari:Passwords] Beginning saved account store load
2026-09-30 23:33:14.937 Df MobileSafari[20926:c5fffb] [com.apple.mobilesafari:Passwords] No passkeys found.
2026-09-30 23:33:14.938 E  MobileSafari[20926:c5fffb] [com.apple.mobilesafari:Passwords] Could not fetch passkeys: -25300
2026-09-30 23:33:14.938 Df MobileSafari[20926:c5fffb] [com.apple.mobilesafari:Keychain] No credential items found in access group com.apple.cfnetwork
2026-09-30 23:33:14.938 Df MobileSafari[20926:c5fffb] [com.apple.mobilesafari:Keychain] -[WBSSavedAccountStore _loadSavedAccountsWithPasswordsFromKeychainData:forGroupID:withDictionaryForSavedAccountsWithPasswords:fromRecentlyDeleted:]: Loaded 0 password keychain records from group:  from Recently D
2026-09-30 23:33:14.939 Df MobileSafari[20926:c5fffb] [com.apple.mobilesafari:Keychain] -[WBSSavedAccountStore _loadSavedAccountsWithPasswordsFromKeychainData:forGroupID:withDictionaryForSavedAccountsWithPasswords:fromRecentlyDeleted:]: loaded 0 sidecar items from personal keychain
2026-09-30 23:33:14.940 Df MobileSafari[20926:c5fffb] [com.apple.mobilesafari:Passwords] Skipping fetching of Sign in with Apple accounts since the bundle identifier (com.apple.mobilesafari) doesn't match Passwords app or Passwords menu bar app.
2026-09-30 23:33:14.940 Df MobileSafari[20926:c5fffb] [com.apple.mobilesafari:Passwords] Completed saved account store load
2026-09-30 23:33:14.940 Df MobileSafari[20926:c60000] [com.apple.mobilesafari:Keychain] Ongoing credential sharing is disabled because iCloud Keychain is disabled
2026-09-30 23:33:14.941 Df MobileSafari[20926:c60000] [com.apple.mobilesafari:Passwords] Not fetching shared account groups because ongoing credential sharing is disabled
2026-09-30 23:33:14.941 Df MobileSafari[20926:c5fffb] [com.apple.mobilesafari:Keychain] No credential items found in access group com.apple.cfnetwork-recently-deleted
2026-09-30 23:33:14.941 Df MobileSafari[20926:c5fffb] [com.apple.mobilesafari:Keychain] -[WBSSavedAccountStore _loadSavedAccountsWithPasswordsFromKeychainData:forGroupID:withDictionaryForSavedAccountsWithPasswords:fromRecentlyDeleted:]: Loaded 0 password keychain records from group:  from Recently D
2026-09-30 23:33:14.942 Df MobileSafari[20926:c5fffb] [com.apple.mobilesafari:Keychain] -[WBSSavedAccountStore _loadSavedAccountsWithPasswordsFromKeychainData:forGroupID:withDictionaryForSavedAccountsWithPasswords:fromRecentlyDeleted:]: loaded 0 sidecar items from personal keychain
2026-09-30 23:33:14.943 Df MobileSafari[20926:c5fff8] [com.apple.mobilesafari:Keychain] Ongoing credential sharing is disabled because iCloud Keychain is disabled
2026-09-30 23:33:14.943 Df MobileSafari[20926:c5fff8] [com.apple.mobilesafari:Passwords] Not fetching shared account groups because ongoing credential sharing is disabled
2026-09-30 23:33:15.001 Df SpringBoard[86754:c334f8] [com.apple.UIKit:KeyboardSceneDelegate] Tracking provider: updateProviderFromRemoteUpdate for info: <<<_UIKeyboardChangedInformation: 0x10cf4d080>; appId (null) bundleId (null) animation fence (null); position {{0, 0}, {0, 0}}; animated YES; on sc
2026-09-30 23:33:15.003 Df SpringBoard[86754:c334f8] [com.apple.UIKit:KeyboardSceneDelegate] Tracking provider: updateProviderFromRemoteUpdate for info: <<<_UIKeyboardChangedInformation: 0x10cf4d080>; appId (null) bundleId (null) animation fence (null); position {{0, 0}, {0, 0}}; animated YES; on sc
2026-09-30 23:33:15.004 Df SpringBoard[86754:c334f8] [com.apple.UIKit:KeyboardSceneDelegate] Tracking provider: updateProviderFromRemoteUpdate for info: <<<_UIKeyboardChangedInformation: 0x10cf4d080>; appId (null) bundleId (null) animation fence (null); position {{0, 0}, {0, 0}}; animated YES; on sc
2026-09-30 23:33:15.006 Df SpringBoard[86754:c334f8] [com.apple.UIKit:KeyboardSceneDelegate] Tracking provider: updateProviderFromRemoteUpdate for info: <<<_UIKeyboardChangedInformation: 0x10cf4d080>; appId (null) bundleId (null) animation fence (null); position {{0, 0}, {0, 0}}; animated YES; on sc
2026-09-30 23:33:15.008 Df SpringBoard[86754:c334f8] [com.apple.UIKit:KeyboardSceneDelegate] Tracking provider: updateProviderFromRemoteUpdate for info: <<<_UIKeyboardChangedInformation: 0x10cf4d080>; appId (null) bundleId (null) animation fence (null); position {{0, 0}, {0, 0}}; animated YES; on sc
2026-09-30 23:33:15.471 Df MobileSafari[20926:c60075] [com.apple.useractivity:main] ENCODE: Caching encoded userInfo to use until we are marked dirty again, returning encoded result $4d50030581b9636f6d2e6170706c652e5361666172692e436c6f756454616281.. 68 ..bf687474703a2f2f6c6f63616c686f73743a383830342
2026-09-30 23:33:16.100 Df MobileSafari[20926:c5fee7] [com.apple.WebKit:AppSSO] 0x1141600c0 - SOAuthorizationCoordinator::tryAuthorize
2026-09-30 23:33:16.100 Df MobileSafari[20926:c5fee7] [com.apple.WebKit:AppSSO] 0x1141600c0 - SOAuthorizationCoordinator::canAuthorize: Calling async canPerformAuthorizationWithURL
2026-09-30 23:33:16.109 A  MobileSafari[20926:c5fee7] (AppSSO) canPerformAuthorizationWithURL
2026-09-30 23:33:16.109 A  MobileSafari[20926:c5fee7] (AppSSOCore) canPerformAuthorizationWithURL
2026-09-30 23:33:16.110 Df MobileSafari[20926:c5fee7] [com.apple.xpc:connection] [0x13dae1680] activating connection: mach=true listener=false peer=false name=com.apple.ak.authorizationservices.xpc
2026-09-30 23:33:16.110 Df akd[86957:c5faba] [com.apple.xpc:connection] [0x101ccc780] activating connection: mach=false listener=false peer=true name=com.apple.ak.authorizationservices.xpc.peer[20926].0x101ccc780
2026-09-30 23:33:16.110 Df MobileSafari[20926:c5fffe] [com.apple.authkit:nto] Authorization controller should process URL async: NO
2026-09-30 23:33:16.111 Df MobileSafari[20926:c5fee7] [com.apple.WebKit:AppSSO] SOAuthorizationCoordinator::canAuthorize: Async canPerformAuthorizationWithURL completed, result=0
2026-09-30 23:33:16.111 Df MobileSafari[20926:c5fee7] [com.apple.WebKit:AppSSO] SOAuthorizationCoordinator::tryAuthorize: The requested URL is not registered for AppSSO handling. No further action needed.
2026-09-30 23:33:16.177 Df SpringBoard[86754:c334f8] [com.apple.UIKit:KeyboardSceneDelegate] Tracking provider: updateProviderFromRemoteUpdate for info: <<<_UIKeyboardChangedInformation: 0x10cf4c180>; appId (null) bundleId (null) animation fence (null); position {{0, 0}, {0, 0}}; animated YES; on sc
2026-09-30 23:33:16.179 Df SpringBoard[86754:c334f8] [com.apple.UIKit:KeyboardSceneDelegate] Tracking provider: updateProviderFromRemoteUpdate for info: <<<_UIKeyboardChangedInformation: 0x10cf4c180>; appId (null) bundleId (null) animation fence (null); position {{0, 0}, {0, 0}}; animated YES; on sc
2026-09-30 23:33:16.180 Df SpringBoard[86754:c334f8] [com.apple.UIKit:KeyboardSceneDelegate] Tracking provider: updateProviderFromRemoteUpdate for info: <<<_UIKeyboardChangedInformation: 0x10cf4c180>; appId (null) bundleId (null) animation fence (null); position {{0, 0}, {0, 0}}; animated YES; on sc
2026-09-30 23:33:16.182 Df SpringBoard[86754:c334f8] [com.apple.UIKit:KeyboardSceneDelegate] Tracking provider: updateProviderFromRemoteUpdate for info: <<<_UIKeyboardChangedInformation: 0x10cf4c180>; appId (null) bundleId (null) animation fence (null); position {{0, 0}, {0, 0}}; animated YES; on sc
2026-09-30 23:33:16.185 Df SpringBoard[86754:c334f8] [com.apple.UIKit:KeyboardSceneDelegate] Tracking provider: updateProviderFromRemoteUpdate for info: <<<_UIKeyboardChangedInformation: 0x10cf4c180>; appId (null) bundleId (null) animation fence (null); position {{0, 0}, {0, 0}}; animated YES; on sc
2026-09-30 23:33:16.210 E  MobileSafari[20926:c5fee7] [com.apple.mobilesafari:FaviconProvider] Failed to get image information from icon data with error: Error Domain=WKErrorDomain Code=1 "(null)"
2026-09-30 23:33:16.210 E  MobileSafari[20926:c60014] [com.apple.mobilesafari:FaviconProvider] Failed to get image from icon data for page URL: <mask.hash: 'mnLj6Mwsg3cILZ5Q0ti2Nw=='> - data 0 bytes
2026-09-30 23:33:16.434 Df MobileSafari[20926:c5fee7] [com.apple.mobilesafari:Passwords] Enqueueing asynchronous query for saved accounts matching criteria <private>
2026-09-30 23:33:16.434 Df MobileSafari[20926:c5fffb] [com.apple.mobilesafari:Passwords] Beginning query for saved accounts matching criteria
2026-09-30 23:33:16.435 Df AuthenticationServicesAgent[88774:c5f91e] [com.apple.xpc:connection] [0x101530500] activating connection: mach=false listener=false peer=true name=com.apple.AuthenticationServices.AutoFill.peer[20926].0x101530500
2026-09-30 23:33:16.436 Df MobileSafari[20926:c5fffb] [com.apple.mobilesafari:AutoFill] Found 0 tree matches for <private> and associated domains: <private>
2026-09-30 23:33:16.436 Df MobileSafari[20926:c5fffb] [com.apple.mobilesafari:AutoFill] Executed query for host '<mask.hash: 'duMXSA5VTjTd46inv3TTaQ=='>' with partial username '<mask.hash: 'JpQlcUUwiqyviA4UTszh7Q=='>', prefix
2026-09-30 23:33:16.436 Df MobileSafari[20926:c5fffb] [com.apple.mobilesafari:AutoFill] Query returned 0 matches
2026-09-30 23:33:16.436 Df MobileSafari[20926:c5fffb] [com.apple.mobilesafari:Passwords] Finished query for saved accounts matching criteria
2026-09-30 23:33:16.802 Df UserEventAgent[86753:c5e167] [com.apple.xpc.activity:Activities] Initiating: com.apple.safarishared.WBSParsecDSession.autoFillDataUpdate (0x103e1df40)
2026-09-30 23:33:16.803 Df MobileSafari[20926:c60014] [com.apple.xpc.activity:Client] _xpc_activity_dispatch: beginning dispatch, activity name com.apple.safarishared.WBSParsecDSession.autoFillDataUpdate, seqno 1
2026-09-30 23:33:16.803 Df MobileSafari[20926:c60014] [com.apple.xpc.activity:Client] _xpc_activity_dispatch: com.apple.safarishared.WBSParsecDSession.autoFillDataUpdate (0x13ddbf480): found an activity with matching seqno 1
2026-09-30 23:33:16.803 Df MobileSafari[20926:c60014] [com.apple.xpc.activity:Client] _xpc_activity_begin_running: com.apple.safarishared.WBSParsecDSession.autoFillDataUpdate (0x13ddbf480) seqno: 1.
2026-09-30 23:33:16.803 Df MobileSafari[20926:c60014] [com.apple.xpc.activity:Client] _xpc_activity_dispatch: lower half, activity name com.apple.safarishared.WBSParsecDSession.autoFillDataUpdate (0x13ddbf480), seqno from top half was 1
2026-09-30 23:33:16.803 Df MobileSafari[20926:c60014] [com.apple.xpc.activity:Client] _xpc_activity_dispatch: created connection 0x13dae1b80 for activity name com.apple.safarishared.WBSParsecDSession.autoFillDataUpdate (0x13ddbf480), seqno 1
2026-09-30 23:33:16.803 Df MobileSafari[20926:c60014] [com.apple.xpc.activity:Client] _xpc_activity_set_state: com.apple.safarishared.WBSParsecDSession.autoFillDataUpdate (0x13ddbf480), 2
2026-09-30 23:33:16.803 Df MobileSafari[20926:c60014] [com.apple.xpc.activity:Client] _xpc_activity_set_state: send new state to CTS: com.apple.safarishared.WBSParsecDSession.autoFillDataUpdate (0x13ddbf480), 2
2026-09-30 23:33:16.803 Df UserEventAgent[86753:c5e167] [com.apple.xpc.activity:Activities] Running (PID 20926): com.apple.safarishared.WBSParsecDSession.autoFillDataUpdate (0x103e1df40)
2026-09-30 23:33:16.803 Df MobileSafari[20926:c5fffb] [com.apple.xpc.activity:Client] _xpc_activity_set_state_from_cts: com.apple.safarishared.WBSParsecDSession.autoFillDataUpdate (0x13ddbf480), set activity state to 2
2026-09-30 23:33:16.803 Df MobileSafari[20926:c5fffb] [com.apple.xpc.activity:Client] __XPC_ACTIVITY_CALLING_HANDLER__: com.apple.safarishared.WBSParsecDSession.autoFillDataUpdate (0x13ddbf480), current state 2, pending state 0
2026-09-30 23:33:16.803 Df MobileSafari[20926:c5fffb] [com.apple.xpc.activity:Client] _xpc_activity_set_state: com.apple.safarishared.WBSParsecDSession.autoFillDataUpdate (0x13ddbf480), 4
2026-09-30 23:33:16.803 Df MobileSafari[20926:c60014] [com.apple.mobilesafari:SuddenTerminationDisabler] Beginning new task assertion with reason: com.apple.SafariShared.WBSFormAutoFillCorrectionsSQLiteStore
2026-09-30 23:33:16.803 Df MobileSafari[20926:c5fffb] [com.apple.xpc.activity:Client] __XPC_ACTIVITY_CALLING_HANDLER__ returned from handler: com.apple.safarishared.WBSParsecDSession.autoFillDataUpdate (0x13ddbf480), current state 2, pending state 4
2026-09-30 23:33:16.803 Df MobileSafari[20926:c5fffb] [com.apple.xpc.activity:Client] _xpc_activity_set_state: send new state to CTS: com.apple.safarishared.WBSParsecDSession.autoFillDataUpdate (0x13ddbf480), 4
2026-09-30 23:33:16.804 Df MobileSafari[20926:c60014] [com.apple.mobilesafari:SuddenTerminationDisabler] Did begin task assertion with reason com.apple.SafariShared.WBSFormAutoFillCorrectionsSQLiteStore
2026-09-30 23:33:16.804 Df MobileSafari[20926:c60014] [com.apple.FileURL:default] kExcludedFromBackupXattrName set on path: /Users/tarunyadgirkar/Library/Developer/CoreSimulator/Devices/67D26F69-0444-498D-ADEE-F687E565B7CB/data/Containers/Data/Application/940B02CD-FEDE-4572-85D6-606628FAFAC9/Library
2026-09-30 23:33:16.805 Df MobileSafari[20926:c60014] [com.apple.mobilesafari:SuddenTerminationDisabler] Ending task assertion with reason com.apple.SafariShared.WBSFormAutoFillCorrectionsSQLiteStore
2026-09-30 23:33:16.806 Df MobileSafari[20926:c5fffb] [com.apple.xpc.activity:Client] _xpc_activity_set_state: com.apple.safarishared.WBSParsecDSession.autoFillDataUpdate (0x13ddbf480), 5
2026-09-30 23:33:16.806 Df MobileSafari[20926:c5fffb] [com.apple.xpc.activity:Client] _xpc_activity_set_state: send new state to CTS: com.apple.safarishared.WBSParsecDSession.autoFillDataUpdate (0x13ddbf480), 5
2026-09-30 23:33:16.806 Df UserEventAgent[86753:c5e167] [com.apple.xpc.activity:Activities] Completed: com.apple.safarishared.WBSParsecDSession.autoFillDataUpdate (0x103e1df40)
2026-09-30 23:33:16.807 Df UserEventAgent[86753:c5e167] [com.apple.xpc.activity:Activities] Rescheduling: com.apple.safarishared.WBSParsecDSession.autoFillDataUpdate (0x103e1df40)
2026-09-30 23:33:16.807 Df MobileSafari[20926:c5fffb] [com.apple.xpc.activity:Client] _xpc_activity_set_state_from_cts: com.apple.safarishared.WBSParsecDSession.autoFillDataUpdate (0x13ddbf480), set activity state to 1
2026-09-30 23:33:16.807 Df MobileSafari[20926:c5fffb] [com.apple.xpc.activity:Client] _xpc_activity_end_running: com.apple.safarishared.WBSParsecDSession.autoFillDataUpdate (0x13ddbf480) seqno: 1.
2026-09-30 23:33:18.133 Df MobileSafari[20926:c60074] [com.apple.mobilesafari:Keychain] No credential items found in access group com.apple.cfnetwork-recently-deleted
2026-09-30 23:33:18.133 Df MobileSafari[20926:c60074] [com.apple.mobilesafari:Keychain] -[WBSSavedAccountStore _loadSavedAccountsWithPasswordsFromKeychainData:forGroupID:withDictionaryForSavedAccountsWithPasswords:fromRecentlyDeleted:]: Loaded 0 password keychain records from group:  from Recently D
2026-09-30 23:33:18.134 Df MobileSafari[20926:c60074] [com.apple.mobilesafari:Keychain] -[WBSSavedAccountStore _loadSavedAccountsWithPasswordsFromKeychainData:forGroupID:withDictionaryForSavedAccountsWithPasswords:fromRecentlyDeleted:]: loaded 0 sidecar items from personal keychain
2026-09-30 23:33:18.135 Df MobileSafari[20926:c60074] [com.apple.mobilesafari:Keychain] Ongoing credential sharing is disabled because iCloud Keychain is disabled
2026-09-30 23:33:18.135 Df MobileSafari[20926:c60074] [com.apple.mobilesafari:Passwords] Not fetching shared account groups because ongoing credential sharing is disabled
2026-09-30 23:33:18.268 Df MobileSafari[20926:c5fee7] [com.apple.LinkPresentation:Fetching] LPMetadataProvider<1>: acquiring process assertion
2026-09-30 23:33:18.268 Df MobileSafari[20926:c5fee7] [com.apple.LinkPresentation:Fetching] LPMetadataProvider<1>: start fetching for WKWebView
2026-09-30 23:33:18.268 Df MobileSafari[20926:c5fee7] [com.apple.LinkPresentation:Fetching] LPMetadataProvider<1>: Performing metadata extraction
2026-09-30 23:33:18.272 Df MobileSafari[20926:c5fee7] [com.apple.LinkPresentation:Fetching] LPMetadataProvider<1>: fetched metadata
2026-09-30 23:33:18.272 Df MobileSafari[20926:c5fee7] [com.apple.LinkPresentation:Fetching] LPMetadataProvider<1>: skipping subresource fetch
2026-09-30 23:33:18.272 Df MobileSafari[20926:c5fee7] [com.apple.LinkPresentation:Fetching] LPMetadataProvider<1>: starting postprocessing (has metadata=1, has error=0)
2026-09-30 23:33:18.272 Df MobileSafari[20926:c5fee7] [com.apple.LinkPresentation:Fetching] LPMetadataProvider<1>: not filtering duplicate images as configuration does not support using Vision.framework
2026-09-30 23:33:18.273 Df MobileSafari[20926:c60074] [com.apple.LinkPresentation:Fetching] LPMetadataProvider<1>: completed (has metadata=1, has error=0)
2026-09-30 23:33:18.273 Df MobileSafari[20926:c5fee7] [com.apple.LinkPresentation:Fetching] LPMetadataProvider<1>: invalidating process assertion
2026-09-30 23:33:19.400 Df MobileSafari[20926:c600b6] [com.apple.mobilesafari:AutoFill] WebContent[21013] Will not inject JavaScript in injected bundle
2026-09-30 23:33:19.545 Df MobileSafari[20926:c5fee7] [com.apple.mobilesafari:AutoFill] Creating EMOneTimeCodeAccelerator for SFAppAutoFillOneTimeCodeProvider 0x13de7ad80
2026-09-30 23:33:19.548 Df MobileSafari[20926:c60014] [com.apple.mobilesafari:AutoFill] SFAppAutoFillOneTimeCodeProvider 0x13de7ad80 added observer <SFFormAutocompleteState: 0x13cca2800>; 1 observer remain
2026-09-30 23:33:19.554 Df MobileSafari[20926:c5fee7] [com.apple.xpc:connection] [0x13d80bc00] activating connection: mach=true listener=false peer=false name=com.apple.AuthenticationServices.AutoFill
2026-09-30 23:33:19.555 A  MobileSafari[20926:c5fee7] (TCC) tcc_send_request_authorization() IPC
2026-09-30 23:33:19.578 A  postersyncd[94137:c5fabe] (TCC) tcc_send_request_authorization() IPC
2026-09-30 23:33:19.580 A  postersyncd[94137:c5fabe] (TCC) tcc_send_request_authorization() IPC
2026-09-30 23:33:19.586 Df MobileSafari[20926:c5fffe] [com.apple.DataDeliveryServices:UAFAssetProvider] Observe update notification for assetSetName: com.apple.linguisticdata
2026-09-30 23:33:19.592 Df MobileSafari[20926:c5fffc] [com.apple.contacts:avatar-decorator] Calling imNicknameProvider.allNicknamesForContact:contact
2026-09-30 23:33:19.597 Df MobileSafari[20926:c5fff8] [com.apple.DataDeliveryServices:UAFAssetProvider] Sandbox extension request for asset set: com.apple.linguisticdata completed successfully
2026-09-30 23:33:19.601 Df MobileSafari[20926:c5fffc] [com.apple.contacts:avatar-decorator] IMNicknameProvider returned 0 nicknames
2026-09-30 23:33:19.628 Df SpringBoard[86754:c334f8] [com.apple.UIKit:KeyboardSceneDelegate] Tracking provider: updateProviderFromRemoteUpdate for info: <<<_UIKeyboardChangedInformation: 0x10cf4ca80>; appId (null) bundleId (null) animation fence (null); position {{0, 857}, {0, 17}}; animated YES; on
2026-09-30 23:33:19.634 Df SpringBoard[86754:c334f8] [com.apple.UIKit:KeyboardSceneDelegate] Tracking provider: updateProviderFromRemoteUpdate for info: <<<_UIKeyboardChangedInformation: 0x10cf4ca80>; appId (null) bundleId (null) animation fence (null); position {{0, 857}, {0, 17}}; animated YES; on
2026-09-30 23:33:19.639 Df SpringBoard[86754:c334f8] [com.apple.UIKit:KeyboardSceneDelegate] Tracking provider: updateProviderFromRemoteUpdate for info: <<<_UIKeyboardChangedInformation: 0x10cf4ca80>; appId (null) bundleId (null) animation fence (null); position {{0, 857}, {0, 17}}; animated YES; on
2026-09-30 23:33:19.642 Df SpringBoard[86754:c334f8] [com.apple.UIKit:KeyboardSceneDelegate] Tracking provider: updateProviderFromRemoteUpdate for info: <<<_UIKeyboardChangedInformation: 0x10cf4ca80>; appId (null) bundleId (null) animation fence (null); position {{0, 857}, {0, 17}}; animated YES; on
2026-09-30 23:33:19.646 Df SpringBoard[86754:c334f8] [com.apple.UIKit:KeyboardSceneDelegate] Tracking provider: updateProviderFromRemoteUpdate for info: <<<_UIKeyboardChangedInformation: 0x10cf4ca80>; appId (null) bundleId (null) animation fence (null); position {{0, 857}, {0, 17}}; animated YES; on
2026-09-30 23:33:19.650 Df SpringBoard[86754:c334f8] [com.apple.SpringBoard:InputUI] Presenter updated from[0x0] to[<SBDeviceApplicationInputUIViewProvider: 0x11fe3c850> - sceneID:com.apple.mobilesafari-71DD3C25-4702-4D1D-8EB9-7DEF87C13EE1] for InputUI scene: <SBSingleSceneController: 0x11398b7a0; s
2026-09-30 23:33:19.650 Df SpringBoard[86754:c334f8] [com.apple.SpringBoard:SystemUIScene] [SUIS-InputUI:[Main] - 1] setPresenter[<SBDeviceApplicationInputUIViewProvider: 0x11fe3c850> - sceneID:com.apple.mobilesafari-71DD3C25-4702-4D1D-8EB9-7DEF87C13EE1] oldPresenter[0x0]
2026-09-30 23:33:19.666 Df SpringBoard[86754:c334f8] [com.apple.SpringBoard:SystemUIScene] [SUIS-InputUI:[Main] - 1] Presenter[<SBDeviceApplicationInputUIViewProvider: 0x11fe3c850> - sceneID:com.apple.mobilesafari-71DD3C25-4702-4D1D-8EB9-7DEF87C13EE1] will present scene
2026-09-30 23:33:19.667 Df SpringBoard[86754:c334f8] [com.apple.SpringBoard:KeyboardFocus] _updateDeferringRules(recalculateResignActiveAssertionForActiveOverlays) sceneID:com.apple.mobilesafari-71DD3C25-4702-4D1D-8EB9-7DEF87C13EE1 hasParent:YES activeOverlayProviders:[SBDeviceApplicationInputUIView
2026-09-30 23:33:19.697 Df SpringBoard[86754:c334f8] [com.apple.UIKit:KeyboardSceneDelegate] Tracking provider: updateProviderFromRemoteUpdate for info: <<<_UIKeyboardChangedInformation: 0x10cf4c180>; appId (null) bundleId (null) animation fence (null); position {{0, 546}, {402, 328}}; animated YES;
2026-09-30 23:33:19.699 Df SpringBoard[86754:c334f8] [com.apple.UIKit:KeyboardSceneDelegate] Tracking provider: updateProviderFromRemoteUpdate for info: <<<_UIKeyboardChangedInformation: 0x10cf4c180>; appId (null) bundleId (null) animation fence (null); position {{0, 546}, {402, 328}}; animated YES;
2026-09-30 23:33:19.699 Df MobileSafari[20926:c5fee7] [com.apple.UIKit:InputWindowController] Tracking provider: moveFromPlacement: <UIInputViewSetPlacementInitialPosition> toPlacement: <UIInputViewSetPlacementOnScreenWithAccessory> update to: {{0, 546}, {402, 328}}
2026-09-30 23:33:19.699 Df MobileSafari[20926:c5fee7] [com.apple.UIKit:KeyboardSceneDelegate] KeyboardTrackingCoordinator: Creating tracking provider for <_UIKeyboardInputScene: 0x13ed42d00; role: _UISceneSessionRoleKeyboardInputScene; persistentIdentifier: KeyboardInputScene-com.apple.frontboard.sy
2026-09-30 23:33:19.700 Df InputUI[87035:c33b5c] [com.apple.UIKit:KeyboardSceneDelegate] KeyboardTrackingCoordinator: Creating tracking provider for <_UIHostedWindowScene: 0x107315680; role: UISceneSessionRoleSceneHosting; persistentIdentifier: UIHostedScene-com.apple.InputUI-E8B80083; activationSta
2026-09-30 23:33:19.700 Df InputUI[87035:c33b5c] [com.apple.UIKit:KeyboardSceneDelegate] Tracking provider: updateProviderFromRemoteUpdate for info: <<<_UIKeyboardChangedInformation: 0x10728d680>; appId (null) bundleId (null) animation fence (null); position {{0, 546}, {402, 328}}; animated YES; on 
2026-09-30 23:33:19.703 Df SpringBoard[86754:c334f8] [com.apple.UIKit:KeyboardSceneDelegate] Tracking provider: updateProviderFromRemoteUpdate for info: <<<_UIKeyboardChangedInformation: 0x10cf4c180>; appId (null) bundleId (null) animation fence (null); position {{0, 546}, {402, 328}}; animated YES;
2026-09-30 23:33:19.705 Df SpringBoard[86754:c334f8] [com.apple.UIKit:KeyboardSceneDelegate] Tracking provider: updateProviderFromRemoteUpdate for info: <<<_UIKeyboardChangedInformation: 0x10cf4c180>; appId (null) bundleId (null) animation fence (null); position {{0, 546}, {402, 328}}; animated YES;
2026-09-30 23:33:19.705 Df SpringBoard[86754:c334f8] [com.apple.UIKit:KeyboardSceneDelegate] Tracking provider: updateProviderFromRemoteUpdate for info: <<<_UIKeyboardChangedInformation: 0x10cf4c180>; appId (null) bundleId (null) animation fence (null); position {{0, 546}, {402, 328}}; animated YES;
2026-09-30 23:33:19.799 Df MobileSafari[20926:c5fee7] [com.apple.mobilesafari:Passwords] Enqueueing synchronous query for saved accounts matching criteria <private>
2026-09-30 23:33:19.799 Df MobileSafari[20926:c5fee7] [com.apple.mobilesafari:Passwords] Beginning query for saved accounts matching criteria
2026-09-30 23:33:19.801 Df MobileSafari[20926:c5fee7] [com.apple.mobilesafari:AutoFill] Found 0 tree matches for <private> and associated domains: <private>
2026-09-30 23:33:19.801 Df MobileSafari[20926:c5fee7] [com.apple.mobilesafari:AutoFill] Executed query for host '<mask.hash: 'duMXSA5VTjTd46inv3TTaQ=='>' with partial username '<mask.hash: 'JpQlcUUwiqyviA4UTszh7Q=='>', prefix
2026-09-30 23:33:19.801 Df MobileSafari[20926:c5fee7] [com.apple.mobilesafari:AutoFill] Query returned 0 matches
2026-09-30 23:33:19.801 Df MobileSafari[20926:c5fee7] [com.apple.mobilesafari:Passwords] Finished query for saved accounts matching criteria
2026-09-30 23:33:19.801 Df MobileSafari[20926:c5fee7] [com.apple.mobilesafari:Passwords] Enqueueing synchronous query for saved accounts matching criteria <private>
2026-09-30 23:33:19.802 Df MobileSafari[20926:c5fee7] [com.apple.mobilesafari:Passwords] Beginning query for saved accounts matching criteria
2026-09-30 23:33:19.803 Df MobileSafari[20926:c5fee7] [com.apple.mobilesafari:AutoFill] Found 0 tree matches for <private> and associated domains: <private>
2026-09-30 23:33:19.803 Df MobileSafari[20926:c5fee7] [com.apple.mobilesafari:AutoFill] Executed query for host '<mask.hash: 'duMXSA5VTjTd46inv3TTaQ=='>' with partial username '<mask.hash: 'JpQlcUUwiqyviA4UTszh7Q=='>', prefix
2026-09-30 23:33:19.803 Df MobileSafari[20926:c5fee7] [com.apple.mobilesafari:AutoFill] Query returned 0 matches
2026-09-30 23:33:19.803 Df MobileSafari[20926:c5fee7] [com.apple.mobilesafari:Passwords] Finished query for saved accounts matching criteria
2026-09-30 23:33:19.803 Df MobileSafari[20926:c5fee7] [com.apple.mobilesafari:Passwords] Enqueueing synchronous query for saved accounts matching criteria <private>
2026-09-30 23:33:19.803 Df MobileSafari[20926:c5fee7] [com.apple.mobilesafari:Passwords] Beginning query for saved accounts matching criteria
2026-09-30 23:33:19.805 Df MobileSafari[20926:c5fee7] [com.apple.mobilesafari:AutoFill] Found 0 tree matches for <private> and associated domains: <private>
2026-09-30 23:33:19.805 Df MobileSafari[20926:c5fee7] [com.apple.mobilesafari:AutoFill] Executed query for host '<mask.hash: 'duMXSA5VTjTd46inv3TTaQ=='>' with partial username '<mask.hash: 'JpQlcUUwiqyviA4UTszh7Q=='>', prefix
2026-09-30 23:33:19.805 Df MobileSafari[20926:c5fee7] [com.apple.mobilesafari:AutoFill] Query returned 0 matches
2026-09-30 23:33:19.805 Df MobileSafari[20926:c5fee7] [com.apple.mobilesafari:Passwords] Finished query for saved accounts matching criteria
2026-09-30 23:33:19.805 Df MobileSafari[20926:c5fee7] [com.apple.mobilesafari:Passwords] Enqueueing synchronous query for saved accounts matching criteria <private>
2026-09-30 23:33:19.805 Df MobileSafari[20926:c5fee7] [com.apple.mobilesafari:Passwords] Beginning query for saved accounts matching criteria
2026-09-30 23:33:19.807 Df MobileSafari[20926:c5fee7] [com.apple.mobilesafari:AutoFill] Found 0 tree matches for <private> and associated domains: <private>
2026-09-30 23:33:19.807 Df MobileSafari[20926:c5fee7] [com.apple.mobilesafari:AutoFill] Executed query for host '<mask.hash: 'duMXSA5VTjTd46inv3TTaQ=='>' with partial username '<mask.hash: 'JpQlcUUwiqyviA4UTszh7Q=='>', prefix
2026-09-30 23:33:19.807 Df MobileSafari[20926:c5fee7] [com.apple.mobilesafari:AutoFill] Query returned 0 matches
2026-09-30 23:33:19.807 Df MobileSafari[20926:c5fee7] [com.apple.mobilesafari:Passwords] Finished query for saved accounts matching criteria
2026-09-30 23:33:19.812 Df MobileSafari[20926:c5fee7] [com.apple.mobilesafari:Passwords] Enqueueing synchronous query for saved accounts matching criteria <private>
2026-09-30 23:33:19.812 Df MobileSafari[20926:c5fee7] [com.apple.mobilesafari:Passwords] Beginning query for saved accounts matching criteria
2026-09-30 23:33:19.813 Df MobileSafari[20926:c5fee7] [com.apple.mobilesafari:AutoFill] Found 0 tree matches for <private> and associated domains: <private>
2026-09-30 23:33:19.813 Df MobileSafari[20926:c5fee7] [com.apple.mobilesafari:AutoFill] Executed query for host '<mask.hash: 'duMXSA5VTjTd46inv3TTaQ=='>' with partial username '<mask.hash: (null)>', prefix
2026-09-30 23:33:19.813 Df MobileSafari[20926:c5fee7] [com.apple.mobilesafari:AutoFill] Query returned 0 matches
2026-09-30 23:33:19.813 Df MobileSafari[20926:c5fee7] [com.apple.mobilesafari:Passwords] Finished query for saved accounts matching criteria
2026-09-30 23:33:19.850 Df MobileSafari[20926:c5fee7] [com.apple.mobilesafari:Passwords] Enqueueing synchronous query for saved accounts matching criteria <private>
2026-09-30 23:33:19.850 Df MobileSafari[20926:c5fee7] [com.apple.mobilesafari:Passwords] Beginning query for saved accounts matching criteria
2026-09-30 23:33:19.851 Df MobileSafari[20926:c5fee7] [com.apple.mobilesafari:AutoFill] Found 0 tree matches for <private> and associated domains: <private>
2026-09-30 23:33:19.851 Df MobileSafari[20926:c5fee7] [com.apple.mobilesafari:AutoFill] Executed query for host '<mask.hash: 'duMXSA5VTjTd46inv3TTaQ=='>' with partial username '<mask.hash: (null)>', prefix
2026-09-30 23:33:19.851 Df MobileSafari[20926:c5fee7] [com.apple.mobilesafari:AutoFill] Query returned 0 matches
2026-09-30 23:33:19.851 Df MobileSafari[20926:c5fee7] [com.apple.mobilesafari:Passwords] Finished query for saved accounts matching criteria
2026-09-30 23:33:20.274 Df MobileSafari[20926:c5fee7] [com.apple.LinkPresentation:Fetching] LPMetadataProvider<2>: acquiring process assertion
2026-09-30 23:33:20.274 Df MobileSafari[20926:c5fee7] [com.apple.LinkPresentation:Fetching] LPMetadataProvider<2>: start fetching for WKWebView
2026-09-30 23:33:20.274 Df MobileSafari[20926:c5fee7] [com.apple.LinkPresentation:Fetching] LPMetadataProvider<2>: Performing metadata extraction
2026-09-30 23:33:20.275 Df MobileSafari[20926:c5fee7] [com.apple.LinkPresentation:Fetching] LPMetadataProvider<2>: fetched metadata
2026-09-30 23:33:20.275 Df MobileSafari[20926:c5fee7] [com.apple.LinkPresentation:Fetching] LPMetadataProvider<2>: skipping subresource fetch
2026-09-30 23:33:20.275 Df MobileSafari[20926:c5fee7] [com.apple.LinkPresentation:Fetching] LPMetadataProvider<2>: starting postprocessing (has metadata=1, has error=0)
2026-09-30 23:33:20.276 Df MobileSafari[20926:c5fee7] [com.apple.LinkPresentation:Fetching] LPMetadataProvider<2>: not filtering duplicate images as configuration does not support using Vision.framework
2026-09-30 23:33:20.276 Df MobileSafari[20926:c5fffc] [com.apple.LinkPresentation:Fetching] LPMetadataProvider<2>: completed (has metadata=1, has error=0)
2026-09-30 23:33:20.276 Df MobileSafari[20926:c5fee7] [com.apple.LinkPresentation:Fetching] LPMetadataProvider<2>: invalidating process assertion
    "XC_kAXXCAttributeElementBaseType" = "_TtGC5UIKit17UICoreHostingViewVCS_21ToolbarVisualProvider8RootView_";
    "XC_kAXXCAttributeElementType" = "_TtGC5UIKit17UICoreHostingViewVCS_21ToolbarVisualProvider8RootView_";
    "XC_kAXXCAttributeElementBaseType" = "_TtGC5UIKit17UICoreHostingViewVCS_21ToolbarVisualProvider8RootView_";
    "XC_kAXXCAttributeElementType" = "_TtGC5UIKit17UICoreHostingViewVCS_21ToolbarVisualProvider8RootView_";
    "XC_kAXXCAttributeElementBaseType" = "_TtGC5UIKit17UICoreHostingViewVCS_21ToolbarVisualProvider8RootView_";
    "XC_kAXXCAttributeElementType" = "_TtGC5UIKit17UICoreHostingViewVCS_21ToolbarVisualProvider8RootView_";
    "XC_kAXXCAttributeElementBaseType" = "_TtGC5UIKit17UICoreHostingViewVCS_21ToolbarVisualProvider8RootView_";
    "XC_kAXXCAttributeElementType" = "_TtGC5UIKit17UICoreHostingViewVCS_21ToolbarVisualProvider8RootView_";
2026-09-30 23:33:22.919 Df MobileSafari[20926:c60075] (SpotlightEmbeddingCore) SPEmbeddingProvider: Registered provider SPEmbeddingModel
    ↪︎ Elements matching predicate '"AutoFill" IN identifiers'
    ↪︎ Elements matching predicate '"AutoFill" IN identifiers'
    ↪︎ Elements matching predicate '"AutoFill" IN identifiers'
    ↪︎ Elements matching predicate '"AutoFill" IN identifiers'
    MenuItem, label: 'AutoFill'
    MenuItem, label: 'AutoFill'
    MenuItem, label: 'AutoFill'
    ↪︎ Elements matching predicate '"AutoFill" IN identifiers' found matching snapshots: {(
    MenuItem, label: 'AutoFill'
    ↪︎ Elements matching predicate '"AutoFill" IN identifiers' with results: <XCTElementQueryResults: 0x166dafae0> (error: (null))
2026-09-30 23:33:24.278 Df MobileSafari[20926:c5fee7] [com.apple.LinkPresentation:Fetching] LPMetadataProvider<3>: acquiring process assertion
2026-09-30 23:33:24.278 Df MobileSafari[20926:c5fee7] [com.apple.LinkPresentation:Fetching] LPMetadataProvider<3>: start fetching for WKWebView
2026-09-30 23:33:24.278 Df MobileSafari[20926:c5fee7] [com.apple.LinkPresentation:Fetching] LPMetadataProvider<3>: Performing metadata extraction
2026-09-30 23:33:24.280 Df MobileSafari[20926:c5fee7] [com.apple.LinkPresentation:Fetching] LPMetadataProvider<3>: fetched metadata
2026-09-30 23:33:24.281 Df MobileSafari[20926:c5fee7] [com.apple.LinkPresentation:Fetching] LPMetadataProvider<3>: skipping subresource fetch
2026-09-30 23:33:24.281 Df MobileSafari[20926:c5fee7] [com.apple.LinkPresentation:Fetching] LPMetadataProvider<3>: starting postprocessing (has metadata=1, has error=0)
2026-09-30 23:33:24.281 Df MobileSafari[20926:c5fee7] [com.apple.LinkPresentation:Fetching] LPMetadataProvider<3>: not filtering duplicate images as configuration does not support using Vision.framework
2026-09-30 23:33:24.281 Df MobileSafari[20926:c60016] [com.apple.LinkPresentation:Fetching] LPMetadataProvider<3>: completed (has metadata=1, has error=0)
2026-09-30 23:33:24.282 Df MobileSafari[20926:c5fee7] [com.apple.LinkPresentation:Fetching] LPMetadataProvider<3>: invalidating process assertion
    "XC_kAXXCAttributeLabel" = AutoFill;
2026-09-30 23:33:25.131 Df trustd[87797:c5fa2c] [com.apple.securityd:SecError] TextInsertUITest[20237]/1#-1 LF=0 NetworkingAnalyticsReport Error Domain=NSOSStatusErrorDomain Code=-4 "Networking analytics not supported in this environment" UserInfo={numberOfErrorsDeep=0, NSDescription=Networking anal
    ↪︎ Elements matching predicate '"AutoFill" IN identifiers'
    ↪︎ Elements matching predicate '"AutoFill" IN identifiers'
    ↪︎ Elements matching predicate '"AutoFill" IN identifiers'
    ↪︎ Elements matching predicate '"AutoFill" IN identifiers'
    MenuItem, label: 'AutoFill'
    MenuItem, label: 'AutoFill'
    MenuItem, label: 'AutoFill'
    ↪︎ Elements matching predicate '"AutoFill" IN identifiers' found matching snapshots: {(
    MenuItem, label: 'AutoFill'
    ↪︎ Elements matching predicate '"AutoFill" IN identifiers' with results: <XCTElementQueryResults: 0x166da5740> (error: (null))
    ↪︎ Elements matching predicate '"AutoFill" IN identifiers'
    ↪︎ Elements matching predicate '"AutoFill" IN identifiers'
    ↪︎ Elements matching predicate '"AutoFill" IN identifiers'
    ↪︎ Elements matching predicate '"AutoFill" IN identifiers'
    MenuItem, label: 'AutoFill'
    MenuItem, label: 'AutoFill'
    MenuItem, label: 'AutoFill'
    ↪︎ Elements matching predicate '"AutoFill" IN identifiers' found matching snapshots: {(
    MenuItem, label: 'AutoFill'
    ↪︎ Elements matching predicate '"AutoFill" IN identifiers' with results: <XCTElementQueryResults: 0x166da7c90> (error: (null))
2026-09-30 23:33:25.862 Df SpringBoard[86754:c334f8] [com.apple.UIKit:KeyboardSceneDelegate] Tracking provider: updateProviderFromRemoteUpdate for info: <<<_UIKeyboardChangedInformation: 0x11f762d00>; appId (null) bundleId (null) animation fence (null); position {{0, 573}, {402, 301}}; animated YES;
2026-09-30 23:33:25.863 Df InputUI[87035:c33b5c] [com.apple.UIKit:KeyboardSceneDelegate] Tracking provider: updateProviderFromRemoteUpdate for info: <<<_UIKeyboardChangedInformation: 0x110011080>; appId (null) bundleId (null) animation fence (null); position {{0, 573}, {402, 301}}; animated YES; on 
2026-09-30 23:33:25.867 Df SpringBoard[86754:c334f8] [com.apple.UIKit:KeyboardSceneDelegate] Tracking provider: updateProviderFromRemoteUpdate for info: <<<_UIKeyboardChangedInformation: 0x11f762d00>; appId (null) bundleId (null) animation fence (null); position {{0, 573}, {402, 301}}; animated YES;
2026-09-30 23:33:25.870 Df SpringBoard[86754:c334f8] [com.apple.UIKit:KeyboardSceneDelegate] Tracking provider: updateProviderFromRemoteUpdate for info: <<<_UIKeyboardChangedInformation: 0x11f762d00>; appId (null) bundleId (null) animation fence (null); position {{0, 573}, {402, 301}}; animated YES;
2026-09-30 23:33:25.871 Df MobileSafari[20926:c5fee7] [com.apple.UIKit:InputWindowController] Tracking provider: viewDidLayoutSubviews update to {{0, 573}, {402, 301}}
2026-09-30 23:33:25.872 Df SpringBoard[86754:c334f8] [com.apple.UIKit:KeyboardSceneDelegate] Tracking provider: updateProviderFromRemoteUpdate for info: <<<_UIKeyboardChangedInformation: 0x11f762d00>; appId (null) bundleId (null) animation fence (null); position {{0, 573}, {402, 301}}; animated YES;
2026-09-30 23:33:25.873 Df SpringBoard[86754:c334f8] [com.apple.UIKit:KeyboardSceneDelegate] Tracking provider: updateProviderFromRemoteUpdate for info: <<<_UIKeyboardChangedInformation: 0x11f762d00>; appId (null) bundleId (null) animation fence (null); position {{0, 573}, {402, 301}}; animated YES;
2026-09-30 23:33:25.876 Df MobileSafari[20926:c5fee7] [com.apple.UIKit:InputWindowController] Tracking provider: moveFromPlacement: <UIInputViewSetPlacementOnScreenWithAccessory> toPlacement: <UIInputViewSetPlacementOnScreenWithAccessory> update to: {{0, 573}, {402, 301}}
2026-09-30 23:33:27.715 Df trustd[87797:c5fa2c] [com.apple.securityd:SecError] TextInsertUITest[20237]/1#-1 LF=0 NetworkingAnalyticsReport Error Domain=NSOSStatusErrorDomain Code=-4 "Networking analytics not supported in this environment" UserInfo={numberOfErrorsDeep=0, NSDescription=Networking anal
2026-09-30 23:33:28.518 Df trustd[87797:c5fa2c] [com.apple.securityd:SecError] TextInsertUITest[20237]/1#-1 LF=0 NetworkingAnalyticsReport Error Domain=NSOSStatusErrorDomain Code=-4 "Networking analytics not supported in this environment" UserInfo={numberOfErrorsDeep=0, NSDescription=Networking anal
    "XC_kAXXCAttributeLabel" = Passwords;
    "XC_kAXXCAttributeLabel" = "AutoFill Contact";
2026-09-30 23:33:28.842 Df coreauthd[93298:c5f6fa] [com.apple.LocalAuthentication:Server,LAContext] ContextProxy[20926:1:9:0] deallocated
2026-09-30 23:33:28.842 Df coreauthd[93298:c5f6fa] [com.apple.LocalAuthentication:Context] Untracking proxy:ContextProxy[20926:1:9:0] from plugin:<ContextPluginACM: 0x104684000>[0] (ContextProxy[20926:1:9:0] deallocated)
2026-09-30 23:33:28.842 Df coreauthd[93298:c5f6fa] [com.apple.LocalAuthentication:Server,LAContext] Context[9:0] deallocated
2026-09-30 23:33:28.842 Df coreauthd[93298:c5f6fa] [com.apple.LocalAuthentication:Context] Untracking <ContextPluginACM: 0x104684000>[0] (released gracefully), was present: 0
2026-09-30 23:33:28.843 Df SpringBoard[86754:c334f8] [com.apple.SpringBoard:SystemUIScene] [SUIS-InputUI:[Main] - 1] Presenter[<SBDeviceApplicationInputUIViewProvider: 0x11fe3c850> - sceneID:com.apple.mobilesafari-71DD3C25-4702-4D1D-8EB9-7DEF87C13EE1] will dismiss scene
2026-09-30 23:33:28.845 Df UserEventAgent[86753:c60afc] [com.apple.xpc.activity:Activities] Unregistered on XPC remove event: com.apple.safarishared.WBSParsecDSession.autoFillDataUpdate (0x103e1df40)
2026-09-30 23:33:28.849 Df locationd[86778:c5ba64] [com.apple.locationd.Core:Core] {"msg":"computing freshAuthorizationContext", "Client":icom.apple.mobilesafari:, "BigSwitch":1, "InUseLevel":0}
2026-09-30 23:33:28.871 Df SpringBoard[86754:c60ad4] [com.apple.appprotection:framework] told auth provider com.apple.mobilesafari was dimissed. result:true err:(null)
2026-09-30 23:33:29.007 Sd SpringBoard[86754:0] (CDF4E24A-4A9C-3FB3-8B3A-DD6CDC678FBA) TCC Authorization Cache
    "DYLD_FRAMEWORK_PATH" = "/Users/tarunyadgirkar/TarunsCode/prefill/spikes/textinsert/build/Build/Products/Debug-iphonesimulator";
    "DYLD_LIBRARY_PATH" = "/Users/tarunyadgirkar/TarunsCode/prefill/spikes/textinsert/build/Build/Products/Debug-iphonesimulator";
    "XCODE_SCHEME_NAME" = TextInsertSpike;
    "__XCODE_BUILT_PRODUCTS_DIR_PATHS" = "/Users/tarunyadgirkar/TarunsCode/prefill/spikes/textinsert/build/Build/Products/Debug-iphonesimulator";
    "__XPC_DYLD_FRAMEWORK_PATH" = "/Users/tarunyadgirkar/TarunsCode/prefill/spikes/textinsert/build/Build/Products/Debug-iphonesimulator";
    "__XPC_DYLD_LIBRARY_PATH" = "/Users/tarunyadgirkar/TarunsCode/prefill/spikes/textinsert/build/Build/Products/Debug-iphonesimulator";
		"XCODE_SCHEME_NAME" => <string: 0x105b2b4b0> { string cache = 0x0, length = 15, contents = "TextInsertSpike" }
		"DYLD_FRAMEWORK_PATH" => <string: 0x105b2a9d0> { string cache = 0x0, length = 101, contents = "/Users/tarunyadgirkar/TarunsCode/prefill/spikes/textinsert/build/Build/Products/Debug-iphonesimulator" }
		"__XPC_DYLD_FRAMEWORK_PATH" => <string: 0x105b2b510> { string cache = 0x0, length = 101, contents = "/Users/tarunyadgirkar/TarunsCode/prefill/spikes/textinsert/build/Build/Products/Debug-iphonesimulator" }
		"__XPC_DYLD_LIBRARY_PATH" => <string: 0x105b292c0> { string cache = 0x0, length = 101, contents = "/Users/tarunyadgirkar/TarunsCode/prefill/spikes/textinsert/build/Build/Products/Debug-iphonesimulator" }
		"__XCODE_BUILT_PRODUCTS_DIR_PATHS" => <string: 0x105b282a0> { string cache = 0x0, length = 101, contents = "/Users/tarunyadgirkar/TarunsCode/prefill/spikes/textinsert/build/Build/Products/Debug-iphonesimulator" }
		"DYLD_LIBRARY_PATH" => <string: 0x105b2b450> { string cache = 0x0, length = 101, contents = "/Users/tarunyadgirkar/TarunsCode/prefill/spikes/textinsert/build/Build/Products/Debug-iphonesimulator" }
2026-09-30 23:33:29.921 Df locationd[86778:c5a320] [com.apple.locationd.Core:Core] {"msg":"computing freshAuthorizationContext", "Client":icom.apple.mobilesafari:, "BigSwitch":1, "InUseLevel":5}
2026-09-30 23:33:31.585 Df MobileSafari[21583:c60b53] [com.apple.containermanager:query] Query; personaid = 4294967295, type = NOPERSONA, name = <unknown>, origin [pid = 0, personaid = 0], proximate [pid = 0, personaid = 0], euid = 502, uid = 502, class = 2, identifier = [com.apple.Passwords](1), gi
2026-09-30 23:33:31.586 Df containermanagerd[86809:c35626] [com.apple.containermanager:query] Selected query plan; plan = <MCMCommandQueryPlanWithIdentities; identities = [<MCMContainerIdentity: 0x103868ac0; userIdentity = <502/20/502/2/502>, identifier = com.apple.Passwords, class = (2)appData, pla
2026-09-30 23:33:31.709 Df MobileSafari[21583:c60cb3] [com.apple.triald:_] no factor providers loaded for namespace SAFARI_SEARCH_RANKING from directories (
2026-09-30 23:33:31.757 Df MobileSafari[21583:c60cb0] [com.apple.LocalAuthentication:Client] LA logging set up for this process.
2026-09-30 23:33:31.757 Df MobileSafari[21583:c60cb0] [com.apple.LocalAuthentication:Client,LAContext] Creating LAContext new cid:1
2026-09-30 23:33:31.759 Df coreauthd[93298:c5f6fa] [com.apple.LocalAuthentication:Server,LAContext] Context[10:0] created
2026-09-30 23:33:31.759 Df coreauthd[93298:c5f6fa] [com.apple.LocalAuthentication:Context] Tracking <ContextPluginACM: 0x104684000>[0]
2026-09-30 23:33:31.759 Df coreauthd[93298:c5f6fa] [com.apple.LocalAuthentication:ACM] Updated: <LACACMPoolsInfo; disposable: <LACACMPoolInfo; size: 64, used: 0, free: 64, freeForLA: 58, reservedForLA: 58>, non-disposable: <LACACMPoolInfo; size: 64, used: 0, free: 64, freeForLA: 58, reservedForLA: 5
2026-09-30 23:33:31.759 Df coreauthd[93298:c5f6fa] [com.apple.LocalAuthentication:Server,LAContext] ContextProxy[21583:1:10:0] created for Context[10:0] uid:502
2026-09-30 23:33:31.759 Df MobileSafari[21583:c60cb0] [com.apple.LocalAuthentication:Client,LAContext] LAContext[1:10:0] created new cid:1
2026-09-30 23:33:31.760 Df coreauthd[93298:c5f6fa] [com.apple.LocalAuthentication:Server] evaluatePolicy:2 options:{
2026-09-30 23:33:31.760 Df coreauthd[93298:c5f6fa] [com.apple.LocalAuthentication:SharedMode] <LACSharedModeProcessor: 0x104433fc0> not available in this platform
2026-09-30 23:33:31.760 Df coreauthd[93298:c5f6fa] [com.apple.LocalAuthentication:Default] Skipping processing of request rid: 27 by <LACSharedModeProcessor: 0x104433fc0>
2026-09-30 23:33:31.760 Df coreauthd[93298:c5f6fa] [com.apple.LocalAuthentication:Default] Skipping processing of request rid: 27 by <LACDTOExtendedPolicyProtectionProcessor: 0x1044efb20>
2026-09-30 23:33:31.760 Df coreauthd[93298:c5f6fa] [com.apple.LocalAuthentication:Default] Skipping processing of request rid: 27 by <LACDTOCoreProcessor: 0x104668080>
2026-09-30 23:33:31.760 Df coreauthd[93298:c5f6fa] [com.apple.LocalAuthentication:Default] Returning cached eligibility result: true for domain: LACEligibilityDomainPhoneIntegration
2026-09-30 23:33:31.760 Df coreauthd[93298:c5f6fa] [com.apple.LocalAuthentication:Default] Returning cached eligibility result: true for domain: LACEligibilityDomainPhoneIntegration
2026-09-30 23:33:31.760 Df coreauthd[93298:c5f6fa] [com.apple.LocalAuthentication:Default] Skipping processing of request rid: 27 by <LACPhoneIntegrationSessionProcessor: 0x1044ef4a0>
2026-09-30 23:33:31.760 Df coreauthd[93298:c5f6fa] [com.apple.LocalAuthentication:ABM] <LACOnenessController: 0x104478f00> Not handling request rid: 27 - session not active
2026-09-30 23:33:31.761 Df coreauthd[93298:c5f6fa] [com.apple.LocalAuthentication:Default] Skipping processing of request rid: 27 by <LACOnenessController: 0x104478f00>
2026-09-30 23:33:31.761 Df coreauthd[93298:c5f6fa] [com.apple.LocalAuthentication:Default] Returning cached eligibility result: true for domain: LACEligibilityDomainPhoneIntegration
2026-09-30 23:33:31.761 Df coreauthd[93298:c5f6fa] [com.apple.LocalAuthentication:Default] Returning cached eligibility result: true for domain: LACEligibilityDomainPhoneIntegration
2026-09-30 23:33:31.761 Df coreauthd[93298:c5f6fa] [com.apple.LocalAuthentication:ABM] <LACPhoneIntegrationController: 0x1044790c0> Not handling request rid: 27 - session not active
2026-09-30 23:33:31.761 Df coreauthd[93298:c5f6fa] [com.apple.LocalAuthentication:Default] Skipping processing of request rid: 27 by <LACPhoneIntegrationController: 0x1044790c0>
2026-09-30 23:33:31.761 Df coreauthd[93298:c5f6fa] [com.apple.LocalAuthentication:Default] Skipping processing of request rid: 27 by <LACApplePayBiometryToggleProcessor: 0x104668020>
2026-09-30 23:33:31.761 Df coreauthd[93298:c5f6fa] [com.apple.LocalAuthentication:Default] Skipping processing of request rid: 27 by <LACStashedCredentialsProcessor: 0x1046680c0>
2026-09-30 23:33:31.761 Df coreauthd[93298:c5f6fa] [com.apple.LocalAuthentication:Server] uiMechanism: MechanismUI[20] nonUiMechanism: MechanismPasscode[19](par:20)
2026-09-30 23:33:31.761 Df coreauthd[93298:c5f6fa] [com.apple.LocalAuthentication:Default] Returning cached eligibility result: true for domain: LACEligibilityDomainPhoneIntegration
2026-09-30 23:33:31.761 Df coreauthd[93298:c5f6fa] [com.apple.LocalAuthentication:Default] Returning cached eligibility result: true for domain: LACEligibilityDomainPhoneIntegration
2026-09-30 23:33:31.761 Df coreauthd[93298:c5f6fa] [com.apple.LocalAuthentication:ABM] <LACPhoneIntegrationController: 0x1044790c0> Not handling request rid: 27 - session not active
2026-09-30 23:33:31.761 Df coreauthd[93298:c5f6fa] [com.apple.LocalAuthentication:ABM] <LACOnenessController: 0x104478f00> Not handling request rid: 27 - session not active
2026-09-30 23:33:31.761 Df coreauthd[93298:c5f6fa] [com.apple.LocalAuthentication:Default] Returning cached eligibility result: true for domain: LACEligibilityDomainPhoneIntegration
2026-09-30 23:33:31.762 Df coreauthd[93298:c5f6fa] [com.apple.LocalAuthentication:Default] Returning cached eligibility result: true for domain: LACEligibilityDomainPhoneIntegration
2026-09-30 23:33:31.762 Df coreauthd[93298:c5f6fa] [com.apple.LocalAuthentication:SharedMode] <LACSharedModeProcessor: 0x104433fc0> not available in this platform
2026-09-30 23:33:31.763 Df MobileSafari[21583:c60cb0] [com.apple.LocalAuthentication:Client] canEvaluatePolicy:2 on LAContext[1:10:0] cid:2 returned YES
2026-09-30 23:33:31.763 Df coreauthd[93298:c5f6fa] [com.apple.LocalAuthentication:Server,Biometry] evaluatePolicy:1 options:{
2026-09-30 23:33:31.763 Df coreauthd[93298:c5f6fa] [com.apple.LocalAuthentication:SharedMode] <LACSharedModeProcessor: 0x104433de0> not available in this platform
2026-09-30 23:33:31.763 Df coreauthd[93298:c5f6fa] [com.apple.LocalAuthentication:Default] Skipping processing of request rid: 28 by <LACSharedModeProcessor: 0x104433de0>
2026-09-30 23:33:31.763 Df coreauthd[93298:c5f6fa] [com.apple.LocalAuthentication:Default] Skipping processing of request rid: 28 by <LACDTOServiceProcessor: 0x104668060>
2026-09-30 23:33:31.763 Df coreauthd[93298:c5f6fa] [com.apple.LocalAuthentication:Default] Returning cached eligibility result: true for domain: LACEligibilityDomainPhoneIntegration
2026-09-30 23:33:31.763 Df coreauthd[93298:c5f6fa] [com.apple.LocalAuthentication:Default] Returning cached eligibility result: true for domain: LACEligibilityDomainPhoneIntegration
2026-09-30 23:33:31.763 Df coreauthd[93298:c5f6fa] [com.apple.LocalAuthentication:Default] Skipping processing of request rid: 28 by <LACPhoneIntegrationSessionProcessor: 0x1044ef4a0>
2026-09-30 23:33:31.763 Df coreauthd[93298:c5f6fa] [com.apple.LocalAuthentication:ABM] <LACOnenessController: 0x104478f00> Not handling request rid: 28 - session not active
2026-09-30 23:33:31.763 Df coreauthd[93298:c5f6fa] [com.apple.LocalAuthentication:Default] Skipping processing of request rid: 28 by <LACOnenessController: 0x104478f00>
2026-09-30 23:33:31.763 Df coreauthd[93298:c5f6fa] [com.apple.LocalAuthentication:Default] Returning cached eligibility result: true for domain: LACEligibilityDomainPhoneIntegration
2026-09-30 23:33:31.763 Df coreauthd[93298:c5f6fa] [com.apple.LocalAuthentication:Default] Returning cached eligibility result: true for domain: LACEligibilityDomainPhoneIntegration
2026-09-30 23:33:31.763 Df coreauthd[93298:c5f6fa] [com.apple.LocalAuthentication:ABM] <LACPhoneIntegrationController: 0x1044790c0> Not handling request rid: 28 - session not active
2026-09-30 23:33:31.764 Df coreauthd[93298:c5f6fa] [com.apple.LocalAuthentication:Default] Skipping processing of request rid: 28 by <LACPhoneIntegrationController: 0x1044790c0>
2026-09-30 23:33:31.764 Df coreauthd[93298:c5f6fa] [com.apple.LocalAuthentication:Default] Skipping processing of request rid: 28 by <LACApplePayBiometryToggleProcessor: 0x1046680f0>
2026-09-30 23:33:31.764 Df coreauthd[93298:c5f6fa] [com.apple.LocalAuthentication:Default] Skipping processing of request rid: 28 by <LACStashedCredentialsProcessor: 0x104668040>
2026-09-30 23:33:31.764 Df coreauthd[93298:c5f6fa] [com.apple.LocalAuthentication:Default] Returning cached eligibility result: true for domain: LACEligibilityDomainPhoneIntegration
2026-09-30 23:33:31.764 Df coreauthd[93298:c5f6fa] [com.apple.LocalAuthentication:Default] Returning cached eligibility result: true for domain: LACEligibilityDomainPhoneIntegration
2026-09-30 23:33:31.764 Df coreauthd[93298:c5f6fa] [com.apple.LocalAuthentication:ABM] <LACPhoneIntegrationController: 0x1044790c0> Not handling request rid: 28 - session not active
2026-09-30 23:33:31.764 Df coreauthd[93298:c5f6fa] [com.apple.LocalAuthentication:ABM] <LACOnenessController: 0x104478f00> Not handling request rid: 28 - session not active
2026-09-30 23:33:31.764 Df coreauthd[93298:c5f6fa] [com.apple.LocalAuthentication:Default] Returning cached eligibility result: true for domain: LACEligibilityDomainPhoneIntegration
2026-09-30 23:33:31.764 Df coreauthd[93298:c5f6fa] [com.apple.LocalAuthentication:Default] Returning cached eligibility result: true for domain: LACEligibilityDomainPhoneIntegration
2026-09-30 23:33:31.764 Df coreauthd[93298:c5f6fa] [com.apple.LocalAuthentication:SharedMode] <LACSharedModeProcessor: 0x104433de0> not available in this platform
2026-09-30 23:33:31.764 Df MobileSafari[21583:c60cb0] [com.apple.LocalAuthentication:Client,Biometry] canEvaluatePolicy:1 on LAContext[1:10:0] cid:3 returned Error Domain=com.apple.LocalAuthentication Code=-7 "No identities are enrolled." UserInfo={NSDebugDescription=No identities are enrolled., NSL
2026-09-30 23:33:31.764 Df coreauthd[93298:c5f6fa] [com.apple.LocalAuthentication:Server] evaluatePolicy:4 options:{
2026-09-30 23:33:31.764 Df coreauthd[93298:c5f6fa] [com.apple.LocalAuthentication:SharedMode] <LACSharedModeProcessor: 0x104433a50> not available in this platform
2026-09-30 23:33:31.764 Df coreauthd[93298:c5f6fa] [com.apple.LocalAuthentication:Default] Skipping processing of request rid: 29 by <LACSharedModeProcessor: 0x104433a50>
2026-09-30 23:33:31.764 Df coreauthd[93298:c5f6fa] [com.apple.LocalAuthentication:Default] Skipping processing of request rid: 29 by <LACDTOServiceProcessor: 0x104668090>
2026-09-30 23:33:31.764 Df coreauthd[93298:c5f6fa] [com.apple.LocalAuthentication:Default] Returning cached eligibility result: true for domain: LACEligibilityDomainPhoneIntegration
2026-09-30 23:33:31.765 Df coreauthd[93298:c5f6fa] [com.apple.LocalAuthentication:Default] Returning cached eligibility result: true for domain: LACEligibilityDomainPhoneIntegration
2026-09-30 23:33:31.765 Df coreauthd[93298:c5f6fa] [com.apple.LocalAuthentication:Default] Skipping processing of request rid: 29 by <LACPhoneIntegrationSessionProcessor: 0x1044ef4a0>
2026-09-30 23:33:31.765 Df coreauthd[93298:c5f6fa] [com.apple.LocalAuthentication:ABM] <LACOnenessController: 0x104478f00> Not handling request rid: 29 - session not active
2026-09-30 23:33:31.765 Df coreauthd[93298:c5f6fa] [com.apple.LocalAuthentication:Default] Skipping processing of request rid: 29 by <LACOnenessController: 0x104478f00>
2026-09-30 23:33:31.765 Df coreauthd[93298:c5f6fa] [com.apple.LocalAuthentication:Default] Returning cached eligibility result: true for domain: LACEligibilityDomainPhoneIntegration
2026-09-30 23:33:31.765 Df coreauthd[93298:c5f6fa] [com.apple.LocalAuthentication:Default] Returning cached eligibility result: true for domain: LACEligibilityDomainPhoneIntegration
2026-09-30 23:33:31.765 Df coreauthd[93298:c5f6fa] [com.apple.LocalAuthentication:ABM] <LACPhoneIntegrationController: 0x1044790c0> Not handling request rid: 29 - session not active
2026-09-30 23:33:31.765 Df coreauthd[93298:c5f6fa] [com.apple.LocalAuthentication:Default] Skipping processing of request rid: 29 by <LACPhoneIntegrationController: 0x1044790c0>
2026-09-30 23:33:31.765 Df coreauthd[93298:c5f6fa] [com.apple.LocalAuthentication:Default] Skipping processing of request rid: 29 by <LACApplePayBiometryToggleProcessor: 0x104668070>
2026-09-30 23:33:31.765 Df coreauthd[93298:c5f6fa] [com.apple.LocalAuthentication:Default] Skipping processing of request rid: 29 by <LACStashedCredentialsProcessor: 0x104668020>
2026-09-30 23:33:31.765 Df coreauthd[93298:c5f6fa] [com.apple.LocalAuthentication:Default] Returning cached eligibility result: true for domain: LACEligibilityDomainPhoneIntegration
2026-09-30 23:33:31.765 Df coreauthd[93298:c5f6fa] [com.apple.LocalAuthentication:Default] Returning cached eligibility result: true for domain: LACEligibilityDomainPhoneIntegration
2026-09-30 23:33:31.765 Df coreauthd[93298:c5f6fa] [com.apple.LocalAuthentication:ABM] <LACPhoneIntegrationController: 0x1044790c0> Not handling request rid: 29 - session not active
2026-09-30 23:33:31.765 Df coreauthd[93298:c5f6fa] [com.apple.LocalAuthentication:ABM] <LACOnenessController: 0x104478f00> Not handling request rid: 29 - session not active
2026-09-30 23:33:31.765 Df coreauthd[93298:c5f6fa] [com.apple.LocalAuthentication:Default] Returning cached eligibility result: true for domain: LACEligibilityDomainPhoneIntegration
2026-09-30 23:33:31.765 Df coreauthd[93298:c5f6fa] [com.apple.LocalAuthentication:Default] Returning cached eligibility result: true for domain: LACEligibilityDomainPhoneIntegration
2026-09-30 23:33:31.765 Df coreauthd[93298:c5f6fa] [com.apple.LocalAuthentication:SharedMode] <LACSharedModeProcessor: 0x104433a50> not available in this platform
2026-09-30 23:33:31.765 Df MobileSafari[21583:c60cb0] [com.apple.LocalAuthentication:Client] canEvaluatePolicy:4 on LAContext[1:10:0] cid:4 returned Error Domain=com.apple.LocalAuthentication Code=-1020 "This call is not supported on iOS Simulator." UserInfo={NSDebugDescription=This call is not supp
2026-09-30 23:33:31.791 Df MobileSafari[21583:c60cad] [com.apple.mobilesafari:SuddenTerminationDisabler] Beginning new task assertion with reason: com.apple.SafariShared.WBSFormAutoFillCorrectionsSQLiteStore
2026-09-30 23:33:31.791 Df MobileSafari[21583:c60cad] [com.apple.mobilesafari:SuddenTerminationDisabler] Did begin task assertion with reason com.apple.SafariShared.WBSFormAutoFillCorrectionsSQLiteStore
2026-09-30 23:33:31.791 Df MobileSafari[21583:c60cad] [com.apple.mobilesafari:SuddenTerminationDisabler] Ending task assertion with reason com.apple.SafariShared.WBSFormAutoFillCorrectionsSQLiteStore
2026-09-30 23:33:31.905 Df MobileSafari[21583:c60b53] [com.apple.appintents:View] Attaching custom entity provider to view: <TabDocumentView: 0x10a22c200; frame = (0 0; 0 0); layer = <CALayer: 0x10a499320>>
2026-09-30 23:33:32.086 Df MobileSafari[21583:c60ca3] [com.apple.mobilesafari:CloudBookmarks] Requesting local migration state from data provider
2026-09-30 23:33:32.092 Df MobileSafari[21583:c60b53] [com.apple.xpc:connection] [0x13cb56a80] activating connection: mach=true listener=false peer=false name=com.apple.AuthenticationServices.AutoFill
2026-09-30 23:33:32.099 Df MobileSafari[21583:c60c9e] [com.apple.mobilesafari:Keychain] Ongoing credential sharing is disabled because iCloud Keychain is disabled
2026-09-30 23:33:32.101 Df MobileSafari[21583:c60c9e] [com.apple.mobilesafari:Passwords] Not fetching shared account groups because ongoing credential sharing is disabled
2026-09-30 23:33:32.101 E  MobileSafari[21583:c60ca2] [com.apple.mobilesafari:Passwords] Failed to fetch current user participant ID with error: Error Domain=KCSharingErrorDomain Code=43 "(null)"
2026-09-30 23:33:32.101 Df MobileSafari[21583:c60c9e] [com.apple.mobilesafari:Passwords] Beginning saved account store load
2026-09-30 23:33:32.101 E  MobileSafari[21583:c60cb1] [com.apple.mobilesafari:Passwords] Failed to provision for password sharing with error: Error Domain=KCSharingErrorDomain Code=33 "(null)" UserInfo={NSUnderlyingError=0x13d4435d0 {Error Domain=KCSharingErrorDomain Code=35 "(null)"}}
2026-09-30 23:33:32.103 Df MobileSafari[21583:c60c9e] [com.apple.mobilesafari:Passwords] No passkeys found.
2026-09-30 23:33:32.103 E  cfprefsd[86798:c606a1] [com.apple.defaults:cfprefsd] Couldn't open /Library/Managed Preferences/mobile/com.apple.Passwords.plist due to No such file or directory
2026-09-30 23:33:32.103 E  cfprefsd[86798:c606a1] [com.apple.defaults:cfprefsd] Couldn't open /Library/Managed Preferences/com.apple.Passwords.plist due to No such file or directory
2026-09-30 23:33:32.103 E  cfprefsd[86798:c606a1] [com.apple.defaults:cfprefsd] Couldn't open /Users/tarunyadgirkar/Library/Developer/CoreSimulator/Devices/CF361191-F960-4212-9B76-7C41256A11C9/data/Library/Preferences/com.apple.Passwords.plist due to No such file or directory
2026-09-30 23:33:32.103 E  cfprefsd[86798:c606a1] [com.apple.defaults:cfprefsd] Couldn't open /Users/tarunyadgirkar/Library/Developer/CoreSimulator/Devices/CF361191-F960-4212-9B76-7C41256A11C9/data/Library/Preferences/ByHost/com.apple.Passwords..plist due to No such file or directory
2026-09-30 23:33:32.103 E  MobileSafari[21583:c60c9e] [com.apple.mobilesafari:Passwords] Could not fetch passkeys: -25300
2026-09-30 23:33:32.106 E  cfprefsd[86798:c5f2fc] [com.apple.defaults:cfprefsd] Couldn't open /Library/Managed Preferences/mobile/com.apple.Passwords.plist due to No such file or directory
2026-09-30 23:33:32.106 E  cfprefsd[86798:c5f2fc] [com.apple.defaults:cfprefsd] Couldn't open /Library/Managed Preferences/com.apple.Passwords.plist due to No such file or directory
2026-09-30 23:33:32.106 E  cfprefsd[86798:c5f2fc] [com.apple.defaults:cfprefsd] Couldn't open /Users/tarunyadgirkar/Library/Developer/CoreSimulator/Devices/CF361191-F960-4212-9B76-7C41256A11C9/data/Library/Preferences/com.apple.Passwords.plist due to No such file or directory
2026-09-30 23:33:32.106 E  cfprefsd[86798:c5f2fc] [com.apple.defaults:cfprefsd] Couldn't open /Users/tarunyadgirkar/Library/Developer/CoreSimulator/Devices/CF361191-F960-4212-9B76-7C41256A11C9/data/Library/Preferences/ByHost/com.apple.Passwords..plist due to No such file or directory
2026-09-30 23:33:32.106 Df MobileSafari[21583:c60c9e] [com.apple.mobilesafari:Keychain] No credential items found in access group com.apple.cfnetwork
2026-09-30 23:33:32.106 Df MobileSafari[21583:c60c9e] [com.apple.mobilesafari:Keychain] -[WBSSavedAccountStore _loadSavedAccountsWithPasswordsFromKeychainData:forGroupID:withDictionaryForSavedAccountsWithPasswords:fromRecentlyDeleted:]: Loaded 0 password keychain records from group:  from Recently D
2026-09-30 23:33:32.113 Df MobileSafari[21583:c60c9e] [com.apple.mobilesafari:Keychain] -[WBSSavedAccountStore _loadSavedAccountsWithPasswordsFromKeychainData:forGroupID:withDictionaryForSavedAccountsWithPasswords:fromRecentlyDeleted:]: loaded 0 sidecar items from personal keychain
2026-09-30 23:33:32.114 Df MobileSafari[21583:c60c9e] [com.apple.mobilesafari:Passwords] Skipping fetching of Sign in with Apple accounts since the bundle identifier (com.apple.mobilesafari) doesn't match Passwords app or Passwords menu bar app.
2026-09-30 23:33:32.114 Df MobileSafari[21583:c60c9e] [com.apple.mobilesafari:Passwords] Completed saved account store load
2026-09-30 23:33:32.114 Df MobileSafari[21583:c60ca1] [com.apple.mobilesafari:Keychain] Ongoing credential sharing is disabled because iCloud Keychain is disabled
2026-09-30 23:33:32.114 Df MobileSafari[21583:c60ca1] [com.apple.mobilesafari:Passwords] Not fetching shared account groups because ongoing credential sharing is disabled
2026-09-30 23:33:32.115 Df MobileSafari[21583:c60c9e] [com.apple.mobilesafari:Keychain] No credential items found in access group com.apple.cfnetwork-recently-deleted
2026-09-30 23:33:32.115 Df MobileSafari[21583:c60c9e] [com.apple.mobilesafari:Keychain] -[WBSSavedAccountStore _loadSavedAccountsWithPasswordsFromKeychainData:forGroupID:withDictionaryForSavedAccountsWithPasswords:fromRecentlyDeleted:]: Loaded 0 password keychain records from group:  from Recently D
2026-09-30 23:33:32.118 Df MobileSafari[21583:c60c9e] [com.apple.mobilesafari:Keychain] -[WBSSavedAccountStore _loadSavedAccountsWithPasswordsFromKeychainData:forGroupID:withDictionaryForSavedAccountsWithPasswords:fromRecentlyDeleted:]: loaded 0 sidecar items from personal keychain
2026-09-30 23:33:32.121 Df MobileSafari[21583:c60ca1] [com.apple.mobilesafari:Keychain] Ongoing credential sharing is disabled because iCloud Keychain is disabled
2026-09-30 23:33:32.121 Df MobileSafari[21583:c60ca1] [com.apple.mobilesafari:Passwords] Not fetching shared account groups because ongoing credential sharing is disabled
2026-09-30 23:33:32.123 Df MobileSafari[21583:c60c9e] [com.apple.mobilesafari:Passwords] Reloading generated passwords store
2026-09-30 23:33:32.126 Df MobileSafari[21583:c60c9e] [com.apple.mobilesafari:Keychain] No recently generated password items found in access group com.apple.password-manager.generated-passwords
2026-09-30 23:33:32.128 Df MobileSafari[21583:c60c9e] [com.apple.mobilesafari:Passwords] Finished reloading generated passwords store
2026-09-30 23:33:32.155 Df MobileSafari[21583:c60b53] [com.apple.xpc:connection] [0x13cb57200] activating connection: mach=true listener=false peer=false name=com.apple.AuthenticationServices.AutoFill
2026-09-30 23:33:32.158 Df MobileSafari[21583:c60ca3] [com.apple.PlugInKit:discovery] [d B3316618-83F4-493D-81D7-5E771F63773B] <PKHost:0x106b57a40> Beginning discovery for flags: 0, point: com.apple.authentication-services-credential-provider-ui
    NSExtensionPointName = "com.apple.authentication-services-credential-provider-ui";
    <EXConcreteExtension: 0x13d521dc0> {id = com.tarunyadgirkar.prefill.spike.textinsert.provider}
2026-09-30 23:33:32.352 Df SpringBoard[86754:c334f8] [com.apple.UIKit:KeyboardSceneDelegate] Tracking provider: updateProviderFromRemoteUpdate for info: <<<_UIKeyboardChangedInformation: 0x10cf4d080>; appId (null) bundleId (null) animation fence (null); position {{0, 0}, {0, 0}}; animated YES; on sc
2026-09-30 23:33:32.355 Df SpringBoard[86754:c334f8] [com.apple.UIKit:KeyboardSceneDelegate] Tracking provider: updateProviderFromRemoteUpdate for info: <<<_UIKeyboardChangedInformation: 0x10cf4d080>; appId (null) bundleId (null) animation fence (null); position {{0, 0}, {0, 0}}; animated YES; on sc
2026-09-30 23:33:32.356 Df SpringBoard[86754:c334f8] [com.apple.UIKit:KeyboardSceneDelegate] Tracking provider: updateProviderFromRemoteUpdate for info: <<<_UIKeyboardChangedInformation: 0x10cf4d080>; appId (null) bundleId (null) animation fence (null); position {{0, 0}, {0, 0}}; animated YES; on sc
2026-09-30 23:33:32.359 Df SpringBoard[86754:c334f8] [com.apple.UIKit:KeyboardSceneDelegate] Tracking provider: updateProviderFromRemoteUpdate for info: <<<_UIKeyboardChangedInformation: 0x10cf4d080>; appId (null) bundleId (null) animation fence (null); position {{0, 0}, {0, 0}}; animated YES; on sc
2026-09-30 23:33:32.360 Df SpringBoard[86754:c334f8] [com.apple.UIKit:KeyboardSceneDelegate] Tracking provider: updateProviderFromRemoteUpdate for info: <<<_UIKeyboardChangedInformation: 0x10cf4d080>; appId (null) bundleId (null) animation fence (null); position {{0, 0}, {0, 0}}; animated YES; on sc
2026-09-30 23:33:32.516 Df MobileSafari[21583:c60c9e] [com.apple.mobilesafari:Keychain] Ongoing credential sharing is disabled because iCloud Keychain is disabled
2026-09-30 23:33:32.516 Df MobileSafari[21583:c60c9e] [com.apple.mobilesafari:Passwords] Not fetching shared account groups because ongoing credential sharing is disabled
2026-09-30 23:33:32.530 Df MobileSafari[21583:c60cb4] [com.apple.mobilesafari:Passwords] Beginning saved account store load
2026-09-30 23:33:32.530 Df MobileSafari[21583:c60cb4] [com.apple.mobilesafari:Passwords] No passkeys found.
2026-09-30 23:33:32.531 E  MobileSafari[21583:c60cb4] [com.apple.mobilesafari:Passwords] Could not fetch passkeys: -25300
2026-09-30 23:33:32.535 Df MobileSafari[21583:c60cb4] [com.apple.mobilesafari:Keychain] No credential items found in access group com.apple.cfnetwork
2026-09-30 23:33:32.537 Df MobileSafari[21583:c60cb4] [com.apple.mobilesafari:Keychain] -[WBSSavedAccountStore _loadSavedAccountsWithPasswordsFromKeychainData:forGroupID:withDictionaryForSavedAccountsWithPasswords:fromRecentlyDeleted:]: Loaded 0 password keychain records from group:  from Recently D
2026-09-30 23:33:32.541 Df MobileSafari[21583:c60cb4] [com.apple.mobilesafari:Keychain] -[WBSSavedAccountStore _loadSavedAccountsWithPasswordsFromKeychainData:forGroupID:withDictionaryForSavedAccountsWithPasswords:fromRecentlyDeleted:]: loaded 0 sidecar items from personal keychain
2026-09-30 23:33:32.545 Df MobileSafari[21583:c60cb4] [com.apple.mobilesafari:Passwords] Skipping fetching of Sign in with Apple accounts since the bundle identifier (com.apple.mobilesafari) doesn't match Passwords app or Passwords menu bar app.
2026-09-30 23:33:32.545 Df MobileSafari[21583:c60cb4] [com.apple.mobilesafari:Passwords] Completed saved account store load
2026-09-30 23:33:32.545 Df MobileSafari[21583:c60cb1] [com.apple.mobilesafari:Keychain] Ongoing credential sharing is disabled because iCloud Keychain is disabled
2026-09-30 23:33:32.545 Df MobileSafari[21583:c60cb1] [com.apple.mobilesafari:Passwords] Not fetching shared account groups because ongoing credential sharing is disabled
2026-09-30 23:33:32.546 Df MobileSafari[21583:c60cb4] [com.apple.mobilesafari:Keychain] No credential items found in access group com.apple.cfnetwork-recently-deleted
2026-09-30 23:33:32.548 Df MobileSafari[21583:c60cb4] [com.apple.mobilesafari:Keychain] -[WBSSavedAccountStore _loadSavedAccountsWithPasswordsFromKeychainData:forGroupID:withDictionaryForSavedAccountsWithPasswords:fromRecentlyDeleted:]: Loaded 0 password keychain records from group:  from Recently D
2026-09-30 23:33:32.552 Df MobileSafari[21583:c60cb4] [com.apple.mobilesafari:Keychain] -[WBSSavedAccountStore _loadSavedAccountsWithPasswordsFromKeychainData:forGroupID:withDictionaryForSavedAccountsWithPasswords:fromRecentlyDeleted:]: loaded 0 sidecar items from personal keychain
2026-09-30 23:33:32.553 Df MobileSafari[21583:c60cb4] [com.apple.mobilesafari:Keychain] Ongoing credential sharing is disabled because iCloud Keychain is disabled
2026-09-30 23:33:32.553 Df MobileSafari[21583:c60cb4] [com.apple.mobilesafari:Passwords] Not fetching shared account groups because ongoing credential sharing is disabled
2026-09-30 23:33:32.631 Df SpringBoard[86754:c334f8] [com.apple.UIKit:KeyboardSceneDelegate] Tracking provider: updateProviderFromRemoteUpdate for info: <<<_UIKeyboardChangedInformation: 0x10cf4c180>; appId (null) bundleId (null) animation fence (null); position {{0, 0}, {0, 0}}; animated YES; on sc
2026-09-30 23:33:32.633 Df SpringBoard[86754:c334f8] [com.apple.UIKit:KeyboardSceneDelegate] Tracking provider: updateProviderFromRemoteUpdate for info: <<<_UIKeyboardChangedInformation: 0x10cf4c180>; appId (null) bundleId (null) animation fence (null); position {{0, 0}, {0, 0}}; animated YES; on sc
2026-09-30 23:33:32.634 Df SpringBoard[86754:c334f8] [com.apple.UIKit:KeyboardSceneDelegate] Tracking provider: updateProviderFromRemoteUpdate for info: <<<_UIKeyboardChangedInformation: 0x10cf4c180>; appId (null) bundleId (null) animation fence (null); position {{0, 0}, {0, 0}}; animated YES; on sc
2026-09-30 23:33:32.636 Df SpringBoard[86754:c334f8] [com.apple.UIKit:KeyboardSceneDelegate] Tracking provider: updateProviderFromRemoteUpdate for info: <<<_UIKeyboardChangedInformation: 0x10cf4c180>; appId (null) bundleId (null) animation fence (null); position {{0, 0}, {0, 0}}; animated YES; on sc
2026-09-30 23:33:32.639 Df SpringBoard[86754:c334f8] [com.apple.UIKit:KeyboardSceneDelegate] Tracking provider: updateProviderFromRemoteUpdate for info: <<<_UIKeyboardChangedInformation: 0x10cf4c180>; appId (null) bundleId (null) animation fence (null); position {{0, 0}, {0, 0}}; animated YES; on sc
2026-09-30 23:33:32.856 Df MobileSafari[21583:c60cad] [com.apple.xpc.activity:Client] xpc_activity_register: com.apple.safarishared.WBSParsecDSession.autoFillDataUpdate, criteria: dictionary
2026-09-30 23:33:32.856 Df MobileSafari[21583:c60cad] [com.apple.xpc.activity:Client] _xpc_activity_register: com.apple.safarishared.WBSParsecDSession.autoFillDataUpdate (0x13f60eee0), 0
2026-09-30 23:33:32.856 Df MobileSafari[21583:c60cad] [com.apple.xpc.activity:Client] xpc_activity_set_criteria: com.apple.safarishared.WBSParsecDSession.autoFillDataUpdate (0x13f60eee0), dict
2026-09-30 23:33:32.856 Df MobileSafari[21583:c60cad] [com.apple.xpc.activity:Client] xpc_activity_set_criteria, lower half: com.apple.safarishared.WBSParsecDSession.autoFillDataUpdate (0x13f60eee0), dict
2026-09-30 23:33:32.856 Df MobileSafari[21583:c60cad] [com.apple.xpc.activity:Client] _xpc_activity_set_criteria: com.apple.safarishared.WBSParsecDSession.autoFillDataUpdate (0x13f60eee0), dict
2026-09-30 23:33:32.857 Df MobileSafari[21583:c60cad] [com.apple.xpc.activity:Client] _xpc_activity_set_criteria: xpc_set_event com.apple.safarishared.WBSParsecDSession.autoFillDataUpdate, 1
2026-09-30 23:33:32.857 Df MobileSafari[21583:c60cad] [com.apple.xpc.activity:Client] xpc_activity_set_criteria: com.apple.safarishared.WBSParsecDSession.autoFillDataUpdate (0x13f60eee0), setting state now to 1
2026-09-30 23:33:32.857 Df MobileSafari[21583:c60cad] [com.apple.xpc.activity:Client] _xpc_activity_set_state: com.apple.safarishared.WBSParsecDSession.autoFillDataUpdate (0x13f60eee0), 1
2026-09-30 23:33:32.857 Df UserEventAgent[86753:c5e167] [com.apple.xpc.activity:Internal] Creating on XPC add event: com.apple.safarishared.WBSParsecDSession.autoFillDataUpdate
2026-09-30 23:33:32.859 Df UserEventAgent[86753:c5e167] [com.apple.xpc.activity:Internal] Created: com.apple.safarishared.WBSParsecDSession.autoFillDataUpdate (0x103e10a00)
2026-09-30 23:33:32.859 Df UserEventAgent[86753:c5e167] [com.apple.xpc.activity:Activities] Registered: com.apple.safarishared.WBSParsecDSession.autoFillDataUpdate (0x103e10a00)
2026-09-30 23:33:33.099 Df MobileSafari[21583:c60cb4] [com.apple.useractivity:main] ENCODE: Caching encoded userInfo to use until we are marked dirty again, returning encoded result $4d50030581b9636f6d2e6170706c652e5361666172692e436c6f756454616281.. 68 ..bf687474703a2f2f6c6f63616c686f73743a383830342
2026-09-30 23:33:33.770 Df MobileSafari[21583:c60b53] [com.apple.WebKit:AppSSO] 0x1141640c0 - SOAuthorizationCoordinator::tryAuthorize
2026-09-30 23:33:33.770 Df MobileSafari[21583:c60b53] [com.apple.WebKit:AppSSO] 0x1141640c0 - SOAuthorizationCoordinator::canAuthorize: Calling async canPerformAuthorizationWithURL
2026-09-30 23:33:33.771 Df UserEventAgent[86753:c5e167] [com.apple.xpc.activity:Activities] Initiating: com.apple.safarishared.WBSParsecDSession.autoFillDataUpdate (0x103e10a00)
2026-09-30 23:33:33.773 A  MobileSafari[21583:c60b53] (AppSSO) canPerformAuthorizationWithURL
2026-09-30 23:33:33.773 Df MobileSafari[21583:c60ca0] [com.apple.xpc.activity:Client] _xpc_activity_dispatch: beginning dispatch, activity name com.apple.safarishared.WBSParsecDSession.autoFillDataUpdate, seqno 1
2026-09-30 23:33:33.773 A  MobileSafari[21583:c60b53] (AppSSOCore) canPerformAuthorizationWithURL
2026-09-30 23:33:33.774 Df MobileSafari[21583:c60ca0] [com.apple.xpc.activity:Client] _xpc_activity_dispatch: com.apple.safarishared.WBSParsecDSession.autoFillDataUpdate (0x13f60eee0): found an activity with matching seqno 1
2026-09-30 23:33:33.774 Df MobileSafari[21583:c60b53] [com.apple.xpc:connection] [0x13d4857c0] activating connection: mach=true listener=false peer=false name=com.apple.ak.authorizationservices.xpc
2026-09-30 23:33:33.774 Df MobileSafari[21583:c60ca0] [com.apple.xpc.activity:Client] _xpc_activity_begin_running: com.apple.safarishared.WBSParsecDSession.autoFillDataUpdate (0x13f60eee0) seqno: 1.
2026-09-30 23:33:33.775 Df akd[86957:c6050c] [com.apple.xpc:connection] [0x101ccc780] activating connection: mach=false listener=false peer=true name=com.apple.ak.authorizationservices.xpc.peer[21583].0x101ccc780
2026-09-30 23:33:33.775 Df MobileSafari[21583:c60ca0] [com.apple.xpc.activity:Client] _xpc_activity_dispatch: lower half, activity name com.apple.safarishared.WBSParsecDSession.autoFillDataUpdate (0x13f60eee0), seqno from top half was 1
2026-09-30 23:33:33.775 Df MobileSafari[21583:c60ca0] [com.apple.xpc.activity:Client] _xpc_activity_dispatch: created connection 0x13d485a40 for activity name com.apple.safarishared.WBSParsecDSession.autoFillDataUpdate (0x13f60eee0), seqno 1
2026-09-30 23:33:33.775 Df MobileSafari[21583:c60cb4] [com.apple.authkit:nto] Authorization controller should process URL async: NO
2026-09-30 23:33:33.776 Df MobileSafari[21583:c60b53] [com.apple.WebKit:AppSSO] SOAuthorizationCoordinator::canAuthorize: Async canPerformAuthorizationWithURL completed, result=0
2026-09-30 23:33:33.776 Df MobileSafari[21583:c60b53] [com.apple.WebKit:AppSSO] SOAuthorizationCoordinator::tryAuthorize: The requested URL is not registered for AppSSO handling. No further action needed.
2026-09-30 23:33:33.777 Df MobileSafari[21583:c60ca0] [com.apple.xpc.activity:Client] _xpc_activity_set_state: com.apple.safarishared.WBSParsecDSession.autoFillDataUpdate (0x13f60eee0), 2
2026-09-30 23:33:33.777 Df MobileSafari[21583:c60ca0] [com.apple.xpc.activity:Client] _xpc_activity_set_state: send new state to CTS: com.apple.safarishared.WBSParsecDSession.autoFillDataUpdate (0x13f60eee0), 2
2026-09-30 23:33:33.777 Df UserEventAgent[86753:c5e167] [com.apple.xpc.activity:Activities] Running (PID 21583): com.apple.safarishared.WBSParsecDSession.autoFillDataUpdate (0x103e10a00)
2026-09-30 23:33:33.778 Df MobileSafari[21583:c60cb4] [com.apple.xpc.activity:Client] _xpc_activity_set_state_from_cts: com.apple.safarishared.WBSParsecDSession.autoFillDataUpdate (0x13f60eee0), set activity state to 2
2026-09-30 23:33:33.778 Df MobileSafari[21583:c60cb4] [com.apple.xpc.activity:Client] __XPC_ACTIVITY_CALLING_HANDLER__: com.apple.safarishared.WBSParsecDSession.autoFillDataUpdate (0x13f60eee0), current state 2, pending state 0
2026-09-30 23:33:33.778 Df MobileSafari[21583:c60cb4] [com.apple.xpc.activity:Client] _xpc_activity_set_state: com.apple.safarishared.WBSParsecDSession.autoFillDataUpdate (0x13f60eee0), 4
2026-09-30 23:33:33.779 Df MobileSafari[21583:c60ca0] [com.apple.mobilesafari:SuddenTerminationDisabler] Beginning new task assertion with reason: com.apple.SafariShared.WBSFormAutoFillCorrectionsSQLiteStore
2026-09-30 23:33:33.779 Df MobileSafari[21583:c60cb4] [com.apple.xpc.activity:Client] __XPC_ACTIVITY_CALLING_HANDLER__ returned from handler: com.apple.safarishared.WBSParsecDSession.autoFillDataUpdate (0x13f60eee0), current state 2, pending state 4
2026-09-30 23:33:33.779 Df MobileSafari[21583:c60cb4] [com.apple.xpc.activity:Client] _xpc_activity_set_state: send new state to CTS: com.apple.safarishared.WBSParsecDSession.autoFillDataUpdate (0x13f60eee0), 4
2026-09-30 23:33:33.779 Df MobileSafari[21583:c60ca0] [com.apple.mobilesafari:SuddenTerminationDisabler] Did begin task assertion with reason com.apple.SafariShared.WBSFormAutoFillCorrectionsSQLiteStore
2026-09-30 23:33:33.780 Df MobileSafari[21583:c60ca0] [com.apple.FileURL:default] kExcludedFromBackupXattrName set on path: /Users/tarunyadgirkar/Library/Developer/CoreSimulator/Devices/67D26F69-0444-498D-ADEE-F687E565B7CB/data/Containers/Data/Application/940B02CD-FEDE-4572-85D6-606628FAFAC9/Library
2026-09-30 23:33:33.780 Df MobileSafari[21583:c60ca0] [com.apple.mobilesafari:SuddenTerminationDisabler] Ending task assertion with reason com.apple.SafariShared.WBSFormAutoFillCorrectionsSQLiteStore
2026-09-30 23:33:33.781 Df MobileSafari[21583:c60cb4] [com.apple.xpc.activity:Client] _xpc_activity_set_state: com.apple.safarishared.WBSParsecDSession.autoFillDataUpdate (0x13f60eee0), 5
2026-09-30 23:33:33.782 Df MobileSafari[21583:c60ca0] [com.apple.xpc.activity:Client] _xpc_activity_set_state: send new state to CTS: com.apple.safarishared.WBSParsecDSession.autoFillDataUpdate (0x13f60eee0), 5
2026-09-30 23:33:33.782 Df UserEventAgent[86753:c5e167] [com.apple.xpc.activity:Activities] Completed: com.apple.safarishared.WBSParsecDSession.autoFillDataUpdate (0x103e10a00)
2026-09-30 23:33:33.782 Df UserEventAgent[86753:c5e167] [com.apple.xpc.activity:Activities] Rescheduling: com.apple.safarishared.WBSParsecDSession.autoFillDataUpdate (0x103e10a00)
2026-09-30 23:33:33.782 Df MobileSafari[21583:c60ca0] [com.apple.xpc.activity:Client] _xpc_activity_set_state_from_cts: com.apple.safarishared.WBSParsecDSession.autoFillDataUpdate (0x13f60eee0), set activity state to 1
2026-09-30 23:33:33.782 Df MobileSafari[21583:c60ca0] [com.apple.xpc.activity:Client] _xpc_activity_end_running: com.apple.safarishared.WBSParsecDSession.autoFillDataUpdate (0x13f60eee0) seqno: 1.
2026-09-30 23:33:33.837 Df SpringBoard[86754:c334f8] [com.apple.UIKit:KeyboardSceneDelegate] Tracking provider: updateProviderFromRemoteUpdate for info: <<<_UIKeyboardChangedInformation: 0x10cf4d080>; appId (null) bundleId (null) animation fence (null); position {{0, 0}, {0, 0}}; animated YES; on sc
2026-09-30 23:33:33.839 Df SpringBoard[86754:c334f8] [com.apple.UIKit:KeyboardSceneDelegate] Tracking provider: updateProviderFromRemoteUpdate for info: <<<_UIKeyboardChangedInformation: 0x10cf4d080>; appId (null) bundleId (null) animation fence (null); position {{0, 0}, {0, 0}}; animated YES; on sc
2026-09-30 23:33:33.841 Df SpringBoard[86754:c334f8] [com.apple.UIKit:KeyboardSceneDelegate] Tracking provider: updateProviderFromRemoteUpdate for info: <<<_UIKeyboardChangedInformation: 0x10cf4d080>; appId (null) bundleId (null) animation fence (null); position {{0, 0}, {0, 0}}; animated YES; on sc
2026-09-30 23:33:33.844 Df SpringBoard[86754:c334f8] [com.apple.UIKit:KeyboardSceneDelegate] Tracking provider: updateProviderFromRemoteUpdate for info: <<<_UIKeyboardChangedInformation: 0x10cf4d080>; appId (null) bundleId (null) animation fence (null); position {{0, 0}, {0, 0}}; animated YES; on sc
2026-09-30 23:33:33.846 Df SpringBoard[86754:c334f8] [com.apple.UIKit:KeyboardSceneDelegate] Tracking provider: updateProviderFromRemoteUpdate for info: <<<_UIKeyboardChangedInformation: 0x10cf4d080>; appId (null) bundleId (null) animation fence (null); position {{0, 0}, {0, 0}}; animated YES; on sc
2026-09-30 23:33:33.877 E  MobileSafari[21583:c60b53] [com.apple.mobilesafari:FaviconProvider] Failed to get image information from icon data with error: Error Domain=WKErrorDomain Code=1 "(null)"
2026-09-30 23:33:33.877 E  MobileSafari[21583:c60cb4] [com.apple.mobilesafari:FaviconProvider] Failed to get image from icon data for page URL: <mask.hash: 'XpqHSfpxdCPcH708+8+DoA=='> - data 0 bytes
2026-09-30 23:33:34.099 Df MobileSafari[21583:c60b53] [com.apple.mobilesafari:Passwords] Enqueueing asynchronous query for saved accounts matching criteria <private>
2026-09-30 23:33:34.099 Df MobileSafari[21583:c60cb3] [com.apple.mobilesafari:Passwords] Beginning query for saved accounts matching criteria
2026-09-30 23:33:34.100 Df AuthenticationServicesAgent[88774:c60aef] [com.apple.xpc:connection] [0x101530500] activating connection: mach=false listener=false peer=true name=com.apple.AuthenticationServices.AutoFill.peer[21583].0x101530500
2026-09-30 23:33:34.101 Df MobileSafari[21583:c60cb3] [com.apple.mobilesafari:AutoFill] Found 0 tree matches for <private> and associated domains: <private>
2026-09-30 23:33:34.101 Df MobileSafari[21583:c60cb3] [com.apple.mobilesafari:AutoFill] Executed query for host '<mask.hash: 'fP48w/6I3ymZ8Aqtilza4A=='>' with partial username '<mask.hash: '9Xu6T1/sOKpiQMzU/LhE0g=='>', prefix
2026-09-30 23:33:34.101 Df MobileSafari[21583:c60cb3] [com.apple.mobilesafari:AutoFill] Query returned 0 matches
2026-09-30 23:33:34.101 Df MobileSafari[21583:c60cb3] [com.apple.mobilesafari:Passwords] Finished query for saved accounts matching criteria
2026-09-30 23:33:35.796 Df MobileSafari[21583:c60cae] [com.apple.mobilesafari:Keychain] No credential items found in access group com.apple.cfnetwork-recently-deleted
2026-09-30 23:33:35.796 Df MobileSafari[21583:c60cae] [com.apple.mobilesafari:Keychain] -[WBSSavedAccountStore _loadSavedAccountsWithPasswordsFromKeychainData:forGroupID:withDictionaryForSavedAccountsWithPasswords:fromRecentlyDeleted:]: Loaded 0 password keychain records from group:  from Recently D
2026-09-30 23:33:35.797 Df MobileSafari[21583:c60cae] [com.apple.mobilesafari:Keychain] -[WBSSavedAccountStore _loadSavedAccountsWithPasswordsFromKeychainData:forGroupID:withDictionaryForSavedAccountsWithPasswords:fromRecentlyDeleted:]: loaded 0 sidecar items from personal keychain
2026-09-30 23:33:35.798 Df MobileSafari[21583:c60cb3] [com.apple.mobilesafari:Keychain] Ongoing credential sharing is disabled because iCloud Keychain is disabled
2026-09-30 23:33:35.798 Df MobileSafari[21583:c60cb3] [com.apple.mobilesafari:Passwords] Not fetching shared account groups because ongoing credential sharing is disabled
2026-09-30 23:33:35.938 Df MobileSafari[21583:c60b53] [com.apple.LinkPresentation:Fetching] LPMetadataProvider<1>: acquiring process assertion
2026-09-30 23:33:35.938 Df MobileSafari[21583:c60b53] [com.apple.LinkPresentation:Fetching] LPMetadataProvider<1>: start fetching for WKWebView
2026-09-30 23:33:35.938 Df MobileSafari[21583:c60b53] [com.apple.LinkPresentation:Fetching] LPMetadataProvider<1>: Performing metadata extraction
2026-09-30 23:33:35.942 Df MobileSafari[21583:c60b53] [com.apple.LinkPresentation:Fetching] LPMetadataProvider<1>: fetched metadata
2026-09-30 23:33:35.943 Df MobileSafari[21583:c60b53] [com.apple.LinkPresentation:Fetching] LPMetadataProvider<1>: skipping subresource fetch
2026-09-30 23:33:35.943 Df MobileSafari[21583:c60b53] [com.apple.LinkPresentation:Fetching] LPMetadataProvider<1>: starting postprocessing (has metadata=1, has error=0)
2026-09-30 23:33:35.943 Df MobileSafari[21583:c60b53] [com.apple.LinkPresentation:Fetching] LPMetadataProvider<1>: not filtering duplicate images as configuration does not support using Vision.framework
2026-09-30 23:33:35.943 Df MobileSafari[21583:c60cad] [com.apple.LinkPresentation:Fetching] LPMetadataProvider<1>: completed (has metadata=1, has error=0)
2026-09-30 23:33:35.943 Df MobileSafari[21583:c60b53] [com.apple.LinkPresentation:Fetching] LPMetadataProvider<1>: invalidating process assertion
2026-09-30 23:33:36.916 Df MobileSafari[21583:c60d58] [com.apple.mobilesafari:AutoFill] WebContent[21671] Will not inject JavaScript in injected bundle
2026-09-30 23:33:36.960 Df MobileSafari[21583:c60b53] [com.apple.mobilesafari:AutoFill] Creating EMOneTimeCodeAccelerator for SFAppAutoFillOneTimeCodeProvider 0x13f45f300
2026-09-30 23:33:36.989 Df MobileSafari[21583:c60cad] [com.apple.mobilesafari:AutoFill] SFAppAutoFillOneTimeCodeProvider 0x13f45f300 added observer <SFFormAutocompleteState: 0x13c7aa600>; 1 observer remain
2026-09-30 23:33:36.989 Df MobileSafari[21583:c60b53] [com.apple.xpc:connection] [0x13d487e80] activating connection: mach=true listener=false peer=false name=com.apple.AuthenticationServices.AutoFill
2026-09-30 23:33:37.010 A  MobileSafari[21583:c60b53] (TCC) tcc_send_request_authorization() IPC
2026-09-30 23:33:37.047 A  postersyncd[94137:c5fabe] (TCC) tcc_send_request_authorization() IPC
2026-09-30 23:33:37.051 Df MobileSafari[21583:c60cad] [com.apple.DataDeliveryServices:UAFAssetProvider] Observe update notification for assetSetName: com.apple.linguisticdata
2026-09-30 23:33:37.056 A  postersyncd[94137:c61034] (TCC) tcc_send_request_authorization() IPC
2026-09-30 23:33:37.058 Df MobileSafari[21583:c60cb0] [com.apple.DataDeliveryServices:UAFAssetProvider] Sandbox extension request for asset set: com.apple.linguisticdata completed successfully
2026-09-30 23:33:37.066 Df MobileSafari[21583:c60ca0] [com.apple.contacts:avatar-decorator] Calling imNicknameProvider.allNicknamesForContact:contact
2026-09-30 23:33:37.085 Df MobileSafari[21583:c60ca0] [com.apple.contacts:avatar-decorator] IMNicknameProvider returned 0 nicknames
2026-09-30 23:33:37.086 Df SpringBoard[86754:c334f8] [com.apple.UIKit:KeyboardSceneDelegate] Tracking provider: updateProviderFromRemoteUpdate for info: <<<_UIKeyboardChangedInformation: 0x10cf4cd80>; appId (null) bundleId (null) animation fence (null); position {{0, 857}, {0, 17}}; animated YES; on
2026-09-30 23:33:37.091 Df SpringBoard[86754:c334f8] [com.apple.UIKit:KeyboardSceneDelegate] Tracking provider: updateProviderFromRemoteUpdate for info: <<<_UIKeyboardChangedInformation: 0x10cf4cd80>; appId (null) bundleId (null) animation fence (null); position {{0, 857}, {0, 17}}; animated YES; on
2026-09-30 23:33:37.097 Df SpringBoard[86754:c334f8] [com.apple.UIKit:KeyboardSceneDelegate] Tracking provider: updateProviderFromRemoteUpdate for info: <<<_UIKeyboardChangedInformation: 0x10cf4cd80>; appId (null) bundleId (null) animation fence (null); position {{0, 857}, {0, 17}}; animated YES; on
2026-09-30 23:33:37.098 Df SpringBoard[86754:c334f8] [com.apple.UIKit:KeyboardSceneDelegate] Tracking provider: updateProviderFromRemoteUpdate for info: <<<_UIKeyboardChangedInformation: 0x10cf4cd80>; appId (null) bundleId (null) animation fence (null); position {{0, 857}, {0, 17}}; animated YES; on
2026-09-30 23:33:37.101 Df SpringBoard[86754:c334f8] [com.apple.UIKit:KeyboardSceneDelegate] Tracking provider: updateProviderFromRemoteUpdate for info: <<<_UIKeyboardChangedInformation: 0x10cf4cd80>; appId (null) bundleId (null) animation fence (null); position {{0, 857}, {0, 17}}; animated YES; on
2026-09-30 23:33:37.104 Df SpringBoard[86754:c334f8] [com.apple.SpringBoard:InputUI] Presenter updated from[0x0] to[<SBDeviceApplicationInputUIViewProvider: 0x11fe3eed0> - sceneID:com.apple.mobilesafari-71DD3C25-4702-4D1D-8EB9-7DEF87C13EE1] for InputUI scene: <SBSingleSceneController: 0x11398b7a0; s
2026-09-30 23:33:37.104 Df SpringBoard[86754:c334f8] [com.apple.SpringBoard:SystemUIScene] [SUIS-InputUI:[Main] - 1] setPresenter[<SBDeviceApplicationInputUIViewProvider: 0x11fe3eed0> - sceneID:com.apple.mobilesafari-71DD3C25-4702-4D1D-8EB9-7DEF87C13EE1] oldPresenter[0x0]
2026-09-30 23:33:37.116 Df SpringBoard[86754:c334f8] [com.apple.SpringBoard:SystemUIScene] [SUIS-InputUI:[Main] - 1] Presenter[<SBDeviceApplicationInputUIViewProvider: 0x11fe3eed0> - sceneID:com.apple.mobilesafari-71DD3C25-4702-4D1D-8EB9-7DEF87C13EE1] will present scene
2026-09-30 23:33:37.117 Df SpringBoard[86754:c334f8] [com.apple.SpringBoard:KeyboardFocus] _updateDeferringRules(recalculateResignActiveAssertionForActiveOverlays) sceneID:com.apple.mobilesafari-71DD3C25-4702-4D1D-8EB9-7DEF87C13EE1 hasParent:YES activeOverlayProviders:[SBDeviceApplicationInputUIView
2026-09-30 23:33:37.155 Df SpringBoard[86754:c334f8] [com.apple.UIKit:KeyboardSceneDelegate] Tracking provider: updateProviderFromRemoteUpdate for info: <<<_UIKeyboardChangedInformation: 0x10cf4d080>; appId (null) bundleId (null) animation fence (null); position {{0, 572}, {402, 302}}; animated YES;
2026-09-30 23:33:37.156 Df MobileSafari[21583:c60b53] [com.apple.UIKit:InputWindowController] Tracking provider: moveFromPlacement: <UIInputViewSetPlacementInitialPosition> toPlacement: <UIInputViewSetPlacementOnScreenWithAccessory> update to: {{0, 572}, {402, 302}}
2026-09-30 23:33:37.156 Df MobileSafari[21583:c60b53] [com.apple.UIKit:KeyboardSceneDelegate] KeyboardTrackingCoordinator: Creating tracking provider for <_UIKeyboardInputScene: 0x10a680780; role: _UISceneSessionRoleKeyboardInputScene; persistentIdentifier: KeyboardInputScene-com.apple.frontboard.sy
2026-09-30 23:33:37.157 Df SpringBoard[86754:c334f8] [com.apple.UIKit:KeyboardSceneDelegate] Tracking provider: updateProviderFromRemoteUpdate for info: <<<_UIKeyboardChangedInformation: 0x10cf4d080>; appId (null) bundleId (null) animation fence (null); position {{0, 572}, {402, 302}}; animated YES;
2026-09-30 23:33:37.157 Df InputUI[87035:c33b5c] [com.apple.UIKit:KeyboardSceneDelegate] KeyboardTrackingCoordinator: Creating tracking provider for <_UIHostedWindowScene: 0x1100bf980; role: UISceneSessionRoleSceneHosting; persistentIdentifier: UIHostedScene-com.apple.InputUI-3B7D7062; activationSta
2026-09-30 23:33:37.157 Df InputUI[87035:c33b5c] [com.apple.UIKit:KeyboardSceneDelegate] Tracking provider: updateProviderFromRemoteUpdate for info: <<<_UIKeyboardChangedInformation: 0x110013900>; appId (null) bundleId (null) animation fence (null); position {{0, 572}, {402, 302}}; animated YES; on 
2026-09-30 23:33:37.160 Df SpringBoard[86754:c334f8] [com.apple.UIKit:KeyboardSceneDelegate] Tracking provider: updateProviderFromRemoteUpdate for info: <<<_UIKeyboardChangedInformation: 0x10cf4d080>; appId (null) bundleId (null) animation fence (null); position {{0, 572}, {402, 302}}; animated YES;
2026-09-30 23:33:37.161 Df SpringBoard[86754:c334f8] [com.apple.UIKit:KeyboardSceneDelegate] Tracking provider: updateProviderFromRemoteUpdate for info: <<<_UIKeyboardChangedInformation: 0x10cf4d080>; appId (null) bundleId (null) animation fence (null); position {{0, 572}, {402, 302}}; animated YES;
2026-09-30 23:33:37.162 Df SpringBoard[86754:c334f8] [com.apple.UIKit:KeyboardSceneDelegate] Tracking provider: updateProviderFromRemoteUpdate for info: <<<_UIKeyboardChangedInformation: 0x10cf4d080>; appId (null) bundleId (null) animation fence (null); position {{0, 572}, {402, 302}}; animated YES;
2026-09-30 23:33:37.306 Df MobileSafari[21583:c60b53] [com.apple.UIKit:InputWindowController] Tracking provider: viewDidLayoutSubviews update to {{0, 545}, {402, 329}}
2026-09-30 23:33:37.307 Df SpringBoard[86754:c334f8] [com.apple.UIKit:KeyboardSceneDelegate] Tracking provider: updateProviderFromRemoteUpdate for info: <<<_UIKeyboardChangedInformation: 0x10cf4cd80>; appId (null) bundleId (null) animation fence (null); position {{0, 545}, {402, 329}}; animated YES;
2026-09-30 23:33:37.308 Df InputUI[87035:c33b5c] [com.apple.UIKit:KeyboardSceneDelegate] Tracking provider: updateProviderFromRemoteUpdate for info: <<<_UIKeyboardChangedInformation: 0x110013300>; appId (null) bundleId (null) animation fence (null); position {{0, 545}, {402, 329}}; animated YES; on 
2026-09-30 23:33:37.309 Df SpringBoard[86754:c334f8] [com.apple.UIKit:KeyboardSceneDelegate] Tracking provider: updateProviderFromRemoteUpdate for info: <<<_UIKeyboardChangedInformation: 0x10cf4cd80>; appId (null) bundleId (null) animation fence (null); position {{0, 545}, {402, 329}}; animated YES;
2026-09-30 23:33:37.312 Df SpringBoard[86754:c334f8] [com.apple.UIKit:KeyboardSceneDelegate] Tracking provider: updateProviderFromRemoteUpdate for info: <<<_UIKeyboardChangedInformation: 0x10cf4cd80>; appId (null) bundleId (null) animation fence (null); position {{0, 545}, {402, 329}}; animated YES;
2026-09-30 23:33:37.312 Df SpringBoard[86754:c334f8] [com.apple.UIKit:KeyboardSceneDelegate] Tracking provider: updateProviderFromRemoteUpdate for info: <<<_UIKeyboardChangedInformation: 0x10cf4cd80>; appId (null) bundleId (null) animation fence (null); position {{0, 545}, {402, 329}}; animated YES;
2026-09-30 23:33:37.313 Df SpringBoard[86754:c334f8] [com.apple.UIKit:KeyboardSceneDelegate] Tracking provider: updateProviderFromRemoteUpdate for info: <<<_UIKeyboardChangedInformation: 0x10cf4cd80>; appId (null) bundleId (null) animation fence (null); position {{0, 545}, {402, 329}}; animated YES;
2026-09-30 23:33:37.945 Df MobileSafari[21583:c60b53] [com.apple.LinkPresentation:Fetching] LPMetadataProvider<2>: acquiring process assertion
2026-09-30 23:33:37.945 Df MobileSafari[21583:c60b53] [com.apple.LinkPresentation:Fetching] LPMetadataProvider<2>: start fetching for WKWebView
2026-09-30 23:33:37.945 Df MobileSafari[21583:c60b53] [com.apple.LinkPresentation:Fetching] LPMetadataProvider<2>: Performing metadata extraction
2026-09-30 23:33:37.946 Df MobileSafari[21583:c60b53] [com.apple.LinkPresentation:Fetching] LPMetadataProvider<2>: fetched metadata
2026-09-30 23:33:37.946 Df MobileSafari[21583:c60b53] [com.apple.LinkPresentation:Fetching] LPMetadataProvider<2>: skipping subresource fetch
2026-09-30 23:33:37.946 Df MobileSafari[21583:c60b53] [com.apple.LinkPresentation:Fetching] LPMetadataProvider<2>: starting postprocessing (has metadata=1, has error=0)
2026-09-30 23:33:37.946 Df MobileSafari[21583:c60b53] [com.apple.LinkPresentation:Fetching] LPMetadataProvider<2>: not filtering duplicate images as configuration does not support using Vision.framework
2026-09-30 23:33:37.946 Df MobileSafari[21583:c60cb1] [com.apple.LinkPresentation:Fetching] LPMetadataProvider<2>: completed (has metadata=1, has error=0)
2026-09-30 23:33:37.946 Df MobileSafari[21583:c60b53] [com.apple.LinkPresentation:Fetching] LPMetadataProvider<2>: invalidating process assertion
    "XC_kAXXCAttributeElementBaseType" = "_TtGC5UIKit17UICoreHostingViewVCS_21ToolbarVisualProvider8RootView_";
    "XC_kAXXCAttributeElementType" = "_TtGC5UIKit17UICoreHostingViewVCS_21ToolbarVisualProvider8RootView_";
2026-09-30 23:33:38.889 Df MobileSafari[21583:c60cad] (SpotlightEmbeddingCore) SPEmbeddingProvider: Registered provider SPEmbeddingModel
    "XC_kAXXCAttributeElementBaseType" = "_TtGC5UIKit17UICoreHostingViewVCS_21ToolbarVisualProvider8RootView_";
    "XC_kAXXCAttributeElementType" = "_TtGC5UIKit17UICoreHostingViewVCS_21ToolbarVisualProvider8RootView_";
    "XC_kAXXCAttributeElementBaseType" = "_TtGC5UIKit17UICoreHostingViewVCS_21ToolbarVisualProvider8RootView_";
    "XC_kAXXCAttributeElementType" = "_TtGC5UIKit17UICoreHostingViewVCS_21ToolbarVisualProvider8RootView_";
    "XC_kAXXCAttributeElementBaseType" = "_TtGC5UIKit17UICoreHostingViewVCS_21ToolbarVisualProvider8RootView_";
    "XC_kAXXCAttributeElementType" = "_TtGC5UIKit17UICoreHostingViewVCS_21ToolbarVisualProvider8RootView_";
    ↪︎ Elements matching predicate '"AutoFill" IN identifiers'
    ↪︎ Elements matching predicate '"AutoFill" IN identifiers'
    ↪︎ Elements matching predicate '"AutoFill" IN identifiers'
    ↪︎ Elements matching predicate '"AutoFill" IN identifiers'
    MenuItem, label: 'AutoFill'
    MenuItem, label: 'AutoFill'
    MenuItem, label: 'AutoFill'
    ↪︎ Elements matching predicate '"AutoFill" IN identifiers' found matching snapshots: {(
    MenuItem, label: 'AutoFill'
    ↪︎ Elements matching predicate '"AutoFill" IN identifiers' with results: <XCTElementQueryResults: 0x166b19c50> (error: (null))
2026-09-30 23:33:41.948 Df MobileSafari[21583:c60b53] [com.apple.LinkPresentation:Fetching] LPMetadataProvider<3>: acquiring process assertion
2026-09-30 23:33:41.948 Df MobileSafari[21583:c60b53] [com.apple.LinkPresentation:Fetching] LPMetadataProvider<3>: start fetching for WKWebView
2026-09-30 23:33:41.948 Df MobileSafari[21583:c60b53] [com.apple.LinkPresentation:Fetching] LPMetadataProvider<3>: Performing metadata extraction
2026-09-30 23:33:41.949 Df MobileSafari[21583:c60b53] [com.apple.LinkPresentation:Fetching] LPMetadataProvider<3>: fetched metadata
2026-09-30 23:33:41.951 Df MobileSafari[21583:c60b53] [com.apple.LinkPresentation:Fetching] LPMetadataProvider<3>: skipping subresource fetch
2026-09-30 23:33:41.951 Df MobileSafari[21583:c60b53] [com.apple.LinkPresentation:Fetching] LPMetadataProvider<3>: starting postprocessing (has metadata=1, has error=0)
2026-09-30 23:33:41.951 Df MobileSafari[21583:c60b53] [com.apple.LinkPresentation:Fetching] LPMetadataProvider<3>: not filtering duplicate images as configuration does not support using Vision.framework
2026-09-30 23:33:41.952 Df MobileSafari[21583:c60c9f] [com.apple.LinkPresentation:Fetching] LPMetadataProvider<3>: completed (has metadata=1, has error=0)
2026-09-30 23:33:41.952 Df MobileSafari[21583:c60b53] [com.apple.LinkPresentation:Fetching] LPMetadataProvider<3>: invalidating process assertion
    "XC_kAXXCAttributeLabel" = AutoFill;
2026-09-30 23:33:42.871 Df trustd[87797:c5fa2c] [com.apple.securityd:SecError] TextInsertUITest[20237]/1#-1 LF=0 NetworkingAnalyticsReport Error Domain=NSOSStatusErrorDomain Code=-4 "Networking analytics not supported in this environment" UserInfo={numberOfErrorsDeep=0, NSDescription=Networking anal
    ↪︎ Elements matching predicate '"AutoFill" IN identifiers'
    ↪︎ Elements matching predicate '"AutoFill" IN identifiers'
    ↪︎ Elements matching predicate '"AutoFill" IN identifiers'
    ↪︎ Elements matching predicate '"AutoFill" IN identifiers'
    MenuItem, label: 'AutoFill'
    MenuItem, label: 'AutoFill'
    MenuItem, label: 'AutoFill'
    ↪︎ Elements matching predicate '"AutoFill" IN identifiers' found matching snapshots: {(
    MenuItem, label: 'AutoFill'
    ↪︎ Elements matching predicate '"AutoFill" IN identifiers' with results: <XCTElementQueryResults: 0x16dfa3e70> (error: (null))
    ↪︎ Elements matching predicate '"AutoFill" IN identifiers'
    ↪︎ Elements matching predicate '"AutoFill" IN identifiers'
    ↪︎ Elements matching predicate '"AutoFill" IN identifiers'
    ↪︎ Elements matching predicate '"AutoFill" IN identifiers'
    MenuItem, label: 'AutoFill'
    MenuItem, label: 'AutoFill'
    MenuItem, label: 'AutoFill'
    ↪︎ Elements matching predicate '"AutoFill" IN identifiers' found matching snapshots: {(
    MenuItem, label: 'AutoFill'
    ↪︎ Elements matching predicate '"AutoFill" IN identifiers' with results: <XCTElementQueryResults: 0x13f57f6f0> (error: (null))
2026-09-30 23:33:43.673 Df SpringBoard[86754:c334f8] [com.apple.UIKit:KeyboardSceneDelegate] Tracking provider: updateProviderFromRemoteUpdate for info: <<<_UIKeyboardChangedInformation: 0x11f763d80>; appId (null) bundleId (null) animation fence (null); position {{0, 545}, {402, 329}}; animated YES;
2026-09-30 23:33:43.674 Df InputUI[87035:c33b5c] [com.apple.UIKit:KeyboardSceneDelegate] Tracking provider: updateProviderFromRemoteUpdate for info: <<<_UIKeyboardChangedInformation: 0x110013000>; appId (null) bundleId (null) animation fence (null); position {{0, 545}, {402, 329}}; animated YES; on 
2026-09-30 23:33:43.680 Df SpringBoard[86754:c334f8] [com.apple.UIKit:KeyboardSceneDelegate] Tracking provider: updateProviderFromRemoteUpdate for info: <<<_UIKeyboardChangedInformation: 0x11f763d80>; appId (null) bundleId (null) animation fence (null); position {{0, 545}, {402, 329}}; animated YES;
2026-09-30 23:33:43.683 Df MobileSafari[21583:c60b53] [com.apple.UIKit:InputWindowController] Tracking provider: moveFromPlacement: <UIInputViewSetPlacementOnScreenWithAccessory> toPlacement: <UIInputViewSetPlacementOnScreenWithAccessory> update to: {{0, 545}, {402, 329}}
2026-09-30 23:33:43.684 Df SpringBoard[86754:c334f8] [com.apple.UIKit:KeyboardSceneDelegate] Tracking provider: updateProviderFromRemoteUpdate for info: <<<_UIKeyboardChangedInformation: 0x11f763d80>; appId (null) bundleId (null) animation fence (null); position {{0, 545}, {402, 329}}; animated YES;
2026-09-30 23:33:43.686 Df SpringBoard[86754:c334f8] [com.apple.UIKit:KeyboardSceneDelegate] Tracking provider: updateProviderFromRemoteUpdate for info: <<<_UIKeyboardChangedInformation: 0x11f763d80>; appId (null) bundleId (null) animation fence (null); position {{0, 545}, {402, 329}}; animated YES;
2026-09-30 23:33:43.687 Df SpringBoard[86754:c334f8] [com.apple.UIKit:KeyboardSceneDelegate] Tracking provider: updateProviderFromRemoteUpdate for info: <<<_UIKeyboardChangedInformation: 0x11f763d80>; appId (null) bundleId (null) animation fence (null); position {{0, 545}, {402, 329}}; animated YES;
2026-09-30 23:33:43.734 Df SpringBoard[86754:c334f8] [com.apple.UIKit:KeyboardSceneDelegate] Tracking provider: updateProviderFromRemoteUpdate for info: <<<_UIKeyboardChangedInformation: 0x11f760900>; appId (null) bundleId (null) animation fence (null); position {{0, 573}, {402, 301}}; animated YES;
2026-09-30 23:33:43.735 Df InputUI[87035:c33b5c] [com.apple.UIKit:KeyboardSceneDelegate] Tracking provider: updateProviderFromRemoteUpdate for info: <<<_UIKeyboardChangedInformation: 0x110013900>; appId (null) bundleId (null) animation fence (null); position {{0, 573}, {402, 301}}; animated YES; on 
2026-09-30 23:33:43.737 Df SpringBoard[86754:c334f8] [com.apple.UIKit:KeyboardSceneDelegate] Tracking provider: updateProviderFromRemoteUpdate for info: <<<_UIKeyboardChangedInformation: 0x11f760900>; appId (null) bundleId (null) animation fence (null); position {{0, 573}, {402, 301}}; animated YES;
2026-09-30 23:33:43.738 Df SpringBoard[86754:c334f8] [com.apple.UIKit:KeyboardSceneDelegate] Tracking provider: updateProviderFromRemoteUpdate for info: <<<_UIKeyboardChangedInformation: 0x11f760900>; appId (null) bundleId (null) animation fence (null); position {{0, 573}, {402, 301}}; animated YES;
2026-09-30 23:33:43.740 Df SpringBoard[86754:c334f8] [com.apple.UIKit:KeyboardSceneDelegate] Tracking provider: updateProviderFromRemoteUpdate for info: <<<_UIKeyboardChangedInformation: 0x11f760900>; appId (null) bundleId (null) animation fence (null); position {{0, 573}, {402, 301}}; animated YES;
2026-09-30 23:33:43.740 Df SpringBoard[86754:c334f8] [com.apple.UIKit:KeyboardSceneDelegate] Tracking provider: updateProviderFromRemoteUpdate for info: <<<_UIKeyboardChangedInformation: 0x11f760900>; appId (null) bundleId (null) animation fence (null); position {{0, 573}, {402, 301}}; animated YES;
2026-09-30 23:33:43.743 Df MobileSafari[21583:c60b53] [com.apple.UIKit:InputWindowController] Tracking provider: viewDidLayoutSubviews update to {{0, 573}, {402, 301}}
2026-09-30 23:33:43.772 Df MobileSafari[21583:c60b53] [com.apple.UIKit:InputWindowController] Tracking provider: moveFromPlacement: <UIInputViewSetPlacementOnScreenWithAccessory> toPlacement: <UIInputViewSetPlacementOnScreenWithAccessory> update to: {{0, 573}, {402, 301}}
2026-09-30 23:33:45.046 Df trustd[87797:c5fa2c] [com.apple.securityd:SecError] TextInsertUITest[20237]/1#-1 LF=0 NetworkingAnalyticsReport Error Domain=NSOSStatusErrorDomain Code=-4 "Networking analytics not supported in this environment" UserInfo={numberOfErrorsDeep=0, NSDescription=Networking anal
2026-09-30 23:33:45.741 Df trustd[87797:c5fa2c] [com.apple.securityd:SecError] TextInsertUITest[20237]/1#-1 LF=0 NetworkingAnalyticsReport Error Domain=NSOSStatusErrorDomain Code=-4 "Networking analytics not supported in this environment" UserInfo={numberOfErrorsDeep=0, NSDescription=Networking anal
    "XC_kAXXCAttributeLabel" = "AutoFill Contact";
2026-09-30 23:33:45.942 Df trustd[87797:c5fa2c] [com.apple.securityd:SecError] TextInsertUITest[20237]/1#-1 LF=0 NetworkingAnalyticsReport Error Domain=NSOSStatusErrorDomain Code=-4 "Networking analytics not supported in this environment" UserInfo={numberOfErrorsDeep=0, NSDescription=Networking anal
    caller = "testmanagerd: -[XCTouchGesturePerformer initWithUserTestingNotificationProvider:] + 60";
2026-09-30 23:33:46.224 A  PhotosPosterProvider[87458:c5f323] (CoreFoundation) Loading Preferences From User Session CFPrefsD
2026-09-30 23:33:46.231 A  AmbientPhotoFramePosterProvider[87443:c5f324] (CoreFoundation) Loading Preferences From User Session CFPrefsD
2026-09-30 23:33:46.232 A  PhotosPosterProvider[87458:c5f323] (CoreFoundation) Loading Preferences From User Session CFPrefsD
2026-09-30 23:33:46.235 A  AmbientPhotoFramePosterProvider[87443:c5f324] (CoreFoundation) Loading Preferences From User Session CFPrefsD
2026-09-30 23:33:46.236 Df launchd_sim[86751:c60cc6] [pid/20237 [TextInsertUITes]:] shutting down
2026-09-30 23:33:46.236 Df launchd_sim[86751:c60cc6] [pid/20237 [TextInsertUITes]:] cleaning up
2026-09-30 23:33:47.953 Df MobileSafari[21583:c60b53] [com.apple.LinkPresentation:Fetching] LPMetadataProvider<4>: acquiring process assertion
2026-09-30 23:33:47.953 Df MobileSafari[21583:c60b53] [com.apple.LinkPresentation:Fetching] LPMetadataProvider<4>: start fetching for WKWebView
2026-09-30 23:33:47.953 Df MobileSafari[21583:c60b53] [com.apple.LinkPresentation:Fetching] LPMetadataProvider<4>: Performing metadata extraction
2026-09-30 23:33:47.965 Df MobileSafari[21583:c60b53] [com.apple.LinkPresentation:Fetching] LPMetadataProvider<4>: fetched metadata
2026-09-30 23:33:47.965 Df MobileSafari[21583:c60b53] [com.apple.LinkPresentation:Fetching] LPMetadataProvider<4>: skipping subresource fetch
2026-09-30 23:33:47.965 Df MobileSafari[21583:c60b53] [com.apple.LinkPresentation:Fetching] LPMetadataProvider<4>: starting postprocessing (has metadata=1, has error=0)
2026-09-30 23:33:47.965 Df MobileSafari[21583:c60b53] [com.apple.LinkPresentation:Fetching] LPMetadataProvider<4>: not filtering duplicate images as configuration does not support using Vision.framework
2026-09-30 23:33:47.968 Df MobileSafari[21583:c60cad] [com.apple.LinkPresentation:Fetching] LPMetadataProvider<4>: completed (has metadata=1, has error=0)
2026-09-30 23:33:47.968 Df MobileSafari[21583:c60b53] [com.apple.LinkPresentation:Fetching] LPMetadataProvider<4>: invalidating process assertion
2026-09-30 23:33:53.488 Df log[22317:0] [com.apple.log:] log run noninteractively, parent: 86751 (launchd_sim), args: 'log' 'collect' '--output' '/Users/tarunyadgirkar/TarunsCode/prefill/spikes/textinsert/build/Logs/Test/Test-TextInsertSpike-2026.09.30_23-32-49--0700.xcresult/Staging/1_Test/Diagnost
2026-09-30 23:33:53.498 Df swcd[87251:c6080a] [com.apple.xpc:connection] [0x1039248c0] activating connection: mach=false listener=false peer=true name=com.apple.SharedWebCredentials.peer[22319].0x1039248c0
2026-09-30 23:34:02.344 Df locationd[86778:c5ba66] [com.apple.locationd.Core:Core] {"msg":"allowable authorization mask (SAM) has changed", "ckp":icom.apple.Maps:, "oldSAM":3, "incomingSAM":3}
2026-09-30 23:34:02.365 Df locationd[86778:c5ba66] [com.apple.locationd.Core:Core] {"msg":"computing freshAuthorizationContext", "Client":icom.apple.Maps:, "BigSwitch":1, "InUseLevel":0}
2026-09-30 23:34:02.366 Df locationd[86778:c5ba66] [com.apple.locationd.Core:Client] {"msg":"#AuthContext Set authorization context", "ckp":icom.apple.Maps:, "prevAuthContext":AuthContext InUse:0  RegResult:4(4) EffectiveMask:0  ProvisionalMask:0  DiagnosticMask:0, "newAuthContext":AuthContext InUse
2026-09-30 23:34:02.436 Df GeneralMapsWidget[87432:c55dd5] [com.apple.locationd.Core:Client] {"msg":"#CLLocationManager invoking #delegate", "self":"0x1041acbe0", "delegate":"0x1041c1b80", "selector":locationManagerDidChangeAuthorization:, "authorizationStatus":0, "limitsPrecision":0, "isAuthorizedF
2026-09-30 23:34:02.439 Df locationd[86778:c5ba66] [com.apple.locationd.Core:Client] {"msg":"#AuthPrompt AuthorizationRequest completion", "ClientKey":icom.apple.Maps:, "RequestType":5}
2026-09-30 23:34:02.440 Df locationd[86778:c5ba66] [com.apple.locationd.Core:Client] {"msg":"#AuthPrompt AuthorizationRequest completion", "ClientKey":icom.apple.Maps:, "RequestType":5}
2026-09-30 23:34:02.880 Df calaccessd[87241:c5f946] [com.apple.calendar.daemon:Daemon] ClientConnection trySetDatabaseInitializationOptions. clientProvidedOptions:<CADDatabaseInitializationOptions: 0x1024d8420>: {databaseInitOptions = 2, enablePropertyModificationLogging = 0, unitTesting = 0, manage
2026-09-30 23:34:02.880 Df calaccessd[87241:c5f946] [com.apple.calendar.daemon:Daemon] Changed database initialization options to [<CADDatabaseInitializationOptions: 0x1024da700>: {databaseInitOptions = 2, enablePropertyModificationLogging = 0, unitTesting = 0, management = 0, managementBundleID = (
2026-09-30 23:34:05.469 Df locationd[86778:c61a4b] [com.apple.locationd.Core:Core] {"msg":"allowable authorization mask (SAM) has changed", "ckp":icom.apple.Maps:, "oldSAM":3, "incomingSAM":3}
2026-09-30 23:34:05.469 Df locationd[86778:c61a4b] [com.apple.locationd.Core:Core] {"msg":"computing freshAuthorizationContext", "Client":icom.apple.Maps:, "BigSwitch":1, "InUseLevel":0}
2026-09-30 23:34:05.469 Df locationd[86778:c61a4b] [com.apple.locationd.Core:Client] {"msg":"#AuthContext Set authorization context", "ckp":icom.apple.Maps:, "prevAuthContext":AuthContext InUse:0  RegResult:4(4) EffectiveMask:0  ProvisionalMask:0  DiagnosticMask:0, "newAuthContext":AuthContext InUse
2026-09-30 23:34:05.471 Df locationd[86778:c61a4b] [com.apple.locationd.Core:Core] {"msg":"allowable authorization mask (SAM) has changed", "ckp":icom.apple.Maps:, "oldSAM":3, "incomingSAM":3}
2026-09-30 23:34:05.471 Df locationd[86778:c61a4b] [com.apple.locationd.Core:Core] {"msg":"computing freshAuthorizationContext", "Client":icom.apple.Maps:, "BigSwitch":1, "InUseLevel":0}
2026-09-30 23:34:05.471 Df locationd[86778:c61a4b] [com.apple.locationd.Core:Client] {"msg":"#AuthContext Set authorization context", "ckp":icom.apple.Maps:, "prevAuthContext":AuthContext InUse:0  RegResult:4(4) EffectiveMask:0  ProvisionalMask:0  DiagnosticMask:0, "newAuthContext":AuthContext InUse
2026-09-30 23:34:05.472 Df locationd[86778:c61a4b] [com.apple.locationd.Core:Core] {"msg":"allowable authorization mask (SAM) has changed", "ckp":icom.apple.Maps:, "oldSAM":3, "incomingSAM":3}
2026-09-30 23:34:05.472 Df locationd[86778:c61a4b] [com.apple.locationd.Core:Core] {"msg":"computing freshAuthorizationContext", "Client":icom.apple.Maps:, "BigSwitch":1, "InUseLevel":0}
2026-09-30 23:34:05.473 Df locationd[86778:c61a4b] [com.apple.locationd.Core:Client] {"msg":"#AuthContext Set authorization context", "ckp":icom.apple.Maps:, "prevAuthContext":AuthContext InUse:0  RegResult:4(4) EffectiveMask:0  ProvisionalMask:0  DiagnosticMask:0, "newAuthContext":AuthContext InUse
2026-09-30 23:34:05.474 Df locationd[86778:c61a4b] [com.apple.locationd.Core:Core] {"msg":"allowable authorization mask (SAM) has changed", "ckp":icom.apple.Maps:, "oldSAM":3, "incomingSAM":3}
2026-09-30 23:34:05.474 Df locationd[86778:c61a4b] [com.apple.locationd.Core:Core] {"msg":"computing freshAuthorizationContext", "Client":icom.apple.Maps:, "BigSwitch":1, "InUseLevel":0}
2026-09-30 23:34:05.474 Df locationd[86778:c61a4b] [com.apple.locationd.Core:Client] {"msg":"#AuthContext Set authorization context", "ckp":icom.apple.Maps:, "prevAuthContext":AuthContext InUse:0  RegResult:4(4) EffectiveMask:0  ProvisionalMask:0  DiagnosticMask:0, "newAuthContext":AuthContext InUse
2026-09-30 23:34:05.476 Df locationd[86778:c61a4b] [com.apple.locationd.Core:Core] {"msg":"allowable authorization mask (SAM) has changed", "ckp":icom.apple.Maps:, "oldSAM":3, "incomingSAM":3}
2026-09-30 23:34:05.476 Df locationd[86778:c61a4b] [com.apple.locationd.Core:Core] {"msg":"computing freshAuthorizationContext", "Client":icom.apple.Maps:, "BigSwitch":1, "InUseLevel":0}
2026-09-30 23:34:05.476 Df locationd[86778:c61a4b] [com.apple.locationd.Core:Client] {"msg":"#AuthContext Set authorization context", "ckp":icom.apple.Maps:, "prevAuthContext":AuthContext InUse:0  RegResult:4(4) EffectiveMask:0  ProvisionalMask:0  DiagnosticMask:0, "newAuthContext":AuthContext InUse
2026-09-30 23:34:05.478 Df locationd[86778:c61a4b] [com.apple.locationd.Core:Core] {"msg":"allowable authorization mask (SAM) has changed", "ckp":icom.apple.Maps:, "oldSAM":3, "incomingSAM":3}
2026-09-30 23:34:05.478 Df locationd[86778:c61a4b] [com.apple.locationd.Core:Core] {"msg":"computing freshAuthorizationContext", "Client":icom.apple.Maps:, "BigSwitch":1, "InUseLevel":0}
2026-09-30 23:34:05.478 Df locationd[86778:c61a4b] [com.apple.locationd.Core:Client] {"msg":"#AuthContext Set authorization context", "ckp":icom.apple.Maps:, "prevAuthContext":AuthContext InUse:0  RegResult:4(4) EffectiveMask:0  ProvisionalMask:0  DiagnosticMask:0, "newAuthContext":AuthContext InUse
2026-09-30 23:34:08.674 Df assistantd[86756:c61c40] [com.apple.siri.sirinetwork:Network] Background Connection - Provider: Get Connection Metrics.
2026-09-30 23:34:08.681 Df assistantd[86756:c61c40] [com.apple.siri.sirinetwork:Network] Background Connection - Provider: Get Connection Metrics updated with provider metrics.
2026-09-30 23:34:08.681 Df assistantd[86756:c61c40] [com.apple.siri.sirinetwork:Network] Background Connection - Provider: Get Connection Metrics completed in 0.008 seconds.
2026-09-30 23:34:08.692 Df assistantd[86756:c61c3b] [com.apple.siri.sirinetwork:Network] Provider - NetworkConnectionProvider [5]: Close and cancel connection with no error
2026-09-30 23:34:08.692 Df assistantd[86756:c61c3b] [com.apple.siri.sirinetwork:Network] Provider - NetworkConnectionProvider [5]: Stale connection timer cancelled.
2026-09-30 23:34:08.693 Df assistantd[86756:c61c41] [com.apple.siri.sirinetwork:Network] Network Analytics: ConnectionProvider set: nil
2026-09-30 23:34:08.701 Df assistantd[86756:c61c3b] [com.apple.siri.sirinetwork:Network] SiriNetwork - Report: Connection Snapshot. sequenceNumber 1, provider sirinetworknwconnection, snapshotTriggerReason requestend, connectionNetworkReport SiriNetwork - Report: Connection Network. attemptCount 1, 
2026-09-30 23:34:08.704 Df assistantd[86756:c61c3b] [com.apple.siri.sirinetwork:Network] Provider - NetworkConnectionProvider [5]: Close. Nil content sent to close connection. Start cancelling connection. Close error POSIXErrorCode(rawValue: 89): Operation canceled
2026-09-30 23:34:08.704 Df assistantd[86756:c61c3b] [com.apple.siri.sirinetwork:Network] Provider - NetworkConnectionProvider []: Reader got data, but connection was cancelled
2026-09-30 23:34:08.706 Df assistantd[86756:c61c3b] [com.apple.siri.sirinetwork:Network] Provider - NetworkConnectionProvider: Deallocating.
2026-09-30 23:34:08.706 Df assistantd[86756:c61c3b] [com.apple.siri.sirinetwork:Network] Provider - NetworkConnectionProvider: Deallocated.
2026-09-30 23:34:27.745 Df MobileSafari[21583:c62a0d] [com.apple.PlugInKit:discovery] [d 1AF5664C-159D-4D6E-A37C-DF065FB25990] <PKHost:0x106b57a40> Beginning discovery for flags: 0, point: com.apple.authentication-services-credential-provider-ui
2026-09-30 23:34:27.746 Df Preferences[90646:c61c13] [com.apple.PlugInKit:discovery] [d 1BE9D0D9-E254-44D6-B85F-82C7315BE1C4] <PKHost:0x10a451640> Beginning discovery for flags: 0, point: com.apple.authentication-services-credential-provider-ui
    NSExtensionPointName = "com.apple.authentication-services-credential-provider-ui";
    <EXConcreteExtension: 0x1739c0a80> {id = com.tarunyadgirkar.prefill.spike.textinsert.provider}
    NSExtensionPointName = "com.apple.authentication-services-credential-provider-ui";
    <EXConcreteExtension: 0x118aed340> {id = com.tarunyadgirkar.prefill.spike.textinsert.provider}
2026-09-30 23:34:27.801 Df MobileSafari[21583:c62a0d] [com.apple.PlugInKit:discovery] [d 7042DEB3-6503-4E08-8F9D-1E1B54711DD9] <PKHost:0x106b57a40> Beginning discovery for flags: 0, point: com.apple.authentication-services-credential-provider-ui
    NSExtensionPointName = "com.apple.authentication-services-credential-provider-ui";
    <EXConcreteExtension: 0x1739c0a80> {id = com.tarunyadgirkar.prefill.spike.textinsert.provider}
2026-09-30 23:34:27.803 Df Preferences[90646:c6293f] [com.apple.PlugInKit:discovery] [d 7D499A87-62BF-41EE-9D4D-EF701123B76D] <PKHost:0x10a451640> Beginning discovery for flags: 0, point: com.apple.authentication-services-credential-provider-ui
    NSExtensionPointName = "com.apple.authentication-services-credential-provider-ui";
    <EXConcreteExtension: 0x118aed340> {id = com.tarunyadgirkar.prefill.spike.textinsert.provider}
2026-09-30 23:34:27.824 Df fileproviderd[88338:c5ad2a] [com.apple.launchservices:db] NotifyToken::RegisterDispatch(com.apple.LaunchServices.database) fired for session key LSSessionKey(system: 0 uid: 502)
2026-09-30 23:34:27.826 E  generativeexperiencesd[87173:c615b0] [com.apple.externalproviderservice:Metadata] received nil from UserDefaults for externalProviderMetadata
2026-09-30 23:34:27.826 E  generativeexperiencesd[87173:c615b0] [com.apple.externalproviderservice:Metadata] received an empty metadata for external providers
2026-09-30 23:34:27.835 Df MobileSafari[21583:c62a0d] [com.apple.PlugInKit:discovery] [d F858BDA1-96DC-484D-AAF6-2922DE864799] <PKHost:0x106b57a40> Beginning discovery for flags: 0, point: com.apple.authentication-services-credential-provider-ui
2026-09-30 23:34:27.837 Df Preferences[90646:c62959] [com.apple.PlugInKit:discovery] [d B1E4686A-B211-46EE-9EB7-0D06DEB63BB3] <PKHost:0x10a451640> Beginning discovery for flags: 0, point: com.apple.authentication-services-credential-provider-ui
    NSExtensionPointName = "com.apple.authentication-services-credential-provider-ui";
    <EXConcreteExtension: 0x1739c0a80> {id = com.tarunyadgirkar.prefill.spike.textinsert.provider}
	<RBSDomainAttribute| domain:"com.apple.posterkit.provider" name:"PosterUpdate" sourceEnvironment:"(null)">
2026-09-30 23:34:27.852 E  generativeexperiencesd[87173:c615b0] [com.apple.externalproviderservice:Metadata] received nil from UserDefaults for externalProviderMetadata
2026-09-30 23:34:27.854 E  generativeexperiencesd[87173:c615b0] [com.apple.externalproviderservice:Metadata] received an empty metadata for external providers
	<RBSDomainAttribute| domain:"com.apple.posterkit.provider" name:"PosterUpdate" sourceEnvironment:"(null)">
2026-09-30 23:34:27.902 Df MobileSafari[21583:c62a0d] [com.apple.PlugInKit:discovery] [d 8B7FDB4C-7EDD-4739-8000-B14FA5E3DC1E] <PKHost:0x106b57a40> Beginning discovery for flags: 0, point: com.apple.authentication-services-credential-provider-ui
2026-09-30 23:34:27.903 Df Preferences[90646:c62959] [com.apple.PlugInKit:discovery] [d 7109B8BE-CF77-40EA-B20B-3DAE3F9BE76E] <PKHost:0x10a451640> Beginning discovery for flags: 0, point: com.apple.authentication-services-credential-provider-ui
2026-09-30 23:34:27.909 Df fileproviderd[88338:c62a65] [com.apple.launchservices:db] NotifyToken::RegisterDispatch(com.apple.LaunchServices.database) fired for session key LSSessionKey(system: 0 uid: 502)
    NSExtensionPointName = "com.apple.authentication-services-credential-provider-ui";
    <EXConcreteExtension: 0x1739c0a80> {id = com.tarunyadgirkar.prefill.spike.textinsert.provider}
2026-09-30 23:34:27.915 E  generativeexperiencesd[87173:c615b0] [com.apple.externalproviderservice:Metadata] received nil from UserDefaults for externalProviderMetadata
2026-09-30 23:34:27.915 E  generativeexperiencesd[87173:c615b0] [com.apple.externalproviderservice:Metadata] received an empty metadata for external providers
    "com.tarunyadgirkar.prefill.spike.textinsert"
	<RBSDomainAttribute| domain:"com.apple.posterkit.provider" name:"PosterUpdate" sourceEnvironment:"(null)">
        "DYLD_FRAMEWORK_PATH" = "/Users/tarunyadgirkar/TarunsCode/prefill/spikes/textinsert/build/Build/Products/Debug-iphonesimulator:/Applications/Xcode.app/Contents/Developer/Platforms/iPhoneSimulator.platform/Developer/Library/Frameworks:/Users/tarunyadgirkar/TarunsCode/prefill/spikes/textinsert
    "<SBApplicationIcon: 0x11fc66340; uniqueIdentifier: com.tarunyadgirkar.prefill.spike.textinsert; bundleID: com.tarunyadgirkar.prefill.spike.textinsert>",
2026-09-30 23:34:27.948 Df SpringBoard[86754:c62aad] [com.apple.UserNotifications:DataProviderFactory] notificationSourcesDidInstall: 1 sources, initialLoad=0
2026-09-30 23:34:27.948 Df SpringBoard[86754:c62aad] [com.apple.UserNotifications:DataProviderFactory] Getting all section infos possible default data providers
2026-09-30 23:34:27.948 Df SpringBoard[86754:c6133e] [com.apple.UserNotifications:DataProviderFactory] Got 0 section infos for default data providers with visible settings
		"XCODE_SCHEME_NAME" => <string: 0x105953b70> { string cache = 0x0, length = 15, contents = "TextInsertSpike" }
		"DYLD_FRAMEWORK_PATH" => <string: 0x1059511d0> { string cache = 0x0, length = 417, contents = "/Users/tarunyadgirkar/TarunsCode/prefill/spikes/textinsert/build/Build/Products/Debug-iphonesimulator:/Applications/Xcode.app/Contents/Developer/Platforms/iPhoneSimulator.platform/Developer/Library/Frame
		"__XPC_DYLD_FRAMEWORK_PATH" => <string: 0x105950c90> { string cache = 0x0, length = 203, contents = "/Users/tarunyadgirkar/TarunsCode/prefill/spikes/textinsert/build/Build/Products/Debug-iphonesimulator:/Users/tarunyadgirkar/TarunsCode/prefill/spikes/textinsert/build/Build/Products/Debug-iphonesim
		"__XPC_DYLD_LIBRARY_PATH" => <string: 0x105950f60> { string cache = 0x0, length = 203, contents = "/Users/tarunyadgirkar/TarunsCode/prefill/spikes/textinsert/build/Build/Products/Debug-iphonesimulator:/Users/tarunyadgirkar/TarunsCode/prefill/spikes/textinsert/build/Build/Products/Debug-iphonesimul
		"__XCODE_BUILT_PRODUCTS_DIR_PATHS" => <string: 0x1059512c0> { string cache = 0x0, length = 101, contents = "/Users/tarunyadgirkar/TarunsCode/prefill/spikes/textinsert/build/Build/Products/Debug-iphonesimulator" }
		"RUN_DESTINATION_DEVICE_NAME" => <string: 0x105953660> { string cache = 0x0, length = 24, contents = "Prefill Spike textinsert" }
		"DYLD_LIBRARY_PATH" => <string: 0x105951f80> { string cache = 0x0, length = 395, contents = "/Users/tarunyadgirkar/TarunsCode/prefill/spikes/textinsert/build/Build/Products/Debug-iphonesimulator:/Applications/Xcode.app/Contents/Developer/Platforms/iPhoneSimulator.platform/Developer/usr/lib:/Users/
2026-09-30 23:34:27.964 Sd SpringBoard[86754:0] (CDF4E24A-4A9C-3FB3-8B3A-DD6CDC678FBA) TCC Authorization Cache
2026-09-30 23:34:27.965 Df CoreSimulatorBridge[86784:c62a06] [com.apple.FrontBoard:Common] [FBSSystemService][0x1195] Request successful: <BSProcessHandle: 0x101856730; TextInsertUITes:23314; valid: YES>
    "<SBApplicationIcon: 0x11fc66340; uniqueIdentifier: com.tarunyadgirkar.prefill.spike.textinsert; bundleID: com.tarunyadgirkar.prefill.spike.textinsert>",
    NSExtensionPointName = "com.apple.authentication-services-credential-provider-ui";
    <EXConcreteExtension: 0x118aec380> {id = com.tarunyadgirkar.prefill.spike.textinsert.provider}
    NSExtensionPointName = "com.apple.authentication-services-credential-provider-ui";
    <EXConcreteExtension: 0x118aedc00> {id = com.tarunyadgirkar.prefill.spike.textinsert.provider}
2026-09-30 23:34:28.058 Df Preferences[90646:c61c13] [com.apple.PlugInKit:discovery] [d 7E403D63-341A-4BB6-A8C1-9F6EC85C416D] <PKHost:0x10a451640> Beginning discovery for flags: 0, point: com.apple.authentication-services-credential-provider-ui
2026-09-30 23:34:28.058 Df Preferences[90646:c61c13] [com.apple.PlugInKit:discovery] [d DC6B75F7-2AA3-4B98-B55C-5296F0B6AA25] <PKHost:0x10a451640> Beginning discovery for flags: 0, point: com.apple.authentication-services-credential-provider-ui
2026-09-30 23:34:28.059 Df Preferences[90646:c61c13] [com.apple.PlugInKit:discovery] [d 4C2A513D-0318-4C59-9765-53C3440B86FE] <PKHost:0x10a451640> Beginning discovery for flags: 0, point: com.apple.authentication-services-credential-provider-ui
2026-09-30 23:34:28.059 Df Preferences[90646:c61c13] [com.apple.PlugInKit:discovery] [d 59CBD068-5182-4723-916A-0319321A6248] <PKHost:0x10a451640> Beginning discovery for flags: 0, point: com.apple.authentication-services-credential-provider-ui
    NSExtensionPointName = "com.apple.authentication-services-credential-provider-ui";
    NSExtensionPointName = "com.apple.authentication-services-credential-provider-ui";
    NSExtensionPointName = "com.apple.authentication-services-credential-provider-ui";
    NSExtensionPointName = "com.apple.authentication-services-credential-provider-ui";
2026-09-30 23:34:28.087 E  siriknowledged[87223:c62a7f] [com.apple.launchservices:registration] no install info, bundle at <FSNode 0x101d493e0> { isDir = ?, path = '/Users/tarunyadgirkar/Library/Developer/CoreSimulator/Devices/CF361191-F960-4212-9B76-7C41256A11C9/data/Containers/Bundle/Application/3
2026-09-30 23:34:28.088 E  siriknowledged[87223:c62a7f] [com.apple.launchservices:registration] no install info, bundle at <FSNode 0x101d493e0> { isDir = ?, path = '/private/var/run/com.apple.security.cryptexd/mnt/com.apple.iPhoneOS.SimulatorRuntime-v24.1.434.0.GOjTIm/Library/Developer/CoreSimulator
2026-09-30 23:34:28.580 Df launchd_sim[86751:c629d5] [pid/23314 [TextInsertUITes]:] uncorking exec source upfront
2026-09-30 23:34:28.580 Df launchd_sim[86751:c629d5] [pid/23314 [TextInsertUITes]:] created
2026-09-30 23:34:29.747 Df fileproviderd[88338:c62a65] [com.apple.launchservices:db] NotifyToken::RegisterDispatch(com.apple.LaunchServices.database) fired for session key LSSessionKey(system: 0 uid: 502)
2026-09-30 23:34:30.692 Df Preferences[90646:c62ac5] [com.apple.Settings.Host:Search Indexing] Skipping indexing of AppIntent OpenPasswordsSettingsExtensionSettingsDeepLink + AppValue PasswordsSettingsExtensionSettingsDeepLink as indexing type should not index it.
2026-09-30 23:34:30.692 Df Preferences[90646:c62ac5] [com.apple.Settings.Host:Search Indexing] Skipping indexing of AppIntent OpenTVProviderDeepLinks + AppValue TVProviderDeepLinks as indexing type should not index it.
2026-09-30 23:34:30.711 Df UserEventAgent[86753:c61a62] [com.apple.xpc.activity:Activities] Unregistered on XPC remove event: com.apple.safarishared.WBSParsecDSession.autoFillDataUpdate (0x103e10a00)
2026-09-30 23:34:30.714 Df locationd[86778:c61a4b] [com.apple.locationd.Core:Core] {"msg":"computing freshAuthorizationContext", "Client":icom.apple.mobilesafari:, "BigSwitch":1, "InUseLevel":0}
2026-09-30 23:34:30.837 Df SpringBoard[86754:c334f8] [com.apple.SpringBoard:SystemUIScene] [SUIS-InputUI:[Main] - 1] Presenter[<SBDeviceApplicationInputUIViewProvider: 0x11fe3eed0> - sceneID:com.apple.mobilesafari-71DD3C25-4702-4D1D-8EB9-7DEF87C13EE1] will dismiss scene
2026-09-30 23:34:30.846 Df SpringBoard[86754:c6133e] [com.apple.appprotection:framework] told auth provider com.apple.mobilesafari was dimissed. result:true err:(null)
2026-09-30 23:34:31.098 Df siriactionsd[86842:c60b06] [com.apple.shortcuts:ToolKit] Building complete Link snapshot from LNMetadataProvider
2026-09-30 23:34:31.220 Df assistantd[86756:c62a4f] [com.apple.siri.sirinetwork:Network] Network Analytics: ConnectionProvider set: NETPROVIDER_SN_NETWORK_CONNECTION
2026-09-30 23:34:31.221 Df assistantd[86756:c62cbe] [com.apple.siri.sirinetwork:Network] Provider - NetworkConnectionProvider: Preparing connection with initial payload.
2026-09-30 23:34:31.221 Df assistantd[86756:c62cbe] [com.apple.siri.sirinetwork:Network] Provider - Network setup: Endpoint created: guzzoni.apple.com:443/5228
2026-09-30 23:34:31.221 Df assistantd[86756:c62cbe] [com.apple.siri.sirinetwork:Network] Provider - Network setup: TLS enabled
    "DYLD_FRAMEWORK_PATH" = "/Users/tarunyadgirkar/TarunsCode/prefill/spikes/textinsert/build/Build/Products/Debug-iphonesimulator";
    "DYLD_LIBRARY_PATH" = "/Users/tarunyadgirkar/TarunsCode/prefill/spikes/textinsert/build/Build/Products/Debug-iphonesimulator";
    "XCODE_SCHEME_NAME" = TextInsertSpike;
    "__XCODE_BUILT_PRODUCTS_DIR_PATHS" = "/Users/tarunyadgirkar/TarunsCode/prefill/spikes/textinsert/build/Build/Products/Debug-iphonesimulator";
    "__XPC_DYLD_FRAMEWORK_PATH" = "/Users/tarunyadgirkar/TarunsCode/prefill/spikes/textinsert/build/Build/Products/Debug-iphonesimulator";
    "__XPC_DYLD_LIBRARY_PATH" = "/Users/tarunyadgirkar/TarunsCode/prefill/spikes/textinsert/build/Build/Products/Debug-iphonesimulator";
2026-09-30 23:34:31.702 Df coreauthd[93298:c60af8] [com.apple.LocalAuthentication:Server,LAContext] ContextProxy[21583:1:10:0] deallocated
2026-09-30 23:34:31.702 Df coreauthd[93298:c60af8] [com.apple.LocalAuthentication:Context] Untracking proxy:ContextProxy[21583:1:10:0] from plugin:<ContextPluginACM: 0x104684000>[0] (ContextProxy[21583:1:10:0] deallocated)
2026-09-30 23:34:31.703 Df coreauthd[93298:c60af8] [com.apple.LocalAuthentication:Server,LAContext] Context[10:0] deallocated
2026-09-30 23:34:31.703 Df coreauthd[93298:c60af8] [com.apple.LocalAuthentication:Context] Untracking <ContextPluginACM: 0x104684000>[0] (released gracefully), was present: 0
		"XCODE_SCHEME_NAME" => <string: 0x105952be0> { string cache = 0x0, length = 15, contents = "TextInsertSpike" }
		"DYLD_FRAMEWORK_PATH" => <string: 0x105951770> { string cache = 0x0, length = 101, contents = "/Users/tarunyadgirkar/TarunsCode/prefill/spikes/textinsert/build/Build/Products/Debug-iphonesimulator" }
		"__XPC_DYLD_FRAMEWORK_PATH" => <string: 0x105950db0> { string cache = 0x0, length = 101, contents = "/Users/tarunyadgirkar/TarunsCode/prefill/spikes/textinsert/build/Build/Products/Debug-iphonesimulator" }
		"__XPC_DYLD_LIBRARY_PATH" => <string: 0x1059518f0> { string cache = 0x0, length = 101, contents = "/Users/tarunyadgirkar/TarunsCode/prefill/spikes/textinsert/build/Build/Products/Debug-iphonesimulator" }
		"__XCODE_BUILT_PRODUCTS_DIR_PATHS" => <string: 0x1059526a0> { string cache = 0x0, length = 101, contents = "/Users/tarunyadgirkar/TarunsCode/prefill/spikes/textinsert/build/Build/Products/Debug-iphonesimulator" }
		"DYLD_LIBRARY_PATH" => <string: 0x1059527f0> { string cache = 0x0, length = 101, contents = "/Users/tarunyadgirkar/TarunsCode/prefill/spikes/textinsert/build/Build/Products/Debug-iphonesimulator" }
2026-09-30 23:34:31.734 Df locationd[86778:c61a4b] [com.apple.locationd.Core:Core] {"msg":"computing freshAuthorizationContext", "Client":icom.apple.mobilesafari:, "BigSwitch":1, "InUseLevel":5}
2026-09-30 23:34:33.167 Df generativeexperiencesd[87173:c615b0] [com.apple.externalproviderservice:observing] TKToolkitDatabaseChanged: rebuilding provider list
2026-09-30 23:34:33.169 Df generativeexperiencesd[87173:c615b0] [com.apple.ModelCatalog:XPC] calling acquireCoherenceToken for ["com.apple.gm.vip_and_blocked_provider"]
2026-09-30 23:34:33.172 Df intelligenceflowd[87630:c62e59] [com.apple.shortcuts:ToolKitDatabase] Fetching multiple records using request: <ToolKitDatabaseRequest id=28DDDFCA-7478-4440-8743-D5C9283729DB scope: all locale: en query: <ContainerDefinitionQuery identifier: is(com.tarunyadgirkar.prefill.s
2026-09-30 23:34:33.172 Df intelligenceflowd[87630:c62e59] [com.apple.shortcuts:ToolKitDatabase] Fetched multiple records: 0 for request: <ToolKitDatabaseRequest id=28DDDFCA-7478-4440-8743-D5C9283729DB scope: all locale: en query: <ContainerDefinitionQuery identifier: is(com.tarunyadgirkar.prefill.s
2026-09-30 23:34:33.311 Df MobileSafari[23470:c62d2d] [com.apple.containermanager:query] Query; personaid = 4294967295, type = NOPERSONA, name = <unknown>, origin [pid = 0, personaid = 0], proximate [pid = 0, personaid = 0], euid = 502, uid = 502, class = 2, identifier = [com.apple.Passwords](1), gi
2026-09-30 23:34:33.311 Df containermanagerd[86809:c35626] [com.apple.containermanager:query] Selected query plan; plan = <MCMCommandQueryPlanWithIdentities; identities = [<MCMContainerIdentity: 0x103868ac0; userIdentity = <502/20/502/2/502>, identifier = com.apple.Passwords, class = (2)appData, pla
2026-09-30 23:34:33.451 Df MobileSafari[23470:c62e96] [com.apple.triald:_] no factor providers loaded for namespace SAFARI_SEARCH_RANKING from directories (
2026-09-30 23:34:33.573 Df MobileSafari[23470:c62e96] [com.apple.LocalAuthentication:Client] LA logging set up for this process.
2026-09-30 23:34:33.574 Df MobileSafari[23470:c62e96] [com.apple.LocalAuthentication:Client,LAContext] Creating LAContext new cid:1
2026-09-30 23:34:33.576 Df coreauthd[93298:c60af8] [com.apple.LocalAuthentication:Server,LAContext] Context[11:0] created
2026-09-30 23:34:33.576 Df coreauthd[93298:c60af8] [com.apple.LocalAuthentication:Context] Tracking <ContextPluginACM: 0x104684000>[0]
2026-09-30 23:34:33.576 Df coreauthd[93298:c60af8] [com.apple.LocalAuthentication:ACM] Updated: <LACACMPoolsInfo; disposable: <LACACMPoolInfo; size: 64, used: 0, free: 64, freeForLA: 58, reservedForLA: 58>, non-disposable: <LACACMPoolInfo; size: 64, used: 0, free: 64, freeForLA: 58, reservedForLA: 5
2026-09-30 23:34:33.576 Df coreauthd[93298:c60af8] [com.apple.LocalAuthentication:Server,LAContext] ContextProxy[23470:1:11:0] created for Context[11:0] uid:502
2026-09-30 23:34:33.576 Df MobileSafari[23470:c62e96] [com.apple.LocalAuthentication:Client,LAContext] LAContext[1:11:0] created new cid:1
2026-09-30 23:34:33.578 Df coreauthd[93298:c60af8] [com.apple.LocalAuthentication:Server] evaluatePolicy:2 options:{
2026-09-30 23:34:33.579 Df coreauthd[93298:c60af8] [com.apple.LocalAuthentication:SharedMode] <LACSharedModeProcessor: 0x104432670> not available in this platform
2026-09-30 23:34:33.579 Df coreauthd[93298:c60af8] [com.apple.LocalAuthentication:Default] Skipping processing of request rid: 30 by <LACSharedModeProcessor: 0x104432670>
2026-09-30 23:34:33.579 Df coreauthd[93298:c60af8] [com.apple.LocalAuthentication:Default] Skipping processing of request rid: 30 by <LACDTOExtendedPolicyProtectionProcessor: 0x1044effa0>
2026-09-30 23:34:33.579 Df coreauthd[93298:c60af8] [com.apple.LocalAuthentication:Default] Skipping processing of request rid: 30 by <LACDTOCoreProcessor: 0x104668040>
2026-09-30 23:34:33.579 Df coreauthd[93298:c60af8] [com.apple.LocalAuthentication:Default] Returning cached eligibility result: true for domain: LACEligibilityDomainPhoneIntegration
2026-09-30 23:34:33.579 Df coreauthd[93298:c60af8] [com.apple.LocalAuthentication:Default] Returning cached eligibility result: true for domain: LACEligibilityDomainPhoneIntegration
2026-09-30 23:34:33.579 Df coreauthd[93298:c60af8] [com.apple.LocalAuthentication:Default] Skipping processing of request rid: 30 by <LACPhoneIntegrationSessionProcessor: 0x1044ef4a0>
2026-09-30 23:34:33.579 Df coreauthd[93298:c60af8] [com.apple.LocalAuthentication:ABM] <LACOnenessController: 0x104478f00> Not handling request rid: 30 - session not active
2026-09-30 23:34:33.579 Df coreauthd[93298:c60af8] [com.apple.LocalAuthentication:Default] Skipping processing of request rid: 30 by <LACOnenessController: 0x104478f00>
2026-09-30 23:34:33.579 Df coreauthd[93298:c60af8] [com.apple.LocalAuthentication:Default] Returning cached eligibility result: true for domain: LACEligibilityDomainPhoneIntegration
2026-09-30 23:34:33.579 Df coreauthd[93298:c60af8] [com.apple.LocalAuthentication:Default] Returning cached eligibility result: true for domain: LACEligibilityDomainPhoneIntegration
2026-09-30 23:34:33.579 Df coreauthd[93298:c60af8] [com.apple.LocalAuthentication:ABM] <LACPhoneIntegrationController: 0x1044790c0> Not handling request rid: 30 - session not active
2026-09-30 23:34:33.579 Df coreauthd[93298:c60af8] [com.apple.LocalAuthentication:Default] Skipping processing of request rid: 30 by <LACPhoneIntegrationController: 0x1044790c0>
2026-09-30 23:34:33.579 Df coreauthd[93298:c60af8] [com.apple.LocalAuthentication:Default] Skipping processing of request rid: 30 by <LACApplePayBiometryToggleProcessor: 0x104668060>
2026-09-30 23:34:33.579 Df coreauthd[93298:c60af8] [com.apple.LocalAuthentication:Default] Skipping processing of request rid: 30 by <LACStashedCredentialsProcessor: 0x1046680f0>
2026-09-30 23:34:33.580 Df coreauthd[93298:c60af8] [com.apple.LocalAuthentication:Server] uiMechanism: MechanismUI[22] nonUiMechanism: MechanismPasscode[21](par:22)
2026-09-30 23:34:33.580 Df coreauthd[93298:c60af8] [com.apple.LocalAuthentication:Default] Returning cached eligibility result: true for domain: LACEligibilityDomainPhoneIntegration
2026-09-30 23:34:33.580 Df coreauthd[93298:c60af8] [com.apple.LocalAuthentication:Default] Returning cached eligibility result: true for domain: LACEligibilityDomainPhoneIntegration
2026-09-30 23:34:33.580 Df coreauthd[93298:c60af8] [com.apple.LocalAuthentication:ABM] <LACPhoneIntegrationController: 0x1044790c0> Not handling request rid: 30 - session not active
2026-09-30 23:34:33.580 Df coreauthd[93298:c60af8] [com.apple.LocalAuthentication:ABM] <LACOnenessController: 0x104478f00> Not handling request rid: 30 - session not active
2026-09-30 23:34:33.580 Df coreauthd[93298:c60af8] [com.apple.LocalAuthentication:Default] Returning cached eligibility result: true for domain: LACEligibilityDomainPhoneIntegration
2026-09-30 23:34:33.580 Df coreauthd[93298:c60af8] [com.apple.LocalAuthentication:Default] Returning cached eligibility result: true for domain: LACEligibilityDomainPhoneIntegration
2026-09-30 23:34:33.580 Df coreauthd[93298:c60af8] [com.apple.LocalAuthentication:SharedMode] <LACSharedModeProcessor: 0x104432670> not available in this platform
2026-09-30 23:34:33.581 Df MobileSafari[23470:c62e96] [com.apple.LocalAuthentication:Client] canEvaluatePolicy:2 on LAContext[1:11:0] cid:2 returned YES
2026-09-30 23:34:33.581 Df coreauthd[93298:c60af8] [com.apple.LocalAuthentication:Server,Biometry] evaluatePolicy:1 options:{
2026-09-30 23:34:33.581 Df coreauthd[93298:c60af8] [com.apple.LocalAuthentication:SharedMode] <LACSharedModeProcessor: 0x104432a60> not available in this platform
2026-09-30 23:34:33.582 Df coreauthd[93298:c60af8] [com.apple.LocalAuthentication:Default] Skipping processing of request rid: 31 by <LACSharedModeProcessor: 0x104432a60>
2026-09-30 23:34:33.582 Df coreauthd[93298:c60af8] [com.apple.LocalAuthentication:Default] Skipping processing of request rid: 31 by <LACDTOServiceProcessor: 0x1046680e0>
2026-09-30 23:34:33.582 Df coreauthd[93298:c60af8] [com.apple.LocalAuthentication:Default] Returning cached eligibility result: true for domain: LACEligibilityDomainPhoneIntegration
2026-09-30 23:34:33.582 Df coreauthd[93298:c60af8] [com.apple.LocalAuthentication:Default] Returning cached eligibility result: true for domain: LACEligibilityDomainPhoneIntegration
2026-09-30 23:34:33.582 Df coreauthd[93298:c60af8] [com.apple.LocalAuthentication:Default] Skipping processing of request rid: 31 by <LACPhoneIntegrationSessionProcessor: 0x1044ef4a0>
2026-09-30 23:34:33.582 Df coreauthd[93298:c60af8] [com.apple.LocalAuthentication:ABM] <LACOnenessController: 0x104478f00> Not handling request rid: 31 - session not active
2026-09-30 23:34:33.582 Df coreauthd[93298:c60af8] [com.apple.LocalAuthentication:Default] Skipping processing of request rid: 31 by <LACOnenessController: 0x104478f00>
2026-09-30 23:34:33.582 Df coreauthd[93298:c60af8] [com.apple.LocalAuthentication:Default] Returning cached eligibility result: true for domain: LACEligibilityDomainPhoneIntegration
2026-09-30 23:34:33.582 Df coreauthd[93298:c60af8] [com.apple.LocalAuthentication:Default] Returning cached eligibility result: true for domain: LACEligibilityDomainPhoneIntegration
2026-09-30 23:34:33.582 Df coreauthd[93298:c60af8] [com.apple.LocalAuthentication:ABM] <LACPhoneIntegrationController: 0x1044790c0> Not handling request rid: 31 - session not active
2026-09-30 23:34:33.582 Df coreauthd[93298:c60af8] [com.apple.LocalAuthentication:Default] Skipping processing of request rid: 31 by <LACPhoneIntegrationController: 0x1044790c0>
2026-09-30 23:34:33.582 Df coreauthd[93298:c60af8] [com.apple.LocalAuthentication:Default] Skipping processing of request rid: 31 by <LACApplePayBiometryToggleProcessor: 0x104668090>
2026-09-30 23:34:33.582 Df coreauthd[93298:c60af8] [com.apple.LocalAuthentication:Default] Skipping processing of request rid: 31 by <LACStashedCredentialsProcessor: 0x104668070>
2026-09-30 23:34:33.582 Df coreauthd[93298:c60af8] [com.apple.LocalAuthentication:Default] Returning cached eligibility result: true for domain: LACEligibilityDomainPhoneIntegration
2026-09-30 23:34:33.582 Df coreauthd[93298:c60af8] [com.apple.LocalAuthentication:Default] Returning cached eligibility result: true for domain: LACEligibilityDomainPhoneIntegration
2026-09-30 23:34:33.582 Df coreauthd[93298:c60af8] [com.apple.LocalAuthentication:ABM] <LACPhoneIntegrationController: 0x1044790c0> Not handling request rid: 31 - session not active
2026-09-30 23:34:33.582 Df coreauthd[93298:c60af8] [com.apple.LocalAuthentication:ABM] <LACOnenessController: 0x104478f00> Not handling request rid: 31 - session not active
2026-09-30 23:34:33.582 Df coreauthd[93298:c60af8] [com.apple.LocalAuthentication:Default] Returning cached eligibility result: true for domain: LACEligibilityDomainPhoneIntegration
2026-09-30 23:34:33.582 Df coreauthd[93298:c60af8] [com.apple.LocalAuthentication:Default] Returning cached eligibility result: true for domain: LACEligibilityDomainPhoneIntegration
2026-09-30 23:34:33.582 Df coreauthd[93298:c60af8] [com.apple.LocalAuthentication:SharedMode] <LACSharedModeProcessor: 0x104432a60> not available in this platform
2026-09-30 23:34:33.582 Df MobileSafari[23470:c62e96] [com.apple.LocalAuthentication:Client,Biometry] canEvaluatePolicy:1 on LAContext[1:11:0] cid:3 returned Error Domain=com.apple.LocalAuthentication Code=-7 "No identities are enrolled." UserInfo={NSDebugDescription=No identities are enrolled., NSL
2026-09-30 23:34:33.582 Df coreauthd[93298:c60af8] [com.apple.LocalAuthentication:Server] evaluatePolicy:4 options:{
2026-09-30 23:34:33.582 Df coreauthd[93298:c60af8] [com.apple.LocalAuthentication:SharedMode] <LACSharedModeProcessor: 0x104431aa0> not available in this platform
2026-09-30 23:34:33.582 Df coreauthd[93298:c60af8] [com.apple.LocalAuthentication:Default] Skipping processing of request rid: 32 by <LACSharedModeProcessor: 0x104431aa0>
2026-09-30 23:34:33.582 Df coreauthd[93298:c60af8] [com.apple.LocalAuthentication:Default] Skipping processing of request rid: 32 by <LACDTOServiceProcessor: 0x1046680c0>
2026-09-30 23:34:33.582 Df coreauthd[93298:c60af8] [com.apple.LocalAuthentication:Default] Returning cached eligibility result: true for domain: LACEligibilityDomainPhoneIntegration
2026-09-30 23:34:33.582 Df coreauthd[93298:c60af8] [com.apple.LocalAuthentication:Default] Returning cached eligibility result: true for domain: LACEligibilityDomainPhoneIntegration
2026-09-30 23:34:33.582 Df coreauthd[93298:c60af8] [com.apple.LocalAuthentication:Default] Skipping processing of request rid: 32 by <LACPhoneIntegrationSessionProcessor: 0x1044ef4a0>
2026-09-30 23:34:33.582 Df coreauthd[93298:c60af8] [com.apple.LocalAuthentication:ABM] <LACOnenessController: 0x104478f00> Not handling request rid: 32 - session not active
2026-09-30 23:34:33.582 Df coreauthd[93298:c60af8] [com.apple.LocalAuthentication:Default] Skipping processing of request rid: 32 by <LACOnenessController: 0x104478f00>
2026-09-30 23:34:33.582 Df coreauthd[93298:c60af8] [com.apple.LocalAuthentication:Default] Returning cached eligibility result: true for domain: LACEligibilityDomainPhoneIntegration
2026-09-30 23:34:33.582 Df coreauthd[93298:c60af8] [com.apple.LocalAuthentication:Default] Returning cached eligibility result: true for domain: LACEligibilityDomainPhoneIntegration
2026-09-30 23:34:33.582 Df coreauthd[93298:c60af8] [com.apple.LocalAuthentication:ABM] <LACPhoneIntegrationController: 0x1044790c0> Not handling request rid: 32 - session not active
2026-09-30 23:34:33.583 Df coreauthd[93298:c60af8] [com.apple.LocalAuthentication:Default] Skipping processing of request rid: 32 by <LACPhoneIntegrationController: 0x1044790c0>
2026-09-30 23:34:33.583 Df coreauthd[93298:c60af8] [com.apple.LocalAuthentication:Default] Skipping processing of request rid: 32 by <LACApplePayBiometryToggleProcessor: 0x104668080>
2026-09-30 23:34:33.583 Df coreauthd[93298:c60af8] [com.apple.LocalAuthentication:Default] Skipping processing of request rid: 32 by <LACStashedCredentialsProcessor: 0x104668060>
2026-09-30 23:34:33.583 Df coreauthd[93298:c60af8] [com.apple.LocalAuthentication:Default] Returning cached eligibility result: true for domain: LACEligibilityDomainPhoneIntegration
2026-09-30 23:34:33.583 Df coreauthd[93298:c60af8] [com.apple.LocalAuthentication:Default] Returning cached eligibility result: true for domain: LACEligibilityDomainPhoneIntegration
2026-09-30 23:34:33.583 Df coreauthd[93298:c60af8] [com.apple.LocalAuthentication:ABM] <LACPhoneIntegrationController: 0x1044790c0> Not handling request rid: 32 - session not active
2026-09-30 23:34:33.583 Df coreauthd[93298:c60af8] [com.apple.LocalAuthentication:ABM] <LACOnenessController: 0x104478f00> Not handling request rid: 32 - session not active
2026-09-30 23:34:33.583 Df coreauthd[93298:c60af8] [com.apple.LocalAuthentication:Default] Returning cached eligibility result: true for domain: LACEligibilityDomainPhoneIntegration
2026-09-30 23:34:33.583 Df coreauthd[93298:c60af8] [com.apple.LocalAuthentication:Default] Returning cached eligibility result: true for domain: LACEligibilityDomainPhoneIntegration
2026-09-30 23:34:33.583 Df coreauthd[93298:c60af8] [com.apple.LocalAuthentication:SharedMode] <LACSharedModeProcessor: 0x104431aa0> not available in this platform
2026-09-30 23:34:33.583 Df MobileSafari[23470:c62e96] [com.apple.LocalAuthentication:Client] canEvaluatePolicy:4 on LAContext[1:11:0] cid:4 returned Error Domain=com.apple.LocalAuthentication Code=-1020 "This call is not supported on iOS Simulator." UserInfo={NSDebugDescription=This call is not supp
2026-09-30 23:34:33.640 Df MobileSafari[23470:c62e99] [com.apple.mobilesafari:SuddenTerminationDisabler] Beginning new task assertion with reason: com.apple.SafariShared.WBSFormAutoFillCorrectionsSQLiteStore
2026-09-30 23:34:33.641 Df MobileSafari[23470:c62e99] [com.apple.mobilesafari:SuddenTerminationDisabler] Did begin task assertion with reason com.apple.SafariShared.WBSFormAutoFillCorrectionsSQLiteStore
2026-09-30 23:34:33.641 Df MobileSafari[23470:c62e99] [com.apple.mobilesafari:SuddenTerminationDisabler] Ending task assertion with reason com.apple.SafariShared.WBSFormAutoFillCorrectionsSQLiteStore
2026-09-30 23:34:33.799 Df MobileSafari[23470:c62d2d] [com.apple.appintents:View] Attaching custom entity provider to view: <TabDocumentView: 0x1095b0200; frame = (0 0; 0 0); layer = <CALayer: 0x1098559e0>>
2026-09-30 23:34:34.077 Df MobileSafari[23470:c62e97] [com.apple.mobilesafari:CloudBookmarks] Requesting local migration state from data provider
2026-09-30 23:34:34.084 Df MobileSafari[23470:c62d2d] [com.apple.xpc:connection] [0x13cc8b5c0] activating connection: mach=true listener=false peer=false name=com.apple.AuthenticationServices.AutoFill
2026-09-30 23:34:34.089 Df MobileSafari[23470:c62e9f] [com.apple.mobilesafari:Keychain] Ongoing credential sharing is disabled because iCloud Keychain is disabled
2026-09-30 23:34:34.091 Df MobileSafari[23470:c62e9f] [com.apple.mobilesafari:Passwords] Not fetching shared account groups because ongoing credential sharing is disabled
2026-09-30 23:34:34.091 E  MobileSafari[23470:c62ea0] [com.apple.mobilesafari:Passwords] Failed to fetch current user participant ID with error: Error Domain=KCSharingErrorDomain Code=43 "(null)"
2026-09-30 23:34:34.091 Df MobileSafari[23470:c62ea0] [com.apple.mobilesafari:Passwords] Beginning saved account store load
2026-09-30 23:34:34.091 E  MobileSafari[23470:c62ea4] [com.apple.mobilesafari:Passwords] Failed to provision for password sharing with error: Error Domain=KCSharingErrorDomain Code=33 "(null)" UserInfo={NSUnderlyingError=0x10985aa30 {Error Domain=KCSharingErrorDomain Code=35 "(null)"}}
2026-09-30 23:34:34.092 Df MobileSafari[23470:c62ea0] [com.apple.mobilesafari:Passwords] No passkeys found.
2026-09-30 23:34:34.093 E  cfprefsd[86798:c62b7c] [com.apple.defaults:cfprefsd] Couldn't open /Library/Managed Preferences/mobile/com.apple.Passwords.plist due to No such file or directory
2026-09-30 23:34:34.093 E  cfprefsd[86798:c62b7c] [com.apple.defaults:cfprefsd] Couldn't open /Library/Managed Preferences/com.apple.Passwords.plist due to No such file or directory
2026-09-30 23:34:34.093 E  cfprefsd[86798:c62b7c] [com.apple.defaults:cfprefsd] Couldn't open /Users/tarunyadgirkar/Library/Developer/CoreSimulator/Devices/CF361191-F960-4212-9B76-7C41256A11C9/data/Library/Preferences/com.apple.Passwords.plist due to No such file or directory
2026-09-30 23:34:34.093 E  cfprefsd[86798:c62b7c] [com.apple.defaults:cfprefsd] Couldn't open /Users/tarunyadgirkar/Library/Developer/CoreSimulator/Devices/CF361191-F960-4212-9B76-7C41256A11C9/data/Library/Preferences/ByHost/com.apple.Passwords..plist due to No such file or directory
2026-09-30 23:34:34.094 E  cfprefsd[86798:c62b7c] [com.apple.defaults:cfprefsd] Couldn't open /Library/Managed Preferences/mobile/com.apple.Passwords.plist due to No such file or directory
2026-09-30 23:34:34.095 E  cfprefsd[86798:c62b7c] [com.apple.defaults:cfprefsd] Couldn't open /Library/Managed Preferences/com.apple.Passwords.plist due to No such file or directory
2026-09-30 23:34:34.095 E  cfprefsd[86798:c62b7c] [com.apple.defaults:cfprefsd] Couldn't open /Users/tarunyadgirkar/Library/Developer/CoreSimulator/Devices/CF361191-F960-4212-9B76-7C41256A11C9/data/Library/Preferences/com.apple.Passwords.plist due to No such file or directory
2026-09-30 23:34:34.095 E  cfprefsd[86798:c62b7c] [com.apple.defaults:cfprefsd] Couldn't open /Users/tarunyadgirkar/Library/Developer/CoreSimulator/Devices/CF361191-F960-4212-9B76-7C41256A11C9/data/Library/Preferences/ByHost/com.apple.Passwords..plist due to No such file or directory
2026-09-30 23:34:34.099 E  MobileSafari[23470:c62ea0] [com.apple.mobilesafari:Passwords] Could not fetch passkeys: -25300
2026-09-30 23:34:34.105 Df MobileSafari[23470:c62ea0] [com.apple.mobilesafari:Keychain] No credential items found in access group com.apple.cfnetwork
2026-09-30 23:34:34.108 Df MobileSafari[23470:c62ea0] [com.apple.mobilesafari:Keychain] -[WBSSavedAccountStore _loadSavedAccountsWithPasswordsFromKeychainData:forGroupID:withDictionaryForSavedAccountsWithPasswords:fromRecentlyDeleted:]: Loaded 0 password keychain records from group:  from Recently D
2026-09-30 23:34:34.109 Df MobileSafari[23470:c62ea0] [com.apple.mobilesafari:Keychain] -[WBSSavedAccountStore _loadSavedAccountsWithPasswordsFromKeychainData:forGroupID:withDictionaryForSavedAccountsWithPasswords:fromRecentlyDeleted:]: loaded 0 sidecar items from personal keychain
2026-09-30 23:34:34.116 Df MobileSafari[23470:c62ea0] [com.apple.mobilesafari:Passwords] Skipping fetching of Sign in with Apple accounts since the bundle identifier (com.apple.mobilesafari) doesn't match Passwords app or Passwords menu bar app.
2026-09-30 23:34:34.116 Df MobileSafari[23470:c62ea0] [com.apple.mobilesafari:Passwords] Completed saved account store load
2026-09-30 23:34:34.116 Df MobileSafari[23470:c62e9a] [com.apple.mobilesafari:Keychain] Ongoing credential sharing is disabled because iCloud Keychain is disabled
2026-09-30 23:34:34.116 Df MobileSafari[23470:c62e9a] [com.apple.mobilesafari:Passwords] Not fetching shared account groups because ongoing credential sharing is disabled
2026-09-30 23:34:34.117 Df MobileSafari[23470:c62ea0] [com.apple.mobilesafari:Keychain] No credential items found in access group com.apple.cfnetwork-recently-deleted
2026-09-30 23:34:34.120 Df MobileSafari[23470:c62ea0] [com.apple.mobilesafari:Keychain] -[WBSSavedAccountStore _loadSavedAccountsWithPasswordsFromKeychainData:forGroupID:withDictionaryForSavedAccountsWithPasswords:fromRecentlyDeleted:]: Loaded 0 password keychain records from group:  from Recently D
2026-09-30 23:34:34.124 Df MobileSafari[23470:c62ea0] [com.apple.mobilesafari:Keychain] -[WBSSavedAccountStore _loadSavedAccountsWithPasswordsFromKeychainData:forGroupID:withDictionaryForSavedAccountsWithPasswords:fromRecentlyDeleted:]: loaded 0 sidecar items from personal keychain
2026-09-30 23:34:34.125 Df MobileSafari[23470:c62e9f] [com.apple.mobilesafari:Keychain] Ongoing credential sharing is disabled because iCloud Keychain is disabled
2026-09-30 23:34:34.125 Df MobileSafari[23470:c62e9f] [com.apple.mobilesafari:Passwords] Not fetching shared account groups because ongoing credential sharing is disabled
2026-09-30 23:34:34.135 Df MobileSafari[23470:c62e9a] [com.apple.mobilesafari:Passwords] Reloading generated passwords store
2026-09-30 23:34:34.139 Df MobileSafari[23470:c62e9a] [com.apple.mobilesafari:Keychain] No recently generated password items found in access group com.apple.password-manager.generated-passwords
2026-09-30 23:34:34.142 Df MobileSafari[23470:c62e9a] [com.apple.mobilesafari:Passwords] Finished reloading generated passwords store
2026-09-30 23:34:34.192 Df MobileSafari[23470:c62d2d] [com.apple.xpc:connection] [0x13cc8a800] activating connection: mach=true listener=false peer=false name=com.apple.AuthenticationServices.AutoFill
2026-09-30 23:34:34.195 Df MobileSafari[23470:c62ea1] [com.apple.PlugInKit:discovery] [d 4CB6A04B-E7B7-47B6-B44D-02E59D72DADC] <PKHost:0x105f81980> Beginning discovery for flags: 0, point: com.apple.authentication-services-credential-provider-ui
    NSExtensionPointName = "com.apple.authentication-services-credential-provider-ui";
    <EXConcreteExtension: 0x13cf6ddc0> {id = com.tarunyadgirkar.prefill.spike.textinsert.provider}
2026-09-30 23:34:34.451 Df SpringBoard[86754:c334f8] [com.apple.UIKit:KeyboardSceneDelegate] Tracking provider: updateProviderFromRemoteUpdate for info: <<<_UIKeyboardChangedInformation: 0x11f760900>; appId (null) bundleId (null) animation fence (null); position {{0, 0}, {0, 0}}; animated YES; on sc
2026-09-30 23:34:34.453 Df SpringBoard[86754:c334f8] [com.apple.UIKit:KeyboardSceneDelegate] Tracking provider: updateProviderFromRemoteUpdate for info: <<<_UIKeyboardChangedInformation: 0x11f760900>; appId (null) bundleId (null) animation fence (null); position {{0, 0}, {0, 0}}; animated YES; on sc
2026-09-30 23:34:34.455 Df SpringBoard[86754:c334f8] [com.apple.UIKit:KeyboardSceneDelegate] Tracking provider: updateProviderFromRemoteUpdate for info: <<<_UIKeyboardChangedInformation: 0x11f760900>; appId (null) bundleId (null) animation fence (null); position {{0, 0}, {0, 0}}; animated YES; on sc
2026-09-30 23:34:34.457 Df SpringBoard[86754:c334f8] [com.apple.UIKit:KeyboardSceneDelegate] Tracking provider: updateProviderFromRemoteUpdate for info: <<<_UIKeyboardChangedInformation: 0x11f760900>; appId (null) bundleId (null) animation fence (null); position {{0, 0}, {0, 0}}; animated YES; on sc
2026-09-30 23:34:34.458 Df SpringBoard[86754:c334f8] [com.apple.UIKit:KeyboardSceneDelegate] Tracking provider: updateProviderFromRemoteUpdate for info: <<<_UIKeyboardChangedInformation: 0x11f760900>; appId (null) bundleId (null) animation fence (null); position {{0, 0}, {0, 0}}; animated YES; on sc
2026-09-30 23:34:34.541 Df MobileSafari[23470:c62e99] [com.apple.mobilesafari:Keychain] Ongoing credential sharing is disabled because iCloud Keychain is disabled
2026-09-30 23:34:34.541 Df MobileSafari[23470:c62e99] [com.apple.mobilesafari:Passwords] Not fetching shared account groups because ongoing credential sharing is disabled
2026-09-30 23:34:34.542 Df MobileSafari[23470:c62e99] [com.apple.mobilesafari:Passwords] Beginning saved account store load
2026-09-30 23:34:34.543 Df MobileSafari[23470:c62e99] [com.apple.mobilesafari:Passwords] No passkeys found.
2026-09-30 23:34:34.544 E  MobileSafari[23470:c62e99] [com.apple.mobilesafari:Passwords] Could not fetch passkeys: -25300
2026-09-30 23:34:34.544 Df MobileSafari[23470:c62e99] [com.apple.mobilesafari:Keychain] No credential items found in access group com.apple.cfnetwork
2026-09-30 23:34:34.544 Df MobileSafari[23470:c62e99] [com.apple.mobilesafari:Keychain] -[WBSSavedAccountStore _loadSavedAccountsWithPasswordsFromKeychainData:forGroupID:withDictionaryForSavedAccountsWithPasswords:fromRecentlyDeleted:]: Loaded 0 password keychain records from group:  from Recently D
2026-09-30 23:34:34.545 Df MobileSafari[23470:c62e99] [com.apple.mobilesafari:Keychain] -[WBSSavedAccountStore _loadSavedAccountsWithPasswordsFromKeychainData:forGroupID:withDictionaryForSavedAccountsWithPasswords:fromRecentlyDeleted:]: loaded 0 sidecar items from personal keychain
2026-09-30 23:34:34.546 Df MobileSafari[23470:c62e99] [com.apple.mobilesafari:Passwords] Skipping fetching of Sign in with Apple accounts since the bundle identifier (com.apple.mobilesafari) doesn't match Passwords app or Passwords menu bar app.
2026-09-30 23:34:34.546 Df MobileSafari[23470:c62e99] [com.apple.mobilesafari:Passwords] Completed saved account store load
2026-09-30 23:34:34.546 Df MobileSafari[23470:c62e95] [com.apple.mobilesafari:Keychain] Ongoing credential sharing is disabled because iCloud Keychain is disabled
2026-09-30 23:34:34.546 Df MobileSafari[23470:c62e95] [com.apple.mobilesafari:Passwords] Not fetching shared account groups because ongoing credential sharing is disabled
2026-09-30 23:34:34.547 Df MobileSafari[23470:c62e99] [com.apple.mobilesafari:Keychain] No credential items found in access group com.apple.cfnetwork-recently-deleted
2026-09-30 23:34:34.547 Df MobileSafari[23470:c62e99] [com.apple.mobilesafari:Keychain] -[WBSSavedAccountStore _loadSavedAccountsWithPasswordsFromKeychainData:forGroupID:withDictionaryForSavedAccountsWithPasswords:fromRecentlyDeleted:]: Loaded 0 password keychain records from group:  from Recently D
2026-09-30 23:34:34.547 Df MobileSafari[23470:c62e99] [com.apple.mobilesafari:Keychain] -[WBSSavedAccountStore _loadSavedAccountsWithPasswordsFromKeychainData:forGroupID:withDictionaryForSavedAccountsWithPasswords:fromRecentlyDeleted:]: loaded 0 sidecar items from personal keychain
2026-09-30 23:34:34.548 Df MobileSafari[23470:c62e99] [com.apple.mobilesafari:Keychain] Ongoing credential sharing is disabled because iCloud Keychain is disabled
2026-09-30 23:34:34.548 Df MobileSafari[23470:c62e99] [com.apple.mobilesafari:Passwords] Not fetching shared account groups because ongoing credential sharing is disabled
2026-09-30 23:34:34.606 Df SpringBoard[86754:c334f8] [com.apple.UIKit:KeyboardSceneDelegate] Tracking provider: updateProviderFromRemoteUpdate for info: <<<_UIKeyboardChangedInformation: 0x11f763d80>; appId (null) bundleId (null) animation fence (null); position {{0, 0}, {0, 0}}; animated YES; on sc
2026-09-30 23:34:34.608 Df SpringBoard[86754:c334f8] [com.apple.UIKit:KeyboardSceneDelegate] Tracking provider: updateProviderFromRemoteUpdate for info: <<<_UIKeyboardChangedInformation: 0x11f763d80>; appId (null) bundleId (null) animation fence (null); position {{0, 0}, {0, 0}}; animated YES; on sc
2026-09-30 23:34:34.609 Df SpringBoard[86754:c334f8] [com.apple.UIKit:KeyboardSceneDelegate] Tracking provider: updateProviderFromRemoteUpdate for info: <<<_UIKeyboardChangedInformation: 0x11f763d80>; appId (null) bundleId (null) animation fence (null); position {{0, 0}, {0, 0}}; animated YES; on sc
2026-09-30 23:34:34.612 Df SpringBoard[86754:c334f8] [com.apple.UIKit:KeyboardSceneDelegate] Tracking provider: updateProviderFromRemoteUpdate for info: <<<_UIKeyboardChangedInformation: 0x11f763d80>; appId (null) bundleId (null) animation fence (null); position {{0, 0}, {0, 0}}; animated YES; on sc
2026-09-30 23:34:34.614 Df SpringBoard[86754:c334f8] [com.apple.UIKit:KeyboardSceneDelegate] Tracking provider: updateProviderFromRemoteUpdate for info: <<<_UIKeyboardChangedInformation: 0x11f763d80>; appId (null) bundleId (null) animation fence (null); position {{0, 0}, {0, 0}}; animated YES; on sc
2026-09-30 23:34:35.032 Df MobileSafari[23470:c62e99] [com.apple.useractivity:main] ENCODE: Caching encoded userInfo to use until we are marked dirty again, returning encoded result $4d50030581b9636f6d2e6170706c652e5361666172692e436c6f756454616281.. 68 ..bf687474703a2f2f6c6f63616c686f73743a383830342
2026-09-30 23:34:35.460 Df MobileSafari[23470:c62d2d] [com.apple.WebKit:AppSSO] 0x1131780c0 - SOAuthorizationCoordinator::tryAuthorize
2026-09-30 23:34:35.460 Df MobileSafari[23470:c62d2d] [com.apple.WebKit:AppSSO] 0x1131780c0 - SOAuthorizationCoordinator::canAuthorize: Calling async canPerformAuthorizationWithURL
2026-09-30 23:34:35.464 A  MobileSafari[23470:c62d2d] (AppSSO) canPerformAuthorizationWithURL
2026-09-30 23:34:35.464 A  MobileSafari[23470:c62d2d] (AppSSOCore) canPerformAuthorizationWithURL
2026-09-30 23:34:35.466 Df MobileSafari[23470:c62d2d] [com.apple.xpc:connection] [0x13cead680] activating connection: mach=true listener=false peer=false name=com.apple.ak.authorizationservices.xpc
2026-09-30 23:34:35.466 Df akd[86957:c60aee] [com.apple.xpc:connection] [0x101ccc780] activating connection: mach=false listener=false peer=true name=com.apple.ak.authorizationservices.xpc.peer[23470].0x101ccc780
2026-09-30 23:34:35.467 Df MobileSafari[23470:c62ea3] [com.apple.authkit:nto] Authorization controller should process URL async: NO
2026-09-30 23:34:35.467 Df MobileSafari[23470:c62d2d] [com.apple.WebKit:AppSSO] SOAuthorizationCoordinator::canAuthorize: Async canPerformAuthorizationWithURL completed, result=0
2026-09-30 23:34:35.467 Df MobileSafari[23470:c62d2d] [com.apple.WebKit:AppSSO] SOAuthorizationCoordinator::tryAuthorize: The requested URL is not registered for AppSSO handling. No further action needed.
2026-09-30 23:34:35.562 Df SpringBoard[86754:c334f8] [com.apple.UIKit:KeyboardSceneDelegate] Tracking provider: updateProviderFromRemoteUpdate for info: <<<_UIKeyboardChangedInformation: 0x11f763900>; appId (null) bundleId (null) animation fence (null); position {{0, 0}, {0, 0}}; animated YES; on sc
2026-09-30 23:34:35.563 Df SpringBoard[86754:c334f8] [com.apple.UIKit:KeyboardSceneDelegate] Tracking provider: updateProviderFromRemoteUpdate for info: <<<_UIKeyboardChangedInformation: 0x11f763900>; appId (null) bundleId (null) animation fence (null); position {{0, 0}, {0, 0}}; animated YES; on sc
2026-09-30 23:34:35.565 Df SpringBoard[86754:c334f8] [com.apple.UIKit:KeyboardSceneDelegate] Tracking provider: updateProviderFromRemoteUpdate for info: <<<_UIKeyboardChangedInformation: 0x11f763900>; appId (null) bundleId (null) animation fence (null); position {{0, 0}, {0, 0}}; animated YES; on sc
2026-09-30 23:34:35.567 Df SpringBoard[86754:c334f8] [com.apple.UIKit:KeyboardSceneDelegate] Tracking provider: updateProviderFromRemoteUpdate for info: <<<_UIKeyboardChangedInformation: 0x11f763900>; appId (null) bundleId (null) animation fence (null); position {{0, 0}, {0, 0}}; animated YES; on sc
2026-09-30 23:34:35.569 Df SpringBoard[86754:c334f8] [com.apple.UIKit:KeyboardSceneDelegate] Tracking provider: updateProviderFromRemoteUpdate for info: <<<_UIKeyboardChangedInformation: 0x11f763900>; appId (null) bundleId (null) animation fence (null); position {{0, 0}, {0, 0}}; animated YES; on sc
2026-09-30 23:34:35.633 E  MobileSafari[23470:c62d2d] [com.apple.mobilesafari:FaviconProvider] Failed to get image information from icon data with error: Error Domain=WKErrorDomain Code=1 "(null)"
2026-09-30 23:34:35.633 E  MobileSafari[23470:c62e99] [com.apple.mobilesafari:FaviconProvider] Failed to get image from icon data for page URL: <mask.hash: '64wCvwNuxNWcUKc5SRlaaA=='> - data 0 bytes
2026-09-30 23:34:35.645 Df MobileSafari[23470:c62d2d] [com.apple.WebKit:AppSSO] 0x1131780c0 - SOAuthorizationCoordinator::tryAuthorize
2026-09-30 23:34:35.645 Df MobileSafari[23470:c62d2d] [com.apple.WebKit:AppSSO] 0x1131780c0 - SOAuthorizationCoordinator::canAuthorize: Calling async canPerformAuthorizationWithURL
2026-09-30 23:34:35.645 A  MobileSafari[23470:c62d2d] (AppSSO) canPerformAuthorizationWithURL
2026-09-30 23:34:35.645 A  MobileSafari[23470:c62d2d] (AppSSOCore) canPerformAuthorizationWithURL
2026-09-30 23:34:35.646 Df MobileSafari[23470:c62ea4] [com.apple.authkit:nto] Authorization controller should process URL async: NO
2026-09-30 23:34:35.646 Df MobileSafari[23470:c62d2d] [com.apple.WebKit:AppSSO] SOAuthorizationCoordinator::canAuthorize: Async canPerformAuthorizationWithURL completed, result=0
2026-09-30 23:34:35.646 Df MobileSafari[23470:c62d2d] [com.apple.WebKit:AppSSO] SOAuthorizationCoordinator::tryAuthorize: The requested URL is not registered for AppSSO handling. No further action needed.
2026-09-30 23:34:35.687 Df SpringBoard[86754:c334f8] [com.apple.UIKit:KeyboardSceneDelegate] Tracking provider: updateProviderFromRemoteUpdate for info: <<<_UIKeyboardChangedInformation: 0x11f763d80>; appId (null) bundleId (null) animation fence (null); position {{0, 0}, {0, 0}}; animated YES; on sc
2026-09-30 23:34:35.689 Df SpringBoard[86754:c334f8] [com.apple.UIKit:KeyboardSceneDelegate] Tracking provider: updateProviderFromRemoteUpdate for info: <<<_UIKeyboardChangedInformation: 0x11f763d80>; appId (null) bundleId (null) animation fence (null); position {{0, 0}, {0, 0}}; animated YES; on sc
2026-09-30 23:34:35.690 Df SpringBoard[86754:c334f8] [com.apple.UIKit:KeyboardSceneDelegate] Tracking provider: updateProviderFromRemoteUpdate for info: <<<_UIKeyboardChangedInformation: 0x11f763d80>; appId (null) bundleId (null) animation fence (null); position {{0, 0}, {0, 0}}; animated YES; on sc
2026-09-30 23:34:35.692 Df SpringBoard[86754:c334f8] [com.apple.UIKit:KeyboardSceneDelegate] Tracking provider: updateProviderFromRemoteUpdate for info: <<<_UIKeyboardChangedInformation: 0x11f763d80>; appId (null) bundleId (null) animation fence (null); position {{0, 0}, {0, 0}}; animated YES; on sc
2026-09-30 23:34:35.694 Df SpringBoard[86754:c334f8] [com.apple.UIKit:KeyboardSceneDelegate] Tracking provider: updateProviderFromRemoteUpdate for info: <<<_UIKeyboardChangedInformation: 0x11f763d80>; appId (null) bundleId (null) animation fence (null); position {{0, 0}, {0, 0}}; animated YES; on sc
2026-09-30 23:34:35.941 Df MobileSafari[23470:c62d2d] [com.apple.mobilesafari:Passwords] Enqueueing asynchronous query for saved accounts matching criteria <private>
2026-09-30 23:34:35.941 Df MobileSafari[23470:c62e98] [com.apple.mobilesafari:Passwords] Beginning query for saved accounts matching criteria
2026-09-30 23:34:35.942 Df AuthenticationServicesAgent[88774:c60e5a] [com.apple.xpc:connection] [0x101530500] activating connection: mach=false listener=false peer=true name=com.apple.AuthenticationServices.AutoFill.peer[23470].0x101530500
2026-09-30 23:34:35.943 Df MobileSafari[23470:c62e98] [com.apple.mobilesafari:AutoFill] Found 0 tree matches for <private> and associated domains: <private>
2026-09-30 23:34:35.943 Df MobileSafari[23470:c62e98] [com.apple.mobilesafari:AutoFill] Executed query for host '<mask.hash: '5E1k/18KlYnvLq3ANOjFsQ=='>' with partial username '<mask.hash: 'yQzvp0++M4HUHBE/Rq0zFw=='>', prefix
2026-09-30 23:34:35.943 Df MobileSafari[23470:c62e98] [com.apple.mobilesafari:AutoFill] Query returned 0 matches
2026-09-30 23:34:35.943 Df MobileSafari[23470:c62e98] [com.apple.mobilesafari:Passwords] Finished query for saved accounts matching criteria
2026-09-30 23:34:36.389 Df assistantd[86756:c62cbe] [com.apple.siri.sirinetwork:Network] Provider - Network setup: session set guzzoni.apple.com
2026-09-30 23:34:36.389 Df assistantd[86756:c62cbe] [com.apple.siri.sirinetwork:Network] Provider - Network setup: Multipath service interactive
2026-09-30 23:34:36.389 Df assistantd[86756:c62cbe] [com.apple.siri.sirinetwork:Network] Provider - Network setup: Source application assigned (audit_token_t).
2026-09-30 23:34:36.395 E  siriknowledged[87223:c62a7f] [com.apple.launchservices:registration] no install info, bundle at <FSNode 0x101d493e0> { isDir = ?, path = '/Users/tarunyadgirkar/Library/Developer/CoreSimulator/Devices/CF361191-F960-4212-9B76-7C41256A11C9/data/Containers/Bundle/Application/3
2026-09-30 23:34:36.399 E  siriknowledged[87223:c62a7f] [com.apple.launchservices:registration] no install info, bundle at <FSNode 0x101d493e0> { isDir = ?, path = '/private/var/run/com.apple.security.cryptexd/mnt/com.apple.iPhoneOS.SimulatorRuntime-v24.1.434.0.GOjTIm/Library/Developer/CoreSimulator
2026-09-30 23:34:36.411 Df MobileSafari[23470:c62ea4] [com.apple.xpc.activity:Client] xpc_activity_register: com.apple.safarishared.WBSParsecDSession.autoFillDataUpdate, criteria: dictionary
2026-09-30 23:34:36.412 Df MobileSafari[23470:c62ea4] [com.apple.xpc.activity:Client] _xpc_activity_register: com.apple.safarishared.WBSParsecDSession.autoFillDataUpdate (0x13c19e4e0), 0
2026-09-30 23:34:36.412 Df MobileSafari[23470:c62ea4] [com.apple.xpc.activity:Client] xpc_activity_set_criteria: com.apple.safarishared.WBSParsecDSession.autoFillDataUpdate (0x13c19e4e0), dict
2026-09-30 23:34:36.412 Df MobileSafari[23470:c62ea4] [com.apple.xpc.activity:Client] xpc_activity_set_criteria, lower half: com.apple.safarishared.WBSParsecDSession.autoFillDataUpdate (0x13c19e4e0), dict
2026-09-30 23:34:36.412 Df MobileSafari[23470:c62ea4] [com.apple.xpc.activity:Client] _xpc_activity_set_criteria: com.apple.safarishared.WBSParsecDSession.autoFillDataUpdate (0x13c19e4e0), dict
2026-09-30 23:34:36.412 Df MobileSafari[23470:c62ea4] [com.apple.xpc.activity:Client] _xpc_activity_set_criteria: xpc_set_event com.apple.safarishared.WBSParsecDSession.autoFillDataUpdate, 1
2026-09-30 23:34:36.413 Df UserEventAgent[86753:c63138] [com.apple.xpc.activity:Internal] Creating on XPC add event: com.apple.safarishared.WBSParsecDSession.autoFillDataUpdate
2026-09-30 23:34:36.414 Df UserEventAgent[86753:c63138] [com.apple.xpc.activity:Internal] Created: com.apple.safarishared.WBSParsecDSession.autoFillDataUpdate (0x103e3f340)
2026-09-30 23:34:36.414 Df UserEventAgent[86753:c63138] [com.apple.xpc.activity:Activities] Registered: com.apple.safarishared.WBSParsecDSession.autoFillDataUpdate (0x103e3f340)
2026-09-30 23:34:36.414 Df MobileSafari[23470:c62ea4] [com.apple.xpc.activity:Client] xpc_activity_set_criteria: com.apple.safarishared.WBSParsecDSession.autoFillDataUpdate (0x13c19e4e0), setting state now to 1
2026-09-30 23:34:36.414 Df MobileSafari[23470:c62ea4] [com.apple.xpc.activity:Client] _xpc_activity_set_state: com.apple.safarishared.WBSParsecDSession.autoFillDataUpdate (0x13c19e4e0), 1
    "com.apple.gm.vip_and_blocked_provider.generic" = ENABLED;
2026-09-30 23:34:36.414 Df generativeexperiencesd[87173:c615b0] [com.apple.UnifiedAssetFramework:Client] -[UAFAssetSet assetNamed:] 8076A17A-F72B-4FB4-A483-F2A222163B3E: Returning com.apple.gm.vip_and_blocked_provider.generic from source none
2026-09-30 23:34:36.415 Df generativeexperiencesd[87173:c615b0] [com.apple.ModelCatalog:General] Failed to find asset named com.apple.gm.vip_and_blocked_provider.generic in asset set com.apple.MobileAsset.UAF.FM.Overrides
2026-09-30 23:34:36.415 E  generativeexperiencesd[87173:c615b0] [com.apple.externalproviderservice:General] Failed to read blocked data from Model Catalog: ModelCatalog.CatalogErrors.AssetErrors.failedToFindAsset("com.apple.gm.vip_and_blocked_provider.generic - no asset")
2026-09-30 23:34:36.415 Df generativeexperiencesd[87173:c615b0] [com.apple.externalproviderservice:General] ExternalProviderService: configuration changed, refreshing cache
2026-09-30 23:34:36.415 E  generativeexperiencesd[87173:c615b0] [com.apple.externalproviderservice:Metadata] received nil from UserDefaults for externalProviderMetadata
2026-09-30 23:34:36.416 E  generativeexperiencesd[87173:c615b0] [com.apple.externalproviderservice:Metadata] received an empty metadata for external providers
2026-09-30 23:34:36.428 Df generativeexperiencesd[87173:c615b0] [com.apple.externalproviderservice:General] Adding AgentIntent provider: ChatGPT providerID=com.apple.gms.GenerativePartnerPrototypeExtension.GenerativePartnerPrototypeIntentChatGPT bundleID=com.openai.chat isVip=false implementsAgentIn
2026-09-30 23:34:36.429 Df generativeexperiencesd[87173:c615b0] [com.apple.externalproviderservice:General] installedExternalProviders: ChatGPT providerID=com.apple.gms.GenerativePartnerPrototypeExtension.GenerativePartnerPrototypeIntentChatGPT bundleID=com.openai.chat isVip=false implementsAgentInt
2026-09-30 23:34:36.429 Df generativeexperiencesd[87173:c615b0] [com.apple.externalproviderservice:observing] No reportable changes found for external providers list
2026-09-30 23:34:36.559 Df assistantd[86756:c62cbe] [com.apple.siri.sirinetwork:Network] Provider - NetworkConnectionProvider [6]: Open timer scheduled (milliseconds(15000)).
2026-09-30 23:34:36.559 Df assistantd[86756:c62cbe] [com.apple.siri.sirinetwork:Network] Provider - NetworkConnectionProvider [6]: Open slow timer scheduled (milliseconds(6000)).
2026-09-30 23:34:36.559 Df assistantd[86756:c62cbe] [com.apple.siri.sirinetwork:Network] Provider - NetworkConnectionProvider [6]: Connection start
2026-09-30 23:34:36.564 Df assistantd[86756:c62a92] [com.apple.siri.sirinetwork:Network] Provider - NetworkConnectionProvider [6]: State updated to preparing. Info: [C6 guzzoni.apple.com:443 tcp, traffic class: 600, multipath service: interactive, tls, attribution: developer, path satisfied (Path is
2026-09-30 23:34:36.664 Df assistantd[86756:c62a92] [com.apple.siri.sirinetwork:Network] Provider - NetworkConnectionProvider [6]: State updated to ready. Info: [C6 connected guzzoni.apple.com:443 tcp, traffic class: 600, multipath service: interactive, tls, attribution: developer, path satisfied (P
2026-09-30 23:34:36.664 Df assistantd[86756:c62a92] [com.apple.siri.sirinetwork:Network] Provider - NetworkConnectionProvider [6]: Stale connection timer scheduled (milliseconds(90000)).
2026-09-30 23:34:36.664 Df assistantd[86756:c62a92] [com.apple.siri.sirinetwork:Network] Provider - NetworkConnectionProvider [6]: Open timer cancelled.
2026-09-30 23:34:36.664 Df assistantd[86756:c62a92] [com.apple.siri.sirinetwork:Network] Provider - NetworkConnectionProvider [6]: Open slow timer cancelled.
2026-09-30 23:34:36.664 Df assistantd[86756:c62a92] [com.apple.siri.sirinetwork:Network] Provider - NetworkConnectionProvider [6]: Connection ready.
2026-09-30 23:34:36.664 Df assistantd[86756:c62a92] [com.apple.siri.sirinetwork:Network] Background Connection - Provider. Connection ready.
2026-09-30 23:34:36.665 Df assistantd[86756:c62a92] [com.apple.siri.sirinetwork:Network] Provider - NetworkConnectionProvider [6]: Reader. Ready to receive data.
2026-09-30 23:34:36.710 Df Preferences[90646:c61c13] [com.apple.Settings.Host:Search Indexing] Skipping indexing of AppIntent OpenPasswordsSettingsExtensionSettingsDeepLink + AppValue PasswordsSettingsExtensionSettingsDeepLink as indexing type should not index it.
2026-09-30 23:34:36.710 Df Preferences[90646:c61c13] [com.apple.Settings.Host:Search Indexing] Skipping indexing of AppIntent OpenTVProviderDeepLinks + AppValue TVProviderDeepLinks as indexing type should not index it.
2026-09-30 23:34:36.908 Df assistantd[86756:c62a92] [com.apple.siri.sirinetwork:Network] Provider - NetworkConnectionProvider [6]: isMPTCP false, Analysis Info - ConnectionAnalysisInfo(connectionURL: Optional(https://guzzoni.apple.com), interfaceIndex: Optional(15), sendBufferSize: 0, wwanPreferred:
2026-09-30 23:34:36.910 Df assistantd[86756:c62a92] [com.apple.siri.sirinetwork:Network] Provider - NetworkConnectionProvider [6]: Sent data successfully
2026-09-30 23:34:36.911 Df assistantd[86756:c62a92] [com.apple.siri.sirinetwork:Network] Provider - NetworkConnectionProvider [6]: Reader. Ready to receive data.
2026-09-30 23:34:36.914 Df assistantd[86756:c62a92] [com.apple.siri.sirinetwork:Network] Provider - NetworkConnectionProvider [6]: Sent data successfully
2026-09-30 23:34:37.076 Df Preferences[90646:c62959] [com.apple.Settings.Host:Search Indexing] Skipping indexing of AppIntent OpenPasswordsSettingsExtensionSettingsDeepLink + AppValue PasswordsSettingsExtensionSettingsDeepLink as indexing type should not index it.
2026-09-30 23:34:37.076 Df Preferences[90646:c62959] [com.apple.Settings.Host:Search Indexing] Skipping indexing of AppIntent OpenTVProviderDeepLinks + AppValue TVProviderDeepLinks as indexing type should not index it.
2026-09-30 23:34:37.124 Df assistantd[86756:c62a92] [com.apple.siri.sirinetwork:Network] Provider - NetworkConnectionProvider [6]: Reader. Ready to receive data.
2026-09-30 23:34:37.126 Df assistantd[86756:c62cbe] [com.apple.siri.sirinetwork:Network] Provider - NetworkConnectionProvider [6]: Sent data successfully
2026-09-30 23:34:37.151 Df assistantd[86756:c62cbe] [com.apple.siri.sirinetwork:Network] Provider - NetworkConnectionProvider [6]: Reader. Ready to receive data.
2026-09-30 23:34:37.244 Df Preferences[90646:c62a97] [com.apple.Settings.Host:Search Indexing] Skipping indexing of AppIntent OpenPasswordsSettingsExtensionSettingsDeepLink + AppValue PasswordsSettingsExtensionSettingsDeepLink as indexing type should not index it.
2026-09-30 23:34:37.244 Df Preferences[90646:c62a97] [com.apple.Settings.Host:Search Indexing] Skipping indexing of AppIntent OpenTVProviderDeepLinks + AppValue TVProviderDeepLinks as indexing type should not index it.
2026-09-30 23:34:37.630 Df MobileSafari[23470:c62ea2] [com.apple.mobilesafari:Keychain] No credential items found in access group com.apple.cfnetwork-recently-deleted
2026-09-30 23:34:37.630 Df MobileSafari[23470:c62ea2] [com.apple.mobilesafari:Keychain] -[WBSSavedAccountStore _loadSavedAccountsWithPasswordsFromKeychainData:forGroupID:withDictionaryForSavedAccountsWithPasswords:fromRecentlyDeleted:]: Loaded 0 password keychain records from group:  from Recently D
2026-09-30 23:34:37.631 Df MobileSafari[23470:c62ea2] [com.apple.mobilesafari:Keychain] -[WBSSavedAccountStore _loadSavedAccountsWithPasswordsFromKeychainData:forGroupID:withDictionaryForSavedAccountsWithPasswords:fromRecentlyDeleted:]: loaded 0 sidecar items from personal keychain
2026-09-30 23:34:37.633 Df MobileSafari[23470:c62e98] [com.apple.mobilesafari:Keychain] Ongoing credential sharing is disabled because iCloud Keychain is disabled
2026-09-30 23:34:37.633 Df MobileSafari[23470:c62e98] [com.apple.mobilesafari:Passwords] Not fetching shared account groups because ongoing credential sharing is disabled
2026-09-30 23:34:37.777 Df MobileSafari[23470:c62d2d] [com.apple.LinkPresentation:Fetching] LPMetadataProvider<1>: acquiring process assertion
2026-09-30 23:34:37.777 Df MobileSafari[23470:c62d2d] [com.apple.LinkPresentation:Fetching] LPMetadataProvider<1>: start fetching for WKWebView
2026-09-30 23:34:37.777 Df MobileSafari[23470:c62d2d] [com.apple.LinkPresentation:Fetching] LPMetadataProvider<1>: Performing metadata extraction
2026-09-30 23:34:37.785 Df MobileSafari[23470:c62d2d] [com.apple.LinkPresentation:Fetching] LPMetadataProvider<1>: fetched metadata
2026-09-30 23:34:37.785 Df MobileSafari[23470:c62d2d] [com.apple.LinkPresentation:Fetching] LPMetadataProvider<1>: skipping subresource fetch
2026-09-30 23:34:37.785 Df MobileSafari[23470:c62d2d] [com.apple.LinkPresentation:Fetching] LPMetadataProvider<1>: starting postprocessing (has metadata=1, has error=0)
2026-09-30 23:34:37.785 Df MobileSafari[23470:c62d2d] [com.apple.LinkPresentation:Fetching] LPMetadataProvider<1>: not filtering duplicate images as configuration does not support using Vision.framework
2026-09-30 23:34:37.785 Df MobileSafari[23470:c62e99] [com.apple.LinkPresentation:Fetching] LPMetadataProvider<1>: completed (has metadata=1, has error=0)
2026-09-30 23:34:37.785 Df MobileSafari[23470:c62d2d] [com.apple.LinkPresentation:Fetching] LPMetadataProvider<1>: invalidating process assertion
2026-09-30 23:34:37.807 Df assistantd[86756:c62cbe] [com.apple.siri.sirinetwork:Network] Provider - NetworkConnectionProvider [6]: Sent data successfully
2026-09-30 23:34:38.356 Df UserEventAgent[86753:c61a62] [com.apple.xpc.activity:Activities] Initiating: com.apple.safarishared.WBSParsecDSession.autoFillDataUpdate (0x103e3f340)
2026-09-30 23:34:38.357 Df MobileSafari[23470:c62ea2] [com.apple.xpc.activity:Client] _xpc_activity_dispatch: beginning dispatch, activity name com.apple.safarishared.WBSParsecDSession.autoFillDataUpdate, seqno 1
2026-09-30 23:34:38.357 Df MobileSafari[23470:c62ea2] [com.apple.xpc.activity:Client] _xpc_activity_dispatch: com.apple.safarishared.WBSParsecDSession.autoFillDataUpdate (0x13c19e4e0): found an activity with matching seqno 1
2026-09-30 23:34:38.357 Df MobileSafari[23470:c62ea2] [com.apple.xpc.activity:Client] _xpc_activity_begin_running: com.apple.safarishared.WBSParsecDSession.autoFillDataUpdate (0x13c19e4e0) seqno: 1.
2026-09-30 23:34:38.358 Df MobileSafari[23470:c62ea2] [com.apple.xpc.activity:Client] _xpc_activity_dispatch: lower half, activity name com.apple.safarishared.WBSParsecDSession.autoFillDataUpdate (0x13c19e4e0), seqno from top half was 1
2026-09-30 23:34:38.358 Df MobileSafari[23470:c62ea2] [com.apple.xpc.activity:Client] _xpc_activity_dispatch: created connection 0x13cc8fd40 for activity name com.apple.safarishared.WBSParsecDSession.autoFillDataUpdate (0x13c19e4e0), seqno 1
2026-09-30 23:34:38.358 Df MobileSafari[23470:c62ea2] [com.apple.xpc.activity:Client] _xpc_activity_set_state: com.apple.safarishared.WBSParsecDSession.autoFillDataUpdate (0x13c19e4e0), 2
2026-09-30 23:34:38.358 Df MobileSafari[23470:c62ea2] [com.apple.xpc.activity:Client] _xpc_activity_set_state: send new state to CTS: com.apple.safarishared.WBSParsecDSession.autoFillDataUpdate (0x13c19e4e0), 2
2026-09-30 23:34:38.358 Df UserEventAgent[86753:c61a62] [com.apple.xpc.activity:Activities] Running (PID 23470): com.apple.safarishared.WBSParsecDSession.autoFillDataUpdate (0x103e3f340)
2026-09-30 23:34:38.359 Df MobileSafari[23470:c62e99] [com.apple.xpc.activity:Client] _xpc_activity_set_state_from_cts: com.apple.safarishared.WBSParsecDSession.autoFillDataUpdate (0x13c19e4e0), set activity state to 2
2026-09-30 23:34:38.359 Df MobileSafari[23470:c62e99] [com.apple.xpc.activity:Client] __XPC_ACTIVITY_CALLING_HANDLER__: com.apple.safarishared.WBSParsecDSession.autoFillDataUpdate (0x13c19e4e0), current state 2, pending state 0
2026-09-30 23:34:38.359 Df MobileSafari[23470:c62e99] [com.apple.xpc.activity:Client] _xpc_activity_set_state: com.apple.safarishared.WBSParsecDSession.autoFillDataUpdate (0x13c19e4e0), 4
2026-09-30 23:34:38.360 Df MobileSafari[23470:c62e99] [com.apple.xpc.activity:Client] __XPC_ACTIVITY_CALLING_HANDLER__ returned from handler: com.apple.safarishared.WBSParsecDSession.autoFillDataUpdate (0x13c19e4e0), current state 2, pending state 4
2026-09-30 23:34:38.360 Df MobileSafari[23470:c62ea2] [com.apple.mobilesafari:SuddenTerminationDisabler] Beginning new task assertion with reason: com.apple.SafariShared.WBSFormAutoFillCorrectionsSQLiteStore
2026-09-30 23:34:38.360 Df MobileSafari[23470:c62ea2] [com.apple.mobilesafari:SuddenTerminationDisabler] Did begin task assertion with reason com.apple.SafariShared.WBSFormAutoFillCorrectionsSQLiteStore
2026-09-30 23:34:38.361 Df MobileSafari[23470:c62e99] [com.apple.xpc.activity:Client] _xpc_activity_set_state: send new state to CTS: com.apple.safarishared.WBSParsecDSession.autoFillDataUpdate (0x13c19e4e0), 4
2026-09-30 23:34:38.361 Df MobileSafari[23470:c62ea2] [com.apple.FileURL:default] kExcludedFromBackupXattrName set on path: /Users/tarunyadgirkar/Library/Developer/CoreSimulator/Devices/67D26F69-0444-498D-ADEE-F687E565B7CB/data/Containers/Data/Application/940B02CD-FEDE-4572-85D6-606628FAFAC9/Library
2026-09-30 23:34:38.365 Df MobileSafari[23470:c62ea2] [com.apple.mobilesafari:SuddenTerminationDisabler] Ending task assertion with reason com.apple.SafariShared.WBSFormAutoFillCorrectionsSQLiteStore
2026-09-30 23:34:38.367 Df MobileSafari[23470:c62e99] [com.apple.xpc.activity:Client] _xpc_activity_set_state: com.apple.safarishared.WBSParsecDSession.autoFillDataUpdate (0x13c19e4e0), 5
2026-09-30 23:34:38.367 Df MobileSafari[23470:c62e99] [com.apple.xpc.activity:Client] _xpc_activity_set_state: send new state to CTS: com.apple.safarishared.WBSParsecDSession.autoFillDataUpdate (0x13c19e4e0), 5
2026-09-30 23:34:38.367 Df UserEventAgent[86753:c61a62] [com.apple.xpc.activity:Activities] Completed: com.apple.safarishared.WBSParsecDSession.autoFillDataUpdate (0x103e3f340)
2026-09-30 23:34:38.369 Df UserEventAgent[86753:c61a62] [com.apple.xpc.activity:Activities] Rescheduling: com.apple.safarishared.WBSParsecDSession.autoFillDataUpdate (0x103e3f340)
2026-09-30 23:34:38.369 Df MobileSafari[23470:c62e99] [com.apple.xpc.activity:Client] _xpc_activity_set_state_from_cts: com.apple.safarishared.WBSParsecDSession.autoFillDataUpdate (0x13c19e4e0), set activity state to 1
2026-09-30 23:34:38.369 Df MobileSafari[23470:c62e99] [com.apple.xpc.activity:Client] _xpc_activity_end_running: com.apple.safarishared.WBSParsecDSession.autoFillDataUpdate (0x13c19e4e0) seqno: 1.
2026-09-30 23:34:39.218 Df MobileSafari[23470:c62fd5] [com.apple.mobilesafari:AutoFill] WebContent[23505] Will not inject JavaScript in injected bundle
2026-09-30 23:34:39.360 Df MobileSafari[23470:c62d2d] [com.apple.mobilesafari:AutoFill] Creating EMOneTimeCodeAccelerator for SFAppAutoFillOneTimeCodeProvider 0x13c34f000
2026-09-30 23:34:39.370 Df MobileSafari[23470:c62ea4] [com.apple.mobilesafari:AutoFill] SFAppAutoFillOneTimeCodeProvider 0x13c34f000 added observer <SFFormAutocompleteState: 0x13c15e400>; 1 observer remain
2026-09-30 23:34:39.379 Df MobileSafari[23470:c62d2d] [com.apple.xpc:connection] [0x13cc86800] activating connection: mach=true listener=false peer=false name=com.apple.AuthenticationServices.AutoFill
2026-09-30 23:34:39.392 A  MobileSafari[23470:c62d2d] (TCC) tcc_send_request_authorization() IPC
2026-09-30 23:34:39.434 A  postersyncd[94137:c5fabe] (TCC) tcc_send_request_authorization() IPC
2026-09-30 23:34:39.440 A  postersyncd[94137:c633cd] (TCC) tcc_send_request_authorization() IPC
2026-09-30 23:34:39.448 Df MobileSafari[23470:c62ea0] [com.apple.contacts:avatar-decorator] Calling imNicknameProvider.allNicknamesForContact:contact
2026-09-30 23:34:39.459 Df MobileSafari[23470:c62ea0] [com.apple.contacts:avatar-decorator] IMNicknameProvider returned 0 nicknames
2026-09-30 23:34:39.464 Df SpringBoard[86754:c334f8] [com.apple.UIKit:KeyboardSceneDelegate] Tracking provider: updateProviderFromRemoteUpdate for info: <<<_UIKeyboardChangedInformation: 0x11f763900>; appId (null) bundleId (null) animation fence (null); position {{0, 857}, {0, 17}}; animated YES; on
2026-09-30 23:34:39.473 Df SpringBoard[86754:c334f8] [com.apple.UIKit:KeyboardSceneDelegate] Tracking provider: updateProviderFromRemoteUpdate for info: <<<_UIKeyboardChangedInformation: 0x11f763900>; appId (null) bundleId (null) animation fence (null); position {{0, 857}, {0, 17}}; animated YES; on
2026-09-30 23:34:39.479 Df SpringBoard[86754:c334f8] [com.apple.UIKit:KeyboardSceneDelegate] Tracking provider: updateProviderFromRemoteUpdate for info: <<<_UIKeyboardChangedInformation: 0x11f763900>; appId (null) bundleId (null) animation fence (null); position {{0, 857}, {0, 17}}; animated YES; on
2026-09-30 23:34:39.483 Df SpringBoard[86754:c334f8] [com.apple.UIKit:KeyboardSceneDelegate] Tracking provider: updateProviderFromRemoteUpdate for info: <<<_UIKeyboardChangedInformation: 0x11f763900>; appId (null) bundleId (null) animation fence (null); position {{0, 857}, {0, 17}}; animated YES; on
2026-09-30 23:34:39.485 Df SpringBoard[86754:c334f8] [com.apple.UIKit:KeyboardSceneDelegate] Tracking provider: updateProviderFromRemoteUpdate for info: <<<_UIKeyboardChangedInformation: 0x11f763900>; appId (null) bundleId (null) animation fence (null); position {{0, 857}, {0, 17}}; animated YES; on
2026-09-30 23:34:39.491 Df SpringBoard[86754:c334f8] [com.apple.SpringBoard:InputUI] Presenter updated from[0x0] to[<SBDeviceApplicationInputUIViewProvider: 0x11fe4faa0> - sceneID:com.apple.mobilesafari-71DD3C25-4702-4D1D-8EB9-7DEF87C13EE1] for InputUI scene: <SBSingleSceneController: 0x11398b7a0; s
2026-09-30 23:34:39.491 Df SpringBoard[86754:c334f8] [com.apple.SpringBoard:SystemUIScene] [SUIS-InputUI:[Main] - 1] setPresenter[<SBDeviceApplicationInputUIViewProvider: 0x11fe4faa0> - sceneID:com.apple.mobilesafari-71DD3C25-4702-4D1D-8EB9-7DEF87C13EE1] oldPresenter[0x0]
2026-09-30 23:34:39.503 Df SpringBoard[86754:c334f8] [com.apple.SpringBoard:SystemUIScene] [SUIS-InputUI:[Main] - 1] Presenter[<SBDeviceApplicationInputUIViewProvider: 0x11fe4faa0> - sceneID:com.apple.mobilesafari-71DD3C25-4702-4D1D-8EB9-7DEF87C13EE1] will present scene
2026-09-30 23:34:39.506 Df SpringBoard[86754:c334f8] [com.apple.SpringBoard:KeyboardFocus] _updateDeferringRules(recalculateResignActiveAssertionForActiveOverlays) sceneID:com.apple.mobilesafari-71DD3C25-4702-4D1D-8EB9-7DEF87C13EE1 hasParent:YES activeOverlayProviders:[SBDeviceApplicationInputUIView
2026-09-30 23:34:39.564 Df SpringBoard[86754:c334f8] [com.apple.UIKit:KeyboardSceneDelegate] Tracking provider: updateProviderFromRemoteUpdate for info: <<<_UIKeyboardChangedInformation: 0x11f763d80>; appId (null) bundleId (null) animation fence (null); position {{0, 546}, {402, 328}}; animated YES;
2026-09-30 23:34:39.567 Df MobileSafari[23470:c62d2d] [com.apple.UIKit:InputWindowController] Tracking provider: moveFromPlacement: <UIInputViewSetPlacementInitialPosition> toPlacement: <UIInputViewSetPlacementOnScreenWithAccessory> update to: {{0, 546}, {402, 328}}
2026-09-30 23:34:39.567 Df MobileSafari[23470:c62d2d] [com.apple.UIKit:KeyboardSceneDelegate] KeyboardTrackingCoordinator: Creating tracking provider for <_UIKeyboardInputScene: 0x13da53700; role: _UISceneSessionRoleKeyboardInputScene; persistentIdentifier: KeyboardInputScene-com.apple.frontboard.sy
2026-09-30 23:34:39.567 Df SpringBoard[86754:c334f8] [com.apple.UIKit:KeyboardSceneDelegate] Tracking provider: updateProviderFromRemoteUpdate for info: <<<_UIKeyboardChangedInformation: 0x11f763d80>; appId (null) bundleId (null) animation fence (null); position {{0, 546}, {402, 328}}; animated YES;
2026-09-30 23:34:39.569 Df InputUI[87035:c33b5c] [com.apple.UIKit:KeyboardSceneDelegate] KeyboardTrackingCoordinator: Creating tracking provider for <_UIHostedWindowScene: 0x107317980; role: UISceneSessionRoleSceneHosting; persistentIdentifier: UIHostedScene-com.apple.InputUI-677ED82E; activationSta
2026-09-30 23:34:39.569 Df InputUI[87035:c33b5c] [com.apple.UIKit:KeyboardSceneDelegate] Tracking provider: updateProviderFromRemoteUpdate for info: <<<_UIKeyboardChangedInformation: 0x10728e100>; appId (null) bundleId (null) animation fence (null); position {{0, 546}, {402, 328}}; animated YES; on 
2026-09-30 23:34:39.571 Df SpringBoard[86754:c334f8] [com.apple.UIKit:KeyboardSceneDelegate] Tracking provider: updateProviderFromRemoteUpdate for info: <<<_UIKeyboardChangedInformation: 0x11f763d80>; appId (null) bundleId (null) animation fence (null); position {{0, 546}, {402, 328}}; animated YES;
2026-09-30 23:34:39.572 Df SpringBoard[86754:c334f8] [com.apple.UIKit:KeyboardSceneDelegate] Tracking provider: updateProviderFromRemoteUpdate for info: <<<_UIKeyboardChangedInformation: 0x11f763d80>; appId (null) bundleId (null) animation fence (null); position {{0, 546}, {402, 328}}; animated YES;
2026-09-30 23:34:39.573 Df SpringBoard[86754:c334f8] [com.apple.UIKit:KeyboardSceneDelegate] Tracking provider: updateProviderFromRemoteUpdate for info: <<<_UIKeyboardChangedInformation: 0x11f763d80>; appId (null) bundleId (null) animation fence (null); position {{0, 546}, {402, 328}}; animated YES;
2026-09-30 23:34:39.798 Df MobileSafari[23470:c62d2d] [com.apple.mobilesafari:Passwords] Enqueueing synchronous query for saved accounts matching criteria <private>
2026-09-30 23:34:39.798 Df MobileSafari[23470:c62d2d] [com.apple.mobilesafari:Passwords] Beginning query for saved accounts matching criteria
2026-09-30 23:34:39.799 Df MobileSafari[23470:c62d2d] [com.apple.mobilesafari:AutoFill] Found 0 tree matches for <private> and associated domains: <private>
2026-09-30 23:34:39.799 Df MobileSafari[23470:c62d2d] [com.apple.mobilesafari:AutoFill] Executed query for host '<mask.hash: '5E1k/18KlYnvLq3ANOjFsQ=='>' with partial username '<mask.hash: 'yQzvp0++M4HUHBE/Rq0zFw=='>', prefix
2026-09-30 23:34:39.799 Df MobileSafari[23470:c62d2d] [com.apple.mobilesafari:AutoFill] Query returned 0 matches
2026-09-30 23:34:39.799 Df MobileSafari[23470:c62d2d] [com.apple.mobilesafari:Passwords] Finished query for saved accounts matching criteria
2026-09-30 23:34:39.800 Df MobileSafari[23470:c62d2d] [com.apple.mobilesafari:Passwords] Enqueueing synchronous query for saved accounts matching criteria <private>
2026-09-30 23:34:39.800 Df MobileSafari[23470:c62d2d] [com.apple.mobilesafari:Passwords] Beginning query for saved accounts matching criteria
2026-09-30 23:34:39.802 Df MobileSafari[23470:c62d2d] [com.apple.mobilesafari:AutoFill] Found 0 tree matches for <private> and associated domains: <private>
2026-09-30 23:34:39.802 Df MobileSafari[23470:c62d2d] [com.apple.mobilesafari:AutoFill] Executed query for host '<mask.hash: '5E1k/18KlYnvLq3ANOjFsQ=='>' with partial username '<mask.hash: 'yQzvp0++M4HUHBE/Rq0zFw=='>', prefix
2026-09-30 23:34:39.802 Df MobileSafari[23470:c62d2d] [com.apple.mobilesafari:AutoFill] Query returned 0 matches
2026-09-30 23:34:39.802 Df MobileSafari[23470:c62d2d] [com.apple.mobilesafari:Passwords] Finished query for saved accounts matching criteria
2026-09-30 23:34:39.802 Df MobileSafari[23470:c62d2d] [com.apple.mobilesafari:Passwords] Enqueueing synchronous query for saved accounts matching criteria <private>
2026-09-30 23:34:39.802 Df MobileSafari[23470:c62d2d] [com.apple.mobilesafari:Passwords] Beginning query for saved accounts matching criteria
2026-09-30 23:34:39.803 Df MobileSafari[23470:c62d2d] [com.apple.mobilesafari:AutoFill] Found 0 tree matches for <private> and associated domains: <private>
2026-09-30 23:34:39.803 Df MobileSafari[23470:c62d2d] [com.apple.mobilesafari:AutoFill] Executed query for host '<mask.hash: '5E1k/18KlYnvLq3ANOjFsQ=='>' with partial username '<mask.hash: 'yQzvp0++M4HUHBE/Rq0zFw=='>', prefix
2026-09-30 23:34:39.803 Df MobileSafari[23470:c62d2d] [com.apple.mobilesafari:AutoFill] Query returned 0 matches
2026-09-30 23:34:39.803 Df MobileSafari[23470:c62d2d] [com.apple.mobilesafari:Passwords] Finished query for saved accounts matching criteria
2026-09-30 23:34:39.803 Df MobileSafari[23470:c62d2d] [com.apple.mobilesafari:Passwords] Enqueueing synchronous query for saved accounts matching criteria <private>
2026-09-30 23:34:39.803 Df MobileSafari[23470:c62d2d] [com.apple.mobilesafari:Passwords] Beginning query for saved accounts matching criteria
2026-09-30 23:34:39.804 Df MobileSafari[23470:c62d2d] [com.apple.mobilesafari:AutoFill] Found 0 tree matches for <private> and associated domains: <private>
2026-09-30 23:34:39.804 Df MobileSafari[23470:c62d2d] [com.apple.mobilesafari:AutoFill] Executed query for host '<mask.hash: '5E1k/18KlYnvLq3ANOjFsQ=='>' with partial username '<mask.hash: 'yQzvp0++M4HUHBE/Rq0zFw=='>', prefix
2026-09-30 23:34:39.804 Df MobileSafari[23470:c62d2d] [com.apple.mobilesafari:AutoFill] Query returned 0 matches
2026-09-30 23:34:39.804 Df MobileSafari[23470:c62d2d] [com.apple.mobilesafari:Passwords] Finished query for saved accounts matching criteria
2026-09-30 23:34:39.805 Df MobileSafari[23470:c62d2d] [com.apple.mobilesafari:Passwords] Enqueueing synchronous query for saved accounts matching criteria <private>
2026-09-30 23:34:39.805 Df MobileSafari[23470:c62d2d] [com.apple.mobilesafari:Passwords] Beginning query for saved accounts matching criteria
2026-09-30 23:34:39.806 Df MobileSafari[23470:c62d2d] [com.apple.mobilesafari:AutoFill] Found 0 tree matches for <private> and associated domains: <private>
2026-09-30 23:34:39.806 Df MobileSafari[23470:c62d2d] [com.apple.mobilesafari:AutoFill] Executed query for host '<mask.hash: '5E1k/18KlYnvLq3ANOjFsQ=='>' with partial username '<mask.hash: (null)>', prefix
2026-09-30 23:34:39.806 Df MobileSafari[23470:c62d2d] [com.apple.mobilesafari:AutoFill] Query returned 0 matches
2026-09-30 23:34:39.806 Df MobileSafari[23470:c62d2d] [com.apple.mobilesafari:Passwords] Finished query for saved accounts matching criteria
2026-09-30 23:34:39.844 Df MobileSafari[23470:c62f89] [com.apple.DataDeliveryServices:UAFAssetProvider] Observe update notification for assetSetName: com.apple.linguisticdata
2026-09-30 23:34:39.849 Df MobileSafari[23470:c63403] [com.apple.DataDeliveryServices:UAFAssetProvider] Sandbox extension request for asset set: com.apple.linguisticdata completed successfully
2026-09-30 23:34:39.855 Df MobileSafari[23470:c62d2d] [com.apple.mobilesafari:Passwords] Enqueueing synchronous query for saved accounts matching criteria <private>
2026-09-30 23:34:39.855 Df MobileSafari[23470:c62d2d] [com.apple.mobilesafari:Passwords] Beginning query for saved accounts matching criteria
2026-09-30 23:34:39.856 Df MobileSafari[23470:c62d2d] [com.apple.mobilesafari:AutoFill] Found 0 tree matches for <private> and associated domains: <private>
2026-09-30 23:34:39.856 Df MobileSafari[23470:c62d2d] [com.apple.mobilesafari:AutoFill] Executed query for host '<mask.hash: '5E1k/18KlYnvLq3ANOjFsQ=='>' with partial username '<mask.hash: (null)>', prefix
2026-09-30 23:34:39.856 Df MobileSafari[23470:c62d2d] [com.apple.mobilesafari:AutoFill] Query returned 0 matches
2026-09-30 23:34:39.856 Df MobileSafari[23470:c62d2d] [com.apple.mobilesafari:Passwords] Finished query for saved accounts matching criteria
2026-09-30 23:34:39.863 Df MobileSafari[23470:c62d2d] [com.apple.LinkPresentation:Fetching] LPMetadataProvider<2>: acquiring process assertion
2026-09-30 23:34:39.863 Df MobileSafari[23470:c62d2d] [com.apple.LinkPresentation:Fetching] LPMetadataProvider<2>: start fetching for WKWebView
2026-09-30 23:34:39.863 Df MobileSafari[23470:c62d2d] [com.apple.LinkPresentation:Fetching] LPMetadataProvider<2>: Performing metadata extraction
2026-09-30 23:34:39.866 Df MobileSafari[23470:c62d2d] [com.apple.LinkPresentation:Fetching] LPMetadataProvider<2>: fetched metadata
2026-09-30 23:34:39.866 Df MobileSafari[23470:c62d2d] [com.apple.LinkPresentation:Fetching] LPMetadataProvider<2>: skipping subresource fetch
2026-09-30 23:34:39.866 Df MobileSafari[23470:c62d2d] [com.apple.LinkPresentation:Fetching] LPMetadataProvider<2>: starting postprocessing (has metadata=1, has error=0)
2026-09-30 23:34:39.875 Df MobileSafari[23470:c62d2d] [com.apple.LinkPresentation:Fetching] LPMetadataProvider<2>: not filtering duplicate images as configuration does not support using Vision.framework
2026-09-30 23:34:39.897 Df MobileSafari[23470:c62e96] [com.apple.LinkPresentation:Fetching] LPMetadataProvider<2>: completed (has metadata=1, has error=0)
2026-09-30 23:34:39.897 Df MobileSafari[23470:c62d2d] [com.apple.LinkPresentation:Fetching] LPMetadataProvider<2>: invalidating process assertion
2026-09-30 23:34:40.880 Df MobileSafari[23470:c62e96] (SpotlightEmbeddingCore) SPEmbeddingProvider: Registered provider SPEmbeddingModel
    "XC_kAXXCAttributeElementBaseType" = "_TtGC5UIKit17UICoreHostingViewVCS_21ToolbarVisualProvider8RootView_";
    "XC_kAXXCAttributeElementType" = "_TtGC5UIKit17UICoreHostingViewVCS_21ToolbarVisualProvider8RootView_";
    "XC_kAXXCAttributeElementBaseType" = "_TtGC5UIKit17UICoreHostingViewVCS_21ToolbarVisualProvider8RootView_";
    "XC_kAXXCAttributeElementType" = "_TtGC5UIKit17UICoreHostingViewVCS_21ToolbarVisualProvider8RootView_";
    "XC_kAXXCAttributeElementBaseType" = "_TtGC5UIKit17UICoreHostingViewVCS_21ToolbarVisualProvider8RootView_";
    "XC_kAXXCAttributeElementType" = "_TtGC5UIKit17UICoreHostingViewVCS_21ToolbarVisualProvider8RootView_";
    "XC_kAXXCAttributeElementBaseType" = "_TtGC5UIKit17UICoreHostingViewVCS_21ToolbarVisualProvider8RootView_";
    "XC_kAXXCAttributeElementType" = "_TtGC5UIKit17UICoreHostingViewVCS_21ToolbarVisualProvider8RootView_";
    ↪︎ Elements matching predicate '"AutoFill" IN identifiers'
    ↪︎ Elements matching predicate '"AutoFill" IN identifiers'
    ↪︎ Elements matching predicate '"AutoFill" IN identifiers'
    ↪︎ Elements matching predicate '"AutoFill" IN identifiers'
    MenuItem, label: 'AutoFill'
    MenuItem, label: 'AutoFill'
    MenuItem, label: 'AutoFill'
    ↪︎ Elements matching predicate '"AutoFill" IN identifiers' found matching snapshots: {(
    MenuItem, label: 'AutoFill'
    ↪︎ Elements matching predicate '"AutoFill" IN identifiers' with results: <XCTElementQueryResults: 0x13db09ef0> (error: (null))
2026-09-30 23:34:43.899 Df MobileSafari[23470:c62d2d] [com.apple.LinkPresentation:Fetching] LPMetadataProvider<3>: acquiring process assertion
2026-09-30 23:34:43.899 Df MobileSafari[23470:c62d2d] [com.apple.LinkPresentation:Fetching] LPMetadataProvider<3>: start fetching for WKWebView
2026-09-30 23:34:43.899 Df MobileSafari[23470:c62d2d] [com.apple.LinkPresentation:Fetching] LPMetadataProvider<3>: Performing metadata extraction
2026-09-30 23:34:43.900 Df MobileSafari[23470:c62d2d] [com.apple.LinkPresentation:Fetching] LPMetadataProvider<3>: fetched metadata
2026-09-30 23:34:43.900 Df MobileSafari[23470:c62d2d] [com.apple.LinkPresentation:Fetching] LPMetadataProvider<3>: skipping subresource fetch
2026-09-30 23:34:43.900 Df MobileSafari[23470:c62d2d] [com.apple.LinkPresentation:Fetching] LPMetadataProvider<3>: starting postprocessing (has metadata=1, has error=0)
2026-09-30 23:34:43.900 Df MobileSafari[23470:c62d2d] [com.apple.LinkPresentation:Fetching] LPMetadataProvider<3>: not filtering duplicate images as configuration does not support using Vision.framework
2026-09-30 23:34:43.901 Df MobileSafari[23470:c62e96] [com.apple.LinkPresentation:Fetching] LPMetadataProvider<3>: completed (has metadata=1, has error=0)
2026-09-30 23:34:43.901 Df MobileSafari[23470:c62d2d] [com.apple.LinkPresentation:Fetching] LPMetadataProvider<3>: invalidating process assertion
2026-09-30 23:34:44.187 Df trustd[87797:c63168] [com.apple.securityd:SecError] TextInsertUITest[23314]/1#-1 LF=0 NetworkingAnalyticsReport Error Domain=NSOSStatusErrorDomain Code=-4 "Networking analytics not supported in this environment" UserInfo={numberOfErrorsDeep=0, NSDescription=Networking anal
2026-09-30 23:34:44.952 Df trustd[87797:c63168] [com.apple.securityd:SecError] TextInsertUITest[23314]/1#-1 LF=0 NetworkingAnalyticsReport Error Domain=NSOSStatusErrorDomain Code=-4 "Networking analytics not supported in this environment" UserInfo={numberOfErrorsDeep=0, NSDescription=Networking anal
    "XC_kAXXCAttributeLabel" = AutoFill;
    ↪︎ Elements matching predicate '"AutoFill" IN identifiers'
    ↪︎ Elements matching predicate '"AutoFill" IN identifiers'
    ↪︎ Elements matching predicate '"AutoFill" IN identifiers'
    ↪︎ Elements matching predicate '"AutoFill" IN identifiers'
    MenuItem, label: 'AutoFill'
    MenuItem, label: 'AutoFill'
    MenuItem, label: 'AutoFill'
    ↪︎ Elements matching predicate '"AutoFill" IN identifiers' found matching snapshots: {(
    MenuItem, label: 'AutoFill'
    ↪︎ Elements matching predicate '"AutoFill" IN identifiers' with results: <XCTElementQueryResults: 0x13fd52f40> (error: (null))
2026-09-30 23:34:45.264 Df SpringBoard[86754:c334f8] [com.apple.UIKit:KeyboardSceneDelegate] Tracking provider: updateProviderFromRemoteUpdate for info: <<<_UIKeyboardChangedInformation: 0x11f760900>; appId (null) bundleId (null) animation fence (null); position {{0, 573}, {402, 301}}; animated YES;
2026-09-30 23:34:45.266 Df InputUI[87035:c33b5c] [com.apple.UIKit:KeyboardSceneDelegate] Tracking provider: updateProviderFromRemoteUpdate for info: <<<_UIKeyboardChangedInformation: 0x10728c600>; appId (null) bundleId (null) animation fence (null); position {{0, 573}, {402, 301}}; animated YES; on 
2026-09-30 23:34:45.269 Df SpringBoard[86754:c334f8] [com.apple.UIKit:KeyboardSceneDelegate] Tracking provider: updateProviderFromRemoteUpdate for info: <<<_UIKeyboardChangedInformation: 0x11f760900>; appId (null) bundleId (null) animation fence (null); position {{0, 573}, {402, 301}}; animated YES;
2026-09-30 23:34:45.272 Df SpringBoard[86754:c334f8] [com.apple.UIKit:KeyboardSceneDelegate] Tracking provider: updateProviderFromRemoteUpdate for info: <<<_UIKeyboardChangedInformation: 0x11f760900>; appId (null) bundleId (null) animation fence (null); position {{0, 573}, {402, 301}}; animated YES;
2026-09-30 23:34:45.272 Df MobileSafari[23470:c62d2d] [com.apple.UIKit:InputWindowController] Tracking provider: viewDidLayoutSubviews update to {{0, 573}, {402, 301}}
2026-09-30 23:34:45.274 Df SpringBoard[86754:c334f8] [com.apple.UIKit:KeyboardSceneDelegate] Tracking provider: updateProviderFromRemoteUpdate for info: <<<_UIKeyboardChangedInformation: 0x11f760900>; appId (null) bundleId (null) animation fence (null); position {{0, 573}, {402, 301}}; animated YES;
2026-09-30 23:34:45.275 Df SpringBoard[86754:c334f8] [com.apple.UIKit:KeyboardSceneDelegate] Tracking provider: updateProviderFromRemoteUpdate for info: <<<_UIKeyboardChangedInformation: 0x11f760900>; appId (null) bundleId (null) animation fence (null); position {{0, 573}, {402, 301}}; animated YES;
2026-09-30 23:34:45.278 Df MobileSafari[23470:c62d2d] [com.apple.UIKit:InputWindowController] Tracking provider: moveFromPlacement: <UIInputViewSetPlacementOnScreenWithAccessory> toPlacement: <UIInputViewSetPlacementOnScreenWithAccessory> update to: {{0, 573}, {402, 301}}
2026-09-30 23:34:47.292 Df trustd[87797:c63168] [com.apple.securityd:SecError] TextInsertUITest[23314]/1#-1 LF=0 NetworkingAnalyticsReport Error Domain=NSOSStatusErrorDomain Code=-4 "Networking analytics not supported in this environment" UserInfo={numberOfErrorsDeep=0, NSDescription=Networking anal
2026-09-30 23:34:48.028 Df trustd[87797:c63168] [com.apple.securityd:SecError] TextInsertUITest[23314]/1#-1 LF=0 NetworkingAnalyticsReport Error Domain=NSOSStatusErrorDomain Code=-4 "Networking analytics not supported in this environment" UserInfo={numberOfErrorsDeep=0, NSDescription=Networking anal
    ↪︎ Elements matching predicate '"Passwords" IN identifiers'
    ↪︎ Elements matching predicate '"Passwords" IN identifiers'
    ↪︎ Elements matching predicate '"Passwords" IN identifiers'
    ↪︎ Elements matching predicate '"Passwords" IN identifiers'
    Button, label: 'Passwords',
    Button, label: 'AutoFill Contact',
    Button, label: 'Passwords',
    Button, label: 'AutoFill Contact',
    Button, label: 'Passwords'
    ↪︎ Elements matching predicate '"Passwords" IN identifiers' found matching snapshots: {(
    Button, label: 'Passwords'
    ↪︎ Elements matching predicate '"Passwords" IN identifiers' with results: <XCTElementQueryResults: 0x13d8da490> (error: (null))
    ↪︎ Elements matching predicate '"Passwords" IN identifiers'
    ↪︎ Elements matching predicate '"Passwords" IN identifiers'
    ↪︎ Elements matching predicate '"Passwords" IN identifiers'
    ↪︎ Elements matching predicate '"Passwords" IN identifiers'
    Button, label: 'Passwords',
    Button, label: 'AutoFill Contact',
    Button, label: 'Passwords',
    Button, label: 'AutoFill Contact',
    Button, label: 'Passwords'
    ↪︎ Elements matching predicate '"Passwords" IN identifiers' found matching snapshots: {(
    Button, label: 'Passwords'
    ↪︎ Elements matching predicate '"Passwords" IN identifiers' with results: <XCTElementQueryResults: 0x1734543c0> (error: (null))
    ↪︎ Elements matching predicate '"Passwords" IN identifiers'
    ↪︎ Elements matching predicate '"Passwords" IN identifiers'
    ↪︎ Elements matching predicate '"Passwords" IN identifiers'
    ↪︎ Elements matching predicate '"Passwords" IN identifiers'
    Button, label: 'Passwords',
    Button, label: 'AutoFill Contact',
    Button, label: 'Passwords',
    Button, label: 'AutoFill Contact',
    Button, label: 'Passwords'
    ↪︎ Elements matching predicate '"Passwords" IN identifiers' found matching snapshots: {(
    Button, label: 'Passwords'
    ↪︎ Elements matching predicate '"Passwords" IN identifiers' with results: <XCTElementQueryResults: 0x13d8db2d0> (error: (null))
2026-09-30 23:34:48.261 Df SpringBoard[86754:c334f8] [com.apple.UIKit:KeyboardSceneDelegate] Tracking provider: updateProviderFromRemoteUpdate for info: <<<_UIKeyboardChangedInformation: 0x11f763900>; appId (null) bundleId (null) animation fence (null); position {{0, 546}, {402, 328}}; animated YES;
2026-09-30 23:34:48.262 Df InputUI[87035:c33b5c] [com.apple.UIKit:KeyboardSceneDelegate] Tracking provider: updateProviderFromRemoteUpdate for info: <<<_UIKeyboardChangedInformation: 0x10728ed00>; appId (null) bundleId (null) animation fence (null); position {{0, 546}, {402, 328}}; animated YES; on 
2026-09-30 23:34:48.265 Df SpringBoard[86754:c334f8] [com.apple.UIKit:KeyboardSceneDelegate] Tracking provider: updateProviderFromRemoteUpdate for info: <<<_UIKeyboardChangedInformation: 0x11f763900>; appId (null) bundleId (null) animation fence (null); position {{0, 546}, {402, 328}}; animated YES;
2026-09-30 23:34:48.268 Df SpringBoard[86754:c334f8] [com.apple.UIKit:KeyboardSceneDelegate] Tracking provider: updateProviderFromRemoteUpdate for info: <<<_UIKeyboardChangedInformation: 0x11f763900>; appId (null) bundleId (null) animation fence (null); position {{0, 546}, {402, 328}}; animated YES;
2026-09-30 23:34:48.269 Df MobileSafari[23470:c62d2d] [com.apple.UIKit:InputWindowController] Tracking provider: viewDidLayoutSubviews update to {{0, 546}, {402, 328}}
2026-09-30 23:34:48.270 Df SpringBoard[86754:c334f8] [com.apple.UIKit:KeyboardSceneDelegate] Tracking provider: updateProviderFromRemoteUpdate for info: <<<_UIKeyboardChangedInformation: 0x11f763900>; appId (null) bundleId (null) animation fence (null); position {{0, 546}, {402, 328}}; animated YES;
2026-09-30 23:34:48.271 Df SpringBoard[86754:c334f8] [com.apple.UIKit:KeyboardSceneDelegate] Tracking provider: updateProviderFromRemoteUpdate for info: <<<_UIKeyboardChangedInformation: 0x11f763900>; appId (null) bundleId (null) animation fence (null); position {{0, 546}, {402, 328}}; animated YES;
2026-09-30 23:34:48.273 Df MobileSafari[23470:c62d2d] [com.apple.UIKit:InputWindowController] Tracking provider: moveFromPlacement: <UIInputViewSetPlacementOnScreenWithAccessory> toPlacement: <UIInputViewSetPlacementOnScreenWithAccessory> update to: {{0, 546}, {402, 328}}
2026-09-30 23:34:48.315 Sd SpringBoard[86754:0] (CDF4E24A-4A9C-3FB3-8B3A-DD6CDC678FBA) TCC Authorization Cache
2026-09-30 23:34:49.826 Df chronod[86850:c639b0] [com.apple.chrono:authorizations] [appAuth:com.apple.SafariViewService] tcc authorization(s) changed
2026-09-30 23:34:49.872 Df SafariViewService[24111:c6392d] [com.apple.xpc:connection] [0x1064870c0] activating connection: mach=true listener=false peer=false name=com.apple.AuthenticationServices.AutoFill
2026-09-30 23:34:49.878 Df SafariViewService[24111:c6399c] [com.apple.PlugInKit:discovery] [d 863CD842-CC71-46C4-9443-1E82F1973A00] <PKHost:0x10961ac00> Beginning discovery for flags: 0, point: com.apple.authentication-services-credential-provider-ui
    NSExtensionPointName = "com.apple.authentication-services-credential-provider-ui";
    <EXConcreteExtension: 0x10663cc40> {id = com.tarunyadgirkar.prefill.spike.textinsert.provider}
2026-09-30 23:34:49.902 Df SafariViewService[24111:c6392d] [com.apple.mobilesafari:AutoFill] Creating EMOneTimeCodeAccelerator for SFAppAutoFillOneTimeCodeProvider 0x106178200
2026-09-30 23:34:49.903 Df MobileSafari[23470:c62d2d] [com.apple.LinkPresentation:Fetching] LPMetadataProvider<4>: acquiring process assertion
2026-09-30 23:34:49.903 Df MobileSafari[23470:c62d2d] [com.apple.LinkPresentation:Fetching] LPMetadataProvider<4>: start fetching for WKWebView
2026-09-30 23:34:49.903 Df MobileSafari[23470:c62d2d] [com.apple.LinkPresentation:Fetching] LPMetadataProvider<4>: Performing metadata extraction
2026-09-30 23:34:49.904 Df MobileSafari[23470:c62d2d] [com.apple.LinkPresentation:Fetching] LPMetadataProvider<4>: fetched metadata
2026-09-30 23:34:49.904 Df MobileSafari[23470:c62d2d] [com.apple.LinkPresentation:Fetching] LPMetadataProvider<4>: skipping subresource fetch
2026-09-30 23:34:49.904 Df MobileSafari[23470:c62d2d] [com.apple.LinkPresentation:Fetching] LPMetadataProvider<4>: starting postprocessing (has metadata=1, has error=0)
2026-09-30 23:34:49.904 Df MobileSafari[23470:c62d2d] [com.apple.LinkPresentation:Fetching] LPMetadataProvider<4>: not filtering duplicate images as configuration does not support using Vision.framework
2026-09-30 23:34:49.904 Df MobileSafari[23470:c63404] [com.apple.LinkPresentation:Fetching] LPMetadataProvider<4>: completed (has metadata=1, has error=0)
2026-09-30 23:34:49.905 Df MobileSafari[23470:c62d2d] [com.apple.LinkPresentation:Fetching] LPMetadataProvider<4>: invalidating process assertion
2026-09-30 23:34:49.909 Df SafariViewService[24111:c639b5] [com.apple.mobilesafari:AutoFill] SFAppAutoFillOneTimeCodeProvider 0x106178200 added observer <SFPasswordPickerServiceViewController: 0x106504500>; 1 observer remain
2026-09-30 23:34:50.051 Df SafariViewService[24111:c639a2] [com.apple.network:connection] [C1 6A0F4C38-6292-4316-A365-C9AA13DCC5A2 Hostname#56a6c9e1:443 quic-connection, url: https://configuration.apple.com/configurations/internetservices/safari/AutoFillQuirks-1.plist, definite, attribution: develop
2026-09-30 23:34:50.083 Df SafariViewService[24111:c6392d] [com.apple.xpc:connection] [0x106489180] activating connection: mach=true listener=false peer=false name=com.apple.AuthenticationServices.AutoFill
2026-09-30 23:34:50.084 Df AuthenticationServicesAgent[88774:c62aa4] [com.apple.xpc:connection] [0x101531180] activating connection: mach=false listener=false peer=true name=com.apple.AuthenticationServices.AutoFill.peer[24111].0x101531180
2026-09-30 23:34:50.090 Df SafariViewService[24111:c6392d] [com.apple.xpc:connection] [0x1064897c0] activating connection: mach=true listener=false peer=false name=com.apple.SharedWebCredentials
2026-09-30 23:34:50.090 Df swcd[87251:c62bda] [com.apple.xpc:connection] [0x1039248c0] activating connection: mach=false listener=false peer=true name=com.apple.SharedWebCredentials.peer[24111].0x1039248c0
2026-09-30 23:34:50.091 Df SafariViewService[24111:c6392d] [com.apple.xpc:connection] [0x106489900] activating connection: mach=false listener=false peer=false name=com.apple.SafariFoundation.CredentialProviderExtensionHelper
2026-09-30 23:34:50.104 Df launchd_sim[86751:c639cb] [pid/24111 [SafariViewServi]:] failed lookup: name = com.apple.SafariFoundation.CredentialProviderExtensionHelper, requestor = SafariViewServi[24111], error = 3: No such process
2026-09-30 23:34:50.105 E  SafariViewService[24111:c6399c] [com.apple.mobilesafari:Credentials] Failed to get a remote proxy object with error: Error Domain=NSCocoaErrorDomain Code=4099 "Couldn’t communicate with a helper application."
2026-09-30 23:34:50.111 Df SafariViewService[24111:c6392d] [com.apple.xpc:connection] [0x106489900] activating connection: mach=true listener=false peer=false name=com.apple.AuthenticationServices.AutoFill
2026-09-30 23:34:50.115 Df SafariViewService[24111:c639a1] [com.apple.mobilesafari:Keychain] Ongoing credential sharing is disabled because iCloud Keychain is disabled
2026-09-30 23:34:50.115 Df SafariViewService[24111:c6392d] [com.apple.containermanager:query] Query; personaid = 4294967295, type = NOPERSONA, name = <unknown>, origin [pid = 0, personaid = 0], proximate [pid = 0, personaid = 0], euid = 502, uid = 502, class = 2, identifier = [com.apple.Passwords](1
2026-09-30 23:34:50.115 Df SafariViewService[24111:c639a1] [com.apple.mobilesafari:Passwords] Not fetching shared account groups because ongoing credential sharing is disabled
2026-09-30 23:34:50.115 Df SafariViewService[24111:c6399e] [com.apple.mobilesafari:Passwords] Beginning saved account store load
2026-09-30 23:34:50.115 Df containermanagerd[86809:c35626] [com.apple.containermanager:query] Selected query plan; plan = <MCMCommandQueryPlanWithIdentities; identities = [<MCMContainerIdentity: 0x10386a1c0; userIdentity = <502/20/502/2/502>, identifier = com.apple.Passwords, class = (2)appData, pla
2026-09-30 23:34:50.120 E  SafariViewService[24111:c639a1] [com.apple.mobilesafari:Passwords] Failed to fetch current user participant ID with error: Error Domain=KCSharingErrorDomain Code=43 "(null)"
2026-09-30 23:34:50.120 E  SafariViewService[24111:c639a1] [com.apple.mobilesafari:Passwords] Failed to provision for password sharing with error: Error Domain=KCSharingErrorDomain Code=33 "(null)" UserInfo={NSUnderlyingError=0x10677be40 {Error Domain=KCSharingErrorDomain Code=35 "(null)"}}
2026-09-30 23:34:50.121 Df SafariViewService[24111:c6399e] [com.apple.mobilesafari:Passwords] No passkeys found.
2026-09-30 23:34:50.121 E  cfprefsd[86798:c62b7c] [com.apple.defaults:cfprefsd] Couldn't open /Library/Managed Preferences/mobile/com.apple.Passwords.plist due to No such file or directory
2026-09-30 23:34:50.121 E  cfprefsd[86798:c62b7c] [com.apple.defaults:cfprefsd] Couldn't open /Library/Managed Preferences/com.apple.Passwords.plist due to No such file or directory
2026-09-30 23:34:50.121 E  cfprefsd[86798:c62b7c] [com.apple.defaults:cfprefsd] Couldn't open /Users/tarunyadgirkar/Library/Developer/CoreSimulator/Devices/CF361191-F960-4212-9B76-7C41256A11C9/data/Library/Preferences/com.apple.Passwords.plist due to No such file or directory
2026-09-30 23:34:50.121 E  cfprefsd[86798:c62b7c] [com.apple.defaults:cfprefsd] Couldn't open /Users/tarunyadgirkar/Library/Developer/CoreSimulator/Devices/67D26F69-0444-498D-ADEE-F687E565B7CB/data/Containers/Data/Application/940B02CD-FEDE-4572-85D6-606628FAFAC9/Library/Preferences/ByHost/com.apple.
2026-09-30 23:34:50.122 E  cfprefsd[86798:c62b7c] [com.apple.defaults:cfprefsd] Couldn't open /Library/Managed Preferences/mobile/com.apple.Passwords.plist due to No such file or directory
2026-09-30 23:34:50.122 E  cfprefsd[86798:c62b7c] [com.apple.defaults:cfprefsd] Couldn't open /Library/Managed Preferences/com.apple.Passwords.plist due to No such file or directory
2026-09-30 23:34:50.122 E  cfprefsd[86798:c62b7c] [com.apple.defaults:cfprefsd] Couldn't open /Users/tarunyadgirkar/Library/Developer/CoreSimulator/Devices/CF361191-F960-4212-9B76-7C41256A11C9/data/Library/Preferences/com.apple.Passwords.plist due to No such file or directory
2026-09-30 23:34:50.123 E  cfprefsd[86798:c62b7c] [com.apple.defaults:cfprefsd] Couldn't open /Users/tarunyadgirkar/Library/Developer/CoreSimulator/Devices/67D26F69-0444-498D-ADEE-F687E565B7CB/data/Containers/Data/Application/940B02CD-FEDE-4572-85D6-606628FAFAC9/Library/Preferences/ByHost/com.apple.
2026-09-30 23:34:50.123 E  SafariViewService[24111:c6399e] [com.apple.mobilesafari:Passwords] Could not fetch passkeys: -25300
2026-09-30 23:34:50.125 Df SafariViewService[24111:c6399e] [com.apple.mobilesafari:Keychain] No credential items found in access group com.apple.cfnetwork
2026-09-30 23:34:50.125 Df SafariViewService[24111:c6399e] [com.apple.mobilesafari:Keychain] -[WBSSavedAccountStore _loadSavedAccountsWithPasswordsFromKeychainData:forGroupID:withDictionaryForSavedAccountsWithPasswords:fromRecentlyDeleted:]: Loaded 0 password keychain records from group:  from Recen
2026-09-30 23:34:50.126 Df SafariViewService[24111:c6399e] [com.apple.mobilesafari:Keychain] -[WBSSavedAccountStore _loadSavedAccountsWithPasswordsFromKeychainData:forGroupID:withDictionaryForSavedAccountsWithPasswords:fromRecentlyDeleted:]: loaded 0 sidecar items from personal keychain
2026-09-30 23:34:50.130 Df SafariViewService[24111:c6399e] [com.apple.mobilesafari:Passwords] Skipping fetching of Sign in with Apple accounts since the bundle identifier (com.apple.SafariViewService) doesn't match Passwords app or Passwords menu bar app.
2026-09-30 23:34:50.130 Df SafariViewService[24111:c6399e] [com.apple.mobilesafari:Passwords] Completed saved account store load
2026-09-30 23:34:50.130 Df SafariViewService[24111:c6399e] [com.apple.mobilesafari:Keychain] No credential items found in access group com.apple.cfnetwork-recently-deleted
2026-09-30 23:34:50.131 Df SafariViewService[24111:c6399e] [com.apple.mobilesafari:Keychain] -[WBSSavedAccountStore _loadSavedAccountsWithPasswordsFromKeychainData:forGroupID:withDictionaryForSavedAccountsWithPasswords:fromRecentlyDeleted:]: Loaded 0 password keychain records from group:  from Recen
2026-09-30 23:34:50.133 Df SafariViewService[24111:c6399e] [com.apple.mobilesafari:Keychain] -[WBSSavedAccountStore _loadSavedAccountsWithPasswordsFromKeychainData:forGroupID:withDictionaryForSavedAccountsWithPasswords:fromRecentlyDeleted:]: loaded 0 sidecar items from personal keychain
2026-09-30 23:34:50.134 Df SafariViewService[24111:c6399c] [com.apple.mobilesafari:Passwords] Enqueueing asynchronous query for saved accounts matching criteria <private>
2026-09-30 23:34:50.135 Df SafariViewService[24111:c6399c] [com.apple.mobilesafari:Passwords] Beginning query for saved accounts matching criteria
2026-09-30 23:34:50.138 Df SafariViewService[24111:c6399c] [com.apple.mobilesafari:AutoFill] Omitting AutoFill passkey matches as requested by match criteria.
2026-09-30 23:34:50.138 Df SafariViewService[24111:c6399c] [com.apple.mobilesafari:AutoFill] Found 0 tree matches for <private> and associated domains: <private>
2026-09-30 23:34:50.138 Df SafariViewService[24111:c6399c] [com.apple.mobilesafari:AutoFill] Executed query for host '<mask.hash: (null)>' with partial username '<mask.hash: 'fzyehdtgGQIZyN/I/xnWDQ=='>', prefix
2026-09-30 23:34:50.138 Df SafariViewService[24111:c6399c] [com.apple.mobilesafari:AutoFill] Query returned 0 matches
2026-09-30 23:34:50.138 Df SafariViewService[24111:c6399c] [com.apple.mobilesafari:Passwords] Finished query for saved accounts matching criteria
2026-09-30 23:34:50.138 Df SafariViewService[24111:c639b5] [com.apple.mobilesafari:Passwords] Reloading generated passwords store
2026-09-30 23:34:50.139 Df SafariViewService[24111:c639b5] [com.apple.mobilesafari:Keychain] No recently generated password items found in access group com.apple.password-manager.generated-passwords
2026-09-30 23:34:50.139 Df SafariViewService[24111:c639a1] [com.apple.mobilesafari:Keychain] Ongoing credential sharing is disabled because iCloud Keychain is disabled
2026-09-30 23:34:50.140 Df SafariViewService[24111:c639b5] [com.apple.mobilesafari:Passwords] Finished reloading generated passwords store
2026-09-30 23:34:50.140 Df SafariViewService[24111:c639a1] [com.apple.mobilesafari:Passwords] Not fetching shared account groups because ongoing credential sharing is disabled
2026-09-30 23:34:50.143 Df SafariViewService[24111:c639b5] [com.apple.mobilesafari:Passwords] Beginning saved account store load
2026-09-30 23:34:50.144 Df SafariViewService[24111:c639b5] [com.apple.mobilesafari:Passwords] No passkeys found.
2026-09-30 23:34:50.144 Df SafariViewService[24111:c6392d] [com.apple.mobilesafari:AutoFill] Fetching passwords for associated domains for app <mask.hash: 'eXLndC3/6xbTl8wOQcET8w=='>.
2026-09-30 23:34:50.144 E  SafariViewService[24111:c639b5] [com.apple.mobilesafari:Passwords] Could not fetch passkeys: -25300
2026-09-30 23:34:50.145 Df SafariViewService[24111:c6392d] [com.apple.mobilesafari:AutoFill] Returning 0 available one-time codes
2026-09-30 23:34:50.148 Df SafariViewService[24111:c639b5] [com.apple.mobilesafari:Keychain] No credential items found in access group com.apple.cfnetwork
2026-09-30 23:34:50.148 Df SafariViewService[24111:c639b5] [com.apple.mobilesafari:Keychain] -[WBSSavedAccountStore _loadSavedAccountsWithPasswordsFromKeychainData:forGroupID:withDictionaryForSavedAccountsWithPasswords:fromRecentlyDeleted:]: Loaded 0 password keychain records from group:  from Recen
2026-09-30 23:34:50.150 Df SafariViewService[24111:c639b5] [com.apple.mobilesafari:Keychain] -[WBSSavedAccountStore _loadSavedAccountsWithPasswordsFromKeychainData:forGroupID:withDictionaryForSavedAccountsWithPasswords:fromRecentlyDeleted:]: loaded 0 sidecar items from personal keychain
2026-09-30 23:34:50.153 Df SafariViewService[24111:c639b5] [com.apple.mobilesafari:Passwords] Skipping fetching of Sign in with Apple accounts since the bundle identifier (com.apple.SafariViewService) doesn't match Passwords app or Passwords menu bar app.
2026-09-30 23:34:50.153 Df SafariViewService[24111:c639b5] [com.apple.mobilesafari:Passwords] Completed saved account store load
2026-09-30 23:34:50.154 Df SafariViewService[24111:c639b5] [com.apple.mobilesafari:Keychain] No credential items found in access group com.apple.cfnetwork-recently-deleted
2026-09-30 23:34:50.154 Df SafariViewService[24111:c639b5] [com.apple.mobilesafari:Keychain] -[WBSSavedAccountStore _loadSavedAccountsWithPasswordsFromKeychainData:forGroupID:withDictionaryForSavedAccountsWithPasswords:fromRecentlyDeleted:]: Loaded 0 password keychain records from group:  from Recen
2026-09-30 23:34:50.156 Df SafariViewService[24111:c639b5] [com.apple.mobilesafari:Keychain] -[WBSSavedAccountStore _loadSavedAccountsWithPasswordsFromKeychainData:forGroupID:withDictionaryForSavedAccountsWithPasswords:fromRecentlyDeleted:]: loaded 0 sidecar items from personal keychain
2026-09-30 23:34:50.161 Df SpringBoard[86754:c334f8] [com.apple.UIKit:KeyboardSceneDelegate] Tracking provider: updateProviderFromRemoteUpdate for info: <<<_UIKeyboardChangedInformation: 0x11f761800>; appId (null) bundleId (null) animation fence (null); position {{0, 0}, {0, 0}}; animated YES; on sc
2026-09-30 23:34:50.163 Df SpringBoard[86754:c334f8] [com.apple.UIKit:KeyboardSceneDelegate] Tracking provider: updateProviderFromRemoteUpdate for info: <<<_UIKeyboardChangedInformation: 0x11f761800>; appId (null) bundleId (null) animation fence (null); position {{0, 0}, {0, 0}}; animated YES; on sc
2026-09-30 23:34:50.164 Df InputUI[87035:c33b5c] [com.apple.UIKit:KeyboardSceneDelegate] Tracking provider: updateProviderFromRemoteUpdate for info: <<<_UIKeyboardChangedInformation: 0x10728df80>; appId (null) bundleId (null) animation fence (null); position {{0, 0}, {0, 0}}; animated YES; on screen
2026-09-30 23:34:50.165 Df MobileSafari[23470:c62d2d] [com.apple.UIKit:InputWindowController] Tracking provider: moveFromPlacement: <UIInputViewSetPlacementOnScreenWithAccessory> toPlacement: <UIInputViewSetPlacementOffScreenDown> update to: {{0, 874}, {402, 428}}
2026-09-30 23:34:50.170 Df SpringBoard[86754:c334f8] [com.apple.UIKit:KeyboardSceneDelegate] Tracking provider: updateProviderFromRemoteUpdate for info: <<<_UIKeyboardChangedInformation: 0x11f761800>; appId (null) bundleId (null) animation fence (null); position {{0, 0}, {0, 0}}; animated YES; on sc
2026-09-30 23:34:50.173 Df SpringBoard[86754:c334f8] [com.apple.UIKit:KeyboardSceneDelegate] Tracking provider: updateProviderFromRemoteUpdate for info: <<<_UIKeyboardChangedInformation: 0x11f761800>; appId (null) bundleId (null) animation fence (null); position {{0, 0}, {0, 0}}; animated YES; on sc
2026-09-30 23:34:50.175 Df SpringBoard[86754:c334f8] [com.apple.UIKit:KeyboardSceneDelegate] Tracking provider: updateProviderFromRemoteUpdate for info: <<<_UIKeyboardChangedInformation: 0x11f761800>; appId (null) bundleId (null) animation fence (null); position {{0, 0}, {0, 0}}; animated YES; on sc
2026-09-30 23:34:50.189 Df SpringBoard[86754:c334f8] [com.apple.SpringBoard:SystemUIScene] [SUIS-InputUI:[Main] - 1] Presenter[<SBDeviceApplicationInputUIViewProvider: 0x11fe4faa0> - sceneID:com.apple.mobilesafari-71DD3C25-4702-4D1D-8EB9-7DEF87C13EE1] will dismiss scene
2026-09-30 23:34:50.233 Df SafariViewService[24111:c6392d] [com.apple.UIKit:KeyboardSceneDelegate] KeyboardTrackingCoordinator: Creating tracking provider for <_UIHostedWindowScene: 0x10975ef80; role: UISceneSessionRoleSceneHosting; persistentIdentifier: UIHostedScene-com.apple.SafariViewService-668
2026-09-30 23:34:50.236 Df SafariViewService[24111:c6392d] [com.apple.UIKit:KeyboardSceneDelegate] Tracking provider: updateProviderFromRemoteUpdate for info: <<<_UIKeyboardChangedInformation: 0x10664d380>; appId (null) bundleId (null) animation fence (null); position {{0, 546}, {402, 328}}; animate
    controllerClass = "_SFAppAutoFillPasswordViewController";
    controllerClass = "_SFAppAutoFillPasswordViewController";
2026-09-30 23:34:50.254 Df SafariViewService[24111:c6392d] [com.apple.UIKit:KeyboardSceneDelegate] KeyboardTrackingCoordinator: Creating tracking provider for <_UIKeyboardInputScene: 0x109763c00; role: _UISceneSessionRoleKeyboardInputScene; persistentIdentifier: KeyboardInputScene-com.apple.frontboa
2026-09-30 23:34:50.254 Df SafariViewService[24111:c6392d] [com.apple.UIKit:KeyboardSceneDelegate] Tracking provider: updateProviderFromRemoteUpdate for info: <<<_UIKeyboardChangedInformation: 0x10664d380>; appId (null) bundleId (null) animation fence (null); position {{0, 546}, {402, 328}}; animate
2026-09-30 23:34:50.315 Df SafariViewService[24111:c6392d] [com.apple.UIKit:KeyboardSceneDelegate] KeyboardTrackingCoordinator: Creating tracking provider for <_UIKeyboardInputScene: 0x10976aa80; role: _UISceneSessionRoleKeyboardInputScene; persistentIdentifier: KeyboardInputScene-23470(v26F7F3)->/U
2026-09-30 23:34:50.316 Df SafariViewService[24111:c6392d] [com.apple.UIKit:TrackingElementWindowController] Tracking provider: moveFromPlacement: <UITrackingElementPlacementInitialPosition> toPlacement: <UIInputViewSetPlacementOffScreenDown> update to {{0, 874}, {402, 0}}
2026-09-30 23:34:50.344 Df SafariViewService[24111:c6392d] [com.apple.UIKit:KeyboardSceneDelegate] Tracking provider: updateProviderFromRemoteUpdate for info: <<<_UIKeyboardChangedInformation: 0x10664dc80>; appId (null) bundleId (null) animation fence (null); position {{0, 0}, {0, 0}}; animated YES;
2026-09-30 23:34:50.345 Df SafariViewService[24111:c6392d] [com.apple.UIKit:KeyboardSceneDelegate] Tracking provider: updateProviderFromRemoteUpdate for info: <<<_UIKeyboardChangedInformation: 0x10664dc80>; appId (null) bundleId (null) animation fence (null); position {{0, 0}, {0, 0}}; animated YES;
2026-09-30 23:34:50.381 Df SafariViewService[24111:c6392d] [com.apple.mobilesafari:AutoFill] Upgrading a non-updating instance of WBSAutoFillQuirksManager to updating
2026-09-30 23:34:50.381 Df SafariViewService[24111:c6392d] [com.apple.xpc:connection] [0x10648fc00] activating connection: mach=true listener=false peer=false name=com.apple.AuthenticationServices.AutoFill
2026-09-30 23:34:50.406 Df trustd[87797:c63168] [com.apple.securityd:SecError] TextInsertUITest[23314]/1#-1 LF=0 NetworkingAnalyticsReport Error Domain=NSOSStatusErrorDomain Code=-4 "Networking analytics not supported in this environment" UserInfo={numberOfErrorsDeep=0, NSDescription=Networking anal
2026-09-30 23:34:50.409 Df SafariViewService[24111:c63a09] [com.apple.mobilesafari:Passwords] Beginning saved account store load
2026-09-30 23:34:50.409 Df SafariViewService[24111:c63a09] [com.apple.mobilesafari:Passwords] No passkeys found.
2026-09-30 23:34:50.410 E  SafariViewService[24111:c63a09] [com.apple.mobilesafari:Passwords] Could not fetch passkeys: -25300
2026-09-30 23:34:50.410 Df SafariViewService[24111:c63a09] [com.apple.mobilesafari:Keychain] No credential items found in access group com.apple.cfnetwork
2026-09-30 23:34:50.410 Df SafariViewService[24111:c63a09] [com.apple.mobilesafari:Keychain] -[WBSSavedAccountStore _loadSavedAccountsWithPasswordsFromKeychainData:forGroupID:withDictionaryForSavedAccountsWithPasswords:fromRecentlyDeleted:]: Loaded 0 password keychain records from group:  from Recen
2026-09-30 23:34:50.410 Df SafariViewService[24111:c63a09] [com.apple.mobilesafari:Keychain] -[WBSSavedAccountStore _loadSavedAccountsWithPasswordsFromKeychainData:forGroupID:withDictionaryForSavedAccountsWithPasswords:fromRecentlyDeleted:]: loaded 0 sidecar items from personal keychain
2026-09-30 23:34:50.411 Df SafariViewService[24111:c63a09] [com.apple.mobilesafari:Passwords] Skipping fetching of Sign in with Apple accounts since the bundle identifier (com.apple.SafariViewService) doesn't match Passwords app or Passwords menu bar app.
2026-09-30 23:34:50.411 Df SafariViewService[24111:c63a09] [com.apple.mobilesafari:Passwords] Completed saved account store load
2026-09-30 23:34:50.411 Df SafariViewService[24111:c63a09] [com.apple.mobilesafari:Keychain] No credential items found in access group com.apple.cfnetwork-recently-deleted
2026-09-30 23:34:50.411 Df SafariViewService[24111:c63a09] [com.apple.mobilesafari:Keychain] -[WBSSavedAccountStore _loadSavedAccountsWithPasswordsFromKeychainData:forGroupID:withDictionaryForSavedAccountsWithPasswords:fromRecentlyDeleted:]: Loaded 0 password keychain records from group:  from Recen
2026-09-30 23:34:50.411 Df SafariViewService[24111:c63a09] [com.apple.mobilesafari:Keychain] -[WBSSavedAccountStore _loadSavedAccountsWithPasswordsFromKeychainData:forGroupID:withDictionaryForSavedAccountsWithPasswords:fromRecentlyDeleted:]: loaded 0 sidecar items from personal keychain
2026-09-30 23:34:50.415 Df SafariViewService[24111:c6399e] [com.apple.mobilesafari:Passwords] Beginning saved account store load
2026-09-30 23:34:50.416 Df SafariViewService[24111:c6399e] [com.apple.mobilesafari:Passwords] No passkeys found.
2026-09-30 23:34:50.416 E  SafariViewService[24111:c6399e] [com.apple.mobilesafari:Passwords] Could not fetch passkeys: -25300
2026-09-30 23:34:50.416 Df SafariViewService[24111:c6399e] [com.apple.mobilesafari:Keychain] No credential items found in access group com.apple.cfnetwork
2026-09-30 23:34:50.416 Df SafariViewService[24111:c6399e] [com.apple.mobilesafari:Keychain] -[WBSSavedAccountStore _loadSavedAccountsWithPasswordsFromKeychainData:forGroupID:withDictionaryForSavedAccountsWithPasswords:fromRecentlyDeleted:]: Loaded 0 password keychain records from group:  from Recen
2026-09-30 23:34:50.417 Df SafariViewService[24111:c6399e] [com.apple.mobilesafari:Keychain] -[WBSSavedAccountStore _loadSavedAccountsWithPasswordsFromKeychainData:forGroupID:withDictionaryForSavedAccountsWithPasswords:fromRecentlyDeleted:]: loaded 0 sidecar items from personal keychain
2026-09-30 23:34:50.417 Df SafariViewService[24111:c6399e] [com.apple.mobilesafari:Passwords] Skipping fetching of Sign in with Apple accounts since the bundle identifier (com.apple.SafariViewService) doesn't match Passwords app or Passwords menu bar app.
2026-09-30 23:34:50.417 Df SafariViewService[24111:c6399e] [com.apple.mobilesafari:Passwords] Completed saved account store load
2026-09-30 23:34:50.417 Df SafariViewService[24111:c6399e] [com.apple.mobilesafari:Keychain] No credential items found in access group com.apple.cfnetwork-recently-deleted
2026-09-30 23:34:50.417 Df SafariViewService[24111:c6399e] [com.apple.mobilesafari:Keychain] -[WBSSavedAccountStore _loadSavedAccountsWithPasswordsFromKeychainData:forGroupID:withDictionaryForSavedAccountsWithPasswords:fromRecentlyDeleted:]: Loaded 0 password keychain records from group:  from Recen
2026-09-30 23:34:50.418 Df SafariViewService[24111:c6399e] [com.apple.mobilesafari:Keychain] -[WBSSavedAccountStore _loadSavedAccountsWithPasswordsFromKeychainData:forGroupID:withDictionaryForSavedAccountsWithPasswords:fromRecentlyDeleted:]: loaded 0 sidecar items from personal keychain
2026-09-30 23:34:50.428 Df SafariViewService[24111:c6392d] [com.apple.UserNotifications:Connections] [com.apple.Passwords] Creating a user notification center
2026-09-30 23:34:50.431 Df SafariViewService[24111:c6392d] [com.apple.UserNotifications:Connections] [com.apple.Passwords] Setting 9 notification categories
2026-09-30 23:34:50.452 Df SpringBoard[86754:c6133f] [com.apple.UserNotifications:Connections] [com.apple.Passwords] Setting 9 notification categories
2026-09-30 23:34:50.474 E  SafariViewService[24111:c6392d] [com.apple.BackgroundTasks:Framework] Registration rejected; com.apple.Passwords.automatic-password-change is not advertised in the application's Info.plist
2026-09-30 23:34:50.474 Df SafariViewService[24111:c6392d] [com.apple.mobilesafari:AutomaticPasswordChange] Registered background task with identifier com.apple.Passwords.automatic-password-change. Response: false
2026-09-30 23:34:50.489 Df SafariViewService[24111:c6392d] [com.apple.xpc:connection] [0x10648c500] activating connection: mach=true listener=false peer=false name=com.apple.AuthenticationServices.AutoFill
2026-09-30 23:34:50.491 Df AuthenticationServicesAgent[88774:c62aa4] [com.apple.xpc:connection] [0x1015303c0] activating connection: mach=false listener=false peer=true name=com.apple.AuthenticationServices.AutoFill.peer[24111].0x1015303c0
2026-09-30 23:34:50.498 E  SafariViewService[24111:c639a0] [com.apple.mobilesafari:Passwords] Failed to decode TopFraudTargets plist data.
2026-09-30 23:34:50.504 Df SafariViewService[24111:c6392d] [com.apple.xpc:connection] [0x10648cc80] activating connection: mach=true listener=false peer=false name=com.apple.AuthenticationServices.AutoFill
2026-09-30 23:34:50.505 Df AuthenticationServicesAgent[88774:c62aa4] [com.apple.xpc:connection] [0x101531900] activating connection: mach=false listener=false peer=true name=com.apple.AuthenticationServices.AutoFill.peer[24111].0x101531900
2026-09-30 23:34:50.515 Df SafariViewService[24111:c6392d] [com.apple.LocalAuthentication:Client] LA logging set up for this process.
2026-09-30 23:34:50.515 Df SafariViewService[24111:c6392d] [com.apple.LocalAuthentication:Client,LAContext] Creating LAContext new cid:1
2026-09-30 23:34:50.517 Df coreauthd[93298:c60af8] [com.apple.LocalAuthentication:Server,LAContext] Context[12:0] created
2026-09-30 23:34:50.517 Df coreauthd[93298:c60af8] [com.apple.LocalAuthentication:Context] Tracking <ContextPluginACM: 0x104684180>[0]
2026-09-30 23:34:50.518 Df coreauthd[93298:c60af8] [com.apple.LocalAuthentication:ACM] Updated: <LACACMPoolsInfo; disposable: <LACACMPoolInfo; size: 64, used: 0, free: 64, freeForLA: 58, reservedForLA: 58>, non-disposable: <LACACMPoolInfo; size: 64, used: 0, free: 64, freeForLA: 58, reservedForLA: 5
2026-09-30 23:34:50.518 Df coreauthd[93298:c60af8] [com.apple.LocalAuthentication:Server,LAContext] ContextProxy[24111:1:12:0] created for Context[12:0] uid:502
2026-09-30 23:34:50.518 Df SafariViewService[24111:c6392d] [com.apple.LocalAuthentication:Client,LAContext] LAContext[1:12:0] created new cid:1
2026-09-30 23:34:50.519 Df coreauthd[93298:c60af8] [com.apple.LocalAuthentication:Server,Biometry] evaluatePolicy:1 options:{
2026-09-30 23:34:50.519 Df coreauthd[93298:c60af8] [com.apple.LocalAuthentication:SharedMode] <LACSharedModeProcessor: 0x104433600> not available in this platform
2026-09-30 23:34:50.519 Df coreauthd[93298:c60af8] [com.apple.LocalAuthentication:Default] Skipping processing of request rid: 33 by <LACSharedModeProcessor: 0x104433600>
2026-09-30 23:34:50.519 Df coreauthd[93298:c60af8] [com.apple.LocalAuthentication:Default] Skipping processing of request rid: 33 by <LACDTOServiceProcessor: 0x104668010>
2026-09-30 23:34:50.519 Df coreauthd[93298:c60af8] [com.apple.LocalAuthentication:Default] Returning cached eligibility result: true for domain: LACEligibilityDomainPhoneIntegration
2026-09-30 23:34:50.519 Df coreauthd[93298:c60af8] [com.apple.LocalAuthentication:Default] Returning cached eligibility result: true for domain: LACEligibilityDomainPhoneIntegration
2026-09-30 23:34:50.519 Df coreauthd[93298:c60af8] [com.apple.LocalAuthentication:Default] Skipping processing of request rid: 33 by <LACPhoneIntegrationSessionProcessor: 0x1044ef4a0>
2026-09-30 23:34:50.519 Df coreauthd[93298:c60af8] [com.apple.LocalAuthentication:ABM] <LACOnenessController: 0x104478f00> Not handling request rid: 33 - session not active
2026-09-30 23:34:50.519 Df coreauthd[93298:c60af8] [com.apple.LocalAuthentication:Default] Skipping processing of request rid: 33 by <LACOnenessController: 0x104478f00>
2026-09-30 23:34:50.519 Df coreauthd[93298:c60af8] [com.apple.LocalAuthentication:Default] Returning cached eligibility result: true for domain: LACEligibilityDomainPhoneIntegration
2026-09-30 23:34:50.519 Df coreauthd[93298:c60af8] [com.apple.LocalAuthentication:Default] Returning cached eligibility result: true for domain: LACEligibilityDomainPhoneIntegration
2026-09-30 23:34:50.519 Df coreauthd[93298:c60af8] [com.apple.LocalAuthentication:ABM] <LACPhoneIntegrationController: 0x1044790c0> Not handling request rid: 33 - session not active
2026-09-30 23:34:50.519 Df coreauthd[93298:c60af8] [com.apple.LocalAuthentication:Default] Skipping processing of request rid: 33 by <LACPhoneIntegrationController: 0x1044790c0>
2026-09-30 23:34:50.519 Df coreauthd[93298:c60af8] [com.apple.LocalAuthentication:Default] Skipping processing of request rid: 33 by <LACApplePayBiometryToggleProcessor: 0x104668090>
2026-09-30 23:34:50.519 Df coreauthd[93298:c60af8] [com.apple.LocalAuthentication:Default] Skipping processing of request rid: 33 by <LACStashedCredentialsProcessor: 0x104668100>
2026-09-30 23:34:50.520 Df coreauthd[93298:c60af8] [com.apple.LocalAuthentication:Default] Returning cached eligibility result: true for domain: LACEligibilityDomainPhoneIntegration
2026-09-30 23:34:50.520 Df coreauthd[93298:c60af8] [com.apple.LocalAuthentication:Default] Returning cached eligibility result: true for domain: LACEligibilityDomainPhoneIntegration
2026-09-30 23:34:50.520 Df coreauthd[93298:c60af8] [com.apple.LocalAuthentication:ABM] <LACPhoneIntegrationController: 0x1044790c0> Not handling request rid: 33 - session not active
2026-09-30 23:34:50.520 Df coreauthd[93298:c60af8] [com.apple.LocalAuthentication:ABM] <LACOnenessController: 0x104478f00> Not handling request rid: 33 - session not active
2026-09-30 23:34:50.520 Df coreauthd[93298:c60af8] [com.apple.LocalAuthentication:Default] Returning cached eligibility result: true for domain: LACEligibilityDomainPhoneIntegration
2026-09-30 23:34:50.520 Df coreauthd[93298:c60af8] [com.apple.LocalAuthentication:Default] Returning cached eligibility result: true for domain: LACEligibilityDomainPhoneIntegration
2026-09-30 23:34:50.520 Df coreauthd[93298:c60af8] [com.apple.LocalAuthentication:SharedMode] <LACSharedModeProcessor: 0x104433600> not available in this platform
2026-09-30 23:34:50.522 Df SafariViewService[24111:c6392d] [com.apple.LocalAuthentication:Client,Biometry] canEvaluatePolicy:1 on LAContext[1:12:0] cid:2 returned Error Domain=com.apple.LocalAuthentication Code=-7 "No identities are enrolled." UserInfo={NSDebugDescription=No identities are enrolled.
2026-09-30 23:34:50.522 Df SafariViewService[24111:c6392d] [com.apple.LocalAuthentication:Client,LAContext] LAContext[1:12:0] deallocated
2026-09-30 23:34:50.522 Df coreauthd[93298:c60af8] [com.apple.LocalAuthentication:Server,LAContext] ContextProxy[24111:1:12:0] deallocated
2026-09-30 23:34:50.522 Df coreauthd[93298:c60af8] [com.apple.LocalAuthentication:Context] Untracking proxy:ContextProxy[24111:1:12:0] from plugin:<ContextPluginACM: 0x104684180>[0] (ContextProxy[24111:1:12:0] deallocated)
2026-09-30 23:34:50.522 Df coreauthd[93298:c60af8] [com.apple.LocalAuthentication:Server,LAContext] Context[12:0] deallocated
2026-09-30 23:34:50.523 Df coreauthd[93298:c60af8] [com.apple.LocalAuthentication:Context] Untracking <ContextPluginACM: 0x104684180>[0] (released gracefully), was present: 0
2026-09-30 23:34:50.529 Df SpringBoard[86754:c334f8] [com.apple.UIKit:KeyboardSceneDelegate] Tracking provider: updateProviderFromRemoteUpdate for info: <<<_UIKeyboardChangedInformation: 0x11f763900>; appId (null) bundleId (null) animation fence (null); position {{0, 529}, {402, 345}}; animated YES;
    "com.apple.Passwords.LocalState",
    "com.apple.password-manager.generated-passwords",
    "com.apple.Passwords.LocalState",
    "com.apple.password-manager.generated-passwords",
2026-09-30 23:34:50.536 Df SpringBoard[86754:c334f8] [com.apple.UIKit:KeyboardSceneDelegate] Tracking provider: updateProviderFromRemoteUpdate for info: <<<_UIKeyboardChangedInformation: 0x11f763900>; appId (null) bundleId (null) animation fence (null); position {{0, 529}, {402, 345}}; animated YES;
2026-09-30 23:34:50.537 E  SafariViewService[24111:c639a0] [com.apple.mobilesafari:Passwords] Failed to fetch password evaluations cache from keychain: -34018
2026-09-30 23:34:50.537 E  SafariViewService[24111:c6399e] [com.apple.mobilesafari:Passwords] Failed to fetch password evaluations cache from keychain: -34018
2026-09-30 23:34:50.537 Df SafariViewService[24111:c6399e] [com.apple.mobilesafari:Passwords] Beginning saved account store load
2026-09-30 23:34:50.537 Df SafariViewService[24111:c6399e] [com.apple.mobilesafari:Passwords] No passkeys found.
2026-09-30 23:34:50.538 E  SafariViewService[24111:c6399e] [com.apple.mobilesafari:Passwords] Could not fetch passkeys: -25300
2026-09-30 23:34:50.538 Df SafariViewService[24111:c6399e] [com.apple.mobilesafari:Keychain] No credential items found in access group com.apple.cfnetwork
2026-09-30 23:34:50.538 Df SafariViewService[24111:c6399e] [com.apple.mobilesafari:Keychain] -[WBSSavedAccountStore _loadSavedAccountsWithPasswordsFromKeychainData:forGroupID:withDictionaryForSavedAccountsWithPasswords:fromRecentlyDeleted:]: Loaded 0 password keychain records from group:  from Recen
2026-09-30 23:34:50.539 Df SafariViewService[24111:c6399e] [com.apple.mobilesafari:Keychain] -[WBSSavedAccountStore _loadSavedAccountsWithPasswordsFromKeychainData:forGroupID:withDictionaryForSavedAccountsWithPasswords:fromRecentlyDeleted:]: loaded 0 sidecar items from personal keychain
2026-09-30 23:34:50.540 Df SafariViewService[24111:c6399e] [com.apple.mobilesafari:Passwords] Skipping fetching of Sign in with Apple accounts since the bundle identifier (com.apple.SafariViewService) doesn't match Passwords app or Passwords menu bar app.
2026-09-30 23:34:50.540 Df SafariViewService[24111:c6399e] [com.apple.mobilesafari:Passwords] Completed saved account store load
2026-09-30 23:34:50.541 Df SpringBoard[86754:c334f8] [com.apple.UIKit:KeyboardSceneDelegate] Tracking provider: updateProviderFromRemoteUpdate for info: <<<_UIKeyboardChangedInformation: 0x11f763900>; appId (null) bundleId (null) animation fence (null); position {{0, 529}, {402, 345}}; animated YES;
2026-09-30 23:34:50.541 Df SafariViewService[24111:c639a1] [com.apple.mobilesafari:Keychain] No credential items found in access group com.apple.cfnetwork-recently-deleted
2026-09-30 23:34:50.541 Df SafariViewService[24111:c639a1] [com.apple.mobilesafari:Keychain] -[WBSSavedAccountStore _loadSavedAccountsWithPasswordsFromKeychainData:forGroupID:withDictionaryForSavedAccountsWithPasswords:fromRecentlyDeleted:]: Loaded 0 password keychain records from group:  from Recen
2026-09-30 23:34:50.542 Df SafariViewService[24111:c639a1] [com.apple.mobilesafari:Keychain] -[WBSSavedAccountStore _loadSavedAccountsWithPasswordsFromKeychainData:forGroupID:withDictionaryForSavedAccountsWithPasswords:fromRecentlyDeleted:]: loaded 0 sidecar items from personal keychain
2026-09-30 23:34:50.544 Df SafariViewService[24111:c6392d] [com.apple.UIKit:KeyboardSceneDelegate] Tracking provider: updateProviderFromRemoteUpdate for info: <<<_UIKeyboardChangedInformation: 0x106652280>; appId (null) bundleId (null) animation fence (null); position {{0, 529}, {402, 345}}; animate
2026-09-30 23:34:50.546 Df SafariViewService[24111:c6392d] [com.apple.UIKit:KeyboardSceneDelegate] Tracking provider: updateProviderFromRemoteUpdate for info: <<<_UIKeyboardChangedInformation: 0x106652280>; appId (null) bundleId (null) animation fence (null); position {{0, 529}, {402, 345}}; animate
2026-09-30 23:34:50.547 Df SpringBoard[86754:c334f8] [com.apple.UIKit:KeyboardSceneDelegate] Tracking provider: updateProviderFromRemoteUpdate for info: <<<_UIKeyboardChangedInformation: 0x11f763900>; appId (null) bundleId (null) animation fence (null); position {{0, 529}, {402, 345}}; animated YES;
2026-09-30 23:34:50.551 Df SpringBoard[86754:c334f8] [com.apple.UIKit:KeyboardSceneDelegate] Tracking provider: updateProviderFromRemoteUpdate for info: <<<_UIKeyboardChangedInformation: 0x11f763900>; appId (null) bundleId (null) animation fence (null); position {{0, 529}, {402, 345}}; animated YES;
2026-09-30 23:34:50.555 E  SafariViewService[24111:c63a09] [com.apple.mobilesafari:Passwords] Failed to get FamilyCircle with error: Error Domain=com.apple.family.error Code=-1004 "(null)"
2026-09-30 23:34:50.562 Df SafariViewService[24111:c63a09] [com.apple.mobilesafari:Passwords] Beginning saved account store load
2026-09-30 23:34:50.563 Df SafariViewService[24111:c63a09] [com.apple.mobilesafari:Passwords] No passkeys found.
2026-09-30 23:34:50.564 E  SafariViewService[24111:c63a09] [com.apple.mobilesafari:Passwords] Could not fetch passkeys: -25300
2026-09-30 23:34:50.564 Df SafariViewService[24111:c63a09] [com.apple.mobilesafari:Keychain] No credential items found in access group com.apple.cfnetwork
2026-09-30 23:34:50.564 Df SafariViewService[24111:c63a09] [com.apple.mobilesafari:Keychain] -[WBSSavedAccountStore _loadSavedAccountsWithPasswordsFromKeychainData:forGroupID:withDictionaryForSavedAccountsWithPasswords:fromRecentlyDeleted:]: Loaded 0 password keychain records from group:  from Recen
2026-09-30 23:34:50.565 Df SafariViewService[24111:c63a09] [com.apple.mobilesafari:Keychain] -[WBSSavedAccountStore _loadSavedAccountsWithPasswordsFromKeychainData:forGroupID:withDictionaryForSavedAccountsWithPasswords:fromRecentlyDeleted:]: loaded 0 sidecar items from personal keychain
2026-09-30 23:34:50.565 Df SafariViewService[24111:c63a09] [com.apple.mobilesafari:Passwords] Skipping fetching of Sign in with Apple accounts since the bundle identifier (com.apple.SafariViewService) doesn't match Passwords app or Passwords menu bar app.
2026-09-30 23:34:50.565 Df SafariViewService[24111:c63a09] [com.apple.mobilesafari:Passwords] Completed saved account store load
2026-09-30 23:34:50.566 Df SafariViewService[24111:c63a09] [com.apple.mobilesafari:Keychain] No credential items found in access group com.apple.cfnetwork-recently-deleted
2026-09-30 23:34:50.566 Df SafariViewService[24111:c63a09] [com.apple.mobilesafari:Keychain] -[WBSSavedAccountStore _loadSavedAccountsWithPasswordsFromKeychainData:forGroupID:withDictionaryForSavedAccountsWithPasswords:fromRecentlyDeleted:]: Loaded 0 password keychain records from group:  from Recen
2026-09-30 23:34:50.566 Df SafariViewService[24111:c63a09] [com.apple.mobilesafari:Keychain] -[WBSSavedAccountStore _loadSavedAccountsWithPasswordsFromKeychainData:forGroupID:withDictionaryForSavedAccountsWithPasswords:fromRecentlyDeleted:]: loaded 0 sidecar items from personal keychain
2026-09-30 23:34:50.569 Df SpringBoard[86754:c334f8] [com.apple.UIKit:KeyboardSceneDelegate] Tracking provider: updateProviderFromRemoteUpdate for info: <<<_UIKeyboardChangedInformation: 0x11f761800>; appId (null) bundleId (null) animation fence (null); position {{0, 573}, {402, 301}}; animated YES;
2026-09-30 23:34:50.569 Df MobileSafari[23470:c62d2d] [com.apple.UIKit:InputWindowController] Tracking provider: moveFromPlacement: <UIInputViewSetPlacementInitialPosition> toPlacement: <UIInputViewSetPlacementOnScreenWithAccessory> update to: {{0, 573}, {402, 301}}
2026-09-30 23:34:50.570 Df SafariViewService[24111:c6392d] [com.apple.UIKit:KeyboardSceneDelegate] Tracking provider: updateProviderFromRemoteUpdate for info: <<<_UIKeyboardChangedInformation: 0x106652700>; appId (null) bundleId (null) animation fence (null); position {{0, 573}, {402, 301}}; animate
2026-09-30 23:34:50.570 Df SafariViewService[24111:c6392d] [com.apple.UIKit:KeyboardSceneDelegate] Tracking provider: updateProviderFromRemoteUpdate for info: <<<_UIKeyboardChangedInformation: 0x106652700>; appId (null) bundleId (null) animation fence (null); position {{0, 573}, {402, 301}}; animate
2026-09-30 23:34:50.572 Df InputUI[87035:c33b5c] [com.apple.UIKit:KeyboardSceneDelegate] KeyboardTrackingCoordinator: Creating tracking provider for <_UIHostedWindowScene: 0x1100bef80; role: UISceneSessionRoleSceneHosting; persistentIdentifier: UIHostedScene-com.apple.InputUI-7CC08996; activationSta
2026-09-30 23:34:50.572 Df InputUI[87035:c33b5c] [com.apple.UIKit:KeyboardSceneDelegate] Tracking provider: updateProviderFromRemoteUpdate for info: <<<_UIKeyboardChangedInformation: 0x10728f300>; appId (null) bundleId (null) animation fence (null); position {{0, 573}, {402, 301}}; animated YES; on 
2026-09-30 23:34:50.572 Df SpringBoard[86754:c334f8] [com.apple.UIKit:KeyboardSceneDelegate] Tracking provider: updateProviderFromRemoteUpdate for info: <<<_UIKeyboardChangedInformation: 0x11f761800>; appId (null) bundleId (null) animation fence (null); position {{0, 573}, {402, 301}}; animated YES;
2026-09-30 23:34:50.573 E  SafariViewService[24111:c6399e] [com.apple.mobilesafari:Passwords] Failed to get FamilyCircle with error: Error Domain=com.apple.family.error Code=-1004 "(null)"
2026-09-30 23:34:50.576 Df SpringBoard[86754:c334f8] [com.apple.UIKit:KeyboardSceneDelegate] Tracking provider: updateProviderFromRemoteUpdate for info: <<<_UIKeyboardChangedInformation: 0x11f761800>; appId (null) bundleId (null) animation fence (null); position {{0, 573}, {402, 301}}; animated YES;
2026-09-30 23:34:50.577 Df SpringBoard[86754:c334f8] [com.apple.UIKit:KeyboardSceneDelegate] Tracking provider: updateProviderFromRemoteUpdate for info: <<<_UIKeyboardChangedInformation: 0x11f761800>; appId (null) bundleId (null) animation fence (null); position {{0, 573}, {402, 301}}; animated YES;
2026-09-30 23:34:50.578 Df SpringBoard[86754:c334f8] [com.apple.UIKit:KeyboardSceneDelegate] Tracking provider: updateProviderFromRemoteUpdate for info: <<<_UIKeyboardChangedInformation: 0x11f761800>; appId (null) bundleId (null) animation fence (null); position {{0, 573}, {402, 301}}; animated YES;
2026-09-30 23:34:50.601 Df SpringBoard[86754:c334f8] [com.apple.UIKit:KeyboardSceneDelegate] Tracking provider: updateProviderFromRemoteUpdate for info: <<<_UIKeyboardChangedInformation: 0x11f763900>; appId (null) bundleId (null) animation fence (null); position {{0, 546}, {402, 328}}; animated YES;
2026-09-30 23:34:50.603 Df SafariViewService[24111:c6392d] [com.apple.UIKit:KeyboardSceneDelegate] Tracking provider: updateProviderFromRemoteUpdate for info: <<<_UIKeyboardChangedInformation: 0x106652280>; appId (null) bundleId (null) animation fence (null); position {{0, 546}, {402, 328}}; animate
2026-09-30 23:34:50.603 Df InputUI[87035:c33b5c] [com.apple.UIKit:KeyboardSceneDelegate] Tracking provider: updateProviderFromRemoteUpdate for info: <<<_UIKeyboardChangedInformation: 0x10728ee80>; appId (null) bundleId (null) animation fence (null); position {{0, 546}, {402, 328}}; animated YES; on 
2026-09-30 23:34:50.603 Df SafariViewService[24111:c6392d] [com.apple.UIKit:KeyboardSceneDelegate] Tracking provider: updateProviderFromRemoteUpdate for info: <<<_UIKeyboardChangedInformation: 0x106652280>; appId (null) bundleId (null) animation fence (null); position {{0, 546}, {402, 328}}; animate
2026-09-30 23:34:50.604 Df SpringBoard[86754:c334f8] [com.apple.UIKit:KeyboardSceneDelegate] Tracking provider: updateProviderFromRemoteUpdate for info: <<<_UIKeyboardChangedInformation: 0x11f763900>; appId (null) bundleId (null) animation fence (null); position {{0, 546}, {402, 328}}; animated YES;
2026-09-30 23:34:50.607 Df MobileSafari[23470:c62d2d] [com.apple.UIKit:InputWindowController] Tracking provider: viewDidLayoutSubviews update to {{0, 546}, {402, 328}}
2026-09-30 23:34:50.608 Df SpringBoard[86754:c334f8] [com.apple.UIKit:KeyboardSceneDelegate] Tracking provider: updateProviderFromRemoteUpdate for info: <<<_UIKeyboardChangedInformation: 0x11f763900>; appId (null) bundleId (null) animation fence (null); position {{0, 546}, {402, 328}}; animated YES;
2026-09-30 23:34:50.609 Df SpringBoard[86754:c334f8] [com.apple.UIKit:KeyboardSceneDelegate] Tracking provider: updateProviderFromRemoteUpdate for info: <<<_UIKeyboardChangedInformation: 0x11f763900>; appId (null) bundleId (null) animation fence (null); position {{0, 546}, {402, 328}}; animated YES;
2026-09-30 23:34:50.610 Df SpringBoard[86754:c334f8] [com.apple.UIKit:KeyboardSceneDelegate] Tracking provider: updateProviderFromRemoteUpdate for info: <<<_UIKeyboardChangedInformation: 0x11f763900>; appId (null) bundleId (null) animation fence (null); position {{0, 546}, {402, 328}}; animated YES;
2026-09-30 23:34:50.621 Df MobileSafari[23470:c62d2d] [com.apple.mobilesafari:Passwords] Enqueueing synchronous query for saved accounts matching criteria <private>
2026-09-30 23:34:50.622 Df MobileSafari[23470:c62d2d] [com.apple.mobilesafari:Passwords] Beginning query for saved accounts matching criteria
2026-09-30 23:34:50.623 Df MobileSafari[23470:c62d2d] [com.apple.mobilesafari:AutoFill] Found 0 tree matches for <private> and associated domains: <private>
2026-09-30 23:34:50.623 Df MobileSafari[23470:c62d2d] [com.apple.mobilesafari:AutoFill] Executed query for host '<mask.hash: '5E1k/18KlYnvLq3ANOjFsQ=='>' with partial username '<mask.hash: (null)>', prefix
2026-09-30 23:34:50.623 Df MobileSafari[23470:c62d2d] [com.apple.mobilesafari:AutoFill] Query returned 0 matches
2026-09-30 23:34:50.623 Df MobileSafari[23470:c62d2d] [com.apple.mobilesafari:Passwords] Finished query for saved accounts matching criteria
2026-09-30 23:34:50.626 Df SpringBoard[86754:c334f8] [com.apple.SpringBoard:InputUI] Presenter updated from[0x0] to[<SBDeviceApplicationInputUIViewProvider: 0x11fe4faa0> - sceneID:com.apple.mobilesafari-71DD3C25-4702-4D1D-8EB9-7DEF87C13EE1] for InputUI scene: <SBSingleSceneController: 0x11398b7a0; s
2026-09-30 23:34:50.626 Df SpringBoard[86754:c334f8] [com.apple.SpringBoard:SystemUIScene] [SUIS-InputUI:[Main] - 1] setPresenter[<SBDeviceApplicationInputUIViewProvider: 0x11fe4faa0> - sceneID:com.apple.mobilesafari-71DD3C25-4702-4D1D-8EB9-7DEF87C13EE1] oldPresenter[0x0]
2026-09-30 23:34:50.632 Df SpringBoard[86754:c334f8] [com.apple.SpringBoard:SystemUIScene] [SUIS-InputUI:[Main] - 1] Presenter[<SBDeviceApplicationInputUIViewProvider: 0x11fe4faa0> - sceneID:com.apple.mobilesafari-71DD3C25-4702-4D1D-8EB9-7DEF87C13EE1] will present scene
2026-09-30 23:34:50.633 Df SpringBoard[86754:c334f8] [com.apple.SpringBoard:KeyboardFocus] _updateDeferringRules(recalculateResignActiveAssertionForActiveOverlays) sceneID:com.apple.mobilesafari-71DD3C25-4702-4D1D-8EB9-7DEF87C13EE1 hasParent:YES activeOverlayProviders:[SBDeviceApplicationInputUIView
    controllerClass = "_SFAppAutoFillPasswordViewController";
    controllerClass = "_SFAppAutoFillPasswordViewController";
2026-09-30 23:34:51.143 Df SafariViewService[24111:c63a09] [com.apple.mobilesafari:PasswordsIcons] Starting to save pending changes with background task assertion
2026-09-30 23:34:51.152 Df SafariViewService[24111:c63a09] [com.apple.mobilesafari:PasswordsIcons] Saved pending changes to database
2026-09-30 23:34:51.189 Df SafariViewService[24111:c6392d] [com.apple.mobilesafari:PasswordsIcons] Starting to fetch touch icon; enablePrivateRelay=false
2026-09-30 23:34:51.189 Df SafariViewService[24111:c6392d] [com.apple.mobilesafari:PasswordsIcons] Starting to fetch history
2026-09-30 23:34:53.341 Df trustd[87797:c63168] [com.apple.securityd:SecError] TextInsertUITest[23314]/1#-1 LF=0 NetworkingAnalyticsReport Error Domain=NSOSStatusErrorDomain Code=-4 "Networking analytics not supported in this environment" UserInfo={numberOfErrorsDeep=0, NSDescription=Networking anal
2026-09-30 23:34:54.112 Df trustd[87797:c63168] [com.apple.securityd:SecError] TextInsertUITest[23314]/1#-1 LF=0 NetworkingAnalyticsReport Error Domain=NSOSStatusErrorDomain Code=-4 "Networking analytics not supported in this environment" UserInfo={numberOfErrorsDeep=0, NSDescription=Networking anal
2026-09-30 23:34:54.308 Df trustd[87797:c63168] [com.apple.securityd:SecError] TextInsertUITest[23314]/1#-1 LF=0 NetworkingAnalyticsReport Error Domain=NSOSStatusErrorDomain Code=-4 "Networking analytics not supported in this environment" UserInfo={numberOfErrorsDeep=0, NSDescription=Networking anal
    "XC_kAXXCAttributeLabel" = "AutoFill Contact";
2026-09-30 23:34:54.555 Df trustd[87797:c63168] [com.apple.securityd:SecError] TextInsertUITest[23314]/1#-1 LF=0 NetworkingAnalyticsReport Error Domain=NSOSStatusErrorDomain Code=-4 "Networking analytics not supported in this environment" UserInfo={numberOfErrorsDeep=0, NSDescription=Networking anal
    caller = "testmanagerd: -[XCTouchGesturePerformer initWithUserTestingNotificationProvider:] + 60";
2026-09-30 23:34:54.805 A  AmbientPhotoFramePosterProvider[87443:c62b9c] (CoreFoundation) Loading Preferences From User Session CFPrefsD
2026-09-30 23:34:54.810 A  AmbientPhotoFramePosterProvider[87443:c62b9c] (CoreFoundation) Loading Preferences From User Session CFPrefsD
2026-09-30 23:34:54.819 Df launchd_sim[86751:c639e6] [pid/23314 [TextInsertUITes]:] shutting down
2026-09-30 23:34:54.819 Df launchd_sim[86751:c639e6] [pid/23314 [TextInsertUITes]:] cleaning up
2026-09-30 23:35:01.984 Df log[24697:0] [com.apple.log:] log run noninteractively, parent: 86751 (launchd_sim), args: 'log' 'collect' '--output' '/Users/tarunyadgirkar/TarunsCode/prefill/spikes/textinsert/build/Logs/Test/Test-TextInsertSpike-2026.09.30_23-34-25--0700.xcresult/Staging/1_Test/Diagnost
2026-09-30 23:35:02.039 Df swcd[87251:c62bda] [com.apple.xpc:connection] [0x103924a00] activating connection: mach=false listener=false peer=true name=com.apple.SharedWebCredentials.peer[24700].0x103924a00
2026-09-30 23:35:20.725 Df SafariViewService[24111:c639a1] [com.apple.network:connection] [C1 6A0F4C38-6292-4316-A365-C9AA13DCC5A2 Hostname#56a6c9e1:443 quic-connection, url: https://configuration.apple.com/configurations/internetservices/safari/AutoFillQuirks-1.plist, definite, attribution: develop
2026-09-30 23:35:20.725 Df SafariViewService[24111:c639a1] [com.apple.network:connection] [C1 6A0F4C38-6292-4316-A365-C9AA13DCC5A2 Hostname#56a6c9e1:443 quic-connection, url: https://configuration.apple.com/configurations/internetservices/safari/AutoFillQuirks-1.plist, definite, attribution: develop
