Timestamp               Ty Process[PID:TID]
    "XC_kAXXCAttributeValue"
)
}
    "XC_kAXXCAttributePlaceholderValue"
)
}
    ↪︎ Elements matching predicate '"Passwords" IN identifiers'
 ↪︎ Descendants matching type Button
    ↪︎ Elements matching predicate '"Passwords" IN identifiers'
    ↪︎ Elements matching predicate '"Passwords" IN identifiers'
    attributes =     (
        5004,
        5019,
        5003,
        5058,
        2001,
        2004,
        2158,
        5002,
        5043
    );
    maxArrayCount = 2147483647;
    maxChildren = 2147483647;
    maxDepth = 2147483647;
    snapshotKeyHonorModalViews = 0;
    traverseFromParentsToChildren = 1;
}
↪︎ Descendants matching type Button
    ↪︎ Elements matching predicate '"Passwords" IN identifiers'
    Application, pid: 26454, label: 'Safari'
)}, found {(
    Button, label: 'Emoji',
    Button, identifier: 'dictation', label: 'Dictate',
    Button, identifier: 'shift', label: 'shift',
    Button, identifier: 'Return', label: 'return',
    Button, label: 'Contact',
    Button, label: 'Passwords',
    Button, label: 'Credit Card',
    Button, label: 'Previous',
    Button, label: 'Next',
    Button, label: 'AutoFill Contact',
    Button, label: 'Done'
)}
    Button, label: 'Emoji',
    Button, identifier: 'dictation', label: 'Dictate',
    Button, identifier: 'shift', label: 'shift',
    Button, identifier: 'Return', label: 'return',
    Button, label: 'Contact',
    Button, label: 'Passwords',
    Button, label: 'Credit Card',
    Button, label: 'Previous',
    Button, label: 'Next',
    Button, label: 'AutoFill Contact',
    Button, label: 'Done'
)}, found {(
    Button, label: 'Passwords'
)}
)}
Application, 0x1729366c0, pid: 26454, label: 'Safari' <App element pid: 26454>
  Window (Main), 0x172937700 <AX element pid: 26454, elementOrHash.elementID: 4417460224.5>
    Other, 0x172935f40 <AX element pid: 26454, elementOrHash.elementID: 6216796352.200>
    Other, 0x172934000 <AX element pid: 26454, elementOrHash.elementID: 4460789248.7>
      Other, 0x172936bc0 <AX element pid: 26454, elementOrHash.elementID: 4461176832.9>
        Other, 0x172936a80, identifier: 'SafariWindow?View=Narrow&BarsKeptMinimized=false&UUID=E099565E-1415-4A1E-BC66-9B28868CD65D&UsingLoweredBar=true&IsSecure=false&IsTabBarAvailable=false' <AX element pid: 26454, elementOrHash.elementID: 4467901760.11>
          Other, 0x172936580 <AX element pid: 26454, elementOrHash.elementID: 4467902208.12>
            Other, 0x172936d00 <AX element pid: 26454, elementOrHash.elementID: 4467902656.14>
              Other, 0x172936800 <AX element pid: 26454, elementOrHash.elementID: 4460786176.16>
                Other, 0x172937ac0 <AX e<…>
    ↪︎ Elements matching predicate '"Passwords" IN identifiers' found matching snapshots: {(
    Button, label: 'Passwords'
)} (error: (null))
    ↪︎ Elements matching predicate '"Passwords" IN identifiers' with results: <XCTElementQueryResults: 0x166aa2ca0> (error: (null))
    "XC_kAXXCAttributeValue"
)
}
    "XC_kAXXCAttributePlaceholderValue"
)
}
    ↪︎ Elements matching predicate '"Passwords" IN identifiers'
 ↪︎ Descendants matching type Button
    ↪︎ Elements matching predicate '"Passwords" IN identifiers'
    ↪︎ Elements matching predicate '"Passwords" IN identifiers'
    attributes =     (
        5004,
        5019,
        5003,
        5058,
        2001,
        2004,
        2158,
        5002,
        5043
    );
    maxArrayCount = 2147483647;
    maxChildren = 2147483647;
    maxDepth = 2147483647;
    snapshotKeyHonorModalViews = 0;
    traverseFromParentsToChildren = 1;
}
↪︎ Descendants matching type Button
    ↪︎ Elements matching predicate '"Passwords" IN identifiers'
    Application, pid: 26454, label: 'Safari'
)}, found {(
    Button, label: 'Emoji',
    Button, identifier: 'dictation', label: 'Dictate',
    Button, identifier: 'shift', label: 'shift',
    Button, identifier: 'Return', label: 'return',
    Button, label: 'Contact',
    Button, label: 'Passwords',
    Button, label: 'Credit Card',
    Button, label: 'Previous',
    Button, label: 'Next',
    Button, label: 'AutoFill Contact',
    Button, label: 'Done'
)}
    Button, label: 'Emoji',
    Button, identifier: 'dictation', label: 'Dictate',
    Button, identifier: 'shift', label: 'shift',
    Button, identifier: 'Return', label: 'return',
    Button, label: 'Contact',
    Button, label: 'Passwords',
    Button, label: 'Credit Card',
    Button, label: 'Previous',
    Button, label: 'Next',
    Button, label: 'AutoFill Contact',
    Button, label: 'Done'
)}, found {(
    Button, label: 'Passwords'
)}
)}
Application, 0x173be03c0, pid: 26454, label: 'Safari' <App element pid: 26454>
  Window (Main), 0x173be21c0 <AX element pid: 26454, elementOrHash.elementID: 4417460224.5>
    Other, 0x173be3e80 <AX element pid: 26454, elementOrHash.elementID: 6216796352.200>
    Other, 0x173be2a80 <AX element pid: 26454, elementOrHash.elementID: 4460789248.7>
      Other, 0x173be3480 <AX element pid: 26454, elementOrHash.elementID: 4461176832.9>
        Other, 0x173be08c0, identifier: 'SafariWindow?View=Narrow&BarsKeptMinimized=false&UUID=E099565E-1415-4A1E-BC66-9B28868CD65D&UsingLoweredBar=true&IsSecure=false&IsTabBarAvailable=false' <AX element pid: 26454, elementOrHash.elementID: 4467901760.11>
          Other, 0x173be1900 <AX element pid: 26454, elementOrHash.elementID: 4467902208.12>
            Other, 0x173be0dc0 <AX element pid: 26454, elementOrHash.elementID: 4467902656.14>
              Other, 0x173be0780 <AX element pid: 26454, elementOrHash.elementID: 4460786176.16>
                Other, 0x173be1a40 <AX e<…>
    ↪︎ Elements matching predicate '"Passwords" IN identifiers' found matching snapshots: {(
    Button, label: 'Passwords'
)} (error: (null))
    ↪︎ Elements matching predicate '"Passwords" IN identifiers' with results: <XCTElementQueryResults: 0x173a8fa20> (error: (null))
    "XC_kAXXCAttributeValue"
)
}
    "XC_kAXXCAttributePlaceholderValue"
)
}
    ↪︎ Elements matching predicate '"Passwords" IN identifiers'
 ↪︎ Descendants matching type Button
    ↪︎ Elements matching predicate '"Passwords" IN identifiers'
    ↪︎ Elements matching predicate '"Passwords" IN identifiers'
    attributes =     (
        5004,
        5019,
        5003,
        5058,
        2001,
        2004,
        2158,
        5002,
        5043
    );
    maxArrayCount = 2147483647;
    maxChildren = 2147483647;
    maxDepth = 2147483647;
    snapshotKeyHonorModalViews = 0;
    traverseFromParentsToChildren = 1;
}
↪︎ Descendants matching type Button
    ↪︎ Elements matching predicate '"Passwords" IN identifiers'
    Application, pid: 26454, label: 'Safari'
)}, found {(
    Button, label: 'Emoji',
    Button, identifier: 'dictation', label: 'Dictate',
    Button, identifier: 'shift', label: 'shift',
    Button, identifier: 'Return', label: 'return',
    Button, label: 'Contact',
    Button, label: 'Passwords',
    Button, label: 'Credit Card',
    Button, label: 'Previous',
    Button, label: 'Next',
    Button, label: 'AutoFill Contact',
    Button, label: 'Done'
)}
    Button, label: 'Emoji',
    Button, identifier: 'dictation', label: 'Dictate',
    Button, identifier: 'shift', label: 'shift',
    Button, identifier: 'Return', label: 'return',
    Button, label: 'Contact',
    Button, label: 'Passwords',
    Button, label: 'Credit Card',
    Button, label: 'Previous',
    Button, label: 'Next',
    Button, label: 'AutoFill Contact',
    Button, label: 'Done'
)}, found {(
    Button, label: 'Passwords'
)}
)}
Application, 0x172935f40, pid: 26454, label: 'Safari' <App element pid: 26454>
  Window (Main), 0x172937ac0 <AX element pid: 26454, elementOrHash.elementID: 4417460224.5>
    Other, 0x172937980 <AX element pid: 26454, elementOrHash.elementID: 6216796352.200>
    Other, 0x172936800 <AX element pid: 26454, elementOrHash.elementID: 4460789248.7>
      Other, 0x1729375c0 <AX element pid: 26454, elementOrHash.elementID: 4461176832.9>
        Other, 0x172935400, identifier: 'SafariWindow?View=Narrow&BarsKeptMinimized=false&UUID=E099565E-1415-4A1E-BC66-9B28868CD65D&UsingLoweredBar=true&IsSecure=false&IsTabBarAvailable=false' <AX element pid: 26454, elementOrHash.elementID: 4467901760.11>
          Other, 0x172934dc0 <AX element pid: 26454, elementOrHash.elementID: 4467902208.12>
            Other, 0x172936d00 <AX element pid: 26454, elementOrHash.elementID: 4467902656.14>
              Other, 0x172936580 <AX element pid: 26454, elementOrHash.elementID: 4460786176.16>
                Other, 0x172936a80 <AX e<…>
    ↪︎ Elements matching predicate '"Passwords" IN identifiers' found matching snapshots: {(
    Button, label: 'Passwords'
)} (error: (null))
    ↪︎ Elements matching predicate '"Passwords" IN identifiers' with results: <XCTElementQueryResults: 0x166867e40> (error: (null))
    "XC_kAXXCAttributeValue"
)
}
    "XC_kAXXCAttributePlaceholderValue"
)
}
    "XC_kAXXCAttributeFrame",
    "XC_kAXXCAttributeWindowDisplayId",
    "XC_kAXXCAttributeWindowContextId"
)
    "XC_kAXXCAttributeFrame" =     {
        Height = 42;
        Width = 250;
        X = "16.00000000000001";
        Y = "322.3333333333334";
    };
    "XC_kAXXCAttributeWindowContextId" = 3574600963;
    "XC_kAXXCAttributeWindowDisplayId" = 1;
}
 ↪︎ Descendants matching predicate identifier == "NotificationShortLookView" OR elementType == 7
    attributes =     (
        5003,
        5004,
        5002,
        5019,
        5058,
        2004
    );
    maxArrayCount = 2147483647;
    maxChildren = 2147483647;
    maxDepth = 2147483647;
    snapshotKeyHonorModalViews = 0;
    traverseFromParentsToChildren = 1;
}
↪︎ Descendants matching predicate identifier == "NotificationShortLookView" OR elementType == 7
    Application, pid: 26454
)}, found {(
)}
)}
Application, 0x17293c000, pid: 26454 <App element pid: 26454>
  Window (Main), 0x17293c8c0 <AX element pid: 26454, elementOrHash.elementID: 4417460224.5>
    Other, 0x17293c3c0 <AX element pid: 26454, elementOrHash.elementID: 6216796352.200>
    Other, 0x17293c640 <AX element pid: 26454, elementOrHash.elementID: 4460789248.7>
      Other, 0x17293c140 <AX element pid: 26454, elementOrHash.elementID: 4461176832.9>
        Other, 0x17293da40, identifier: 'SafariWindow?View=Narrow&BarsKeptMinimized=false&UUID=E099565E-1415-4A1E-BC66-9B28868CD65D&UsingLoweredBar=true&IsSecure=false&IsTabBarAvailable=false' <AX element pid: 26454, elementOrHash.elementID: 4467901760.11>
          Other, 0x17293db80 <AX element pid: 26454, elementOrHash.elementID: 4467902208.12>
            Other, 0x17293e440 <AX element pid: 26454, elementOrHash.elementID: 4467902656.14>
              Other, 0x17293f200 <AX element pid: 26454, elementOrHash.elementID: 4460786176.16>
                Other, 0x17293fe80 <AX element pid: 26454<…>
)} (error: (null))
    "XC_kAXXCAttributeVisiblePoint"
)
    "XC_kAXXCAttributeVisiblePoint" =     {
        X = 141;
        Y = "343.3333333333334";
    };
}
    "XC_kAXXCAttributeSystemAutomationProperties"
)
}
    "XC_kAXXCAttributeFrame",
    "XC_kAXXCAttributeWindowDisplayId",
    "XC_kAXXCAttributeWindowContextId"
)
    "XC_kAXXCAttributeFrame" =     {
        Height = 874;
        Width = 402;
        X = 0;
        Y = 0;
    };
    "XC_kAXXCAttributeWindowContextId" = 3574600963;
    "XC_kAXXCAttributeWindowDisplayId" = 1;
}
2026-09-30 23:36:02.333 A  MobileSafari[26454:c659fe] (UIKitCore) send gesture actions
2026-09-30 23:36:02.335 Df MobileSafari[26454:c659fe] [com.apple.UIKit:UIFocus] Deferring focus update to item <_UIContextMenuCell: 0x109e3e100>. No additional info available.
2026-09-30 23:36:02.414 A  MobileSafari[26454:c659fe] (UIKitCore) send gesture actions
2026-09-30 23:36:02.414 A  MobileSafari[26454:c659fe] (UIKitCore) send gesture actions
2026-09-30 23:36:02.414 A  MobileSafari[26454:c659fe] (UIKitCore) send gesture actions
2026-09-30 23:36:02.415 A  MobileSafari[26454:c659fe] (UIKitCore) send gesture actions
2026-09-30 23:36:02.416 Df MobileSafari[26454:c659fe] [com.apple.UIKit:KeyboardFocusAssistant] requestKeyboardFocusWithProvenance:<BKSHIDEventSimpleProvenance: 0x173a8b180> (token:<uq: 1; UIKit-localContainer>)
2026-09-30 23:36:02.416 Df MobileSafari[26454:c659fe] [com.apple.BackBoard:Keyboard] currently observing: YES
2026-09-30 23:36:02.416 Df MobileSafari[26454:c659fe] [com.apple.BackBoard:Keyboard] connected: (
    "<BKSHIDKeyboardDevice: 0x1668666d0> {\134n    senderID: 0xACEFADE00000002;\134n    transport: <nil>;\134n    language: <nil>;\134n    layout: US;\134n    countryCode: 0;\134n    standardType: 4294967295;\134n    subinterfaceID: 0;\134n    capsLockKeyHasLanguageSwitchLabel: NO;\134n    globeKeyL
)
2026-09-30 23:36:02.416 Df MobileSafari[26454:c659fe] [com.apple.BackBoard:Keyboard] currently observing: NO
2026-09-30 23:36:02.417 Df MobileSafari[26454:c659fe] [com.apple.BackBoard:Keyboard] disconnected: (
    "<BKSHIDKeyboardDevice: 0x1668666d0> {\134n    senderID: 0xACEFADE00000002;\134n    transport: <nil>;\134n    language: <nil>;\134n    layout: US;\134n    countryCode: 0;\134n    standardType: 4294967295;\134n    subinterfaceID: 0;\134n    capsLockKeyHasLanguageSwitchLabel: NO;\134n    globeKeyL
)
2026-09-30 23:36:02.417 Df MobileSafari[26454:c659fe] [com.apple.UIKit:InputSessionChange] -setDelegate=<WKContentView: 0x1076dfc00> force:NO delayEndInputSession:NO (delegateSame=NO)
2026-09-30 23:36:02.417 Df MobileSafari[26454:c659fe] [com.apple.UIKit:InputSessionChange] -_teardownExistingDelegate:<_UITypeSelectKeyInput: 0x166a79980> forSetDelegate:<WKContentView: 0x1076dfc00> force:NO delayEndInputSession:NO
2026-09-30 23:36:02.417 Df MobileSafari[26454:c659fe] [com.apple.RemoteTextInput:InputSessionChange] -[RTIInputSystemClient endRemoteTextInputSessionWithID:options:completion:]  Ending text input session. sessionID = 72A28D40-421B-42E9-B1B5-E5BBFC12EF4C, options = <RTISessionOptions: 0x166a850e0; sh
2026-09-30 23:36:02.417 Df MobileSafari[26454:c659fe] [com.apple.RemoteTextInput:InputSessionChange] -[RTIInputSystemClient _endSessionWithID:forServices:options:completion:]  End input session: 72A28D40-421B-42E9-B1B5-E5BBFC12EF4C
2026-09-30 23:36:02.417 Df MobileSafari[26454:c659fe] [com.apple.UIKit:KeyboardAutocorrectionControllerUI] -[UIKeyboardAutocorrectionController setAutocorrectionList:], (null)
2026-09-30 23:36:02.417 Df MobileSafari[26454:c659fe] [com.apple.UIKit:PredictionViewControllerUI] -[UIPredictionViewController _updateAutocorrectionList:candidateGenerationContext:], (null)
2026-09-30 23:36:02.417 Df MobileSafari[26454:c659fe] [com.apple.UIKit:PredictionViewControllerUI] Presenting current text suggestions.
2026-09-30 23:36:02.417 Df MobileSafari[26454:c659fe] [com.apple.UIKit:PredictionViewControllerUI] UIPredictionViewController setting autocorrection list on TUIPredictionView, <TIAutocorrectionList: 0x173b40f00 predictions=2>
2026-09-30 23:36:02.418 Df MobileSafari[26454:c659fe] [com.apple.UIKit:SmartReply] Text choice assistant is showing prompt for text suggestion candidates
2026-09-30 23:36:02.418 Df MobileSafari[26454:c659fe] [com.apple.UIKit:UIPeripheralHost] endPlacementForInputViewSet: <<UIInputViewSet: 0x13f7fe1c0>; keyboard = <UIKeyboardAutomatic: 0x109e3db00; frame = (0 0; 402 226); opaque = NO; layer = <CALayer: 0x106520930>>%; assistant = <TUISystemInputAssist
2026-09-30 23:36:02.418 Df MobileSafari[26454:c659fe] [com.apple.UIKit:UIPeripheralHost] endPlacementForInputViewSet, returning -> <UIInputViewSetPlacementOnScreenWithAccessory>
2026-09-30 23:36:02.419 Df MobileSafari[26454:c659fe] [com.apple.UIKit:UIPeripheralHost] endPlacementForInputViewSet: <<UIInputViewSet: 0x13f7fe1c0>; keyboard = <UIKeyboardAutomatic: 0x109e3db00; frame = (0 0; 402 226); opaque = NO; layer = <CALayer: 0x106520930>>%; assistant = <TUISystemInputAssist
2026-09-30 23:36:02.419 Df MobileSafari[26454:c659fe] [com.apple.UIKit:UIPeripheralHost] endPlacementForInputViewSet, returning -> <UIInputViewSetPlacementOnScreenWithAccessory>
2026-09-30 23:36:02.419 Df MobileSafari[26454:c659fe] [com.apple.UIKit:UIPeripheralHost] endPlacementForInputViewSet: <<UIInputViewSet: 0x13f7fe1c0>; keyboard = <UIKeyboardAutomatic: 0x109e3db00; frame = (0 0; 402 226); opaque = NO; layer = <CALayer: 0x106520930>>%; assistant = <TUISystemInputAssist
2026-09-30 23:36:02.419 Df MobileSafari[26454:c659fe] [com.apple.UIKit:UIPeripheralHost] endPlacementForInputViewSet, returning -> <UIInputViewSetPlacementOnScreenWithAccessory>
2026-09-30 23:36:02.419 Df MobileSafari[26454:c659fe] [com.apple.UIKit:UIPeripheralHost] endPlacementForInputViewSet: <<UIInputViewSet: 0x13f7fe1c0>; keyboard = <UIKeyboardAutomatic: 0x109e3db00; frame = (0 0; 402 226); opaque = NO; layer = <CALayer: 0x106520930>>%; assistant = <TUISystemInputAssist
2026-09-30 23:36:02.419 Df MobileSafari[26454:c659fe] [com.apple.UIKit:UIPeripheralHost] endPlacementForInputViewSet, returning -> <UIInputViewSetPlacementOnScreenWithAccessory>
2026-09-30 23:36:02.420 Df MobileSafari[26454:c659fe] [com.apple.UIKit:UIPeripheralHost] endPlacementForInputViewSet: <<UIInputViewSet: 0x13f7fe1c0>; keyboard = <UIKeyboardAutomatic: 0x109e3db00; frame = (0 0; 402 226); opaque = NO; layer = <CALayer: 0x106520930>>%; assistant = <TUISystemInputAssist
2026-09-30 23:36:02.420 Df MobileSafari[26454:c659fe] [com.apple.UIKit:UIPeripheralHost] endPlacementForInputViewSet, returning -> <UIInputViewSetPlacementOnScreenWithAccessory>
2026-09-30 23:36:02.420 Df MobileSafari[26454:c659fe] [com.apple.UIKit:UIPeripheralHost] endPlacementForInputViewSet: <<UIInputViewSet: 0x13f7fe1c0>; keyboard = <UIKeyboardAutomatic: 0x109e3db00; frame = (0 0; 402 226); opaque = NO; layer = <CALayer: 0x106520930>>%; assistant = <TUISystemInputAssist
2026-09-30 23:36:02.420 Df MobileSafari[26454:c659fe] [com.apple.UIKit:UIPeripheralHost] endPlacementForInputViewSet, returning -> <UIInputViewSetPlacementOnScreenWithAccessory>
2026-09-30 23:36:02.420 Df MobileSafari[26454:c659fe] [com.apple.UIKit:UIPeripheralHost] endPlacementForInputViewSet: <<UIInputViewSet: 0x13f7fe1c0>; keyboard = <UIKeyboardAutomatic: 0x109e3db00; frame = (0 0; 402 226); opaque = NO; layer = <CALayer: 0x106520930>>%; assistant = <TUISystemInputAssist
2026-09-30 23:36:02.420 Df MobileSafari[26454:c659fe] [com.apple.UIKit:UIPeripheralHost] endPlacementForInputViewSet, returning -> <UIInputViewSetPlacementOnScreenWithAccessory>
2026-09-30 23:36:02.420 Df MobileSafari[26454:c659fe] [com.apple.UIKit:UIPeripheralHost] endPlacementForInputViewSet: <<UIInputViewSet: 0x13f7fe1c0>; keyboard = <UIKeyboardAutomatic: 0x109e3db00; frame = (0 0; 402 226); opaque = NO; layer = <CALayer: 0x106520930>>%; assistant = <TUISystemInputAssist
2026-09-30 23:36:02.420 Df MobileSafari[26454:c659fe] [com.apple.UIKit:UIPeripheralHost] endPlacementForInputViewSet, returning -> <UIInputViewSetPlacementOnScreenWithAccessory>
2026-09-30 23:36:02.422 Df MobileSafari[26454:c659fe] [com.apple.UIKit:SmartReply] Handling responseContextDidChange - existing: (null), new: (null)
2026-09-30 23:36:02.423 E  MobileSafari[26454:c659fe] [com.apple.UIKit:UIKBRenderingLog] isKeyboardMinorEdgeWidth may only be set for UIKBDynamicRenderFactory, changes not saved
2026-09-30 23:36:02.423 E  MobileSafari[26454:c659fe] [com.apple.UIKit:UIKBRenderingLog] keyboardVerticalSizeClass may only be set for UIKBDynamicRenderFactory, changes not saved
2026-09-30 23:36:02.423 E  MobileSafari[26454:c659fe] [com.apple.UIKit:UIKBRenderingLog] keyboardHorizontalSizeClass may only be set for UIKBDynamicRenderFactory, changes not saved
2026-09-30 23:36:02.423 E  MobileSafari[26454:c659fe] [com.apple.UIKit:UIKBRenderingLog] currentHandBias may only be set for UIKBDynamicRenderFactory, changes not saved
2026-09-30 23:36:02.423 E  MobileSafari[26454:c659fe] [com.apple.UIKit:UIKBRenderingLog] currentHeight may only be set for UIKBDynamicRenderFactory, changes not saved
2026-09-30 23:36:02.424 Df MobileSafari[26454:c659fe] [com.apple.TextInputUI:DynamicKeyplaneView] Setting dynamic keyplane: Dynamic-QWERTY-British-Small_Capital-Letters
2026-09-30 23:36:02.424 E  MobileSafari[26454:c659fe] [com.apple.UIKit:UIKBRenderingLog] isKeyboardMinorEdgeWidth may only be set for UIKBDynamicRenderFactory, changes not saved
2026-09-30 23:36:02.424 E  MobileSafari[26454:c659fe] [com.apple.UIKit:UIKBRenderingLog] keyboardVerticalSizeClass may only be set for UIKBDynamicRenderFactory, changes not saved
2026-09-30 23:36:02.424 E  MobileSafari[26454:c659fe] [com.apple.UIKit:UIKBRenderingLog] keyboardHorizontalSizeClass may only be set for UIKBDynamicRenderFactory, changes not saved
2026-09-30 23:36:02.424 E  MobileSafari[26454:c659fe] [com.apple.UIKit:UIKBRenderingLog] currentHandBias may only be set for UIKBDynamicRenderFactory, changes not saved
2026-09-30 23:36:02.424 E  MobileSafari[26454:c659fe] [com.apple.UIKit:UIKBRenderingLog] currentHeight may only be set for UIKBDynamicRenderFactory, changes not saved
2026-09-30 23:36:02.427 E  MobileSafari[26454:c659fe] [com.apple.UIKit:UIKBRenderingLog] isKeyboardMinorEdgeWidth may only be set for UIKBDynamicRenderFactory, changes not saved
2026-09-30 23:36:02.427 E  MobileSafari[26454:c659fe] [com.apple.UIKit:UIKBRenderingLog] keyboardVerticalSizeClass may only be set for UIKBDynamicRenderFactory, changes not saved
2026-09-30 23:36:02.427 E  MobileSafari[26454:c659fe] [com.apple.UIKit:UIKBRenderingLog] keyboardHorizontalSizeClass may only be set for UIKBDynamicRenderFactory, changes not saved
2026-09-30 23:36:02.427 E  MobileSafari[26454:c659fe] [com.apple.UIKit:UIKBRenderingLog] currentHandBias may only be set for UIKBDynamicRenderFactory, changes not saved
2026-09-30 23:36:02.427 E  MobileSafari[26454:c659fe] [com.apple.UIKit:UIKBRenderingLog] currentHeight may only be set for UIKBDynamicRenderFactory, changes not saved
2026-09-30 23:36:02.430 Df MobileSafari[26454:c659fe] [com.apple.UIKit:UIPeripheralHost] endPlacementForInputViewSet: <<UIInputViewSet: 0x13f7fe1c0>; keyboard = <UIKeyboardAutomatic: 0x109e3db00; frame = (0 0; 402 226); opaque = NO; layer = <CALayer: 0x106520930>>%; assistant = <TUISystemInputAssist
2026-09-30 23:36:02.430 Df MobileSafari[26454:c659fe] [com.apple.UIKit:UIPeripheralHost] endPlacementForInputViewSet, returning -> <UIInputViewSetPlacementOnScreenWithAccessory>
2026-09-30 23:36:02.430 Df MobileSafari[26454:c659fe] [com.apple.UIKit:UIPeripheralHost] endPlacementForInputViewSet: <<UIInputViewSet: 0x13f7fe1c0>; keyboard = <UIKeyboardAutomatic: 0x109e3db00; frame = (0 0; 402 226); opaque = NO; layer = <CALayer: 0x106520930>>%; assistant = <TUISystemInputAssist
2026-09-30 23:36:02.431 Df MobileSafari[26454:c659fe] [com.apple.UIKit:UIPeripheralHost] endPlacementForInputViewSet, returning -> <UIInputViewSetPlacementOnScreenWithAccessory>
2026-09-30 23:36:02.431 Df MobileSafari[26454:c659fe] [com.apple.UIKit:UIPeripheralHost] endPlacementForInputViewSet: <<UIInputViewSet: 0x13f7fe1c0>; keyboard = <UIKeyboardAutomatic: 0x109e3db00; frame = (0 0; 402 226); opaque = NO; layer = <CALayer: 0x106520930>>%; assistant = <TUISystemInputAssist
2026-09-30 23:36:02.431 Df MobileSafari[26454:c659fe] [com.apple.UIKit:UIPeripheralHost] endPlacementForInputViewSet, returning -> <UIInputViewSetPlacementOnScreenWithAccessory>
2026-09-30 23:36:02.431 Df MobileSafari[26454:c659fe] [com.apple.UIKit:UIPeripheralHost] endPlacementForInputViewSet: <<UIInputViewSet: 0x13f7fe1c0>; keyboard = <UIKeyboardAutomatic: 0x109e3db00; frame = (0 0; 402 226); opaque = NO; layer = <CALayer: 0x106520930>>%; assistant = <TUISystemInputAssist
2026-09-30 23:36:02.431 Df MobileSafari[26454:c659fe] [com.apple.UIKit:UIPeripheralHost] endPlacementForInputViewSet, returning -> <UIInputViewSetPlacementOnScreenWithAccessory>
2026-09-30 23:36:02.434 Df MobileSafari[26454:c659fe] [com.apple.TextInputUI:KeyboardInputManagerMux] -[TUIKeyboardInputManagerMux forwardInvocation:] -> <NSInvocation: 0x16e5db180>
return value: {v} void
target: {@} 0x13cfe87c0
selector: {:} changingContextWithTrigger:
argument 2: {@} 0x222ac4a18
2026-09-30 23:36:02.434 Df MobileSafari[26454:c659fe] [com.apple.TextInputUI:InputSession_Proxy] -[TUIInputSessionProxy handleRequest:], invocation: changingContextWithTrigger:
2026-09-30 23:36:02.435 Df InputUI[87035:c33b5c] [com.apple.TextInputUI:InputSession] [TUIInputSession:26454-C9D0EA9D-4CD6-4DB0-BCD2-9D16194EAE58] forwarding invocation: [changingContextWithTrigger:], target: <TUIKBDSession: 0x106e04980>, identifier: [26454-C9D0EA9D-4CD6-4DB0-BCD2-9D16194EAE58]
2026-09-30 23:36:02.435 A  InputUI[87035:c65861] (RunningBoardServices) observedProcessStatesDidChange
2026-09-30 23:36:02.435 A  MobileSafari[26454:c65b6e] (RunningBoardServices) observedProcessStatesDidChange
2026-09-30 23:36:02.435 Df InputUI[87035:c65861] [com.apple.runningboard:monitor] Received state update for 87035 (osservice<com.apple.InputUI>, running-active-Visible
2026-09-30 23:36:02.435 Df MobileSafari[26454:c659fe] [com.apple.UIKit:UIPeripheralHost] endPlacementForInputViewSet: <<UIInputViewSet: 0x13f7fe1c0>; keyboard = <UIKeyboardAutomatic: 0x109e3db00; frame = (0 0; 402 226); opaque = NO; layer = <CALayer: 0x106520930>>%; assistant = <TUISystemInputAssist
2026-09-30 23:36:02.435 Df MobileSafari[26454:c65b6e] [com.apple.runningboard:monitor] Received state update for 87035 (osservice<com.apple.InputUI>, running-active-NotVisible
2026-09-30 23:36:02.435 Df MobileSafari[26454:c659fe] [com.apple.UIKit:UIPeripheralHost] endPlacementForInputViewSet, returning -> <UIInputViewSetPlacementOnScreenWithAccessory>
2026-09-30 23:36:02.435 Df MobileSafari[26454:c659fe] [com.apple.UIKit:UIPeripheralHost] endPlacementForInputViewSet: <<UIInputViewSet: 0x13f7fe1c0>; keyboard = <UIKeyboardAutomatic: 0x109e3db00; frame = (0 0; 402 226); opaque = NO; layer = <CALayer: 0x106520930>>%; assistant = <TUISystemInputAssist
2026-09-30 23:36:02.435 Df MobileSafari[26454:c659fe] [com.apple.UIKit:UIPeripheralHost] endPlacementForInputViewSet, returning -> <UIInputViewSetPlacementOnScreenWithAccessory>
2026-09-30 23:36:02.436 Df MobileSafari[26454:c659fe] [com.apple.UIKit:UIPeripheralHost] endPlacementForInputViewSet: <<UIInputViewSet: 0x13f7fe1c0>; keyboard = <UIKeyboardAutomatic: 0x109e3db00; frame = (0 0; 402 226); opaque = NO; layer = <CALayer: 0x106520930>>%; assistant = <TUISystemInputAssist
2026-09-30 23:36:02.436 Df MobileSafari[26454:c659fe] [com.apple.UIKit:UIPeripheralHost] endPlacementForInputViewSet, returning -> <UIInputViewSetPlacementOnScreenWithAccessory>
2026-09-30 23:36:02.436 Df MobileSafari[26454:c659fe] [com.apple.UIKit:UIPeripheralHost] endPlacementForInputViewSet: <<UIInputViewSet: 0x13f7fe1c0>; keyboard = <UIKeyboardAutomatic: 0x109e3db00; frame = (0 0; 402 226); opaque = NO; layer = <CALayer: 0x106520930>>%; assistant = <TUISystemInputAssist
2026-09-30 23:36:02.436 Df MobileSafari[26454:c659fe] [com.apple.UIKit:UIPeripheralHost] endPlacementForInputViewSet, returning -> <UIInputViewSetPlacementOnScreenWithAccessory>
2026-09-30 23:36:02.436 Df MobileSafari[26454:c659fe] [com.apple.UIKit:UIPeripheralHost] endPlacementForInputViewSet: <<UIInputViewSet: 0x13f7fe1c0>; keyboard = <UIKeyboardAutomatic: 0x109e3db00; frame = (0 0; 402 226); opaque = NO; layer = <CALayer: 0x106520930>>%; assistant = <TUISystemInputAssist
2026-09-30 23:36:02.436 Df MobileSafari[26454:c659fe] [com.apple.UIKit:UIPeripheralHost] endPlacementForInputViewSet, returning -> <UIInputViewSetPlacementOnScreenWithAccessory>
2026-09-30 23:36:02.436 Df MobileSafari[26454:c659fe] [com.apple.UIKit:UIPeripheralHost] endPlacementForInputViewSet: <<UIInputViewSet: 0x13f7fe1c0>; keyboard = <UIKeyboardAutomatic: 0x109e3db00; frame = (0 0; 402 226); opaque = NO; layer = <CALayer: 0x106520930>>%; assistant = <TUISystemInputAssist
2026-09-30 23:36:02.436 Df MobileSafari[26454:c659fe] [com.apple.UIKit:UIPeripheralHost] endPlacementForInputViewSet, returning -> <UIInputViewSetPlacementOnScreenWithAccessory>
2026-09-30 23:36:02.436 Df MobileSafari[26454:c659fe] [com.apple.UIKit:UIPeripheralHost] endPlacementForInputViewSet: <<UIInputViewSet: 0x13f7fe1c0>; keyboard = <UIKeyboardAutomatic: 0x109e3db00; frame = (0 0; 402 226); opaque = NO; layer = <CALayer: 0x106520930>>%; assistant = <TUISystemInputAssist
2026-09-30 23:36:02.436 Df MobileSafari[26454:c659fe] [com.apple.UIKit:UIPeripheralHost] endPlacementForInputViewSet, returning -> <UIInputViewSetPlacementOnScreenWithAccessory>
2026-09-30 23:36:02.437 Df MobileSafari[26454:c659fe] [com.apple.UIKit:UIPeripheralHost] endPlacementForInputViewSet: <<UIInputViewSet: 0x13f7fe1c0>; keyboard = <UIKeyboardAutomatic: 0x109e3db00; frame = (0 0; 402 226); opaque = NO; layer = <CALayer: 0x106520930>>%; assistant = <TUISystemInputAssist
2026-09-30 23:36:02.437 Df MobileSafari[26454:c659fe] [com.apple.UIKit:UIPeripheralHost] endPlacementForInputViewSet, returning -> <UIInputViewSetPlacementOnScreenWithAccessory>
2026-09-30 23:36:02.437 Df MobileSafari[26454:c659fe] [com.apple.TextInputUI:KeyboardInputManagerMux] -[TUIKeyboardInputManagerMux forwardInvocation:] -> <NSInvocation: 0x16e5da140>
return value: {v} void
target: {@} 0x13cfe87c0
selector: {:} syncToKeyboardState:completionHandler:
argument 2: {@} 0x13d895f80
argument 3: {@?} 0x172bdea00 (block)
2026-09-30 23:36:02.437 Df MobileSafari[26454:c659fe] [com.apple.TextInputUI:InputSession_Proxy] -[TUIInputSessionProxy handleRequest:], invocation: syncToKeyboardState:completionHandler:
2026-09-30 23:36:02.438 Df MobileSafari[26454:c659fe] [com.apple.RemoteTextInput:InputSessionChange] -[RTIInputSystemClient beginAllowingRemoteTextInput:]  Begin allowing remote text input: 0A8EF4F4-91F7-40C2-B5ED-EA16E854885F
2026-09-30 23:36:02.438 Df InputUI[87035:c33b5c] [com.apple.TextInputUI:InputSession] -[TUIInputSession syncToKeyboardState:completionHandler:] [26454-C9D0EA9D-4CD6-4DB0-BCD2-9D16194EAE58]
2026-09-30 23:36:02.439 Df MobileSafari[26454:c659fe] [com.apple.UIKit:UIPeripheralHost] endPlacementForInputViewSet: <<UIInputViewSet: 0x174004f00>; keyboard = <UIKeyboardAutomatic: 0x109e3db00; frame = (0 0; 402 226); opaque = NO; layer = <CALayer: 0x106520930>>%; assistant = <TUISystemInputAssist
2026-09-30 23:36:02.439 Df MobileSafari[26454:c659fe] [com.apple.UIKit:UIPeripheralHost] endPlacementForInputViewSet, returning -> <UIInputViewSetPlacementOnScreenWithAccessory>
2026-09-30 23:36:02.439 Df MobileSafari[26454:c659fe] [com.apple.UIKit:KeyboardArbiterClientLog] -[_UIRemoteKeyboards prepareToMoveKeyboard:withIAV:isIAVRelevant:showing:notifyRemote:forScene:] position: {{0, 0}, {402, 328}} visible: 1; notifyRemote: 1; isMinimized: NO
2026-09-30 23:36:02.440 Df MobileSafari[26454:c659fe] [com.apple.KeyboardArbiter:Client] prepareToMoveKeyboard: set currentKeyboard:Y (snapshot:N, notifyRemote:Y, position:{{0, 546}, {402, 328}})
2026-09-30 23:36:02.440 Df MobileSafari[26454:c659fe] [com.apple.KeyboardArbiter:Client] TX signalKeyboardChanged: <<fence:Y pos:{{0, 546}, {402, 328}} anim:Y onScreen:Y tracking:N resizing:N local:N uiPos:Unknown notif:N> src{scene:com.apple.mobilesafari-71DD3C25-4702-4D1D-8EB9-7DEF87C13EE1 display
2026-09-30 23:36:02.440 Df MobileSafari[26454:c659fe] [com.apple.UIKit:KeyboardArbiterClientLog] -[_UIRemoteKeyboards signalToProxyKeyboardChanged:onCompletion:]  Signaling keyboard changed <<<_UIKeyboardChangedInformation: 0x16e541c80>; appId (null) bundleId (null) animation fence <BKSAnimationFenc
2026-09-30 23:36:02.440 A  InputUI[87035:c659cc] (RunningBoardServices) observedProcessStatesDidChange
2026-09-30 23:36:02.440 Df InputUI[87035:c659cc] [com.apple.runningboard:monitor] Received state update for 87035 (osservice<com.apple.InputUI>, running-active-Visible
2026-09-30 23:36:02.440 A  MobileSafari[26454:c65b6e] (RunningBoardServices) observedProcessStatesDidChange
2026-09-30 23:36:02.440 Df MobileSafari[26454:c65b6e] [com.apple.runningboard:monitor] Received state update for 87035 (osservice<com.apple.InputUI>, running-active-NotVisible
2026-09-30 23:36:02.441 Df MobileSafari[26454:c659fe] [com.apple.UIKit:KeyboardVisualMode] Show keyboard with visual mode windowed (0)
2026-09-30 23:36:02.441 Df InputUI[87035:c33b5c] [com.apple.KeyboardArbiter:Handle] RX com.apple.mobilesafari(26454) signalKeyboardChanged
    keyboardChanges:<<fence:Y pos:{{0, 546}, {402, 328}} anim:Y onScreen:Y tracking:N resizing:N local:N uiPos:Unknown notif:N> src{scene:com.apple.mobilesafari-71DD3C25-4702-4D1D-8EB9-7DEF87C13EE1 display:Main bundle:com.apple.mobilesafari} hostBundle:(null) posWithIAV:{{0, 446}, {402, 428}} snapsh
2026-09-30 23:36:02.442 Df MobileSafari[26454:c659fe] [com.apple.UIKit:UIPeripheralHost] endPlacementForInputViewSet: <<UIInputViewSet: 0x13f7fe1c0>; keyboard = <UIKeyboardAutomatic: 0x109e3db00; frame = (0 0; 402 226); opaque = NO; layer = <CALayer: 0x106520930>>%; assistant = <TUISystemInputAssist
2026-09-30 23:36:02.442 Df MobileSafari[26454:c659fe] [com.apple.UIKit:UIPeripheralHost] endPlacementForInputViewSet, returning -> <UIInputViewSetPlacementOnScreenWithAccessory>
2026-09-30 23:36:02.442 Df InputUI[87035:c33b5c] [com.apple.KeyboardArbiter:Events] set activeInputDestination:<com.apple.mobilesafari focus:<contextID:3574600963 sceneID:com.apple.mobilesafari-71DD3C25-4702-4D1D-8EB9-7DEF87C13EE1> run:Y hosting:() level:5 active:Y wantedState:Enabled #suppr:0 iavHe
2026-09-30 23:36:02.442 Df InputUI[87035:c33b5c] [com.apple.UIKit:KeyboardArbiter] active input destination is now <_UIKeyboardArbiterClientHandle: 0x1100f2ca0; [app<com.apple.mobilesafari((null))>:26454] <<UIKBArbiterClientFocusContext: 0x1073cae80; contextID = d5101503; sceneIdentity = com.apple.f
)}; level 5.000000; active YES [wants YES]; suppression 0; iav 100.000000; on screen YES; isAcquiringFocus: NO>; information: <<<_UIKeyboardChangedInformation: 0x110010000>; appId (null) bundleId (null) animation fence <BKSAnimationFenceHandle:0x106ff8350 -> <CAFenceHandle:0x107113f70 name=137 fence
2026-09-30 23:36:02.442 Df MobileSafari[26454:c659fe] [com.apple.UIKit:UIPeripheralHost] endPlacementForInputViewSet: <<UIInputViewSet: 0x13f7fe1c0>; keyboard = <UIKeyboardAutomatic: 0x109e3db00; frame = (0 0; 402 226); opaque = NO; layer = <CALayer: 0x106520930>>%; assistant = <TUISystemInputAssist
2026-09-30 23:36:02.442 Df MobileSafari[26454:c659fe] [com.apple.UIKit:UIPeripheralHost] endPlacementForInputViewSet, returning -> <UIInputViewSetPlacementOnScreenWithAccessory>
2026-09-30 23:36:02.442 Df MobileSafari[26454:c659fe] [com.apple.UIKit:UIPeripheralHost] endPlacementForInputViewSet: <<UIInputViewSet: 0x13f7fe1c0>; keyboard = <UIKeyboardAutomatic: 0x109e3db00; frame = (0 0; 402 226); opaque = NO; layer = <CALayer: 0x106520930>>%; assistant = <TUISystemInputAssist
2026-09-30 23:36:02.442 Df MobileSafari[26454:c659fe] [com.apple.UIKit:UIPeripheralHost] endPlacementForInputViewSet, returning -> <UIInputViewSetPlacementOnScreenWithAccessory>
2026-09-30 23:36:02.442 Df MobileSafari[26454:c659fe] [com.apple.UIKit:UIPeripheralHost] endPlacementForInputViewSet: <<UIInputViewSet: 0x13f7fe1c0>; keyboard = <UIKeyboardAutomatic: 0x109e3db00; frame = (0 0; 402 226); opaque = NO; layer = <CALayer: 0x106520930>>%; assistant = <TUISystemInputAssist
2026-09-30 23:36:02.442 Df MobileSafari[26454:c659fe] [com.apple.UIKit:UIPeripheralHost] endPlacementForInputViewSet, returning -> <UIInputViewSetPlacementOnScreenWithAccessory>
2026-09-30 23:36:02.443 A  InputUI[87035:c659cc] (RunningBoardServices) observedProcessStatesDidChange
2026-09-30 23:36:02.443 Df InputUI[87035:c659cc] [com.apple.runningboard:monitor] Received state update for 26454 (app<com.apple.mobilesafari((null))>, running-active-Visible
2026-09-30 23:36:02.443 Df InputUI[87035:c33b5c] [com.apple.KeyboardArbiter:Client] RX keyboardChanged (isLocal:N)
2026-09-30 23:36:02.443 Df InputUI[87035:c33b5c] [com.apple.KeyboardArbiter:Client] RX keyboardChanged (isLocal:N source:com.apple.mobilesafari-71DD3C25-4702-4D1D-8EB9-7DEF87C13EE1 frame:{{0, 546}, {402, 328}} onScreen:Y)
2026-09-30 23:36:02.443 Df InputUI[87035:c33b5c] [com.apple.KeyboardArbiter:Client] handleKeyboardChange: set currentKeyboard:N (wasKeyboard:N)
2026-09-30 23:36:02.443 Df InputUI[87035:c33b5c] [com.apple.UIKit:TrackingElementWindowController] Updating sizing for existing placement <UITrackingElementPlacementInitialPosition>
2026-09-30 23:36:02.443 Df InputUI[87035:c33b5c] [com.apple.TextInputUI:KeyboardTrackingCoordinator] Updating tracking clients for start <TUIKeyboardTrackingCoordinator:0x106c97980 state=<TUIKeyboardState: 0x1073c9440 State: onscreen with input view with assistant; is docked>; frame={{0, 546}, {402,
    UIKeyboardAnimationCurveUserInfoKey = 7;
    UIKeyboardAnimationDurationUserInfoKey = "0.3833";
    UIKeyboardBoundsUserInfoKey = "NSRect: {{0, 0}, {402, 328}}";
    UIKeyboardCenterBeginUserInfoKey = "NSPoint: {0, 573}";
    UIKeyboardCenterEndUserInfoKey = "NSPoint: {201, 710}";
    UIKeyboardFrameBeginUserInfoKey = "NSRect: {{0, 573}, {0, 0}}";
    UIKeyboardFrameEndUserInfoKey = "NSRect: {{0, 546}, {402, 328}}";
    UIKeyboardIsLocalUserInfoKey = 1;
}notificationsDebug: >>
2026-09-30 23:36:02.444 Df InputUI[87035:c33b5c] [com.apple.TextInputUI:KeyboardTrackingCoordinator] Posted notification willShow with {
    UIKeyboardAnimationCurveUserInfoKey = 7;
    UIKeyboardAnimationDurationUserInfoKey = "0.3833";
    UIKeyboardBoundsUserInfoKey = "NSRect: {{0, 0}, {402, 328}}";
    UIKeyboardCenterBeginUserInfoKey = "NSPoint: {0, 573}";
    UIKeyboardCenterEndUserInfoKey = "NSPoint: {201, 710}";
    UIKeyboardFrameBeginUserInfoKey = "NSRect: {{0, 573}, {0, 0}}";
    UIKeyboardFrameEndUserInfoKey = "NSRect: {{0, 546}, {402, 328}}";
    UIKeyboardIsLocalUserInfoKey = 1;
} (null)
2026-09-30 23:36:02.444 Df MobileSafari[26454:c659fe] [com.apple.UIKit:UIPeripheralHost] endPlacementForInputViewSet: <<UIInputViewSet: 0x13f7fe1c0>; keyboard = <UIKeyboardAutomatic: 0x109e3db00; frame = (0 0; 402 226); opaque = NO; layer = <CALayer: 0x106520930>>%; assistant = <TUISystemInputAssist
2026-09-30 23:36:02.444 Df MobileSafari[26454:c659fe] [com.apple.UIKit:UIPeripheralHost] endPlacementForInputViewSet, returning -> <UIInputViewSetPlacementOnScreenWithAccessory>
2026-09-30 23:36:02.444 Df InputUI[87035:c33b5c] [com.apple.TextInputUI:KeyboardTrackingCoordinator] Posted notification didShow with {
    UIKeyboardAnimationCurveUserInfoKey = 7;
    UIKeyboardAnimationDurationUserInfoKey = "0.3833";
    UIKeyboardBoundsUserInfoKey = "NSRect: {{0, 0}, {402, 328}}";
    UIKeyboardCenterBeginUserInfoKey = "NSPoint: {0, 573}";
    UIKeyboardCenterEndUserInfoKey = "NSPoint: {201, 710}";
    UIKeyboardFrameBeginUserInfoKey = "NSRect: {{0, 573}, {0, 0}}";
    UIKeyboardFrameEndUserInfoKey = "NSRect: {{0, 546}, {402, 328}}";
    UIKeyboardIsLocalUserInfoKey = 1;
} (null)
2026-09-30 23:36:02.444 Df MobileSafari[26454:c659fe] [com.apple.UIKit:UIPeripheralHost] endPlacementForInputViewSet: <<UIInputViewSet: 0x13f7fe1c0>; keyboard = <UIKeyboardAutomatic: 0x109e3db00; frame = (0 0; 402 226); opaque = NO; layer = <CALayer: 0x106520930>>%; assistant = <TUISystemInputAssist
2026-09-30 23:36:02.444 Df MobileSafari[26454:c659fe] [com.apple.UIKit:UIPeripheralHost] endPlacementForInputViewSet, returning -> <UIInputViewSetPlacementOnScreenWithAccessory>
2026-09-30 23:36:02.444 Df MobileSafari[26454:c659fe] [com.apple.UIKit:UIPeripheralHost] endPlacementForInputViewSet: <<UIInputViewSet: 0x13f7fe1c0>; keyboard = <UIKeyboardAutomatic: 0x109e3db00; frame = (0 0; 402 226); opaque = NO; layer = <CALayer: 0x106520930>>%; assistant = <TUISystemInputAssist
2026-09-30 23:36:02.444 Df MobileSafari[26454:c659fe] [com.apple.UIKit:UIPeripheralHost] endPlacementForInputViewSet, returning -> <UIInputViewSetPlacementOnScreenWithAccessory>
2026-09-30 23:36:02.444 Df MobileSafari[26454:c659fe] [com.apple.UIKit:UIPeripheralHost] endPlacementForInputViewSet: <<UIInputViewSet: 0x13f7fe1c0>; keyboard = <UIKeyboardAutomatic: 0x109e3db00; frame = (0 0; 402 226); opaque = NO; layer = <CALayer: 0x106520930>>%; assistant = <TUISystemInputAssist
2026-09-30 23:36:02.444 Df MobileSafari[26454:c659fe] [com.apple.UIKit:UIPeripheralHost] endPlacementForInputViewSet, returning -> <UIInputViewSetPlacementOnScreenWithAccessory>
2026-09-30 23:36:02.445 Df MobileSafari[26454:c659fe] [com.apple.UIKit:UIPeripheralHost] endPlacementForInputViewSet: <<UIInputViewSet: 0x174004180>; keyboard = <UIKeyboardAutomatic: 0x109e3db00; frame = (0 0; 402 226); opaque = NO; layer = <CALayer: 0x106520930>>%; assistant = <TUISystemInputAssist
2026-09-30 23:36:02.445 Df MobileSafari[26454:c659fe] [com.apple.UIKit:UIPeripheralHost] endPlacementForInputViewSet, returning -> <UIInputViewSetPlacementOnScreenWithAccessory>
2026-09-30 23:36:02.445 Df MobileSafari[26454:c659fe] [com.apple.UIKit:UIPeripheralHost] endPlacementForInputViewSet: <<UIInputViewSet: 0x174004180>; keyboard = <UIKeyboardAutomatic: 0x109e3db00; frame = (0 0; 402 226); opaque = NO; layer = <CALayer: 0x106520930>>%; assistant = <TUISystemInputAssist
2026-09-30 23:36:02.445 Df MobileSafari[26454:c659fe] [com.apple.UIKit:UIPeripheralHost] endPlacementForInputViewSet, returning -> <UIInputViewSetPlacementOnScreenWithAccessory>
2026-09-30 23:36:02.445 Df MobileSafari[26454:c659fe] [com.apple.UIKit:UIPeripheralHost] endPlacementForInputViewSet: <<UIInputViewSet: 0x174004180>; keyboard = <UIKeyboardAutomatic: 0x109e3db00; frame = (0 0; 402 226); opaque = NO; layer = <CALayer: 0x106520930>>%; assistant = <TUISystemInputAssist
2026-09-30 23:36:02.445 Df MobileSafari[26454:c659fe] [com.apple.UIKit:UIPeripheralHost] endPlacementForInputViewSet, returning -> <UIInputViewSetPlacementOnScreenWithAccessory>
2026-09-30 23:36:02.446 Df MobileSafari[26454:c659fe] [com.apple.UIKit:UIPeripheralHost] endPlacementForInputViewSet: <<UIInputViewSet: 0x174004180>; keyboard = <UIKeyboardAutomatic: 0x109e3db00; frame = (0 0; 402 226); opaque = NO; layer = <CALayer: 0x106520930>>%; assistant = <TUISystemInputAssist
2026-09-30 23:36:02.446 Df MobileSafari[26454:c659fe] [com.apple.UIKit:UIPeripheralHost] endPlacementForInputViewSet, returning -> <UIInputViewSetPlacementOnScreenWithAccessory>
2026-09-30 23:36:02.446 Df MobileSafari[26454:c659fe] [com.apple.UIKit:UIPeripheralHost] endPlacementForInputViewSet: <<UIInputViewSet: 0x174004180>; keyboard = <UIKeyboardAutomatic: 0x109e3db00; frame = (0 0; 402 226); opaque = NO; layer = <CALayer: 0x106520930>>%; assistant = <TUISystemInputAssist
2026-09-30 23:36:02.446 Df MobileSafari[26454:c659fe] [com.apple.UIKit:UIPeripheralHost] endPlacementForInputViewSet, returning -> <UIInputViewSetPlacementOnScreenWithAccessory>
2026-09-30 23:36:02.446 A  InputUI[87035:c65869] (RunningBoardServices) observedProcessStatesDidChange
2026-09-30 23:36:02.446 Df InputUI[87035:c65869] [com.apple.runningboard:monitor] Received state update for 86754 (osservice<com.apple.SpringBoard>, running-active-Visible
2026-09-30 23:36:02.446 A  InputUI[87035:c659cc] (RunningBoardServices) observedProcessStatesDidChange
2026-09-30 23:36:02.446 Df InputUI[87035:c659cc] [com.apple.runningboard:monitor] Received state update for 97297 (osservice<com.apple.DragUI.druid>, running-Visible
2026-09-30 23:36:02.448 Df MobileSafari[26454:c659fe] [com.apple.UIKit:UIPeripheralHost] endPlacementForInputViewSet: <<UIInputViewSet: 0x174004180>; keyboard = <UIKeyboardAutomatic: 0x109e3db00; frame = (0 0; 402 226); opaque = NO; layer = <CALayer: 0x106520930>>%; assistant = <TUISystemInputAssist
2026-09-30 23:36:02.448 Df MobileSafari[26454:c659fe] [com.apple.UIKit:UIPeripheralHost] endPlacementForInputViewSet, returning -> <UIInputViewSetPlacementOnScreenWithAccessory>
2026-09-30 23:36:02.448 Df MobileSafari[26454:c659fe] [com.apple.UIKit:UIPeripheralHost] endPlacementForInputViewSet: <<UIInputViewSet: 0x174004180>; keyboard = <UIKeyboardAutomatic: 0x109e3db00; frame = (0 0; 402 226); opaque = NO; layer = <CALayer: 0x106520930>>%; assistant = <TUISystemInputAssist
2026-09-30 23:36:02.448 Df MobileSafari[26454:c659fe] [com.apple.UIKit:UIPeripheralHost] endPlacementForInputViewSet, returning -> <UIInputViewSetPlacementOnScreenWithAccessory>
2026-09-30 23:36:02.448 Df MobileSafari[26454:c659fe] [com.apple.UIKit:UIPeripheralHost] endPlacementForInputViewSet: <<UIInputViewSet: 0x174004180>; keyboard = <UIKeyboardAutomatic: 0x109e3db00; frame = (0 0; 402 226); opaque = NO; layer = <CALayer: 0x106520930>>%; assistant = <TUISystemInputAssist
2026-09-30 23:36:02.448 Df MobileSafari[26454:c659fe] [com.apple.UIKit:UIPeripheralHost] endPlacementForInputViewSet, returning -> <UIInputViewSetPlacementOnScreenWithAccessory>
2026-09-30 23:36:02.448 Df MobileSafari[26454:c659fe] [com.apple.UIKit:UIPeripheralHost] endPlacementForInputViewSet: <<UIInputViewSet: 0x174004180>; keyboard = <UIKeyboardAutomatic: 0x109e3db00; frame = (0 0; 402 226); opaque = NO; layer = <CALayer: 0x106520930>>%; assistant = <TUISystemInputAssist
2026-09-30 23:36:02.448 Df MobileSafari[26454:c659fe] [com.apple.UIKit:UIPeripheralHost] endPlacementForInputViewSet, returning -> <UIInputViewSetPlacementOnScreenWithAccessory>
2026-09-30 23:36:02.449 Df MobileSafari[26454:c659fe] [com.apple.UIKit:KeyboardArbiterClientLog] -[_UIRemoteKeyboardPlaceholderView refreshPlaceholder]  refreshPlaceholder: size={402, 328} [previous size={402, 301}]
2026-09-30 23:36:02.449 A  InputUI[87035:c659cc] (RunningBoardServices) observedProcessStatesDidChange
2026-09-30 23:36:02.449 A  MobileSafari[26454:c65d8b] (RunningBoardServices) observedProcessStatesDidChange
2026-09-30 23:36:02.449 Df MobileSafari[26454:c65d8b] [com.apple.runningboard:monitor] Received state update for 87035 (osservice<com.apple.InputUI>, running-active-NotVisible
2026-09-30 23:36:02.449 Df InputUI[87035:c659cc] [com.apple.runningboard:monitor] Received state update for 87035 (osservice<com.apple.InputUI>, running-active-Visible
2026-09-30 23:36:02.449 Df MobileSafari[26454:c659fe] [com.apple.TextInputUI:KeyboardTrackingCoordinator] Updating tracking clients for start <TUIKeyboardTrackingCoordinator:0x13d8d5680 state=<TUIKeyboardState: 0x13dc4aaa0 State: onscreen with input view; has IAV; is docked>; frame={{0, 546}, {402, 
    UIKeyboardAnimationCurveUserInfoKey = 7;
    UIKeyboardAnimationDurationUserInfoKey = 0;
    UIKeyboardBoundsUserInfoKey = "NSRect: {{0, 0}, {402, 328}}";
    UIKeyboardCenterBeginUserInfoKey = "NSPoint: {201, 673.5}";
    UIKeyboardCenterEndUserInfoKey = "NSPoint: {201, 710}";
    UIKeyboardFrameBeginUserInfoKey = "NSRect: {{0, 473}, {402, 401}}";
    UIKeyboardFrameEndUserInfoKey = "NSRect: {{0, 546}, {402, 328}}";
    UIKeyboardIsLocalUserInfoKey = 1;
}notificationsDebug: >>
2026-09-30 23:36:02.449 Df InputUI[87035:c33b5c] [com.apple.UIKit:AppLifecycle] sceneOfRecord: sceneID: UIHostedScene-com.apple.InputUI-831965E2  persistentID: UIHostedScene-com.apple.InputUI-831965E2
2026-09-30 23:36:02.449 Df MobileSafari[26454:c659fe] [com.apple.UIKit:KeyboardLayoutGuide] changeSizingConstants: size is changing [not transitioning] to {402, 428} [previous size: {402, 401}]
2026-09-30 23:36:02.449 Df MobileSafari[26454:c659fe] [com.apple.UIKit:KeyboardLayoutGuide] changeSizingConstants: size is changing [not transitioning] to {402, 328} [previous size: {402, 301}]
2026-09-30 23:36:02.450 Df MobileSafari[26454:c659fe] [com.apple.mobilesafari:LoweredTabBar] Recieved UIKeyboardWillChangeFrameNotification, with _showingKeyboard = YES
2026-09-30 23:36:02.450 Df MobileSafari[26454:c659fe] [com.apple.mobilesafari:LoweredTabBar] Set _keyboardHeight = 396.000000
2026-09-30 23:36:02.450 Df MobileSafari[26454:c659fe] [com.apple.mobilesafari:LoweredTabBar] Recieved UIKeyboardWillShowNotification, with _showingKeyboard = YES
2026-09-30 23:36:02.450 Df MobileSafari[26454:c659fe] [com.apple.TextInputUI:KeyboardTrackingCoordinator] Posted notification willShow with {
    UIKeyboardAnimationCurveUserInfoKey = 7;
    UIKeyboardAnimationDurationUserInfoKey = 0;
    UIKeyboardBoundsUserInfoKey = "NSRect: {{0, 0}, {402, 428}}";
    UIKeyboardCenterBeginUserInfoKey = "NSPoint: {201, 623.5}";
    UIKeyboardCenterEndUserInfoKey = "NSPoint: {201, 660}";
    UIKeyboardFrameBeginUserInfoKey = "NSRect: {{0, 373}, {402, 501}}";
    UIKeyboardFrameEndUserInfoKey = "NSRect: {{0, 446}, {402, 428}}";
    UIKeyboardIsLocalUserInfoKey = 1;
} (null)
2026-09-30 23:36:02.450 Df MobileSafari[26454:c659fe] [com.apple.TextInputUI:KeyboardTrackingCoordinator] Posted notification didShow with {
    UIKeyboardAnimationCurveUserInfoKey = 7;
    UIKeyboardAnimationDurationUserInfoKey = 0;
    UIKeyboardBoundsUserInfoKey = "NSRect: {{0, 0}, {402, 428}}";
    UIKeyboardCenterBeginUserInfoKey = "NSPoint: {201, 623.5}";
    UIKeyboardCenterEndUserInfoKey = "NSPoint: {201, 660}";
    UIKeyboardFrameBeginUserInfoKey = "NSRect: {{0, 373}, {402, 501}}";
    UIKeyboardFrameEndUserInfoKey = "NSRect: {{0, 446}, {402, 428}}";
    UIKeyboardIsLocalUserInfoKey = 1;
} (null)
2026-09-30 23:36:02.451 Df InputUI[87035:c33b5c] [com.apple.UIKit:AppLifecycle] sceneOfRecord: sceneID: UIHostedScene-com.apple.InputUI-831965E2  persistentID: UIHostedScene-com.apple.InputUI-831965E2
2026-09-30 23:36:02.452 Df MobileSafari[26454:c659fe] [com.apple.UIKit:KeyboardArbiterClientLog] -[_UIRemoteKeyboardPlaceholderView refreshPlaceholder]  refreshPlaceholder: size={402, 328} [previous size={402, 328}]
2026-09-30 23:36:02.452 Df InputUI[87035:c33b5c] [com.apple.UIKit:AppLifecycle] sceneOfRecord: sceneID: UIHostedScene-com.apple.InputUI-831965E2  persistentID: UIHostedScene-com.apple.InputUI-831965E2
2026-09-30 23:36:02.453 Df InputUI[87035:c33b5c] [com.apple.UIKit:InterfaceStyle] Should not send trait collection or coordinate space update, interface style 1 -> 1, <_UIHostedWindowScene: 0x1100bc500> (UIHostedScene-com.apple.InputUI-831965E2)
2026-09-30 23:36:02.453 Df MobileSafari[26454:c659fe] [com.apple.UIKit:UIPeripheralHost] endPlacementForInputViewSet: <<UIInputViewSet: 0x174004180>; keyboard = <UIKeyboardAutomatic: 0x109e3db00; frame = (0 0; 402 226); opaque = NO; layer = <CALayer: 0x106520930>>%; assistant = <TUISystemInputAssist
2026-09-30 23:36:02.453 Df MobileSafari[26454:c659fe] [com.apple.UIKit:UIPeripheralHost] endPlacementForInputViewSet, returning -> <UIInputViewSetPlacementOnScreenWithAccessory>
2026-09-30 23:36:02.453 Df MobileSafari[26454:c659fe] [com.apple.UIKit:UIPeripheralHost] endPlacementForInputViewSet: <<UIInputViewSet: 0x174004180>; keyboard = <UIKeyboardAutomatic: 0x109e3db00; frame = (0 0; 402 226); opaque = NO; layer = <CALayer: 0x106520930>>%; assistant = <TUISystemInputAssist
2026-09-30 23:36:02.453 Df MobileSafari[26454:c659fe] [com.apple.UIKit:UIPeripheralHost] endPlacementForInputViewSet, returning -> <UIInputViewSetPlacementOnScreenWithAccessory>
2026-09-30 23:36:02.453 Df MobileSafari[26454:c659fe] [com.apple.UIKit:UIPeripheralHost] endPlacementForInputViewSet: <<UIInputViewSet: 0x174004180>; keyboard = <UIKeyboardAutomatic: 0x109e3db00; frame = (0 0; 402 226); opaque = NO; layer = <CALayer: 0x106520930>>%; assistant = <TUISystemInputAssist
2026-09-30 23:36:02.453 Df MobileSafari[26454:c659fe] [com.apple.UIKit:UIPeripheralHost] endPlacementForInputViewSet, returning -> <UIInputViewSetPlacementOnScreenWithAccessory>
2026-09-30 23:36:02.453 Df MobileSafari[26454:c659fe] [com.apple.UIKit:UIPeripheralHost] endPlacementForInputViewSet: <<UIInputViewSet: 0x174004180>; keyboard = <UIKeyboardAutomatic: 0x109e3db00; frame = (0 0; 402 226); opaque = NO; layer = <CALayer: 0x106520930>>%; assistant = <TUISystemInputAssist
2026-09-30 23:36:02.453 Df MobileSafari[26454:c659fe] [com.apple.UIKit:UIPeripheralHost] endPlacementForInputViewSet, returning -> <UIInputViewSetPlacementOnScreenWithAccessory>
2026-09-30 23:36:02.454 Df MobileSafari[26454:c659fe] [com.apple.UIKit:KeyboardArbiterClientLog] -[_UIRemoteKeyboardPlaceholderView refreshPlaceholder]  refreshPlaceholder: size={402, 328} [previous size={402, 328}]
2026-09-30 23:36:02.454 Df MobileSafari[26454:c659fe] [com.apple.TextInputUI:KeyboardTrackingCoordinator] Updating tracking clients for start <TUIKeyboardTrackingCoordinator:0x13d8d5680 state=<TUIKeyboardState: 0x166a69480 State: onscreen with input view; has IAV; is docked>; frame={{0, 546}, {402, 
    UIKeyboardAnimationCurveUserInfoKey = 7;
    UIKeyboardAnimationDurationUserInfoKey = 0;
    UIKeyboardBoundsUserInfoKey = "NSRect: {{0, 0}, {402, 328}}";
    UIKeyboardCenterBeginUserInfoKey = "NSPoint: {201, 660}";
    UIKeyboardCenterEndUserInfoKey = "NSPoint: {201, 710}";
    UIKeyboardFrameBeginUserInfoKey = "NSRect: {{0, 446}, {402, 428}}";
    UIKeyboardFrameEndUserInfoKey = "NSRect: {{0, 546}, {402, 328}}";
    UIKeyboardIsLocalUserInfoKey = 1;
}notificationsDebug: >>
2026-09-30 23:36:02.454 Df MobileSafari[26454:c659fe] [com.apple.TextInputUI:KeyboardTrackingCoordinator] Posted notification didShow with {
    UIKeyboardAnimationCurveUserInfoKey = 7;
    UIKeyboardAnimationDurationUserInfoKey = 0;
    UIKeyboardBoundsUserInfoKey = "NSRect: {{0, 0}, {402, 328}}";
    UIKeyboardCenterBeginUserInfoKey = "NSPoint: {201, 660}";
    UIKeyboardCenterEndUserInfoKey = "NSPoint: {201, 710}";
    UIKeyboardFrameBeginUserInfoKey = "NSRect: {{0, 446}, {402, 428}}";
    UIKeyboardFrameEndUserInfoKey = "NSRect: {{0, 546}, {402, 328}}";
    UIKeyboardIsLocalUserInfoKey = 1;
} (null)
2026-09-30 23:36:02.454 Df MobileSafari[26454:c659fe] [com.apple.UIKit:TrackingElementWindowController] Setting tracking element input views: <<UIInputViewSet: 0x174004fc0>; keyboard = [uninitialized]; accessory = <SFWebFormAccessoryViewWrapper: 0x13d888fc0; frame = (0 0; 402 100); >; usesKeyClicks 
2026-09-30 23:36:02.454 Df MobileSafari[26454:c659fe] [com.apple.UIKit:KeyboardArbiterClientLog] -[_UIRemoteKeyboardPlaceholderView refreshPlaceholder]  refreshPlaceholder: size={402, 328} [previous size={402, 328}]
2026-09-30 23:36:02.454 Df MobileSafari[26454:c659fe] [com.apple.UIKit:UIPeripheralHost] endPlacementForInputViewSet: <<UIInputViewSet: 0x174004fc0>; keyboard = [uninitialized]; accessory = <SFWebFormAccessoryViewWrapper: 0x13d888fc0; frame = (0 0; 402 100); >; usesKeyClicks = NO;  > windowScene: <B
2026-09-30 23:36:02.454 Df MobileSafari[26454:c659fe] [com.apple.UIKit:UIPeripheralHost] endPlacementForInputViewSet, returning -> <UIInputViewSetPlacementOnScreenWithAccessory>
2026-09-30 23:36:02.454 Df MobileSafari[26454:c659fe] [com.apple.UIKit:TrackingElementWindowController] Moving from placement: <UIInputViewSetPlacementOnScreenWithAccessory> to placement: <UIInputViewSetPlacementOnScreenWithAccessory> (currentPlacement: <UIInputViewSetPlacementOnScreenWithAccessory>
2026-09-30 23:36:02.455 Df MobileSafari[26454:c659fe] [com.apple.UIKit:TrackingElementWindowController] Change from input view set: <<UIInputViewSet: 0x13f7fe280>; keyboard = <UIKeyboardAutomatic: 0x109e3db00; frame = (0 0; 402 226); opaque = NO; layer = <CALayer: 0x106520930>>%; accessory = <SFWebF
2026-09-30 23:36:02.455 Df MobileSafari[26454:c659fe] [com.apple.UIKit:TrackingElementWindowController] Change to input view set: <<UIInputViewSet: 0x174004fc0>; keyboard = <UIKeyboardAutomatic: 0x109e3db00; frame = (0 0; 402 226); opaque = NO; layer = <CALayer: 0x106520930>>%; accessory = <SFWebFor
2026-09-30 23:36:02.455 Df MobileSafari[26454:c659fe] [com.apple.UIKit:KeyboardArbiterClientLog] -[_UIRemoteKeyboardPlaceholderView refreshPlaceholder]  refreshPlaceholder: size={402, 328} [previous size={402, 0}]
2026-09-30 23:36:02.455 Df MobileSafari[26454:c659fe] [com.apple.UIKit:UIPeripheralHost] endPlacementForInputViewSet: <<UIInputViewSet: 0x174004fc0>; keyboard = <UIKeyboardAutomatic: 0x109e3db00; frame = (0 0; 402 226); opaque = NO; layer = <CALayer: 0x106520930>>%; accessory = <SFWebFormAccessoryVi
2026-09-30 23:36:02.455 Df MobileSafari[26454:c659fe] [com.apple.UIKit:UIPeripheralHost] endPlacementForInputViewSet, returning -> <UIInputViewSetPlacementOnScreenWithAccessory>
2026-09-30 23:36:02.456 Df MobileSafari[26454:c659fe] [com.apple.UIKit:TrackingElementWindowController] updatePlacementWithPlacement: <UIInputViewSetPlacementOnScreenWithAccessory>
2026-09-30 23:36:02.457 Df MobileSafari[26454:c659fe] [com.apple.mobilesafari:LoweredTabBar] Recieved UIKeyboardWillChangeFrameNotification, with _showingKeyboard = YES
2026-09-30 23:36:02.457 Df MobileSafari[26454:c659fe] [com.apple.mobilesafari:LoweredTabBar] Recieved UIKeyboardWillShowNotification, with _showingKeyboard = YES
2026-09-30 23:36:02.457 Df MobileSafari[26454:c659fe] [com.apple.TextInputUI:KeyboardTrackingCoordinator] Posted notification willShow with {
    UIKeyboardAnimationCurveUserInfoKey = 7;
    UIKeyboardAnimationDurationUserInfoKey = 0;
    UIKeyboardBoundsUserInfoKey = "NSRect: {{0, 0}, {402, 428}}";
    UIKeyboardCenterBeginUserInfoKey = "NSPoint: {201, 610}";
    UIKeyboardCenterEndUserInfoKey = "NSPoint: {201, 660}";
    UIKeyboardFrameBeginUserInfoKey = "NSRect: {{0, 346}, {402, 528}}";
    UIKeyboardFrameEndUserInfoKey = "NSRect: {{0, 446}, {402, 428}}";
    UIKeyboardIsLocalUserInfoKey = 1;
} (null)
2026-09-30 23:36:02.457 Df MobileSafari[26454:c659fe] [com.apple.TextInputUI:KeyboardTrackingCoordinator] Posted notification didShow with {
    UIKeyboardAnimationCurveUserInfoKey = 7;
    UIKeyboardAnimationDurationUserInfoKey = 0;
    UIKeyboardBoundsUserInfoKey = "NSRect: {{0, 0}, {402, 428}}";
    UIKeyboardCenterBeginUserInfoKey = "NSPoint: {201, 610}";
    UIKeyboardCenterEndUserInfoKey = "NSPoint: {201, 660}";
    UIKeyboardFrameBeginUserInfoKey = "NSRect: {{0, 346}, {402, 528}}";
    UIKeyboardFrameEndUserInfoKey = "NSRect: {{0, 446}, {402, 428}}";
    UIKeyboardIsLocalUserInfoKey = 1;
} (null)
2026-09-30 23:36:02.458 Df MobileSafari[26454:c659fe] [com.apple.RemoteTextInput:RTILog] -[RTIInputSystemClient remoteTextInputSessionWithID:textSuggestionsChanged:]  Text input session suggestions changed. sessionID = 0A8EF4F4-91F7-40C2-B5ED-EA16E854885F
2026-09-30 23:36:02.458 E  MobileSafari[26454:c659fe] [com.apple.RemoteTextInput:RTILog] -[RTIInputSystemClient remoteTextInputSessionWithID:textSuggestionsChanged:]  Can only set suggestions for an active session. sessionID = 0A8EF4F4-91F7-40C2-B5ED-EA16E854885F
2026-09-30 23:36:02.458 Df MobileSafari[26454:c659fe] [com.apple.UIKit:KeyboardAutocorrectionControllerUI] -[UIKeyboardAutocorrectionController setAutocorrectionList:], <TIAutocorrectionList: 0x16e5bcc00 predictions=2>
2026-09-30 23:36:02.458 Df MobileSafari[26454:c659fe] [com.apple.UIKit:PredictionViewControllerUI] -[UIPredictionViewController _updateAutocorrectionList:candidateGenerationContext:], <TIAutocorrectionList: 0x16e5bcc00 predictions=2>
2026-09-30 23:36:02.458 Df MobileSafari[26454:c659fe] [com.apple.UIKit:PredictionViewControllerUI] Presenting current text suggestions.
2026-09-30 23:36:02.458 Df MobileSafari[26454:c659fe] [com.apple.UIKit:UIPeripheralHost] endPlacementForInputViewSet: <<UIInputViewSet: 0x174004180>; keyboard = <UIKeyboardAutomatic: 0x109e3db00; frame = (0 0; 402 226); opaque = NO; layer = <CALayer: 0x106520930>>%; assistant = <TUISystemInputAssist
2026-09-30 23:36:02.458 Df MobileSafari[26454:c659fe] [com.apple.UIKit:UIPeripheralHost] endPlacementForInputViewSet, returning -> <UIInputViewSetPlacementOnScreenWithAccessory>
2026-09-30 23:36:02.458 Df MobileSafari[26454:c659fe] [com.apple.UIKit:UIPeripheralHost] endPlacementForInputViewSet: <<UIInputViewSet: 0x174004180>; keyboard = <UIKeyboardAutomatic: 0x109e3db00; frame = (0 0; 402 226); opaque = NO; layer = <CALayer: 0x106520930>>%; assistant = <TUISystemInputAssist
2026-09-30 23:36:02.458 Df MobileSafari[26454:c659fe] [com.apple.UIKit:UIPeripheralHost] endPlacementForInputViewSet, returning -> <UIInputViewSetPlacementOnScreenWithAccessory>
2026-09-30 23:36:02.459 Df MobileSafari[26454:c659fe] [com.apple.UIKit:UIPeripheralHost] endPlacementForInputViewSet: <<UIInputViewSet: 0x174004180>; keyboard = <UIKeyboardAutomatic: 0x109e3db00; frame = (0 0; 402 226); opaque = NO; layer = <CALayer: 0x106520930>>%; assistant = <TUISystemInputAssist
2026-09-30 23:36:02.459 Df MobileSafari[26454:c659fe] [com.apple.UIKit:UIPeripheralHost] endPlacementForInputViewSet, returning -> <UIInputViewSetPlacementOnScreenWithAccessory>
2026-09-30 23:36:02.459 Df MobileSafari[26454:c659fe] [com.apple.UIKit:UIPeripheralHost] endPlacementForInputViewSet: <<UIInputViewSet: 0x174004180>; keyboard = <UIKeyboardAutomatic: 0x109e3db00; frame = (0 0; 402 226); opaque = NO; layer = <CALayer: 0x106520930>>%; assistant = <TUISystemInputAssist
2026-09-30 23:36:02.459 Df MobileSafari[26454:c659fe] [com.apple.UIKit:UIPeripheralHost] endPlacementForInputViewSet, returning -> <UIInputViewSetPlacementOnScreenWithAccessory>
2026-09-30 23:36:02.459 Df MobileSafari[26454:c659fe] [com.apple.UIKit:UIPeripheralHost] endPlacementForInputViewSet: <<UIInputViewSet: 0x174004180>; keyboard = <UIKeyboardAutomatic: 0x109e3db00; frame = (0 0; 402 226); opaque = NO; layer = <CALayer: 0x106520930>>%; assistant = <TUISystemInputAssist
2026-09-30 23:36:02.459 Df MobileSafari[26454:c659fe] [com.apple.UIKit:UIPeripheralHost] endPlacementForInputViewSet, returning -> <UIInputViewSetPlacementOnScreenWithAccessory>
2026-09-30 23:36:02.459 Df MobileSafari[26454:c659fe] [com.apple.UIKit:UIPeripheralHost] endPlacementForInputViewSet: <<UIInputViewSet: 0x174004180>; keyboard = <UIKeyboardAutomatic: 0x109e3db00; frame = (0 0; 402 226); opaque = NO; layer = <CALayer: 0x106520930>>%; assistant = <TUISystemInputAssist
2026-09-30 23:36:02.459 Df MobileSafari[26454:c659fe] [com.apple.UIKit:UIPeripheralHost] endPlacementForInputViewSet, returning -> <UIInputViewSetPlacementOnScreenWithAccessory>
2026-09-30 23:36:02.460 Df MobileSafari[26454:c659fe] [com.apple.UIKit:UIPeripheralHost] endPlacementForInputViewSet: <<UIInputViewSet: 0x174004180>; keyboard = <UIKeyboardAutomatic: 0x109e3db00; frame = (0 0; 402 226); opaque = NO; layer = <CALayer: 0x106520930>>%; assistant = <TUISystemInputAssist
2026-09-30 23:36:02.460 Df MobileSafari[26454:c659fe] [com.apple.UIKit:UIPeripheralHost] endPlacementForInputViewSet, returning -> <UIInputViewSetPlacementOnScreenWithAccessory>
2026-09-30 23:36:02.460 Df MobileSafari[26454:c659fe] [com.apple.UIKit:UIPeripheralHost] endPlacementForInputViewSet: <<UIInputViewSet: 0x174004180>; keyboard = <UIKeyboardAutomatic: 0x109e3db00; frame = (0 0; 402 226); opaque = NO; layer = <CALayer: 0x106520930>>%; assistant = <TUISystemInputAssist
2026-09-30 23:36:02.460 Df MobileSafari[26454:c659fe] [com.apple.UIKit:UIPeripheralHost] endPlacementForInputViewSet, returning -> <UIInputViewSetPlacementOnScreenWithAccessory>
2026-09-30 23:36:02.460 Df MobileSafari[26454:c659fe] [com.apple.UIKit:Orientation] <BrowserWindowScene: 0x109e79b80> (71DD3C25-4702-4D1D-8EB9-7DEF87C13EE1) Scene updated orientation preferences: ( Pu Ll Lr ) -> ( Pu )
2026-09-30 23:36:02.460 Df MobileSafari[26454:c659fe] [com.apple.UIKit:Orientation] <BrowserWindowScene: 0x109e79b80> (71DD3C25-4702-4D1D-8EB9-7DEF87C13EE1) Scene updated orientation preferences: ( Pu ) -> ( Pu Ll Lr )
2026-09-30 23:36:02.476 Df MobileSafari[26454:c659fe] [com.apple.UIKit:ViewServices] <SFPasswordPickerRemoteViewController: 0x107502d00>: Requesting remote view controller SFPasswordPickerServiceViewController from service com.apple.SafariViewService using <_UIRemoteViewControllerSceneHostingImpl: 0
2026-09-30 23:36:02.476 Df MobileSafari[26454:c659fe] [com.apple.UIKit:UIFocusSystemSceneComponent] Override focusSystemState: (DISABLED) for reason(s): <_UIEditMenuBridgedContextMenuInteraction: 0x13dcb5a40>
2026-09-30 23:36:02.476 Df MobileSafari[26454:c65d8d] [com.apple.UIKit:ViewServiceHostSession] Asking defaultShell to open app viewservice com.apple.SafariViewService
2026-09-30 23:36:02.476 Df MobileSafari[26454:c65d8d] [com.apple.FrontBoard:Common] [FBSSystemService][0xd7c0] Sending request to open "com.apple.SafariViewService"
2026-09-30 23:36:02.476 Df MobileSafari[26454:c659fe] [com.apple.UIKit:InterfaceStyle] Not push traits update to screen for new style 1, <BrowserWindowScene: 0x109e79b80> (71DD3C25-4702-4D1D-8EB9-7DEF87C13EE1)
2026-09-30 23:36:02.476 Df MobileSafari[26454:c659fe] [com.apple.UIKit:InterfaceStyle] Not push traits update to screen for new style 1, <_UIKeyboardInputScene: 0x13f47ad00> (KeyboardInputScene-com.apple.frontboard.systemappservices/FBSceneManager:sceneID%3Acom.apple.mobilesafari-71DD3C25-4702-4D1D-
2026-09-30 23:36:02.478 Df MobileSafari[26454:c65d8d] [com.apple.FrontBoard:Common] [FBSSystemService][0xd7c0] Request successful: <BSProcessHandle: 0x109f538a0; SafariViewServi:24111; valid: YES>
2026-09-30 23:36:02.478 Df MobileSafari[26454:c65d8b] [com.apple.UIKit:ViewServiceHostSession] Linking to pid=24111 for com.apple.SafariViewService
2026-09-30 23:36:02.479 A  InputUI[87035:c65869] (RunningBoardServices) observedProcessStatesDidChange
2026-09-30 23:36:02.479 Df InputUI[87035:c65869] [com.apple.runningboard:monitor] Received state update for 24111 (app<com.apple.SafariViewService((null))>, running-active-NotVisible
2026-09-30 23:36:02.479 Df InputUI[87035:c659cc] [com.apple.FrontBoard:Process] [app<com.apple.SafariViewService>:24111] Setting process task state to: Running
2026-09-30 23:36:02.480 Df SafariViewService[24111:c6392d] [com.apple.UIKit:AppLifecycle] sceneOfRecord: sceneID: sceneID:com.apple.SafariViewService-default  persistentID: 8FFF8B5E-1B6E-438A-986E-FE96F9AD3802
2026-09-30 23:36:02.480 Df MobileSafari[26454:c659fe] [com.apple.UIKit:UICMILifecycle] performAllAnimations for animator: <_UIContextMenuAnimator: 0x173a8ee50>
2026-09-30 23:36:02.482 Df MobileSafari[26454:c659fe] [com.apple.UIKit:KeyboardArbiterClientLog] -[_UIRemoteKeyboardPlaceholderView refreshPlaceholder]  refreshPlaceholder: size={402, 328} [previous size={402, 328}]
2026-09-30 23:36:02.484 Df MobileSafari[26454:c65d8b] [com.apple.FrontBoard:Process] Asked to bootstrap a new process for handle: [app<com.apple.SafariViewService((null))>:24111]
2026-09-30 23:36:02.484 Df MobileSafari[26454:c65d8b] [com.apple.FrontBoard:Process] Creating process (sync=true) for handle: [app<com.apple.SafariViewService((null))>:24111]
2026-09-30 23:36:02.485 Df MobileSafari[26454:c65d8b] [com.apple.FrontBoard:ProcessWorkspace] [app<com.apple.SafariViewService>:24111] Registering event dispatcher at init
2026-09-30 23:36:02.485 Df MobileSafari[26454:c65d8b] [com.apple.FrontBoard:ProcessWorkspace] Created <FBWorkspace: 0x174016b20; <FBApplicationProcess: 0x16e540d80; app<com.apple.SafariViewService>:24111(v26FC93)>>
2026-09-30 23:36:02.485 Df MobileSafari[26454:c65d8b] [com.apple.FrontBoard:Process] Bootstrapping app<com.apple.SafariViewService> with intent background
2026-09-30 23:36:02.486 Df MobileSafari[26454:c65d8b] [com.apple.FrontBoard:Process] app<com.apple.SafariViewService> has an outgoing endpoint
2026-09-30 23:36:02.486 Df MobileSafari[26454:c65d8b] [com.apple.FrontBoard:Process] [app<com.apple.SafariViewService>:24111] Bootstrap success!
2026-09-30 23:36:02.486 Df MobileSafari[26454:c65d8b] [com.apple.FrontBoard:Process] [app<com.apple.SafariViewService>:24111] Setting process visibility to: Background
2026-09-30 23:36:02.486 Df MobileSafari[26454:c65d8b] [com.apple.FrontBoard:ProcessWorkspace] [app<com.apple.SafariViewService>:24111] Initial launch state: BG-Active[40].
2026-09-30 23:36:02.486 A  SafariViewService[24111:c659bb] (RunningBoardServices) didChangeInheritances
2026-09-30 23:36:02.486 Df MobileSafari[26454:c65d8b] [com.apple.runningboard:process] Starting death monitoring for handle [app<com.apple.SafariViewService((null))>:24111]
2026-09-30 23:36:02.486 Df MobileSafari[26454:c65d8b] [com.apple.FrontBoard:Process] Adding: <FBApplicationProcess: 0x16e540d80; app<com.apple.SafariViewService>:24111(v26FC93)>
2026-09-30 23:36:02.487 Df MobileSafari[26454:c65d8b] [com.apple.runningboard:monitor] Updating configuration of monitor M26454-1
2026-09-30 23:36:02.487 Df SafariViewService[24111:c6589b] [com.apple.FrontBoard:Common] FBSWorkspace registering source: 26454:FBWorkspace-com.apple.mobilesafari
2026-09-30 23:36:02.487 Df SafariViewService[24111:c6589b] [com.apple.FrontBoard:Common] FBSWorkspace connected to endpoint : <BSServiceConnectionEndpoint: 0x13fe62660; target: 26454:FBWorkspace-com.apple.mobilesafari; service: com.apple.frontboard.workspace-service>
2026-09-30 23:36:02.487 Df SafariViewService[24111:c6589b] [com.apple.FrontBoard:Common] <FBSWorkspaceScenesClient:0x109ee0c80 26454:FBWorkspace-com.apple.mobilesafari> attempting immediate handshake from activate
2026-09-30 23:36:02.487 Df SafariViewService[24111:c6589b] [com.apple.FrontBoard:Common] <FBSWorkspaceScenesClient:0x109ee0c80 26454:FBWorkspace-com.apple.mobilesafari> sent handshake
2026-09-30 23:36:02.487 Df MobileSafari[26454:c65b6e] [com.apple.FrontBoard:ProcessWorkspace] [app<com.apple.SafariViewService>:24111] Connection established.
2026-09-30 23:36:02.487 A  MobileSafari[26454:c65d8e] (RunningBoardServices) observedProcessStatesDidChange
2026-09-30 23:36:02.487 Df MobileSafari[26454:c65b6e] [com.apple.FrontBoard:ProcessWorkspace] [app<com.apple.SafariViewService>:24111] created proxy of <BSXPCServiceConnectionProxy<FBSWorkspaceServiceServerInterface>: 0x16e656b00>
2026-09-30 23:36:02.487 Df MobileSafari[26454:c65d8d] [com.apple.FrontBoard:Process] [app<com.apple.SafariViewService>:24111] Connection to remote process established!
2026-09-30 23:36:02.487 Df MobileSafari[26454:c65d8e] [com.apple.runningboard:monitor] Received state update for 24111 (app<com.apple.SafariViewService((null))>, running-active-NotVisible
2026-09-30 23:36:02.487 Df MobileSafari[26454:c65d8e] [com.apple.runningboard:monitor] Received state update for 87035 (osservice<com.apple.InputUI>, running-active-NotVisible
2026-09-30 23:36:02.487 Df MobileSafari[26454:c65d8d] [com.apple.FrontBoard:ProcessWorkspace] received incoming handshake : process=<FBApplicationProcess: 0x16e540d80; app<com.apple.SafariViewService>:24111(v26FC93); taskState: Running; visibility: Background> remote=<BSAuditToken: 0x13cfe3d00; AUID
2026-09-30 23:36:02.488 Df MobileSafari[26454:c659fe] [com.apple.coreanimation:API] <CATransformLayer: 0x173a8cf00> - changing property presentationModifiers in transform-only layer, will have no effect
2026-09-30 23:36:02.488 Df MobileSafari[26454:c659fe] [com.apple.coreanimation:API] <CATransformLayer: 0x173a8ff90> - changing property presentationModifiers in transform-only layer, will have no effect
2026-09-30 23:36:02.489 Df InputUI[87035:c33b5c] [com.apple.KeyboardArbiter:Handle] RX com.apple.mobilesafari(26454) signalKeyboardChangeComplete
2026-09-30 23:36:02.490 Df MobileSafari[26454:c659fe] [com.apple.RemoteTextInput:InputSessionChange] -[RTIInputSystemClient beginRemoteTextInputSessionWithID:options:documentTraits:initialDocumentState:]_block_invoke  Connection to service with mach name com.apple.remote-text-editing-legacy was inva
2026-09-30 23:36:02.490 Df MobileSafari[26454:c659fe] [com.apple.RemoteTextInput:InputSessionChange] -[RTIInputSystemClient beginRemoteTextInputSessionWithID:options:documentTraits:initialDocumentState:]_block_invoke  Connection to service with mach name com.apple.rti-screencontinuity was invalidate
2026-09-30 23:36:02.490 Df MobileSafari[26454:c65d8b] [com.apple.RemoteTextInput:InputSessionChange] -[RTIInputSystemClient _configureConnection:withMachName:]_block_invoke_2  Client connection to service was invalidated: <NSXPCConnection: 0x174016c60> connection to service named com.apple.remote-te
2026-09-30 23:36:02.490 Df MobileSafari[26454:c65d8b] [com.apple.RemoteTextInput:InputSessionChange] -[RTIInputSystemClient _configureConnection:withMachName:]_block_invoke_2  Client connection to service was invalidated: <NSXPCConnection: 0x174016a80> connection to service named com.apple.rti-scree
2026-09-30 23:36:02.490 Df MobileSafari[26454:c659fe] [com.apple.RemoteTextInput:InputSessionChange] -[RTIInputSystemClient _beginSessionWithID:forServices:force:]  Begin text input session. sessionID = 0A8EF4F4-91F7-40C2-B5ED-EA16E854885F, options = <RTISessionOptions: 0x166a69920; shouldResign = N
2026-09-30 23:36:02.490 Df MobileSafari[26454:c659fe] [com.apple.RemoteTextInput:RTILog] -[RTIInputSystemClient remoteTextInputSessionWithID:textSuggestionsChanged:]  Text input session suggestions changed. sessionID = 0A8EF4F4-91F7-40C2-B5ED-EA16E854885F
2026-09-30 23:36:02.491 Df InputUI[87035:c33b5c] [com.apple.KeyboardArbiter:Client] RX keyboardChangeCompleted
2026-09-30 23:36:02.491 Df MobileSafari[26454:c659fe] [com.apple.KeyboardArbiter:Client] RX keyboardArbiterClientHandle:Y
2026-09-30 23:36:02.496 Df MobileSafari[26454:c659fe] [com.apple.FrontBoard:SceneExtension] Realizing settings extension <_UIViewServiceSceneSettings> on FBSSceneSettings
2026-09-30 23:36:02.501 Df MobileSafari[26454:c659fe] [com.apple.FrontBoard:SceneExtension] Realizing settings extension <_UIViewServiceClientSettings> on FBSSceneClientSettings
2026-09-30 23:36:02.502 Df MobileSafari[26454:c659fe] [com.apple.UIKit:KBProxyForwarding] <StateMachine:0x13f46d500> Created with presentation environment: <0x1728f9410:<_UISceneKeyboardProxyLayerForwardingPresentationScene: 0x1728f9410> Tracking scene: <FBScene: 0x13dbf6700; UISceneHosting-com.appl
2026-09-30 23:36:02.502 Df MobileSafari[26454:c659fe] [com.apple.UIKit:KBProxyForwarding] <ForwardingPresentationScene:0x1728f9410> Prioritized presenter: <_UIScenePresenter: 0x16e7f7cd0; identifier: UISceneHostingView-UIHostedScene-com.apple.SafariViewService-3E550FEF; sortContext: 0>.
2026-09-30 23:36:02.509 Df MobileSafari[26454:c659fe] [com.apple.BackBoard:EventDelivery] [BKSHIDEventObserver] set observing:YES
2026-09-30 23:36:02.509 Df MobileSafari[26454:c65b6e] [com.apple.BackBoard:EventDelivery] will update observations for 0 observers
2026-09-30 23:36:02.510 Df MobileSafari[26454:c659fe] [com.apple.UIKit:ViewServices] <_UIRemoteViewControllerSceneHostingImpl: 0x106566c40>: Created scene 26454(v270CE8)->/UISceneHosting-com.apple.mobilesafari:UIHostedScene-com.apple.SafariViewService-3E550FEF
2026-09-30 23:36:02.510 Df MobileSafari[26454:c659fe] [com.apple.UIKit:ViewServiceHostSession] Configuring viewservice connection with synchronizer : <FBSceneSynchronizer:0x173ae2c40 FBProcess:[app<com.apple.SafariViewService>:24111][24111]>
2026-09-30 23:36:02.510 Df MobileSafari[26454:c659fe] [com.apple.UIKit:ViewServices] Configured auxiliary connection for <_UIRemoteViewControllerSceneHostingImpl: 0x106566c40; identityToken: 26454(v270CE8)->/UISceneHosting-com.apple.mobilesafari:UIHostedScene-com.apple.SafariViewService-3E550FEF> wi
2026-09-30 23:36:02.510 Df MobileSafari[26454:c659fe] [com.apple.UIKit:ViewServices] Activating scene for <_UIRemoteViewControllerSceneHostingImpl: 0x106566c40; identityToken: 26454(v270CE8)->/UISceneHosting-com.apple.mobilesafari:UIHostedScene-com.apple.SafariViewService-3E550FEF>
2026-09-30 23:36:02.510 Df MobileSafari[26454:c659fe] [com.apple.FrontBoard:SceneExtension] Realizing settings extension <_UISceneHostingLegacyEventDeferringSettings> on FBSSceneSettings
2026-09-30 23:36:02.511 Df MobileSafari[26454:c659fe] [com.apple.UIKit:UISceneHostingActivationState] Activation suppressed: <BSSimpleAssertion: 0x166aa9b90; querying endpoint for settings modification; identifier: activationSuppressionAssertion::26454(v270CE8)->/UISceneHosting-com.apple.mobilesafar
2026-09-30 23:36:02.512 Df MobileSafari[26454:c659fe] [com.apple.UIKit:SceneHostingExternalSettingsModifiers] <_UISceneExternalSettingsModifierHostComponent: 0x13df108a0>: Requesting settings modifiers for 26454(v270CE8)->/UISceneHosting-com.apple.mobilesafari:UIHostedScene-com.apple.SafariViewServi
2026-09-30 23:36:02.513 Df SafariViewService[24111:c659bb] [com.apple.UIKit:ViewServiceSessionManager] Auxiliary connection [<NSXPCConnection: 0x109ee0960> connection to service with pid 26454 named (null)] activated targeting scene 26454(v270CE8)->/UISceneHosting-com.apple.mobilesafari:UIHostedScen
2026-09-30 23:36:02.513 Df MobileSafari[26454:c659fe] [com.apple.TextInputUI:KeyboardInputManagerMux] -[TUIKeyboardInputManagerMux forwardInvocation:] -> <NSInvocation: 0x13f46c5c0>
return value: {v} void
target: {@} 0x13cfe87c0
selector: {:} generateAutocorrectionsWithKeyboardState:candidateRange:requestToken:completionHandler:
argument 2: {@} 0x13d895a40
argument 3: {{_NSRange=QQ}} <00000000 00000000 03000000 00000000>
argument 4: {@} 0x166a6b4c0
argument 5: {@?} 0x172bb7800 (block)
2026-09-30 23:36:02.513 Df MobileSafari[26454:c659fe] [com.apple.TextInputUI:InputSession_Proxy] -[TUIInputSessionProxy handleRequest:], invocation: generateAutocorrectionsWithKeyboardState:candidateRange:requestToken:completionHandler:
2026-09-30 23:36:02.514 Df InputUI[87035:c33b5c] [com.apple.TextInputUI:InputSession] -[TUIInputSession generateAutocorrectionsWithKeyboardState:candidateRange:requestToken:completionHandler:] [26454-C9D0EA9D-4CD6-4DB0-BCD2-9D16194EAE58]
2026-09-30 23:36:02.514 Df InputUI[87035:c6586a] [com.apple.TextInputUI:RecentPaste] Cancelled paste candidate generation due to pasteboard not recent
2026-09-30 23:36:02.514 Df InputUI[87035:c6586a] [com.apple.TextInputUI:CandidateGeneration] All generators are not complete, accumulator:[Quick], token: [70851935]
2026-09-30 23:36:02.514 Df InputUI[87035:c6586a] [com.apple.TextInputUI:CandidateGeneration] All generators are complete, dispatching to `completionBlockJustOnce`
2026-09-30 23:36:02.514 Df InputUI[87035:c6586a] [com.apple.TextInputUI:CandidateGeneration] Could not match any valid candidates of any source. `containerToPush` will be nil. 70851935
2026-09-30 23:36:02.514 Df InputUI[87035:c6586a] [com.apple.TextInputUI:CandidateGeneration] Preparing to push (null) to candidate receiver, for request token: 70851935
2026-09-30 23:36:02.514 Df InputUI[87035:c6586a] [com.apple.TextInputUI:CandidateGeneration] containerToPush is nil, will not push anything to candidate receiver for request token: 70851935
2026-09-30 23:36:02.515 Df MobileSafari[26454:c659fe] [com.apple.UIKit:UIKBFeedbackGenerator] <_UIKBFeedbackGenerator: 0x1076543c0>: -[_UIKBFeedbackGenerator activateWithCompletionBlock:]
2026-09-30 23:36:02.515 Df MobileSafari[26454:c65b6e] [com.apple.UIKit:UIKBFeedbackGenerator] <_UIKBFeedbackGenerator: 0x1076543c0>: Releasing engine and players.
2026-09-30 23:36:02.515 Df MobileSafari[26454:c65b6e] [com.apple.UIKit:UIKBFeedbackGenerator] <_UIKBFeedbackGenerator: 0x1076543c0>: Recreating engine with reason -[_UIKBFeedbackGenerator activateWithCompletionBlock:]_block_invoke.
2026-09-30 23:36:02.515 Df InputUI[87035:c659cc] [com.apple.TextInputUI:CandidateGeneration] All generators are not complete, accumulator:[Quick], token: [70851935]
2026-09-30 23:36:02.515 E  MobileSafari[26454:c65b6e] [com.apple.corehaptics:hapi]        CHHapticPattern.mm:509   +[CHHapticPattern patternForKey:error:]: Failed to read pattern library data: Error Domain=NSCocoaErrorDomain Code=260 "The file “hapticpatternlibrary.plist” couldn’t be opened be
2026-09-30 23:36:02.515 E  MobileSafari[26454:c65b6e] [com.apple.UIKit:UIKBFeedbackGenerator] <_UIKBFeedbackGenerator: 0x1076543c0>: Error creating CHHapticPattern: Error Domain=NSCocoaErrorDomain Code=260 "The file “hapticpatternlibrary.plist” couldn’t be opened because there is no such file.
2026-09-30 23:36:02.515 Df InputUI[87035:c659cc] [com.apple.TextInputUI:InputSession] -[TUIInputSession didReceiveAutocorrections:requestToken:], requestToken: 70851935, bundleID: com.apple.mobilesafari
2026-09-30 23:36:02.515 Df InputUI[87035:c659cc] [com.apple.TextInputUI:CandidateGeneration] All generators are complete, dispatching to `completionBlockJustOnce`
2026-09-30 23:36:02.515 Df InputUI[87035:c659cc] [com.apple.TextInputUI:CandidateGeneration] Assigning candidates of source type kbd to `containerToPush, for autocorrection flow only` - 70851935
2026-09-30 23:36:02.515 Df InputUI[87035:c659cc] [com.apple.TextInputUI:CandidateGeneration] Preparing to push <_TUIKeyboardCandidateContainer: 0x1073c81c0> to candidate receiver, for request token: 70851935
2026-09-30 23:36:02.515 Df InputUI[87035:c659cc] [com.apple.TextInputUI:CandidateGeneration] containerToPush has an autocorrection list.  pushing to candidate receiver <TUIInputSession: 0x104332fa0; identifier = 26454-C9D0EA9D-4CD6-4DB0-BCD2-9D16194EAE58, bundle-id = com.apple.mobilesafari> with req
2026-09-30 23:36:02.516 E  MobileSafari[26454:c65b6e] [com.apple.corehaptics:hapi]        CHHapticPattern.mm:509   +[CHHapticPattern patternForKey:error:]: Failed to read pattern library data: Error Domain=NSCocoaErrorDomain Code=260 "The file “hapticpatternlibrary.plist” couldn’t be opened be
2026-09-30 23:36:02.516 E  MobileSafari[26454:c65b6e] [com.apple.UIKit:UIKBFeedbackGenerator] <_UIKBFeedbackGenerator: 0x1076543c0>: Error creating CHHapticPattern: Error Domain=NSCocoaErrorDomain Code=260 "The file “hapticpatternlibrary.plist” couldn’t be opened because there is no such file.
2026-09-30 23:36:02.516 E  MobileSafari[26454:c65b6e] [com.apple.corehaptics:hapi]        CHHapticPattern.mm:509   +[CHHapticPattern patternForKey:error:]: Failed to read pattern library data: Error Domain=NSCocoaErrorDomain Code=260 "The file “hapticpatternlibrary.plist” couldn’t be opened be
2026-09-30 23:36:02.516 E  MobileSafari[26454:c65b6e] [com.apple.UIKit:UIKBFeedbackGenerator] <_UIKBFeedbackGenerator: 0x1076543c0>: Error creating CHHapticPattern: Error Domain=NSCocoaErrorDomain Code=260 "The file “hapticpatternlibrary.plist” couldn’t be opened because there is no such file.
2026-09-30 23:36:02.516 E  MobileSafari[26454:c65b6e] [com.apple.corehaptics:hapi]        CHHapticPattern.mm:509   +[CHHapticPattern patternForKey:error:]: Failed to read pattern library data: Error Domain=NSCocoaErrorDomain Code=260 "The file “hapticpatternlibrary.plist” couldn’t be opened be
2026-09-30 23:36:02.516 E  MobileSafari[26454:c65b6e] [com.apple.UIKit:UIKBFeedbackGenerator] <_UIKBFeedbackGenerator: 0x1076543c0>: Error creating CHHapticPattern: Error Domain=NSCocoaErrorDomain Code=260 "The file “hapticpatternlibrary.plist” couldn’t be opened because there is no such file.
2026-09-30 23:36:02.516 E  MobileSafari[26454:c65b6e] [com.apple.corehaptics:hapi]        CHHapticPattern.mm:509   +[CHHapticPattern patternForKey:error:]: Failed to read pattern library data: Error Domain=NSCocoaErrorDomain Code=260 "The file “hapticpatternlibrary.plist” couldn’t be opened be
2026-09-30 23:36:02.516 E  MobileSafari[26454:c65b6e] [com.apple.UIKit:UIKBFeedbackGenerator] <_UIKBFeedbackGenerator: 0x1076543c0>: Error creating CHHapticPattern: Error Domain=NSCocoaErrorDomain Code=260 "The file “hapticpatternlibrary.plist” couldn’t be opened because there is no such file.
2026-09-30 23:36:02.517 Df MobileSafari[26454:c659fe] [com.apple.UIKit:KeyboardAutocorrectionControllerUI] -[UIKeyboardAutocorrectionController setAutocorrectionList:], <TIAutocorrectionList: 0x16e5c0d80>
2026-09-30 23:36:02.517 E  MobileSafari[26454:c65b6e] [com.apple.corehaptics:hapi]        CHHapticPattern.mm:509   +[CHHapticPattern patternForKey:error:]: Failed to read pattern library data: Error Domain=NSCocoaErrorDomain Code=260 "The file “hapticpatternlibrary.plist” couldn’t be opened be
2026-09-30 23:36:02.517 Df MobileSafari[26454:c659fe] [com.apple.UIKit:PredictionViewControllerUI] -[UIPredictionViewController _updateAutocorrectionList:candidateGenerationContext:], <TIAutocorrectionList: 0x16e5c0d80>
2026-09-30 23:36:02.517 E  MobileSafari[26454:c65b6e] [com.apple.UIKit:UIKBFeedbackGenerator] <_UIKBFeedbackGenerator: 0x1076543c0>: Error creating CHHapticPattern: Error Domain=NSCocoaErrorDomain Code=260 "The file “hapticpatternlibrary.plist” couldn’t be opened because there is no such file.
2026-09-30 23:36:02.517 Df MobileSafari[26454:c659fe] [com.apple.UIKit:PredictionViewControllerUI] Presenting current text suggestions.
2026-09-30 23:36:02.517 E  MobileSafari[26454:c65b6e] [com.apple.corehaptics:hapi]        CHHapticPattern.mm:509   +[CHHapticPattern patternForKey:error:]: Failed to read pattern library data: Error Domain=NSCocoaErrorDomain Code=260 "The file “hapticpatternlibrary.plist” couldn’t be opened be
2026-09-30 23:36:02.517 E  MobileSafari[26454:c65b6e] [com.apple.UIKit:UIKBFeedbackGenerator] <_UIKBFeedbackGenerator: 0x1076543c0>: Error creating CHHapticPattern: Error Domain=NSCocoaErrorDomain Code=260 "The file “hapticpatternlibrary.plist” couldn’t be opened because there is no such file.
2026-09-30 23:36:02.517 Df MobileSafari[26454:c659fe] [com.apple.UIKit:UIPeripheralHost] endPlacementForInputViewSet: <<UIInputViewSet: 0x174004180>; keyboard = <UIKeyboardAutomatic: 0x109e3db00; frame = (0 0; 402 226); opaque = NO; layer = <CALayer: 0x106520930>>%; assistant = <TUISystemInputAssist
2026-09-30 23:36:02.517 Df MobileSafari[26454:c659fe] [com.apple.UIKit:UIPeripheralHost] endPlacementForInputViewSet, returning -> <UIInputViewSetPlacementOnScreenWithAccessory>
2026-09-30 23:36:02.517 E  MobileSafari[26454:c65b6e] [com.apple.corehaptics:hapi]        CHHapticPattern.mm:509   +[CHHapticPattern patternForKey:error:]: Failed to read pattern library data: Error Domain=NSCocoaErrorDomain Code=260 "The file “hapticpatternlibrary.plist” couldn’t be opened be
2026-09-30 23:36:02.518 E  MobileSafari[26454:c65b6e] [com.apple.UIKit:UIKBFeedbackGenerator] <_UIKBFeedbackGenerator: 0x1076543c0>: Error creating CHHapticPattern: Error Domain=NSCocoaErrorDomain Code=260 "The file “hapticpatternlibrary.plist” couldn’t be opened because there is no such file.
2026-09-30 23:36:02.518 Df MobileSafari[26454:c659fe] [com.apple.UIKit:UIPeripheralHost] endPlacementForInputViewSet: <<UIInputViewSet: 0x174004180>; keyboard = <UIKeyboardAutomatic: 0x109e3db00; frame = (0 0; 402 226); opaque = NO; layer = <CALayer: 0x106520930>>%; assistant = <TUISystemInputAssist
2026-09-30 23:36:02.518 E  MobileSafari[26454:c65b6e] [com.apple.corehaptics:hapi]        CHHapticPattern.mm:509   +[CHHapticPattern patternForKey:error:]: Failed to read pattern library data: Error Domain=NSCocoaErrorDomain Code=260 "The file “hapticpatternlibrary.plist” couldn’t be opened be
2026-09-30 23:36:02.518 Df MobileSafari[26454:c659fe] [com.apple.UIKit:UIPeripheralHost] endPlacementForInputViewSet, returning -> <UIInputViewSetPlacementOnScreenWithAccessory>
2026-09-30 23:36:02.518 E  MobileSafari[26454:c65b6e] [com.apple.UIKit:UIKBFeedbackGenerator] <_UIKBFeedbackGenerator: 0x1076543c0>: Error creating CHHapticPattern: Error Domain=NSCocoaErrorDomain Code=260 "The file “hapticpatternlibrary.plist” couldn’t be opened because there is no such file.
2026-09-30 23:36:02.518 Df MobileSafari[26454:c65b6e] [com.apple.coremedia:] -AVSystemController- +[AVSystemController sharedInstance]: Failed to allocate AVSystemController, numberOfAttempts=1
2026-09-30 23:36:02.518 Df MobileSafari[26454:c65b6e] [com.apple.coremedia:] -AVSystemController- +[AVSystemController sharedInstance]: Failed to allocate AVSystemController, numberOfAttempts=2
2026-09-30 23:36:02.518 Df MobileSafari[26454:c65b6e] [com.apple.coremedia:] -AVSystemController- +[AVSystemController sharedInstance]: Failed to allocate AVSystemController, numberOfAttempts=3
2026-09-30 23:36:02.518 Df MobileSafari[26454:c65b6e] [com.apple.UIKit:UIKBFeedbackGenerator] <_UIKBFeedbackGenerator: 0x1076543c0>: Preheating CoreHaptics.
2026-09-30 23:36:02.518 Df MobileSafari[26454:c659fe] [com.apple.UIKit:UIPeripheralHost] endPlacementForInputViewSet: <<UIInputViewSet: 0x174004180>; keyboard = <UIKeyboardAutomatic: 0x109e3db00; frame = (0 0; 402 226); opaque = NO; layer = <CALayer: 0x106520930>>%; assistant = <TUISystemInputAssist
2026-09-30 23:36:02.518 Df MobileSafari[26454:c659fe] [com.apple.UIKit:UIPeripheralHost] endPlacementForInputViewSet, returning -> <UIInputViewSetPlacementOnScreenWithAccessory>
2026-09-30 23:36:02.518 Df MobileSafari[26454:c659fe] [com.apple.UIKit:UIPeripheralHost] endPlacementForInputViewSet: <<UIInputViewSet: 0x174004180>; keyboard = <UIKeyboardAutomatic: 0x109e3db00; frame = (0 0; 402 226); opaque = NO; layer = <CALayer: 0x106520930>>%; assistant = <TUISystemInputAssist
2026-09-30 23:36:02.518 Df MobileSafari[26454:c659fe] [com.apple.UIKit:UIPeripheralHost] endPlacementForInputViewSet, returning -> <UIInputViewSetPlacementOnScreenWithAccessory>
2026-09-30 23:36:02.518 Df MobileSafari[26454:c659fe] [com.apple.UIKit:UIPeripheralHost] endPlacementForInputViewSet: <<UIInputViewSet: 0x174004180>; keyboard = <UIKeyboardAutomatic: 0x109e3db00; frame = (0 0; 402 226); opaque = NO; layer = <CALayer: 0x106520930>>%; assistant = <TUISystemInputAssist
2026-09-30 23:36:02.518 Df MobileSafari[26454:c659fe] [com.apple.UIKit:UIPeripheralHost] endPlacementForInputViewSet, returning -> <UIInputViewSetPlacementOnScreenWithAccessory>
2026-09-30 23:36:02.519 Df MobileSafari[26454:c659fe] [com.apple.UIKit:UIPeripheralHost] endPlacementForInputViewSet: <<UIInputViewSet: 0x174004180>; keyboard = <UIKeyboardAutomatic: 0x109e3db00; frame = (0 0; 402 226); opaque = NO; layer = <CALayer: 0x106520930>>%; assistant = <TUISystemInputAssist
2026-09-30 23:36:02.519 Df MobileSafari[26454:c659fe] [com.apple.UIKit:UIPeripheralHost] endPlacementForInputViewSet, returning -> <UIInputViewSetPlacementOnScreenWithAccessory>
2026-09-30 23:36:02.519 Df MobileSafari[26454:c659fe] [com.apple.UIKit:UIPeripheralHost] endPlacementForInputViewSet: <<UIInputViewSet: 0x174004180>; keyboard = <UIKeyboardAutomatic: 0x109e3db00; frame = (0 0; 402 226); opaque = NO; layer = <CALayer: 0x106520930>>%; assistant = <TUISystemInputAssist
2026-09-30 23:36:02.519 Df MobileSafari[26454:c659fe] [com.apple.UIKit:UIPeripheralHost] endPlacementForInputViewSet, returning -> <UIInputViewSetPlacementOnScreenWithAccessory>
2026-09-30 23:36:02.519 Df MobileSafari[26454:c659fe] [com.apple.UIKit:UIPeripheralHost] endPlacementForInputViewSet: <<UIInputViewSet: 0x174004180>; keyboard = <UIKeyboardAutomatic: 0x109e3db00; frame = (0 0; 402 226); opaque = NO; layer = <CALayer: 0x106520930>>%; assistant = <TUISystemInputAssist
2026-09-30 23:36:02.519 Df MobileSafari[26454:c659fe] [com.apple.UIKit:UIPeripheralHost] endPlacementForInputViewSet, returning -> <UIInputViewSetPlacementOnScreenWithAccessory>
2026-09-30 23:36:02.519 Df MobileSafari[26454:c659fe] [com.apple.UIKit:SceneHostingExternalSettingsModifiers] <_UISceneExternalSettingsModifierHostComponent: 0x13df108a0>: Using settings modifiers: (null)
2026-09-30 23:36:02.519 Df MobileSafari[26454:c659fe] [com.apple.UIKit:UISceneHostingActivationState] Activation suppression relinquished: <BSSimpleAssertion: 0x166aa9b90; querying endpoint for settings modification; identifier: activationSuppressionAssertion::26454(v270CE8)->/UISceneHosting-com.app
2026-09-30 23:36:02.520 Df MobileSafari[26454:c659fe] [com.apple.FrontBoard:Process] Asked to bootstrap a new process for handle: [app<com.apple.SafariViewService((null))>:24111]
2026-09-30 23:36:02.520 Df MobileSafari[26454:c659fe] [com.apple.FrontBoard:Process] A process already exists for this handle: <FBApplicationProcess: 0x16e540d80; app<com.apple.SafariViewService>:24111(v26FC93)>
2026-09-30 23:36:02.520 Df MobileSafari[26454:c659fe] [com.apple.FrontBoard:ProcessWorkspace] [app<com.apple.SafariViewService>:24111] Creating outgoing connection to <BSServiceConnectionEndpoint: 0x166a64320; target: com.apple.uikit.viewservice.com.apple.SafariViewService; service: com.apple.frontb
2026-09-30 23:36:02.520 Df MobileSafari[26454:c659fe] [com.apple.FrontBoard:ProcessScene] [0x1740040c0:UISceneHosting-com.apple.mobilesafari:UIHostedScene-com.apple.SafariViewService-3E550FEF] Initialized with connection: 0x166aa8630.
2026-09-30 23:36:02.520 Df MobileSafari[26454:c659fe] [com.apple.FrontBoard:ProcessWorkspace] [app<com.apple.SafariViewService>:24111] Registered new scene: <FBWorkspaceScene: 0x1740040c0; UISceneHosting-com.apple.mobilesafari:UIHostedScene-com.apple.SafariViewService-3E550FEF> (fromRemnant = 0)
2026-09-30 23:36:02.520 Df MobileSafari[26454:c659fe] [com.apple.FrontBoard:Scene] [UISceneHosting-com.apple.mobilesafari:UIHostedScene-com.apple.SafariViewService-3E550FEF][1] Scene activated.
2026-09-30 23:36:02.520 Df MobileSafari[26454:c65b6e] [com.apple.FrontBoard:ProcessWorkspace] [app<com.apple.SafariViewService>:24111] Workspace interruption policy did change: disconnect
2026-09-30 23:36:02.520 Df SafariViewService[24111:c659bb] [com.apple.FrontBoard:Common] FBSWorkspace registering source: 26454(v270CE8)<0x161cbd450>
2026-09-30 23:36:02.520 Df SafariViewService[24111:c659bb] [com.apple.FrontBoard:Common] FBSWorkspace connected to peer : 26454(v270CE8)<0x161cbd450>
2026-09-30 23:36:02.520 Df SafariViewService[24111:c659bb] [com.apple.FrontBoard:Common] <FBSWorkspaceScenesClient:0x109ee0fa0 26454(v270CE8)<0x161cbd450>> attempting immediate handshake from activate
2026-09-30 23:36:02.520 Df SafariViewService[24111:c659bb] [com.apple.FrontBoard:Common] <FBSWorkspaceScenesClient:0x109ee0fa0 26454(v270CE8)<0x161cbd450>> sent handshake
2026-09-30 23:36:02.520 Df MobileSafari[26454:c659fe] [com.apple.FrontBoard:Scene] [UISceneHosting-com.apple.mobilesafari:UIHostedScene-com.apple.SafariViewService-3E550FEF] scene content state changed: preparing
2026-09-30 23:36:02.520 Df MobileSafari[26454:c65b6e] [com.apple.FrontBoard:Process] [app<com.apple.SafariViewService>:24111] Setting process visibility to: Foreground
2026-09-30 23:36:02.520 Df MobileSafari[26454:c659fe] [com.apple.FrontBoard:Scene] [UISceneHosting-com.apple.mobilesafari:UIHostedScene-com.apple.SafariViewService-3E550FEF] Client process connected: [app<com.apple.SafariViewService((null))>:24111]
2026-09-30 23:36:02.520 Df MobileSafari[26454:c65b6e] [com.apple.FrontBoard:ProcessWorkspace] received outgoing handshake : process=<FBApplicationProcess: 0x16e540d80; app<com.apple.SafariViewService>:24111(v26FC93); taskState: Running; visibility: Foreground>
2026-09-30 23:36:02.520 Df MobileSafari[26454:c65b6e] [com.apple.FrontBoard:ProcessScene] [0x1740040c0:UISceneHosting-com.apple.mobilesafari:UIHostedScene-com.apple.SafariViewService-3E550FEF] Scene lifecycle state did change: Foreground
2026-09-30 23:36:02.521 Df MobileSafari[26454:c65b6e] [com.apple.FrontBoard:ProcessScene] [0x1740040c0:UISceneHosting-com.apple.mobilesafari:UIHostedScene-com.apple.SafariViewService-3E550FEF] Scene state did change: FV-Focal[100].
2026-09-30 23:36:02.521 Df MobileSafari[26454:c659fe] [com.apple.UIKit:KeyboardAutocorrectionControllerUI] -[UIKeyboardAutocorrectionController setAutocorrectionList:], (null)
2026-09-30 23:36:02.521 Df MobileSafari[26454:c659fe] [com.apple.UIKit:PredictionViewControllerUI] -[UIPredictionViewController _updateAutocorrectionList:candidateGenerationContext:], (null)
2026-09-30 23:36:02.521 Df MobileSafari[26454:c659fe] [com.apple.UIKit:PredictionViewControllerUI] Presenting current text suggestions.
2026-09-30 23:36:02.521 Df MobileSafari[26454:c659fe] [com.apple.UIKit:UIPeripheralHost] endPlacementForInputViewSet: <<UIInputViewSet: 0x174004180>; keyboard = <UIKeyboardAutomatic: 0x109e3db00; frame = (0 0; 402 226); opaque = NO; layer = <CALayer: 0x106520930>>%; assistant = <TUISystemInputAssist
2026-09-30 23:36:02.521 Df MobileSafari[26454:c659fe] [com.apple.UIKit:UIPeripheralHost] endPlacementForInputViewSet, returning -> <UIInputViewSetPlacementOnScreenWithAccessory>
2026-09-30 23:36:02.521 Df MobileSafari[26454:c65b6e] [com.apple.FrontBoard:ProcessWorkspace] [app<com.apple.SafariViewService>:24111] Workspace state did change: XX-None[0] --> FV-Focal[100] (assertion acquired).
2026-09-30 23:36:02.522 Df MobileSafari[26454:c659fe] [com.apple.UIKit:UIPeripheralHost] endPlacementForInputViewSet: <<UIInputViewSet: 0x174004180>; keyboard = <UIKeyboardAutomatic: 0x109e3db00; frame = (0 0; 402 226); opaque = NO; layer = <CALayer: 0x106520930>>%; assistant = <TUISystemInputAssist
2026-09-30 23:36:02.522 Df MobileSafari[26454:c659fe] [com.apple.UIKit:UIPeripheralHost] endPlacementForInputViewSet, returning -> <UIInputViewSetPlacementOnScreenWithAccessory>
2026-09-30 23:36:02.522 Df MobileSafari[26454:c65b6e] [com.apple.FrontBoard:ProcessScene] [0x1740040c0:UISceneHosting-com.apple.mobilesafari:UIHostedScene-com.apple.SafariViewService-3E550FEF] Sending scene action [Create Active][0xaa10] to process 0x16e540d80 (watchdog: 10.00s cpu over 30.00s)
2026-09-30 23:36:02.522 Df MobileSafari[26454:c65b6e] [com.apple.FrontBoard:ProcessScene] [0x1740040c0:UISceneHosting-com.apple.mobilesafari:UIHostedScene-com.apple.SafariViewService-3E550FEF] Sending scene create.
2026-09-30 23:36:02.522 Df MobileSafari[26454:c659fe] [com.apple.UIKit:UIPeripheralHost] endPlacementForInputViewSet: <<UIInputViewSet: 0x174004180>; keyboard = <UIKeyboardAutomatic: 0x109e3db00; frame = (0 0; 402 226); opaque = NO; layer = <CALayer: 0x106520930>>%; assistant = <TUISystemInputAssist
2026-09-30 23:36:02.522 Df MobileSafari[26454:c659fe] [com.apple.UIKit:UIPeripheralHost] endPlacementForInputViewSet, returning -> <UIInputViewSetPlacementOnScreenWithAccessory>
2026-09-30 23:36:02.522 Df MobileSafari[26454:c659fe] [com.apple.UIKit:UIPeripheralHost] endPlacementForInputViewSet: <<UIInputViewSet: 0x174004180>; keyboard = <UIKeyboardAutomatic: 0x109e3db00; frame = (0 0; 402 226); opaque = NO; layer = <CALayer: 0x106520930>>%; assistant = <TUISystemInputAssist
2026-09-30 23:36:02.522 Df MobileSafari[26454:c659fe] [com.apple.UIKit:UIPeripheralHost] endPlacementForInputViewSet, returning -> <UIInputViewSetPlacementOnScreenWithAccessory>
2026-09-30 23:36:02.522 Df MobileSafari[26454:c659fe] [com.apple.UIKit:UIPeripheralHost] endPlacementForInputViewSet: <<UIInputViewSet: 0x174004180>; keyboard = <UIKeyboardAutomatic: 0x109e3db00; frame = (0 0; 402 226); opaque = NO; layer = <CALayer: 0x106520930>>%; assistant = <TUISystemInputAssist
2026-09-30 23:36:02.522 Df MobileSafari[26454:c659fe] [com.apple.UIKit:UIPeripheralHost] endPlacementForInputViewSet, returning -> <UIInputViewSetPlacementOnScreenWithAccessory>
2026-09-30 23:36:02.522 Df MobileSafari[26454:c659fe] [com.apple.UIKit:UIPeripheralHost] endPlacementForInputViewSet: <<UIInputViewSet: 0x174004180>; keyboard = <UIKeyboardAutomatic: 0x109e3db00; frame = (0 0; 402 226); opaque = NO; layer = <CALayer: 0x106520930>>%; assistant = <TUISystemInputAssist
2026-09-30 23:36:02.522 Df MobileSafari[26454:c659fe] [com.apple.UIKit:UIPeripheralHost] endPlacementForInputViewSet, returning -> <UIInputViewSetPlacementOnScreenWithAccessory>
2026-09-30 23:36:02.523 Df MobileSafari[26454:c659fe] [com.apple.UIKit:UIPeripheralHost] endPlacementForInputViewSet: <<UIInputViewSet: 0x174004180>; keyboard = <UIKeyboardAutomatic: 0x109e3db00; frame = (0 0; 402 226); opaque = NO; layer = <CALayer: 0x106520930>>%; assistant = <TUISystemInputAssist
2026-09-30 23:36:02.523 Df MobileSafari[26454:c659fe] [com.apple.UIKit:UIPeripheralHost] endPlacementForInputViewSet, returning -> <UIInputViewSetPlacementOnScreenWithAccessory>
2026-09-30 23:36:02.523 Df MobileSafari[26454:c659fe] [com.apple.UIKit:UIPeripheralHost] endPlacementForInputViewSet: <<UIInputViewSet: 0x174004180>; keyboard = <UIKeyboardAutomatic: 0x109e3db00; frame = (0 0; 402 226); opaque = NO; layer = <CALayer: 0x106520930>>%; assistant = <TUISystemInputAssist
2026-09-30 23:36:02.523 Df MobileSafari[26454:c659fe] [com.apple.UIKit:UIPeripheralHost] endPlacementForInputViewSet, returning -> <UIInputViewSetPlacementOnScreenWithAccessory>
2026-09-30 23:36:02.524 Df SafariViewService[24111:c659bb] [com.apple.BackBoard:EventDelivery] [BKSHIDEventObserver] reachability for target <environment: keyboardFocus; target: <token: 26454(v270CE8)->/UISceneHosting-com.apple.mobilesafari:UIHostedScene-com.apple.SafariViewService-3E550FEF; pid: 24
2026-09-30 23:36:02.524 Df SafariViewService[24111:c6392d] [com.apple.UIKit:InterfaceStyle] Should send trait collection or coordinate space update, interface style 1 -> 1, <_UIHostedWindowScene: 0x109775b80> (UIHostedScene-com.apple.SafariViewService-3E550FEF)
2026-09-30 23:36:02.525 Df SafariViewService[24111:c6392d] [com.apple.UIKit:InterfaceStyle] Not push traits update to screen for new style 0, <_UIHostedWindowScene: 0x109775b80> (UIHostedScene-com.apple.SafariViewService-3E550FEF)
2026-09-30 23:36:02.525 Df SafariViewService[24111:c6392d] [com.apple.UIKit:HomeAffordanceObservation] Initializing: <_UIHomeAffordanceSceneNotifier: 0x109791ce0>; with scene: <_UIHostedWindowScene: 0x109775b80>
2026-09-30 23:36:02.525 Df SafariViewService[24111:c6392d] [com.apple.BacklightServices:scenes] 0x10677b4e0 setDelegate:<0x10677a670 _UIBacklightEnvironment> hasDelegate:YES for environment:UIHostedScene-com.apple.SafariViewService-3E550FEF
2026-09-30 23:36:02.525 Df SafariViewService[24111:c6392d] [com.apple.UIKit:InterfaceStyle] Not push traits update to screen for new style 0, <_UIHostedWindowScene: 0x109775b80> (UIHostedScene-com.apple.SafariViewService-3E550FEF)
2026-09-30 23:36:02.525 Df SafariViewService[24111:c6392d] [com.apple.UIKit:EventDeferring] [0x161d92400] Initialized with scene: <_UIHostedWindowScene: 0x109775b80>; behavior: <_UIEventDeferringBehavior_iOS: 0x13fe625a0>; availableForProcess: 1, systemShellManagesKeyboardFocus: 1
2026-09-30 23:36:02.525 Df SafariViewService[24111:c6392d] [com.apple.UIKit:InterfaceStyle] Not push traits update to screen for new style 0, <_UIHostedWindowScene: 0x109775b80> (UIHostedScene-com.apple.SafariViewService-3E550FEF)
2026-09-30 23:36:02.525 Df SafariViewService[24111:c6392d] [com.apple.BackBoard:EventDelivery] policy observer <BKSHIDEventDeliveryPolicyObserver: 0x109791d50; process scope; policy: UNKNOWN> added
2026-09-30 23:36:02.525 Df SafariViewService[24111:c6392d] [com.apple.BackBoard:EventDelivery] [BKSHIDEventObserver] set observing:YES
2026-09-30 23:36:02.525 Df SafariViewService[24111:c6392d] [com.apple.BackBoard:EventDelivery] policyStatus:<BKSHIDEventDeliveryPolicyObserver: 0x109791d50; process scope; <none; generation: 0>> was:(null)
2026-09-30 23:36:02.525 Df SafariViewService[24111:c659bb] [com.apple.BackBoard:EventDelivery] will update observations for 0 observers
2026-09-30 23:36:02.525 Df SafariViewService[24111:c6392d] [com.apple.BackBoard:EventDelivery] [BKSHIDEventObserver] 0x109791d50 _UIKeyWindowSceneObserver-0x106778810 setToken:26454(v270CE8)->/UISceneHosting-com.apple.mobilesafari:UIHostedScene-com.apple.SafariViewService-3E550FEF
2026-09-30 23:36:02.525 Df SafariViewService[24111:c6392d] [com.apple.UIKit:InterfaceStyle] Not push traits update to screen for new style 0, <_UIHostedWindowScene: 0x109775b80> (UIHostedScene-com.apple.SafariViewService-3E550FEF)
2026-09-30 23:36:02.525 Df SafariViewService[24111:c6392d] [com.apple.UIKit:InterfaceStyle] Not push traits update to screen for new style 0, <_UIHostedWindowScene: 0x109775b80> (UIHostedScene-com.apple.SafariViewService-3E550FEF)
2026-09-30 23:36:02.525 Df SafariViewService[24111:c6392d] [com.apple.BackBoard:EventDelivery] policy observer <BKSHIDEventDeliveryPolicyObserver: 0x109791dc0; process scope; policy: UNKNOWN> added
2026-09-30 23:36:02.525 Df SafariViewService[24111:c6392d] [com.apple.BackBoard:EventDelivery] [BKSHIDEventObserver] set observing:YES
2026-09-30 23:36:02.525 Df SafariViewService[24111:c6392d] [com.apple.BackBoard:EventDelivery] policyStatus:<BKSHIDEventDeliveryPolicyObserver: 0x109791dc0; process scope; <none; generation: 0>> was:(null)
2026-09-30 23:36:02.525 Df SafariViewService[24111:c659bb] [com.apple.BackBoard:EventDelivery] will update observations for 0 observers
2026-09-30 23:36:02.525 Df SafariViewService[24111:c6392d] [com.apple.BackBoard:EventDelivery] [BKSHIDEventObserver] 0x109791dc0  setToken:26454(v270CE8)->/UISceneHosting-com.apple.mobilesafari:UIHostedScene-com.apple.SafariViewService-3E550FEF
2026-09-30 23:36:02.526 Df SafariViewService[24111:c6392d] [com.apple.UIKit:KeyboardFocusAssistant] Event deferring policy changed: finalScene:N->N (token: 26454(v270CE8)->/UISceneHosting-com.apple.mobilesafari:UIHostedScene-com.apple.SafariViewService-3E550FEF)
2026-09-30 23:36:02.526 Df SafariViewService[24111:c6392d] [com.apple.UIKit:InterfaceStyle] Not push traits update to screen for new style 0, <_UIHostedWindowScene: 0x109775b80> (UIHostedScene-com.apple.SafariViewService-3E550FEF)
2026-09-30 23:36:02.526 Df SafariViewService[24111:c6392d] [com.apple.UIKit:InterfaceStyle] Not push traits update to screen for new style 0, <_UIHostedWindowScene: 0x109775b80> (UIHostedScene-com.apple.SafariViewService-3E550FEF)
2026-09-30 23:36:02.526 Df SafariViewService[24111:c6392d] [com.apple.UIKit:InterfaceStyle] Not push traits update to screen for new style 0, <_UIHostedWindowScene: 0x109775b80> (UIHostedScene-com.apple.SafariViewService-3E550FEF)
2026-09-30 23:36:02.526 Df SafariViewService[24111:c6392d] [com.apple.UIKit:InterfaceStyle] Not push traits update to screen for new style 0, <_UIHostedWindowScene: 0x109775b80> (UIHostedScene-com.apple.SafariViewService-3E550FEF)
2026-09-30 23:36:02.526 Df SafariViewService[24111:c6392d] [com.apple.UIKit:InterfaceStyle] Not push traits update to screen for new style 0, <_UIHostedWindowScene: 0x109775b80> (UIHostedScene-com.apple.SafariViewService-3E550FEF)
2026-09-30 23:36:02.526 Df SafariViewService[24111:c6392d] [com.apple.UIKit:InterfaceStyle] Not push traits update to screen for new style 0, <_UIHostedWindowScene: 0x109775b80> (UIHostedScene-com.apple.SafariViewService-3E550FEF)
2026-09-30 23:36:02.526 Df SafariViewService[24111:c6392d] [com.apple.UIKit:InterfaceStyle] Not push traits update to screen for new style 0, <_UIHostedWindowScene: 0x109775b80> (UIHostedScene-com.apple.SafariViewService-3E550FEF)
2026-09-30 23:36:02.526 Df SafariViewService[24111:c6392d] [com.apple.UIKit:KeyboardScene] Requesting keyboard scene for UISceneHosting-com.apple.mobilesafari:UIHostedScene-com.apple.SafariViewService-3E550FEF
2026-09-30 23:36:02.526 Df SafariViewService[24111:c6392d] [com.apple.UIKit:ViewServices] Configuring view service scene for 26454(v270CE8)->/UISceneHosting-com.apple.mobilesafari:UIHostedScene-com.apple.SafariViewService-3E550FEF:
2026-09-30 23:36:02.526 Df SafariViewService[24111:c659bb] [com.apple.PlugInKit:discovery] <PKDiscoveryDriver:0x105d39380> created discovery driver
2026-09-30 23:36:02.526 Df SafariViewService[24111:c659bb] [com.apple.PlugInKit:discovery] [d F8938C7C-C4AE-4AF4-BD7D-CF814599892D] <PKHost:0x10961ac00> Beginning discovery for flags: 0, point: com.apple.authentication-services-credential-provider-ui
2026-09-30 23:36:02.527 Df InputUI[87035:c33b5c] [com.apple.FrontBoard:Process] Asked to bootstrap a new process for handle: [app<com.apple.SafariViewService((null))>:24111]
2026-09-30 23:36:02.527 Df InputUI[87035:c33b5c] [com.apple.FrontBoard:Process] A process already exists for this handle: <FBApplicationProcess: 0x10728ca80; app<com.apple.SafariViewService>:24111(v26FC93)>
2026-09-30 23:36:02.527 Df InputUI[87035:c33b5c] [com.apple.FrontBoard:ProcessScene] [0x106e49380:com.apple.InputUI.keyboard:KeyboardInputScene-26454(v270CE8)->/UISceneHosting-com.apple.mobilesafari:UIHostedScene-com.apple.SafariViewService-3E550FEF] Initialized with connection: 0x106d929a0.
2026-09-30 23:36:02.527 F  SafariViewService[24111:c6392d] [com.apple.mobilesafari:AutoFill] Allocating SFAppAutoFillOneTimeCodeProvider 0x161d93400 while 0x106178200 is still live; we intend to only have one allocated per process
2026-09-30 23:36:02.527 A  SafariViewService[24111:c6392d] (libsystem_trace.dylib) Activity for state dumps
2026-09-30 23:36:02.527 Df InputUI[87035:c33b5c] [com.apple.FrontBoard:ProcessWorkspace] [app<com.apple.SafariViewService>:24111] Registered new scene: <FBWorkspaceScene: 0x106e49380; com.apple.InputUI.keyboard:KeyboardInputScene-26454(v270CE8)->/UISceneHosting-com.apple.mobilesafari:UIHostedScene-c
2026-09-30 23:36:02.527 Df InputUI[87035:c33b5c] [com.apple.FrontBoard:Scene] [com.apple.InputUI.keyboard:KeyboardInputScene-26454(v270CE8)->/UISceneHosting-com.apple.mobilesafari:UIHostedScene-com.apple.SafariViewService-3E550FEF][1] Scene activated.
2026-09-30 23:36:02.527 Df InputUI[87035:c33b5c] [com.apple.FrontBoard:Scene] [com.apple.InputUI.keyboard:KeyboardInputScene-26454(v270CE8)->/UISceneHosting-com.apple.mobilesafari:UIHostedScene-com.apple.SafariViewService-3E550FEF] Client process connected: [app<com.apple.SafariViewService((null))>:
2026-09-30 23:36:02.527 Df InputUI[87035:c659cc] [com.apple.FrontBoard:ProcessScene] [0x106e49380:com.apple.InputUI.keyboard:KeyboardInputScene-26454(v270CE8)->/UISceneHosting-com.apple.mobilesafari:UIHostedScene-com.apple.SafariViewService-3E550FEF] Scene lifecycle state did change: Background
2026-09-30 23:36:02.527 Df InputUI[87035:c33b5c] [com.apple.UIKit:KeyboardScene] Created keyboard scene com.apple.UIKit.KeyboardManagement.hosted/com.apple.InputUI.keyboard:KeyboardInputScene-26454(v270CE8)-%3E%2FUISceneHosting-com.apple.mobilesafari%3AUIHostedScene-com.apple.SafariViewService-3E550
2026-09-30 23:36:02.527 Df InputUI[87035:c659cc] [com.apple.FrontBoard:ProcessScene] [0x106e49380:com.apple.InputUI.keyboard:KeyboardInputScene-26454(v270CE8)->/UISceneHosting-com.apple.mobilesafari:UIHostedScene-com.apple.SafariViewService-3E550FEF] Scene state did change: BG-Active[40].
2026-09-30 23:36:02.527 Df InputUI[87035:c659cc] [com.apple.FrontBoard:ProcessWorkspace] [app<com.apple.SafariViewService>:24111] Workspace state did change: XX-None[0] --> BG-Active[40] (assertion acquired).
2026-09-30 23:36:02.527 Df InputUI[87035:c659cc] [com.apple.FrontBoard:ProcessScene] [0x106e49380:com.apple.InputUI.keyboard:KeyboardInputScene-26454(v270CE8)->/UISceneHosting-com.apple.mobilesafari:UIHostedScene-com.apple.SafariViewService-3E550FEF] Sending scene action [Create Inactive][0xa1be] to
2026-09-30 23:36:02.527 Df InputUI[87035:c659cc] [com.apple.FrontBoard:ProcessScene] [0x106e49380:com.apple.InputUI.keyboard:KeyboardInputScene-26454(v270CE8)->/UISceneHosting-com.apple.mobilesafari:UIHostedScene-com.apple.SafariViewService-3E550FEF] Sending scene create.
2026-09-30 23:36:02.527 Df SafariViewService[24111:c6589b] [com.apple.PlugInKit:discovery] [d F8938C7C-C4AE-4AF4-BD7D-CF814599892D] <PKHost:0x10961ac00> Completed discovery. Final # of matches: 1
2026-09-30 23:36:02.528 Df SafariViewService[24111:c6392d] [com.apple.mobilesafari:AutoFill] Creating EMOneTimeCodeAccelerator for SFAppAutoFillOneTimeCodeProvider 0x161d93400
2026-09-30 23:36:02.528 Df SafariViewService[24111:c660ca] [com.apple.PlugInKit:discovery] <PKDiscoveryDriver:0x105d39380> delivering update to host (1 plugins)
2026-09-30 23:36:02.528 E  SafariViewService[24111:c660c9] [com.apple.Messages:DaemonConnection] Remote object proxy for daemon connection received error: Couldn’t communicate with a helper application.
2026-09-30 23:36:02.528 A  SafariViewService[24111:c660ca] (ExtensionFoundation) discovering extensions
2026-09-30 23:36:02.528 E  SafariViewService[24111:c660c8] [com.apple.Messages:DaemonConnection] Synchronous remote object got an error attempting to post setup, reason: Couldn’t communicate with a helper application.
2026-09-30 23:36:02.529 Df SafariViewService[24111:c6392d] [com.apple.email:EMMessageRepository] <<EMMessageRepository: 0x109ee1fe0>> [OTC] startObservingOneTimeCodes
2026-09-30 23:36:02.529 Df SafariViewService[24111:c6392d] [com.apple.email:EMMessageRepository] <<EMMessageRepository: 0x109ee1fe0>> [OTC] Adding recoverable one-time codes observer: <_EMOneTimeCodeObserver: 0x105f01c00>
2026-09-30 23:36:02.529 Df SafariViewService[24111:c6392d] [com.apple.UserNotifications:Connections] Registering for OTC updates
2026-09-30 23:36:02.529 Df SafariViewService[24111:c660c9] [com.apple.mobilesafari:AutoFill] SFAppAutoFillOneTimeCodeProvider 0x161d93400 added observer <SFPasswordPickerServiceViewController: 0x106505400>; 1 observer remain
2026-09-30 23:36:02.529 E  SafariViewService[24111:c6589b] [com.apple.Messages:DaemonConnection] Synchronous remote object got an error attempting to post setup, reason: Couldn’t communicate with a helper application.
2026-09-30 23:36:02.529 Df SafariViewService[24111:c660ca] [com.apple.extensionkit:NSExtension] discovered extensions: attributes {
    NSExtensionPointName = "com.apple.authentication-services-credential-provider-ui";
}, extensionSet {(
    <EXConcreteExtension: 0x106647020> {id = com.tarunyadgirkar.prefill.spike.textinsert.provider}
)}
2026-09-30 23:36:02.529 Df SafariViewService[24111:c660ca] [com.apple.PlugInKit:discovery] <PKDiscoveryDriver:0x105d39380> installing watchers for continuous discovery
2026-09-30 23:36:02.530 Df SafariViewService[24111:c660ca] [com.apple.launchservices:appinstallation] registering for distributed notification com.apple.LaunchServices.pluginsregistered in this process
2026-09-30 23:36:02.530 Df SafariViewService[24111:c660ca] [com.apple.launchservices:appinstallation] registering for distributed notification com.apple.LaunchServices.pluginsunregistered in this process
2026-09-30 23:36:02.530 Df SafariViewService[24111:c6392d] [com.apple.UIKit:ViewServices] <_UIViewServiceRootViewController: 0x106594000>: Set materialized view controller: <SFPasswordPickerServiceViewController: 0x106505400>
2026-09-30 23:36:02.531 Df MobileSafari[26454:c659fe] [com.apple.UIKit:KeyboardArbiterClientLog] -[_UIRemoteKeyboardPlaceholderView refreshPlaceholder]  refreshPlaceholder: size={402, 328} [previous size={402, 328}]
2026-09-30 23:36:02.531 Df SafariViewService[24111:c660c9] [com.apple.email:EMDaemonInterface] <EMDaemonInterface: 0x1066eae80>: Skipping recovery
2026-09-30 23:36:02.537 A  InputUI[87035:c659cc] (RunningBoardServices) observedProcessStatesDidChange
2026-09-30 23:36:02.537 Df InputUI[87035:c659cc] [com.apple.runningboard:monitor] Received state update for 86754 (osservice<com.apple.SpringBoard>, running-active-Visible
2026-09-30 23:36:02.537 A  InputUI[87035:c65869] (RunningBoardServices) observedProcessStatesDidChange
2026-09-30 23:36:02.537 Df InputUI[87035:c65869] [com.apple.runningboard:monitor] Received state update for 97297 (osservice<com.apple.DragUI.druid>, running-Visible
2026-09-30 23:36:02.537 Df InputUI[87035:c65869] [com.apple.runningboard:monitor] Received state update for 26454 (app<com.apple.mobilesafari((null))>, running-active-Visible
2026-09-30 23:36:02.537 A  InputUI[87035:c659cc] (RunningBoardServices) observedProcessStatesDidChange
2026-09-30 23:36:02.537 A  MobileSafari[26454:c65b6e] (RunningBoardServices) observedProcessStatesDidChange
2026-09-30 23:36:02.537 Df InputUI[87035:c659cc] [com.apple.runningboard:monitor] Received state update for 87035 (osservice<com.apple.InputUI>, running-active-Visible
2026-09-30 23:36:02.537 Df MobileSafari[26454:c65b6e] [com.apple.runningboard:monitor] Received state update for 87035 (osservice<com.apple.InputUI>, running-active-NotVisible
2026-09-30 23:36:02.545 Df SafariViewService[24111:c6392d] [com.apple.UIKit:KeyWindow] _UIHostedWindowScene: 0x109775b80: Window became key in scene: UIWindow: 0x106594400; contextId: 0x510070FB: reason: _UIHostedWindowScene: 0x109775b80: Window requested to become key in scene: 0x106594400
2026-09-30 23:36:02.545 Df SafariViewService[24111:c6392d] [com.apple.UIKit:KeyWindow] Key window needs update: 1; currentKeyWindowScene: 0x0; evaluatedKeyWindowScene: 0x109775b80; currentApplicationKeyWindow: 0x0; evaluatedApplicationKeyWindow: 0x106594400; reason: _UIHostedWindowScene: 0x109775b80
2026-09-30 23:36:02.545 Df SafariViewService[24111:c6392d] [com.apple.UIKit:KeyWindow] Window did become application key: UIWindow: 0x106594400; contextId: 0x510070FB; scene identity: 26454(v270CE8)->/UISceneHosting-com.apple.mobilesafari:UIHostedScene-com.apple.SafariViewService-3E550FEF
2026-09-30 23:36:02.545 Df SafariViewService[24111:c6392d] [com.apple.UIKit:EventDeferring] [0x161d92400] Begin local event deferring requested for token: 0x105d3aac0; environments: 1; reason: _UIHostedWindowScene: 0x109775b80: Begin event deferring in keyboardFocus for window: 0x106594400
2026-09-30 23:36:02.545 Df SafariViewService[24111:c6392d] [com.apple.UIKit:EventDeferring] [0x161d92400] [keyboardFocus] Start observing context for local target window: 0x106594400; contextId: 0x510070FB
2026-09-30 23:36:02.545 Df SafariViewService[24111:c6392d] [com.apple.UIKit:EventDeferring] [0x161d92400] [keyboardFocus] Began tracking context for local target window: 0x106594400; contextId: 0x510070FB
2026-09-30 23:36:02.546 Df SafariViewService[24111:c6392d] [com.apple.UIKit:ViewServices] Configured auxiliary connection for 26454(v270CE8)->/UISceneHosting-com.apple.mobilesafari:UIHostedScene-com.apple.SafariViewService-3E550FEF with exported object <SFPasswordPickerServiceViewController: 0x10650
2026-09-30 23:36:02.547 Df SafariViewService[24111:c6392d] [com.apple.UIKit:Orientation] <_UIHostedWindowScene: 0x109775b80> (UIHostedScene-com.apple.SafariViewService-3E550FEF) Scene updated orientation preferences: none -> ( Pu Ll Lr )
2026-09-30 23:36:02.547 E  MobileSafari[26454:c659fe] [com.apple.coreanimation:API] cannot add handler to 0 from 0 - dropping
2026-09-30 23:36:02.547 Df SafariViewService[24111:c6392d] [com.apple.UIKit:ViewServices] <_UIViewServiceRootViewController: 0x106594000>: Installed materialized view controller in hierarchy: <SFPasswordPickerServiceViewController: 0x106505400>
2026-09-30 23:36:02.547 Df SafariViewService[24111:c6392d] [com.apple.UIKit:AppLifecycle] sceneOfRecord: sceneID: UIHostedScene-com.apple.SafariViewService-3E550FEF  persistentID: UIHostedScene-com.apple.SafariViewService-3E550FEF
2026-09-30 23:36:02.547 Df SafariViewService[24111:c6392d] [com.apple.UIKit:Application] Ignoring already applied deactivation reason: 12; deactivation reasons: 6144
2026-09-30 23:36:02.551 Df SafariViewService[24111:c6392d] [com.apple.NanoPreferencesSync:Framework] self: (0x109f20ca0)
2026-09-30 23:36:02.551 Df SafariViewService[24111:c6392d] [com.apple.NanoPreferencesSync:Framework] synchronizeUserDefaultsDomain: (com.apple.WebUI); keys: ({(
    AutoFillFromAddressBook,
    AutoFillPasswords
)}); container: ((null)); appGroupContainer: ((null))
2026-09-30 23:36:02.551 Df SafariViewService[24111:c6392d] [com.apple.NanoPreferencesSync:Framework] -[NPSManager connection]: Can't get xpcConnection- either there's a daemon failure or the daemon can't be launched because no watches are paired
2026-09-30 23:36:02.551 Df SafariViewService[24111:c6392d] [com.apple.UIKit:Application] Deactivation reason removed: 11; deactivation reasons: 6144 -> 4096; animating application lifecycle event: 0
2026-09-30 23:36:02.551 Df SafariViewService[24111:c6392d] [com.apple.UIKit:Application] Deactivation reason removed: 12; deactivation reasons: 4096 -> 0; animating application lifecycle event: 0
2026-09-30 23:36:02.551 Df SafariViewService[24111:c6392d] [com.apple.KeyboardArbiter:Client] Send setDeactivating: N (-DeactivationReason:SuspendedEventsOnly)
2026-09-30 23:36:02.551 Df SafariViewService[24111:c6392d] [com.apple.KeyboardArbiter:Client] applicationDidBecomeActive (force:N)
2026-09-30 23:36:02.551 Df SafariViewService[24111:c6392d] [com.apple.accounts:core] "ACMonitoredAccountStore: Fetching accounts of account type (null)..."
2026-09-30 23:36:02.552 Df SafariViewService[24111:c660c8] [com.apple.accounts:core] "ACMonitoredAccountStore: Fetched Accounts"
2026-09-30 23:36:02.552 Df SafariViewService[24111:c6392d] [com.apple.UIKit:InterfaceStyle] Not push traits update to screen for new style 0, <_UIHostedWindowScene: 0x109775b80> (UIHostedScene-com.apple.SafariViewService-3E550FEF)
2026-09-30 23:36:02.552 Df SafariViewService[24111:c6392d] [com.apple.UIKit:InterfaceStyle] Not push traits update to screen for new style 0, <_UIHostedWindowScene: 0x109775b80> (UIHostedScene-com.apple.SafariViewService-3E550FEF)
2026-09-30 23:36:02.552 Df SafariViewService[24111:c660c8] [com.apple.email:EMDaemonInterface] <EMDaemonInterface: 0x1066eae80>: Skipping recovery
2026-09-30 23:36:02.552 Df SafariViewService[24111:c6392d] [com.apple.UIKit:InterfaceStyle] Not push traits update to screen for new style 0, <_UIHostedWindowScene: 0x109775b80> (UIHostedScene-com.apple.SafariViewService-3E550FEF)
2026-09-30 23:36:02.552 Df SafariViewService[24111:c6392d] [com.apple.UIKit:ScenePostSettingsUpdateResponse] <_UIScenePostSettingsUpdateResponseComponent: 0x105ca4180>: Scheduling <_UIScenePostSettingsUpdateWindowLayout: 0x106409440>
2026-09-30 23:36:02.553 Df SafariViewService[24111:c6392d] [com.apple.UIKit:InterfaceStyle] Not push traits update to screen for new style 0, <_UIHostedWindowScene: 0x109775b80> (UIHostedScene-com.apple.SafariViewService-3E550FEF)
2026-09-30 23:36:02.553 Df SafariViewService[24111:c6392d] [com.apple.UIKit:InterfaceStyle] Not push traits update to screen for new style 0, <_UIHostedWindowScene: 0x109775b80> (UIHostedScene-com.apple.SafariViewService-3E550FEF)
2026-09-30 23:36:02.569 Df MobileSafari[26454:c65d8c] [com.apple.FrontBoard:ProcessScene] [0x1740040c0:UISceneHosting-com.apple.mobilesafari:UIHostedScene-com.apple.SafariViewService-3E550FEF] Scene action [Create Active][0xaa10] completed with success: 1
2026-09-30 23:36:02.569 Df MobileSafari[26454:c659fe] [com.apple.FrontBoard:Scene] [UISceneHosting-com.apple.mobilesafari:UIHostedScene-com.apple.SafariViewService-3E550FEF] scene content state changed: ready
2026-09-30 23:36:02.570 Df SafariViewService[24111:c6392d] [com.apple.UIKit:UIScreen] Evaluated capturing state as 0 on <UIScreen: 0x106488dc0> for initial
2026-09-30 23:36:02.570 Df SafariViewService[24111:c6392d] [com.apple.UIKit:UIScreen] Evaluated capturing state as 0 on <UIScreen: 0x106488dc0> for CADisplay KVO
2026-09-30 23:36:02.570 Df MobileSafari[26454:c659fe] [com.apple.UIKit:ViewServices] Calling connection handler with ready view controller for <SFPasswordPickerRemoteViewController: 0x107502d00; service: com.apple.SafariViewService; implementation: scene hosting> {
    pid: 24111;
    serviceViewControllerInterface: SFPasswordPickerServiceViewControllerProtocol;
    exportedInterface: SFPasswordPickerRemoteViewControllerProtocol;
    implementation: <_UIRemoteViewControllerSceneHostingImpl: 0x106566c40; identityToken: 26454(v270CE8)->/UISceneHosting-com.apple.mobilesafari:UIHostedScene-com.apple.SafariViewService-3E550FEF> {
        session: <_UIViewServiceHostSession: 0x16e7f3800; service: com.apple.SafariViewService; invalidated: NO> {
            pid: 24111;
            assertion: <RBSAssertion:0x13f7b5ac0| state:RBSAssertionStateValid descriptor:<<RBSAssertionDescriptor| "com.apple.viewservice.session.app" ID:86757-26454-7573 target:app<com.apple.SafariViewService((null))>>>;
            endpoint: <BSServiceConnectionEndpoint: 0x166a635e0; target: com.apple.uikit.viewservice.com.apple.SafariViewService; service: com.apple.uikit.viewservice.session>;
            synchronizer: <FBSceneSynchronizer:0x173ae2c40 FBProcess:[app<com.apple.SafariViewService>:24111][24111]>;
            connections: [
                <NSXPCConnection: 0x174016940> connection to service with pid 24111 named (null)
            ];
        };
        auxiliaryConnection: <NSXPCConnection: 0x174016940> connection to service with pid 24111 named (null);
    };
}
2026-09-30 23:36:02.570 Df SafariViewService[24111:c6392d] [com.apple.UIKit:InterfaceStyle] Not push traits update to screen for new style 0, <_UIKeyboardInputScene: 0x109776800> (KeyboardInputScene-26454(v270CE8)->/UISceneHosting-com.apple.mobilesafari:UIHostedScene-com.apple.SafariViewService-3E55
2026-09-30 23:36:02.570 Df SafariViewService[24111:c6392d] [com.apple.UIKit:InterfaceStyle] Should send trait collection or coordinate space update, interface style 1 -> 1, <_UIKeyboardInputScene: 0x109776800> (KeyboardInputScene-26454(v270CE8)->/UISceneHosting-com.apple.mobilesafari:UIHostedScene-c
2026-09-30 23:36:02.571 Df SafariViewService[24111:c6392d] [com.apple.UIKit:InterfaceStyle] Not push traits update to screen for new style 0, <_UIKeyboardInputScene: 0x109776800> (KeyboardInputScene-26454(v270CE8)->/UISceneHosting-com.apple.mobilesafari:UIHostedScene-com.apple.SafariViewService-3E55
2026-09-30 23:36:02.571 Df SafariViewService[24111:c6392d] [com.apple.UIKit:HomeAffordanceObservation] Initializing: <_UIHomeAffordanceSceneNotifier: 0x1097928b0>; with scene: <_UIKeyboardInputScene: 0x109776800>
2026-09-30 23:36:02.571 Df SafariViewService[24111:c6392d] [com.apple.BacklightServices:scenes] 0x105ca6f70 setDelegate:<0x105ca5f80 _UIBacklightEnvironment> hasDelegate:YES for environment:KeyboardInputScene-26454(v270CE8)->/UISceneHosting-com.apple.mobilesafari:UIHostedScene-com.apple.SafariViewSe
2026-09-30 23:36:02.571 Df SafariViewService[24111:c6392d] [com.apple.UIKit:InterfaceStyle] Not push traits update to screen for new style 0, <_UIKeyboardInputScene: 0x109776800> (KeyboardInputScene-26454(v270CE8)->/UISceneHosting-com.apple.mobilesafari:UIHostedScene-com.apple.SafariViewService-3E55
2026-09-30 23:36:02.571 Df SafariViewService[24111:c6392d] [com.apple.UIKit:EventDeferring] [0x106184400] Initialized with scene: <_UIKeyboardInputScene: 0x109776800>; behavior: <_UIEventDeferringBehavior_iOS: 0x13fe5c980>; availableForProcess: 1, systemShellManagesKeyboardFocus: 1
2026-09-30 23:36:02.571 Df SafariViewService[24111:c6392d] [com.apple.UIKit:InterfaceStyle] Not push traits update to screen for new style 0, <_UIKeyboardInputScene: 0x109776800> (KeyboardInputScene-26454(v270CE8)->/UISceneHosting-com.apple.mobilesafari:UIHostedScene-com.apple.SafariViewService-3E55
2026-09-30 23:36:02.571 Df SafariViewService[24111:c6392d] [com.apple.BackBoard:EventDelivery] policy observer <BKSHIDEventDeliveryPolicyObserver: 0x109792920; process scope; policy: UNKNOWN> added
2026-09-30 23:36:02.571 Df SafariViewService[24111:c6392d] [com.apple.BackBoard:EventDelivery] [BKSHIDEventObserver] set observing:YES
2026-09-30 23:36:02.571 Df SafariViewService[24111:c6392d] [com.apple.BackBoard:EventDelivery] policyStatus:<BKSHIDEventDeliveryPolicyObserver: 0x109792920; process scope; <none; generation: 0>> was:(null)
2026-09-30 23:36:02.571 Df SafariViewService[24111:c660c9] [com.apple.BackBoard:EventDelivery] will update observations for 0 observers
2026-09-30 23:36:02.571 Df SafariViewService[24111:c6392d] [com.apple.BackBoard:EventDelivery] [BKSHIDEventObserver] 0x109792920 _UIKeyWindowSceneObserver-0x105ca41b0 setToken:com.apple.UIKit.KeyboardManagement.hosted/com.apple.InputUI.keyboard:KeyboardInputScene-26454(v270CE8)-%3E%2FUISceneHosting-
2026-09-30 23:36:02.571 Df SafariViewService[24111:c6392d] [com.apple.UIKit:InterfaceStyle] Not push traits update to screen for new style 0, <_UIKeyboardInputScene: 0x109776800> (KeyboardInputScene-26454(v270CE8)->/UISceneHosting-com.apple.mobilesafari:UIHostedScene-com.apple.SafariViewService-3E55
2026-09-30 23:36:02.571 Df SafariViewService[24111:c6392d] [com.apple.UIKit:InterfaceStyle] Not push traits update to screen for new style 0, <_UIKeyboardInputScene: 0x109776800> (KeyboardInputScene-26454(v270CE8)->/UISceneHosting-com.apple.mobilesafari:UIHostedScene-com.apple.SafariViewService-3E55
2026-09-30 23:36:02.571 Df SafariViewService[24111:c6392d] [com.apple.UIKit:InterfaceStyle] Not push traits update to screen for new style 0, <_UIKeyboardInputScene: 0x109776800> (KeyboardInputScene-26454(v270CE8)->/UISceneHosting-com.apple.mobilesafari:UIHostedScene-com.apple.SafariViewService-3E55
2026-09-30 23:36:02.571 Df SafariViewService[24111:c6392d] [com.apple.UIKit:InterfaceStyle] Not push traits update to screen for new style 0, <_UIKeyboardInputScene: 0x109776800> (KeyboardInputScene-26454(v270CE8)->/UISceneHosting-com.apple.mobilesafari:UIHostedScene-com.apple.SafariViewService-3E55
2026-09-30 23:36:02.571 Df SafariViewService[24111:c6392d] [com.apple.UIKit:InterfaceStyle] Not push traits update to screen for new style 0, <_UIKeyboardInputScene: 0x109776800> (KeyboardInputScene-26454(v270CE8)->/UISceneHosting-com.apple.mobilesafari:UIHostedScene-com.apple.SafariViewService-3E55
2026-09-30 23:36:02.571 Df SafariViewService[24111:c6392d] [com.apple.UIKit:InterfaceStyle] Not push traits update to screen for new style 0, <_UIKeyboardInputScene: 0x109776800> (KeyboardInputScene-26454(v270CE8)->/UISceneHosting-com.apple.mobilesafari:UIHostedScene-com.apple.SafariViewService-3E55
2026-09-30 23:36:02.571 Df SafariViewService[24111:c6392d] [com.apple.UIKit:InterfaceStyle] Not push traits update to screen for new style 0, <_UIKeyboardInputScene: 0x109776800> (KeyboardInputScene-26454(v270CE8)->/UISceneHosting-com.apple.mobilesafari:UIHostedScene-com.apple.SafariViewService-3E55
2026-09-30 23:36:02.571 Df SafariViewService[24111:c6392d] [com.apple.UIKit:InterfaceStyle] Not push traits update to screen for new style 0, <_UIKeyboardInputScene: 0x109776800> (KeyboardInputScene-26454(v270CE8)->/UISceneHosting-com.apple.mobilesafari:UIHostedScene-com.apple.SafariViewService-3E55
2026-09-30 23:36:02.571 Df SafariViewService[24111:c6392d] [com.apple.UIKit:InterfaceStyle] Not push traits update to screen for new style 0, <_UIKeyboardInputScene: 0x109776800> (KeyboardInputScene-26454(v270CE8)->/UISceneHosting-com.apple.mobilesafari:UIHostedScene-com.apple.SafariViewService-3E55
2026-09-30 23:36:02.572 Df SafariViewService[24111:c6392d] [com.apple.UIKit:InterfaceStyle] Not push traits update to screen for new style 0, <_UIKeyboardInputScene: 0x109776800> (KeyboardInputScene-26454(v270CE8)->/UISceneHosting-com.apple.mobilesafari:UIHostedScene-com.apple.SafariViewService-3E55
2026-09-30 23:36:02.572 Df SafariViewService[24111:c6392d] [com.apple.UIKit:AppLifecycle] sceneOfRecord: sceneID: UIHostedScene-com.apple.SafariViewService-3E550FEF  persistentID: UIHostedScene-com.apple.SafariViewService-3E550FEF
2026-09-30 23:36:02.572 Df SafariViewService[24111:c6392d] [com.apple.UIKit:InterfaceStyle] Not push traits update to screen for new style 0, <_UIKeyboardInputScene: 0x109776800> (KeyboardInputScene-26454(v270CE8)->/UISceneHosting-com.apple.mobilesafari:UIHostedScene-com.apple.SafariViewService-3E55
2026-09-30 23:36:02.572 Df SafariViewService[24111:c6392d] [com.apple.UIKit:KeyboardScene] Notifying observers of geometry update -> app scene 1: {{0, 0}, {402, 874}}, keyboard scene: 1: {{0, 0}, {402, 874}}
2026-09-30 23:36:02.572 Df SafariViewService[24111:c6392d] [com.apple.UIKit:InterfaceStyle] Not push traits update to screen for new style 0, <_UIKeyboardInputScene: 0x109776800> (KeyboardInputScene-26454(v270CE8)->/UISceneHosting-com.apple.mobilesafari:UIHostedScene-com.apple.SafariViewService-3E55
2026-09-30 23:36:02.572 Df SafariViewService[24111:c6392d] [com.apple.UIKit:ScenePostSettingsUpdateResponse] <_UIScenePostSettingsUpdateResponseComponent: 0x1067794a0>: Scheduling <_UIScenePostSettingsUpdateWindowLayout: 0x106409320>
2026-09-30 23:36:02.572 Df SafariViewService[24111:c6392d] [com.apple.UIKit:InterfaceStyle] Not push traits update to screen for new style 0, <_UIKeyboardInputScene: 0x109776800> (KeyboardInputScene-26454(v270CE8)->/UISceneHosting-com.apple.mobilesafari:UIHostedScene-com.apple.SafariViewService-3E55
2026-09-30 23:36:02.572 Df SafariViewService[24111:c6392d] [com.apple.UIKit:InterfaceStyle] Not push traits update to screen for new style 0, <_UIKeyboardInputScene: 0x109776800> (KeyboardInputScene-26454(v270CE8)->/UISceneHosting-com.apple.mobilesafari:UIHostedScene-com.apple.SafariViewService-3E55
2026-09-30 23:36:02.572 Sd SafariViewService[24111:0] (3D9A40AB-ACDF-3EC9-A223-5A041FBFFFCF) IOHIDManager State
{
    DispatchQueue = 0;
    RunLoop = 1;
    createOptions = 0;
    isOpen = 0;
    openOptions = 0;
}
2026-09-30 23:36:02.572 Df SafariViewService[24111:c6392d] [com.apple.KeyboardArbiter:Client] applicationWillResume note:UIApplicationWillEnterForegroundNotification
2026-09-30 23:36:02.572 Df SafariViewService[24111:c6392d] [com.apple.KeyboardArbiter:Client] startConnection
2026-09-30 23:36:02.573 Df InputUI[87035:c65869] [com.apple.FrontBoard:Process] Asked to bootstrap a new process for handle: [app<com.apple.SafariViewService((null))>:24111]
2026-09-30 23:36:02.573 Df InputUI[87035:c65869] [com.apple.FrontBoard:Process] A process already exists for this handle: <FBApplicationProcess: 0x10728ca80; app<com.apple.SafariViewService>:24111(v26FC93)>
2026-09-30 23:36:02.573 Df InputUI[87035:c65869] [com.apple.UIKit:KeyboardArbiter] Newly connecting client pid=24111 using synchronizer <FBSceneSynchronizer:0x106d5a980 FBProcess:[app<com.apple.SafariViewService>:24111][24111]>
2026-09-30 23:36:02.573 Df InputUI[87035:c33b5c] [com.apple.runningboard:monitor] Updating configuration of monitor M87035-1
2026-09-30 23:36:02.574 A  InputUI[87035:c65869] (RunningBoardServices) observedProcessStatesDidChange
2026-09-30 23:36:02.574 Df InputUI[87035:c33b5c] [com.apple.KeyboardArbiter:Events] processWithPID:24111 foreground:N suspended:N (com.apple.SafariViewService wasRunning:Y isRunning:Y
2026-09-30 23:36:02.574 Df InputUI[87035:c33b5c] [com.apple.KeyboardArbiter:Handle] RX com.apple.SafariViewService(24111) startArbitration
    expectedState:(null)
    focusContext:<contextID:1358983419 sceneID:26454(v270CE8)->/UISceneHosting-com.apple.mobilesafari:UIHostedScene-com.apple.SafariViewService-3E550FEF>
    hostingPIDs:() usingFence:Y withSuppression:0
2026-09-30 23:36:02.574 Df InputUI[87035:c33b5c] [com.apple.KeyboardArbiter:Events] newClientConnected com.apple.SafariViewService(24111) updateKeyboardStatus:N senderIsFocused:N disablingHandle:N deactivating:N update:<<fence:N pos:{{0, 546}, {402, 328}} anim:Y onScreen:Y tracking:N resizing:N loca
2026-09-30 23:36:02.574 Df InputUI[87035:c65869] [com.apple.runningboard:monitor] Received state update for 87267 (extension<com.apple.MercuryPoster[config:6E69CA09-34E3-3493-B8FC-B5021E1ACB71]((null):86754)>[uuid:99E4BAE0-EC5B-6DCB-2006-E5AA8B847D25], running-suspended-Visible
2026-09-30 23:36:02.574 Df InputUI[87035:c65869] [com.apple.runningboard:monitor] Received state update for 97297 (osservice<com.apple.DragUI.druid>, running-Visible
2026-09-30 23:36:02.574 Df InputUI[87035:c65869] [com.apple.runningboard:monitor] Received state update for 87035 (osservice<com.apple.InputUI>, running-active-Visible
2026-09-30 23:36:02.574 Df InputUI[87035:c65869] [com.apple.runningboard:monitor] Received state update for 86754 (osservice<com.apple.SpringBoard>, running-active-Visible
2026-09-30 23:36:02.574 Df InputUI[87035:c65869] [com.apple.runningboard:monitor] Received state update for 24111 (app<com.apple.SafariViewService((null))>, running-active-NotVisible
2026-09-30 23:36:02.574 Df InputUI[87035:c65869] [com.apple.runningboard:monitor] Received state update for 26454 (app<com.apple.mobilesafari((null))>, running-active-Visible
2026-09-30 23:36:02.574 Df InputUI[87035:c33b5c] [com.apple.KeyboardArbiter:Events] processWithPID:24111 foreground:N suspended:N (com.apple.SafariViewService wasRunning:Y isRunning:Y
2026-09-30 23:36:02.576 E  SafariViewService[24111:c660c9] [com.apple.mobilesafari:Credentials] Failed to get a remote proxy object with error: Error Domain=NSCocoaErrorDomain Code=4099 "Couldn’t communicate with a helper application."
2026-09-30 23:36:02.576 Df SafariViewService[24111:c6392d] [com.apple.KeyboardArbiter:Client] startConnection callback handleKeyboardChange:Y (hasFocus:N hasActiveInput:N expectingInitialState:Y disabled:N hasInfo:Y isWritingTOols:N)
2026-09-30 23:36:02.576 Df SafariViewService[24111:c660cb] [com.apple.mobilesafari:Passwords] Enqueueing asynchronous query for saved accounts matching criteria <private>
2026-09-30 23:36:02.576 Df SafariViewService[24111:c660cb] [com.apple.mobilesafari:Passwords] Beginning query for saved accounts matching criteria
2026-09-30 23:36:02.576 Df SafariViewService[24111:c6392d] [com.apple.KeyboardArbiter:Client] handleKeyboardChange: set currentKeyboard:N (wasKeyboard:N)
2026-09-30 23:36:02.576 Df SafariViewService[24111:c660cb] [com.apple.mobilesafari:AutoFill] Omitting AutoFill passkey matches as requested by match criteria.
2026-09-30 23:36:02.576 Df SafariViewService[24111:c660cb] [com.apple.mobilesafari:AutoFill] Found 0 tree matches for <private> and associated domains: <private>
2026-09-30 23:36:02.576 Df SafariViewService[24111:c6392d] [com.apple.UIKit:TrackingElementWindowController] Updating sizing for existing placement <UITrackingElementPlacementInitialPosition>
2026-09-30 23:36:02.576 Df SafariViewService[24111:c660cb] [com.apple.mobilesafari:AutoFill] Executed query for host '<mask.hash: (null)>' with partial username '<mask.hash: 'fzyehdtgGQIZyN/I/xnWDQ=='>', prefix
2026-09-30 23:36:02.576 Df SafariViewService[24111:c660cb] [com.apple.mobilesafari:AutoFill] Query returned 0 matches
2026-09-30 23:36:02.576 Df SafariViewService[24111:c660cb] [com.apple.mobilesafari:Passwords] Finished query for saved accounts matching criteria
2026-09-30 23:36:02.576 Df SafariViewService[24111:c6392d] [com.apple.TextInputUI:KeyboardTrackingCoordinator] Updating tracking clients for start <TUIKeyboardTrackingCoordinator:0x106484780 state=<TUIKeyboardState: 0x13fe63280 State: onscreen with input view with assistant; is docked>; frame={{0, 5
2026-09-30 23:36:02.576 Df SafariViewService[24111:c6392d] [com.apple.UIKit:_UIVisualStyleRegistry] Note: no default visual style class registered as fallback for stylable class UITextEffectsWindow
2026-09-30 23:36:02.576 Df SafariViewService[24111:c6392d] [com.apple.UIKit:_UIVisualStyleRegistry] Note: no default visual style class registered as fallback for stylable class UITextEffectsWindow
2026-09-30 23:36:02.577 Df SafariViewService[24111:c6392d] [com.apple.UIKit:TrackingElementWindowController] Change from input view set: (null)
2026-09-30 23:36:02.577 Df SafariViewService[24111:c6392d] [com.apple.UIKit:TrackingElementWindowController] Change to input view set: (null)
2026-09-30 23:36:02.577 Df SafariViewService[24111:c6392d] [com.apple.UIKit:KeyboardLayoutGuide] _moveGuideOffscreenAtEdge: 4
2026-09-30 23:36:02.577 Df SafariViewService[24111:c6392d] [com.apple.UIKit:KeyboardLayoutGuide] changeOffsetConstants: offset is changing to {0, 0} [previous offset: {-1, -1}]
2026-09-30 23:36:02.577 Df SafariViewService[24111:c6392d] [com.apple.UIKit:KeyboardLayoutGuide] changeSizingConstants: size is changing [not transitioning] to {402, 0} [previous size: {1, 0}]
2026-09-30 23:36:02.578 Df SafariViewService[24111:c6392d] [com.apple.UIKit:TrackingElementWindowController] Updating sizing for existing placement <UITrackingElementPlacementInitialPosition>
2026-09-30 23:36:02.578 Df SafariViewService[24111:c6392d] [com.apple.TextInputUI:KeyboardTrackingCoordinator] Updating tracking clients for start <TUIKeyboardTrackingCoordinator:0x106484780 state=<TUIKeyboardState: 0x13fe621c0 State: onscreen with input view with assistant; is docked>; frame={{0, 5
    UIKeyboardAnimationCurveUserInfoKey = 7;
    UIKeyboardAnimationDurationUserInfoKey = "0.3833";
    UIKeyboardBoundsUserInfoKey = "NSRect: {{0, 0}, {402, 328}}";
    UIKeyboardCenterBeginUserInfoKey = "NSPoint: {201, 437}";
    UIKeyboardCenterEndUserInfoKey = "NSPoint: {201, 710}";
    UIKeyboardFrameBeginUserInfoKey = "NSRect: {{201, 437}, {0, 0}}";
    UIKeyboardFrameEndUserInfoKey = "NSRect: {{0, 546}, {402, 328}}";
    UIKeyboardIsLocalUserInfoKey = 0;
}notificationsDebug: >>
2026-09-30 23:36:02.578 Df SafariViewService[24111:c6392d] [com.apple.TextInputUI:KeyboardTrackingCoordinator] Updating tracking clients for start <TUIKeyboardTrackingCoordinator:0x106497480 state=<TUIKeyboardState: 0x13fe621c0 State: onscreen with input view with assistant; is docked>; frame={{0, 5
    UIKeyboardAnimationCurveUserInfoKey = 7;
    UIKeyboardAnimationDurationUserInfoKey = "0.3833";
    UIKeyboardBoundsUserInfoKey = "NSRect: {{0, 0}, {402, 328}}";
    UIKeyboardCenterBeginUserInfoKey = "NSPoint: {201, 437}";
    UIKeyboardCenterEndUserInfoKey = "NSPoint: {201, 710}";
    UIKeyboardFrameBeginUserInfoKey = "NSRect: {{201, 437}, {0, 0}}";
    UIKeyboardFrameEndUserInfoKey = "NSRect: {{0, 546}, {402, 328}}";
    UIKeyboardIsLocalUserInfoKey = 0;
}notificationsDebug: >>
2026-09-30 23:36:02.578 Df SafariViewService[24111:c6392d] [com.apple.UIKit:KeyboardLayoutGuide] changeSizingConstants: size is changing [not transitioning] to {402, 328} [previous size: {402, 0}]
2026-09-30 23:36:02.578 Df SafariViewService[24111:c6392d] [com.apple.TextInputUI:KeyboardTrackingCoordinator] Posted notification willShow with {
    UIKeyboardAnimationCurveUserInfoKey = 7;
    UIKeyboardAnimationDurationUserInfoKey = "0.3833";
    UIKeyboardBoundsUserInfoKey = "NSRect: {{0, 0}, {402, 328}}";
    UIKeyboardCenterBeginUserInfoKey = "NSPoint: {201, 437}";
    UIKeyboardCenterEndUserInfoKey = "NSPoint: {201, 710}";
    UIKeyboardFrameBeginUserInfoKey = "NSRect: {{201, 437}, {0, 0}}";
    UIKeyboardFrameEndUserInfoKey = "NSRect: {{0, 546}, {402, 328}}";
    UIKeyboardIsLocalUserInfoKey = 0;
} (null)
2026-09-30 23:36:02.578 A  SafariViewService[24111:c6392d] (SafariFoundation) Retrieving Current One-Time Codes for App
2026-09-30 23:36:02.578 Df SafariViewService[24111:c6392d] [com.apple.mobilesafari:AutoFill] Fetching passwords for associated domains for app <mask.hash: 'eXLndC3/6xbTl8wOQcET8w=='>.
2026-09-30 23:36:02.579 Df SafariViewService[24111:c6392d] [com.apple.mobilesafari:AutoFill] Returning 0 available one-time codes
2026-09-30 23:36:02.579 Df MobileSafari[26454:c659fe] [com.apple.UIKit:KeyboardFocusAssistant] End asserting activeInput modality (token:<uq: 1; UIKit-localContainer>, responder:(nil))
2026-09-30 23:36:02.579 Df MobileSafari[26454:c659fe] [com.apple.BackBoard:Keyboard] currently observing: YES
	path: satisfied (Path is satisfied), interface: en0[802.11], uses wifi, LQM: unknown
2026-09-30 23:36:02.579 Df SafariViewService[24111:c6392d] [com.apple.UIKit:KeyboardUI] -[_UIKeyboardStateManager initWithPresentationDelegateView:forCustomInputView:] UIDevice.currentDevice._hardwareKeyboardAvailable = YES
2026-09-30 23:36:02.579 Df SafariViewService[24111:c6392d] [com.apple.BackBoard:Keyboard] currently observing: YES
2026-09-30 23:36:02.579 Df MobileSafari[26454:c659fe] [com.apple.BackBoard:Keyboard] connected: (
    "<BKSHIDKeyboardDevice: 0x166aa3150> {\134n    senderID: 0xACEFADE00000002;\134n    transport: <nil>;\134n    language: <nil>;\134n    layout: US;\134n    countryCode: 0;\134n    standardType: 4294967295;\134n    subinterfaceID: 0;\134n    capsLockKeyHasLanguageSwitchLabel: NO;\134n    globeKeyL
)
2026-09-30 23:36:02.579 Df MobileSafari[26454:c659fe] [com.apple.BackBoard:Keyboard] currently observing: NO
2026-09-30 23:36:02.579 Df SafariViewService[24111:c6392d] [com.apple.BackBoard:Keyboard] connected: (
    "<BKSHIDKeyboardDevice: 0x109cda7f0> {\134n    senderID: 0xACEFADE00000002;\134n    transport: <nil>;\134n    language: <nil>;\134n    layout: US;\134n    countryCode: 0;\134n    standardType: 4294967295;\134n    subinterfaceID: 0;\134n    capsLockKeyHasLanguageSwitchLabel: NO;\134n    globeKeyL
)
2026-09-30 23:36:02.579 Df SafariViewService[24111:c6392d] [com.apple.BackBoard:Keyboard] currently observing: NO
2026-09-30 23:36:02.580 Df SafariViewService[24111:c6392d] [com.apple.BackBoard:Keyboard] disconnected: (
    "<BKSHIDKeyboardDevice: 0x109cda7f0> {\134n    senderID: 0xACEFADE00000002;\134n    transport: <nil>;\134n    language: <nil>;\134n    layout: US;\134n    countryCode: 0;\134n    standardType: 4294967295;\134n    subinterfaceID: 0;\134n    capsLockKeyHasLanguageSwitchLabel: NO;\134n    globeKeyL
)
2026-09-30 23:36:02.580 Df MobileSafari[26454:c659fe] [com.apple.BackBoard:Keyboard] disconnected: (
    "<BKSHIDKeyboardDevice: 0x166aa3150> {\134n    senderID: 0xACEFADE00000002;\134n    transport: <nil>;\134n    language: <nil>;\134n    layout: US;\134n    countryCode: 0;\134n    standardType: 4294967295;\134n    subinterfaceID: 0;\134n    capsLockKeyHasLanguageSwitchLabel: NO;\134n    globeKeyL
)
2026-09-30 23:36:02.580 Df MobileSafari[26454:c659fe] [com.apple.UIKit:InputSessionChange] -setDelegate=(nil) force:NO delayEndInputSession:NO (delegateSame=NO)
2026-09-30 23:36:02.580 Df MobileSafari[26454:c659fe] [com.apple.UIKit:InputSessionChange] -_teardownExistingDelegate:<WKContentView: 0x1076dfc00> forSetDelegate:(nil) force:NO delayEndInputSession:NO
2026-09-30 23:36:02.580 Df SafariViewService[24111:c6392d] [com.apple.TextInputUI:KeyboardInputManagerMux] Instancing system input manager: App->InputUI->kbd (secure candidate flow with in process keyboard)
2026-09-30 23:36:02.580 Df SafariViewService[24111:c6392d] [com.apple.TextInputUI:InputSession_Proxy] -[TUIInputSessionProxy _initalizeConnectionWithMachName:serviceName:implProxy:], machName: com.apple.inputservice.keyboardui, serviceName: com.apple.inputservice.inputManager
2026-09-30 23:36:02.580 Df SafariViewService[24111:c6392d] [com.apple.BackBoard:Keyboard] currently observing: YES
2026-09-30 23:36:02.580 Df MobileSafari[26454:c659fe] [com.apple.RemoteTextInput:InputSessionChange] -[RTIInputSystemClient endRemoteTextInputSessionWithID:options:completion:]  Ending text input session. sessionID = 0A8EF4F4-91F7-40C2-B5ED-EA16E854885F, options = <RTISessionOptions: 0x166a7d200; sh
2026-09-30 23:36:02.580 Df SafariViewService[24111:c6392d] [com.apple.BackBoard:Keyboard] connected: (
    "<BKSHIDKeyboardDevice: 0x106778f00> {\134n    senderID: 0xACEFADE00000002;\134n    transport: <nil>;\134n    language: <nil>;\134n    layout: US;\134n    countryCode: 0;\134n    standardType: 4294967295;\134n    subinterfaceID: 0;\134n    capsLockKeyHasLanguageSwitchLabel: NO;\134n    globeKeyL
)
2026-09-30 23:36:02.580 Df SafariViewService[24111:c6392d] [com.apple.BackBoard:Keyboard] currently observing: NO
2026-09-30 23:36:02.580 Df InputUI[87035:c6586a] [com.apple.TextInputUI:CandidateGeneration] -[TUIKeyboardCandidateMultiplexer installGeneratorForSource:installContext:]_block_invoke: Multiplexer is installing generator for source: 1
2026-09-30 23:36:02.580 Df InputUI[87035:c6586a] [com.apple.TextInputUI:CandidateGeneration] -[TUIKeyboardCandidateMultiplexer installGeneratorForSource:installContext:]_block_invoke: Multiplexer is installing generator for source: 3
2026-09-30 23:36:02.580 Df InputUI[87035:c6586a] [com.apple.TextInputUI:CandidateGeneration] -[TUIKeyboardCandidateMultiplexer installGeneratorForSource:installContext:]_block_invoke: Multiplexer is installing generator for source: 8
2026-09-30 23:36:02.580 Df MobileSafari[26454:c659fe] [com.apple.RemoteTextInput:InputSessionChange] -[RTIInputSystemClient _endSessionWithID:forServices:options:completion:]  End input session: 0A8EF4F4-91F7-40C2-B5ED-EA16E854885F
2026-09-30 23:36:02.580 Df SafariViewService[24111:c6392d] [com.apple.BackBoard:Keyboard] disconnected: (
    "<BKSHIDKeyboardDevice: 0x106778f00> {\134n    senderID: 0xACEFADE00000002;\134n    transport: <nil>;\134n    language: <nil>;\134n    layout: US;\134n    countryCode: 0;\134n    standardType: 4294967295;\134n    subinterfaceID: 0;\134n    capsLockKeyHasLanguageSwitchLabel: NO;\134n    globeKeyL
)
2026-09-30 23:36:02.580 Df InputUI[87035:c65869] [com.apple.TextInputUI:InputSession_Manager] Created TUIInputSession with new incoming connection: <TUIInputSession: 0x104331560; identifier = 24111-1D0B9218-B9A7-4870-92A1-15EE89DE4A80, bundle-id = com.apple.SafariViewService>, vpid: 1097375740542110
2026-09-30 23:36:02.580 Df InputUI[87035:c65869] [com.apple.TextInputUI:InputSession_Manager] Invalidating connection for versionedPID: 10973757405421103
2026-09-30 23:36:02.580 Df InputUI[87035:c65869] [com.apple.TextInputUI:InputSession_Manager] Container delegate doesn't exist yet for this versionedPID: 10973757405421103
2026-09-30 23:36:02.580 Df InputUI[87035:c65869] [com.apple.TextInputUI:InputSession_Manager] (
    "==== Active Scenes List:",
    "key: 10728312909425761, input candidate container delegate: <TUIInputSessionCoordinator: 0x107127660>",
    "key: 10953626893702223, input candidate container delegate: <TUIInputSessionCoordinator: 0x1070f38a0>",
    "key: 10889163729548481, input candidate container delegate: <TUIInputSessionCoordinator: 0x107081080>",
    "key: 10915560598552991, input candidate container delegate: <TUIInputSessionCoordinator: 0x107082760>",
    "key: 10948464343011774, input candidate container delegate: <TUIInputSessionCoordinator: 0x1070b0120>",
    "key: 10870171384163125, input candidate container delegate: <TUIInputSessionCoordinator: 0x106db8240>",
    "key: 10991714663688022, input candidate container delegate: <TUIInputSessionCoordinator: 0x1070b2d60>",
    "key: 10748155658335698, input candidate container delegate: <TUIInputSessionCoordinator: 0x1070910b0>",
    "key: 10944100656238481, input candidate container delegate: <TUIInputSessionCoordinator: 0x1070f0e70>",
2026-09-30 23:36:02.580 Df MobileSafari[26454:c659fe] [com.apple.RemoteTextInput:RTILog] -[RTIInputSystemClient remoteTextInputSessionWithID:textSuggestionsChanged:]  Text input session suggestions changed. sessionID = (null)
2026-09-30 23:36:02.580 Df InputUI[87035:c65869] [com.apple.TextInputUI:InputSession_Manager] (
    "==== Active Connections List:",
    "Key[10973757405421103]: <TUIInputSession: 0x104331560; identifier = 24111-1D0B9218-B9A7-4870-92A1-15EE89DE4A80, bundle-id = com.apple.SafariViewService>, hasDelegate: NO",
    "Key[10676957985461479]: <TUIInputSession: 0x104332d00; identifier = 87271-BFAC48C1-D5CD-4D62-B720-2E69C0BA4E76, bundle-id = com.apple.Spotlight>, hasDelegate: NO",
    "Key[10672229226468066]: <TUIInputSession: 0x104331c80; identifier = 86754-AC1CBB4B-1783-4A40-9474-BA9427107AAE, bundle-id = com.apple.springboard>, hasDelegate: NO",
    "Key[10991714663688022]: <TUIInputSession: 0x104332fa0; identifier = 26454-C9D0EA9D-4CD6-4DB0-BCD2-9D16194EAE58, bundle-id = com.apple.mobilesafari>, hasDelegate: YES"
)
2026-09-30 23:36:02.581 Df MobileSafari[26454:c659fe] [com.apple.UIKit:PredictionViewControllerUI] -[UIPredictionViewController _updateAutocorrectionList:candidateGenerationContext:], (null)
2026-09-30 23:36:02.581 Df SafariViewService[24111:c6392d] [com.apple.BackBoard:Keyboard] currently observing: YES
2026-09-30 23:36:02.581 Df SafariViewService[24111:c6392d] [com.apple.BackBoard:Keyboard] connected: (
    "<BKSHIDKeyboardDevice: 0x105ca1590> {\134n    senderID: 0xACEFADE00000002;\134n    transport: <nil>;\134n    language: <nil>;\134n    layout: US;\134n    countryCode: 0;\134n    standardType: 4294967295;\134n    subinterfaceID: 0;\134n    capsLockKeyHasLanguageSwitchLabel: NO;\134n    globeKeyL
)
2026-09-30 23:36:02.581 Df MobileSafari[26454:c659fe] [com.apple.UIKit:PredictionViewControllerUI] UIPredictionViewController setting autocorrection list on TUIPredictionView, (null)
2026-09-30 23:36:02.581 Df SafariViewService[24111:c6392d] [com.apple.BackBoard:Keyboard] currently observing: NO
2026-09-30 23:36:02.581 Df SafariViewService[24111:c6392d] [com.apple.BackBoard:Keyboard] disconnected: (
    "<BKSHIDKeyboardDevice: 0x105ca1590> {\134n    senderID: 0xACEFADE00000002;\134n    transport: <nil>;\134n    language: <nil>;\134n    layout: US;\134n    countryCode: 0;\134n    standardType: 4294967295;\134n    subinterfaceID: 0;\134n    capsLockKeyHasLanguageSwitchLabel: NO;\134n    globeKeyL
)
2026-09-30 23:36:02.581 Df SafariViewService[24111:c6392d] [com.apple.BackBoard:Keyboard] currently observing: YES
2026-09-30 23:36:02.581 Df SafariViewService[24111:c6392d] [com.apple.BackBoard:Keyboard] connected: (
    "<BKSHIDKeyboardDevice: 0x109cda580> {\134n    senderID: 0xACEFADE00000002;\134n    transport: <nil>;\134n    language: <nil>;\134n    layout: US;\134n    countryCode: 0;\134n    standardType: 4294967295;\134n    subinterfaceID: 0;\134n    capsLockKeyHasLanguageSwitchLabel: NO;\134n    globeKeyL
)
2026-09-30 23:36:02.581 Df SafariViewService[24111:c6392d] [com.apple.BackBoard:Keyboard] currently observing: NO
2026-09-30 23:36:02.581 Df SafariViewService[24111:c6392d] [com.apple.BackBoard:Keyboard] disconnected: (
    "<BKSHIDKeyboardDevice: 0x109cda580> {\134n    senderID: 0xACEFADE00000002;\134n    transport: <nil>;\134n    language: <nil>;\134n    layout: US;\134n    countryCode: 0;\134n    standardType: 4294967295;\134n    subinterfaceID: 0;\134n    capsLockKeyHasLanguageSwitchLabel: NO;\134n    globeKeyL
)
2026-09-30 23:36:02.582 A  SafariViewService[24111:c6392d] (CoreFoundation) Updating Key-Value Observers Of Preferences
2026-09-30 23:36:02.583 Df MobileSafari[26454:c659fe] [com.apple.UIKit:KeyboardAutocorrectionControllerUI] -[UIKeyboardAutocorrectionController setAutocorrectionList:], (null)
2026-09-30 23:36:02.583 Df SafariViewService[24111:c6392d] [com.apple.UIKit:UIKBFeedbackGenerator] <_UIKBFeedbackGenerator: 0x1066e9440>: Updating mode. Haptics: unsupported. Haptics: disabled. Ringer: on. Sound: enabled. Mode: audio only
2026-09-30 23:36:02.583 Df MobileSafari[26454:c659fe] [com.apple.UIKit:SmartReply] Handling responseContextDidChange - existing: (null), new: (null)
2026-09-30 23:36:02.583 Df SafariViewService[24111:c6392d] [com.apple.TextInputUI:KeyboardTrackingCoordinator] Posted notification didShow with {
    UIKeyboardAnimationCurveUserInfoKey = 7;
    UIKeyboardAnimationDurationUserInfoKey = "0.3833";
    UIKeyboardBoundsUserInfoKey = "NSRect: {{0, 0}, {402, 328}}";
    UIKeyboardCenterBeginUserInfoKey = "NSPoint: {201, 437}";
    UIKeyboardCenterEndUserInfoKey = "NSPoint: {201, 710}";
    UIKeyboardFrameBeginUserInfoKey = "NSRect: {{201, 437}, {0, 0}}";
    UIKeyboardFrameEndUserInfoKey = "NSRect: {{0, 546}, {402, 328}}";
    UIKeyboardIsLocalUserInfoKey = 0;
} (null)
2026-09-30 23:36:02.583 Df MobileSafari[26454:c659fe] [com.apple.TextInputUI:KeyboardInputManagerMux] -[TUIKeyboardInputManagerMux forwardInvocation:] -> <NSInvocation: 0x13cfd5700>
return value: {v} void
target: {@} 0x13cfe87c0
selector: {:} changingContextWithTrigger:
argument 2: {@} 0x222ac4a38
2026-09-30 23:36:02.583 Df MobileSafari[26454:c659fe] [com.apple.TextInputUI:InputSession_Proxy] -[TUIInputSessionProxy handleRequest:], invocation: changingContextWithTrigger:
2026-09-30 23:36:02.583 A  InputUI[87035:c65869] (RunningBoardServices) observedProcessStatesDidChange
2026-09-30 23:36:02.583 A  MobileSafari[26454:c65d8c] (RunningBoardServices) observedProcessStatesDidChange
2026-09-30 23:36:02.583 Df InputUI[87035:c65869] [com.apple.runningboard:monitor] Received state update for 24111 (app<com.apple.SafariViewService((null))>, running-active-NotVisible
2026-09-30 23:36:02.583 Df MobileSafari[26454:c65d8c] [com.apple.runningboard:monitor] Received state update for 24111 (app<com.apple.SafariViewService((null))>, running-active-NotVisible
2026-09-30 23:36:02.584 Df InputUI[87035:c6586a] [com.apple.FrontBoard:ProcessScene] [0x106e49380:com.apple.InputUI.keyboard:KeyboardInputScene-26454(v270CE8)->/UISceneHosting-com.apple.mobilesafari:UIHostedScene-com.apple.SafariViewService-3E550FEF] Scene action [Create Inactive][0xa1be] completed 
2026-09-30 23:36:02.584 Df SafariViewService[24111:c6392d] [com.apple.UIKit:KeyboardScene] Keyboard scene for 26454(v270CE8)->/UISceneHosting-com.apple.mobilesafari:UIHostedScene-com.apple.SafariViewService-3E550FEF successfully connected: com.apple.UIKit.KeyboardManagement.hosted/com.apple.InputUI.
2026-09-30 23:36:02.584 Df SafariViewService[24111:c6392d] [com.apple.UIKit:KeyboardScene] reloadInputViews for keyboard scene com.apple.UIKit.KeyboardManagement.hosted/com.apple.InputUI.keyboard:KeyboardInputScene-26454(v270CE8)-%3E%2FUISceneHosting-com.apple.mobilesafari%3AUIHostedScene-com.apple.
2026-09-30 23:36:02.584 Df SafariViewService[24111:c6392d] [com.apple.BackBoard:Keyboard] currently observing: YES
2026-09-30 23:36:02.584 Df SafariViewService[24111:c6392d] [com.apple.BackBoard:Keyboard] connected: (
    "<BKSHIDKeyboardDevice: 0x106775bf0> {\134n    senderID: 0xACEFADE00000002;\134n    transport: <nil>;\134n    language: <nil>;\134n    layout: US;\134n    countryCode: 0;\134n    standardType: 4294967295;\134n    subinterfaceID: 0;\134n    capsLockKeyHasLanguageSwitchLabel: NO;\134n    globeKeyL
)
2026-09-30 23:36:02.584 Df SafariViewService[24111:c6392d] [com.apple.BackBoard:Keyboard] currently observing: NO
2026-09-30 23:36:02.585 Df InputUI[87035:c33b5c] [com.apple.TextInputUI:InputSession] [TUIInputSession:26454-C9D0EA9D-4CD6-4DB0-BCD2-9D16194EAE58] forwarding invocation: [changingContextWithTrigger:], target: <TUIKBDSession: 0x106e04980>, identifier: [26454-C9D0EA9D-4CD6-4DB0-BCD2-9D16194EAE58]
2026-09-30 23:36:02.585 Df SafariViewService[24111:c6392d] [com.apple.BackBoard:Keyboard] disconnected: (
    "<BKSHIDKeyboardDevice: 0x106775bf0> {\134n    senderID: 0xACEFADE00000002;\134n    transport: <nil>;\134n    language: <nil>;\134n    layout: US;\134n    countryCode: 0;\134n    standardType: 4294967295;\134n    subinterfaceID: 0;\134n    capsLockKeyHasLanguageSwitchLabel: NO;\134n    globeKeyL
)
2026-09-30 23:36:02.585 Df MobileSafari[26454:c659fe] [com.apple.TextInputUI:KeyboardInputManagerMux] -[TUIKeyboardInputManagerMux forwardInvocation:] -> <NSInvocation: 0x13cfd44c0>
return value: {v} void
target: {@} 0x13cfe87c0
selector: {:} syncToKeyboardState:completionHandler:
argument 2: {@} 0x13d895ea0
argument 3: {@?} 0x172bd8ed0 (block)
2026-09-30 23:36:02.585 Df MobileSafari[26454:c659fe] [com.apple.TextInputUI:InputSession_Proxy] -[TUIInputSessionProxy handleRequest:], invocation: syncToKeyboardState:completionHandler:
2026-09-30 23:36:02.585 Df SafariViewService[24111:c6392d] [com.apple.UIKit:UIPeripheralHost] endPlacementForInputViewSet: <<UIInputViewSet: 0x1066eb6c0>; view = <_UIRemoteKeyboardPlaceholderView: 0x109738000; frame = (0 0; 402 0); >; usesKeyClicks = NO;  > windowScene: <_UIHostedWindowScene: 0x1097
2026-09-30 23:36:02.585 Df SafariViewService[24111:c6392d] [com.apple.UIKit:KeyboardArbiterClientLog] -[_UIRemoteKeyboards prepareToMoveKeyboard:withIAV:isIAVRelevant:showing:notifyRemote:forScene:] position: {{0, 0}, {402, 0}} visible: 0; notifyRemote: 1; isMinimized: YES
2026-09-30 23:36:02.586 Df SafariViewService[24111:c6392d] [com.apple.UIKit:KeyboardVisualMode] Show keyboard with visual mode windowed (0)
2026-09-30 23:36:02.586 Df SafariViewService[24111:c6392d] [com.apple.UIKit:TrackingElementWindowController] Setting tracking element input views: <<UIInputViewSet: 0x1066eb9c0>; keyboard = [uninitialized]; usesKeyClicks = NO;  >
2026-09-30 23:36:02.586 Df SafariViewService[24111:c6392d] [com.apple.UIKit:UIPeripheralHost] endPlacementForInputViewSet: <<UIInputViewSet: 0x1066eb9c0>; view = <_UIRemoteKeyboardPlaceholderView: 0x109738200; frame = (0 0; 402 0); >; usesKeyClicks = NO;  > windowScene: <_UIHostedWindowScene: 0x1097
2026-09-30 23:36:02.587 Df SafariViewService[24111:c6392d] [com.apple.UIKit:TrackingElementWindowController] Moving from placement: <UITrackingElementPlacementInitialPosition> to placement: <UIInputViewSetPlacementOffScreenDown> (currentPlacement: <UITrackingElementPlacementInitialPosition>)
2026-09-30 23:36:02.587 Df SafariViewService[24111:c6392d] [com.apple.UIKit:TrackingElementWindowController] updatePlacementWithPlacement: <UIInputViewSetPlacementOffScreenDown>
2026-09-30 23:36:02.587 Df SafariViewService[24111:c6392d] [com.apple.UIKit:TrackingElementWindowController] Tracking provider: moveFromPlacement: <UITrackingElementPlacementInitialPosition> toPlacement: <UIInputViewSetPlacementOffScreenDown> update to {{0, 874}, {402, 0}}
2026-09-30 23:36:02.587 Df SafariViewService[24111:c6392d] [com.apple.TextInputUI:KeyboardTrackingCoordinator] Updating tracking clients for start <TUIKeyboardTrackingCoordinator:0x106484780 state=<TUIKeyboardState: 0x13fe5dac0 State: offscreen; is docked>; frame={{0, 874}, {402, 0}}; animation=<TUI
    UIKeyboardAnimationCurveUserInfoKey = 7;
    UIKeyboardAnimationDurationUserInfoKey = 0;
    UIKeyboardBoundsUserInfoKey = "NSRect: {{0, 0}, {402, 0}}";
    UIKeyboardCenterBeginUserInfoKey = "NSPoint: {201, 874}";
    UIKeyboardCenterEndUserInfoKey = "NSPoint: {201, 874}";
    UIKeyboardFrameBeginUserInfoKey = "NSRect: {{0, 874}, {402, 0}}";
    UIKeyboardFrameEndUserInfoKey = "NSRect: {{0, 874}, {402, 0}}";
    UIKeyboardIsLocalUserInfoKey = 1;
}notificationsDebug: >>
2026-09-30 23:36:02.587 Df SafariViewService[24111:c6392d] [com.apple.UIKit:KeyboardLayoutGuide] changeSizingConstants: size is changing [not transitioning] to {402, 0} [previous size: {402, 328}]
2026-09-30 23:36:02.587 Df SafariViewService[24111:c6392d] [com.apple.TextInputUI:KeyboardTrackingCoordinator] Updating tracking clients for start <TUIKeyboardTrackingCoordinator:0x106497480 state=<TUIKeyboardState: 0x13fe5dac0 State: offscreen; is docked>; frame={{0, 874}, {402, 0}}; animation=<TUI
    UIKeyboardAnimationCurveUserInfoKey = 7;
    UIKeyboardAnimationDurationUserInfoKey = 0;
    UIKeyboardBoundsUserInfoKey = "NSRect: {{0, 0}, {402, 0}}";
    UIKeyboardCenterBeginUserInfoKey = "NSPoint: {201, 874}";
    UIKeyboardCenterEndUserInfoKey = "NSPoint: {201, 874}";
    UIKeyboardFrameBeginUserInfoKey = "NSRect: {{0, 874}, {402, 0}}";
    UIKeyboardFrameEndUserInfoKey = "NSRect: {{0, 874}, {402, 0}}";
    UIKeyboardIsLocalUserInfoKey = 1;
}notificationsDebug: >>
2026-09-30 23:36:02.587 Df SafariViewService[24111:c6392d] [com.apple.UIKit:KeyboardLayoutGuide] changeSizingConstants: size is changing [not transitioning] to {402, 0} [previous size: {402, 328}]
2026-09-30 23:36:02.587 Df InputUI[87035:c33b5c] [com.apple.TextInputUI:InputSession] -[TUIInputSession syncToKeyboardState:completionHandler:] [26454-C9D0EA9D-4CD6-4DB0-BCD2-9D16194EAE58]
2026-09-30 23:36:02.587 Df SafariViewService[24111:c6392d] [com.apple.TextInputUI:KeyboardTrackingCoordinator] Posted notification willHide with {
    UIKeyboardAnimationCurveUserInfoKey = 7;
    UIKeyboardAnimationDurationUserInfoKey = 0;
    UIKeyboardBoundsUserInfoKey = "NSRect: {{0, 0}, {402, 0}}";
    UIKeyboardCenterBeginUserInfoKey = "NSPoint: {201, 874}";
    UIKeyboardCenterEndUserInfoKey = "NSPoint: {201, 874}";
    UIKeyboardFrameBeginUserInfoKey = "NSRect: {{0, 874}, {402, 0}}";
    UIKeyboardFrameEndUserInfoKey = "NSRect: {{0, 874}, {402, 0}}";
    UIKeyboardIsLocalUserInfoKey = 1;
} (null)
2026-09-30 23:36:02.587 Df SafariViewService[24111:c6392d] [com.apple.UIKit:TrackingElementWindowController] Change from input view set: (null)
2026-09-30 23:36:02.587 Df SafariViewService[24111:c6392d] [com.apple.UIKit:TrackingElementWindowController] Change to input view set: <<UIInputViewSet: 0x1066eb9c0>; view = <_UIRemoteKeyboardPlaceholderView: 0x109738200; frame = (0 0; 402 0); >; usesKeyClicks = NO;  >
2026-09-30 23:36:02.587 Df MobileSafari[26454:c659fe] [com.apple.UIKit:UIPeripheralHost] endPlacementForInputViewSet: <<UIInputViewSet: 0x174006580>; (empty)> windowScene: <BrowserWindowScene: 0x109e79b80; role: UIWindowSceneSessionRoleApplication; persistentIdentifier: 71DD3C25-4702-4D1D-8EB9-7DEF8
2026-09-30 23:36:02.587 Df SafariViewService[24111:c6392d] [com.apple.UIKit:KeyboardArbiterClientLog] -[_UIRemoteKeyboardPlaceholderView refreshPlaceholder]  refreshPlaceholder: size={402, 328} [previous size={402, 0}]
2026-09-30 23:36:02.587 Df MobileSafari[26454:c659fe] [com.apple.UIKit:KeyboardArbiterClientLog] -[_UIRemoteKeyboards prepareToMoveKeyboard:withIAV:isIAVRelevant:showing:notifyRemote:forScene:] position: {{0, 0}, {0, 0}} visible: 0; notifyRemote: 1; isMinimized: NO
2026-09-30 23:36:02.587 Df SafariViewService[24111:c6392d] [com.apple.UIKit:UIPeripheralHost] endPlacementForInputViewSet: <<UIInputViewSet: 0x1066eb9c0>; view = <_UIRemoteKeyboardPlaceholderView: 0x109738200; frame = (0 0; 402 0); >; usesKeyClicks = NO;  > windowScene: <_UIHostedWindowScene: 0x1097
2026-09-30 23:36:02.588 Df InputUI[87035:c33b5c] [com.apple.KeyboardArbiter:Handle] RX com.apple.mobilesafari(26454) notifyIAVHeight:0.0 (was 100.0)
2026-09-30 23:36:02.588 Df MobileSafari[26454:c659fe] [com.apple.KeyboardArbiter:Client] prepareToMoveKeyboard: set currentKeyboard:N (snapshot:N, notifyRemote:Y, position:{{0, 0}, {0, 0}})
2026-09-30 23:36:02.589 Df MobileSafari[26454:c659fe] [com.apple.KeyboardArbiter:Client] TX signalKeyboardChanged: <<fence:Y pos:{{0, 0}, {0, 0}} anim:Y onScreen:N tracking:N resizing:N local:N uiPos:Unknown notif:N> src{scene:com.apple.mobilesafari-71DD3C25-4702-4D1D-8EB9-7DEF87C13EE1 display:Main 
2026-09-30 23:36:02.589 Df MobileSafari[26454:c659fe] [com.apple.UIKit:KeyboardArbiterClientLog] -[_UIRemoteKeyboards signalToProxyKeyboardChanged:onCompletion:]  Signaling keyboard changed <<<_UIKeyboardChangedInformation: 0x16e542400>; appId (null) bundleId (null) animation fence <BKSAnimationFenc
2026-09-30 23:36:02.589 Df MobileSafari[26454:c659fe] [com.apple.UIKit:KeyboardVisualMode] Show keyboard with visual mode windowed (0)
2026-09-30 23:36:02.590 Df InputUI[87035:c33b5c] [com.apple.KeyboardArbiter:Handle] RX com.apple.mobilesafari(26454) signalKeyboardChanged
    keyboardChanges:<<fence:Y pos:{{0, 0}, {0, 0}} anim:Y onScreen:N tracking:N resizing:N local:N uiPos:Unknown notif:N> src{scene:com.apple.mobilesafari-71DD3C25-4702-4D1D-8EB9-7DEF87C13EE1 display:Main bundle:com.apple.mobilesafari} hostBundle:(null) posWithIAV:(same) snapshot:Y >
2026-09-30 23:36:02.590 Df InputUI[87035:c33b5c] [com.apple.KeyboardArbiter:Events] set activeInputDestination:(null)
2026-09-30 23:36:02.590 Df InputUI[87035:c33b5c] [com.apple.UIKit:KeyboardArbiter] active input destination is now (null); information: <<<_UIKeyboardChangedInformation: 0x110012280>; appId (null) bundleId (null) animation fence <BKSAnimationFenceHandle:0x106ff8dc0 -> <CAFenceHandle:0x107113410 name
2026-09-30 23:36:02.590 Df MobileSafari[26454:c659fe] [com.apple.UIKit:UIPeripheralHost] endPlacementForInputViewSet: <<UIInputViewSet: 0x174004180>; keyboard = <UIKeyboardAutomatic: 0x109e3db00; frame = (0 0; 402 226); opaque = NO; layer = <CALayer: 0x106520930>>%; assistant = <TUISystemInputAssist
2026-09-30 23:36:02.590 Df MobileSafari[26454:c659fe] [com.apple.UIKit:UIPeripheralHost] endPlacementForInputViewSet, returning -> <UIInputViewSetPlacementOnScreenWithAccessory>
2026-09-30 23:36:02.590 Df MobileSafari[26454:c659fe] [com.apple.UIKit:UIPeripheralHost] endPlacementForInputViewSet: <<UIInputViewSet: 0x174004180>; keyboard = <UIKeyboardAutomatic: 0x109e3db00; frame = (0 0; 402 226); opaque = NO; layer = <CALayer: 0x106520930>>%; assistant = <TUISystemInputAssist
2026-09-30 23:36:02.590 Df MobileSafari[26454:c659fe] [com.apple.UIKit:UIPeripheralHost] endPlacementForInputViewSet, returning -> <UIInputViewSetPlacementOnScreenWithAccessory>
2026-09-30 23:36:02.590 Df MobileSafari[26454:c659fe] [com.apple.UIKit:UIPeripheralHost] endPlacementForInputViewSet: <<UIInputViewSet: 0x174004180>; keyboard = <UIKeyboardAutomatic: 0x109e3db00; frame = (0 0; 402 226); opaque = NO; layer = <CALayer: 0x106520930>>%; assistant = <TUISystemInputAssist
2026-09-30 23:36:02.590 Df MobileSafari[26454:c659fe] [com.apple.UIKit:UIPeripheralHost] endPlacementForInputViewSet, returning -> <UIInputViewSetPlacementOnScreenWithAccessory>
2026-09-30 23:36:02.590 Df MobileSafari[26454:c659fe] [com.apple.UIKit:UIPeripheralHost] endPlacementForInputViewSet: <<UIInputViewSet: 0x174004180>; keyboard = <UIKeyboardAutomatic: 0x109e3db00; frame = (0 0; 402 226); opaque = NO; layer = <CALayer: 0x106520930>>%; assistant = <TUISystemInputAssist
2026-09-30 23:36:02.590 Df MobileSafari[26454:c659fe] [com.apple.UIKit:UIPeripheralHost] endPlacementForInputViewSet, returning -> <UIInputViewSetPlacementOnScreenWithAccessory>
2026-09-30 23:36:02.591 Df MobileSafari[26454:c659fe] [com.apple.UIKit:UIPeripheralHost] endPlacementForInputViewSet: <<UIInputViewSet: 0x1740052c0>; (empty)> windowScene: <_UIKeyboardInputScene: 0x13f47ad00; role: _UISceneSessionRoleKeyboardInputScene; persistentIdentifier: KeyboardInputScene-com.a
2026-09-30 23:36:02.592 Df InputUI[87035:c33b5c] [com.apple.KeyboardArbiter:Client] RX keyboardChanged (isLocal:N)
2026-09-30 23:36:02.592 Df MobileSafari[26454:c659fe] [com.apple.UIKit:PredictionViewController] Tearing down securely-hosted prediction view
2026-09-30 23:36:02.592 Df InputUI[87035:c33b5c] [com.apple.KeyboardArbiter:Client] RX keyboardChanged (isLocal:N source:com.apple.mobilesafari-71DD3C25-4702-4D1D-8EB9-7DEF87C13EE1 frame:{{0, 0}, {0, 0}} onScreen:N)
2026-09-30 23:36:02.592 Df InputUI[87035:c33b5c] [com.apple.KeyboardArbiter:Client] handleKeyboardChange: set currentKeyboard:N (wasKeyboard:N)
2026-09-30 23:36:02.592 Df InputUI[87035:c33b5c] [com.apple.UIKit:TrackingElementWindowController] Updating sizing for existing placement <UITrackingElementPlacementInitialPosition>
2026-09-30 23:36:02.592 Df MobileSafari[26454:c659fe] [com.apple.UIKit:KBProxyForwarding] <StateMachine:0x13f7c58c0> Hosting window did change to (null).
2026-09-30 23:36:02.592 Df MobileSafari[26454:c659fe] [com.apple.UIKit:KBProxyForwarding] <StateMachine:0x13f7c58c0> Hosting environment did change to <0x0:(null)>.
2026-09-30 23:36:02.592 Df InputUI[87035:c33b5c] [com.apple.TextInputUI:KeyboardTrackingCoordinator] Updating tracking clients for start <TUIKeyboardTrackingCoordinator:0x106c97980 state=<TUIKeyboardState: 0x106e96480 State: offscreen; is docked>; frame={{0, 0}, {0, 0}}; animation=<TUIKeyboardAnimat
    UIKeyboardAnimationCurveUserInfoKey = 7;
    UIKeyboardAnimationDurationUserInfoKey = "0.3833";
    UIKeyboardBoundsUserInfoKey = "NSRect: {{0, 0}, {0, 0}}";
    UIKeyboardCenterBeginUserInfoKey = "NSPoint: {0, 546}";
    UIKeyboardCenterEndUserInfoKey = "NSPoint: {0, 0}";
    UIKeyboardFrameBeginUserInfoKey = "NSRect: {{0, 546}, {0, 0}}";
    UIKeyboardFrameEndUserInfoKey = "NSRect: {{0, 0}, {0, 0}}";
    UIKeyboardIsLocalUserInfoKey = 1;
}notificationsDebug: >>
2026-09-30 23:36:02.592 Df MobileSafari[26454:c659fe] [com.apple.FrontBoard:Scene] [UISceneHosting-com.apple.mobilesafari:UIHostedScene-com.apple.InputUI-831965E2] Removing parent scene.
2026-09-30 23:36:02.592 Df InputUI[87035:c33b5c] [com.apple.TextInputUI:KeyboardTrackingCoordinator] Posted notification willHide with {
    UIKeyboardAnimationCurveUserInfoKey = 7;
    UIKeyboardAnimationDurationUserInfoKey = "0.3833";
    UIKeyboardBoundsUserInfoKey = "NSRect: {{0, 0}, {0, 0}}";
    UIKeyboardCenterBeginUserInfoKey = "NSPoint: {0, 546}";
    UIKeyboardCenterEndUserInfoKey = "NSPoint: {0, 0}";
    UIKeyboardFrameBeginUserInfoKey = "NSRect: {{0, 546}, {0, 0}}";
    UIKeyboardFrameEndUserInfoKey = "NSRect: {{0, 0}, {0, 0}}";
    UIKeyboardIsLocalUserInfoKey = 1;
} (null)
2026-09-30 23:36:02.592 Df MobileSafari[26454:c659fe] [com.apple.UIKit:_UIChildRemoteContentRegistry] <_UIChildRemoteContentRegistry: 0x16e4d46f0; parentScene: <FBSScene: 0x1070a9680>; childScenes: 0; childViewServices: 0> Registry is no longer tracking child scene <FBScene: 0x166a68c80>
2026-09-30 23:36:02.593 Df MobileSafari[26454:c659fe] [com.apple.FrontBoard:Scene] [UISceneHosting-com.apple.mobilesafari:UIHostedScene-com.apple.InputUI-831965E2] scene content state changed: notReady
2026-09-30 23:36:02.593 Df InputUI[87035:c33b5c] [com.apple.TextInputUI:KeyboardTrackingCoordinator] Posted notification didHide with {
    UIKeyboardAnimationCurveUserInfoKey = 7;
    UIKeyboardAnimationDurationUserInfoKey = "0.3833";
    UIKeyboardBoundsUserInfoKey = "NSRect: {{0, 0}, {0, 0}}";
    UIKeyboardCenterBeginUserInfoKey = "NSPoint: {0, 546}";
    UIKeyboardCenterEndUserInfoKey = "NSPoint: {0, 0}";
    UIKeyboardFrameBeginUserInfoKey = "NSRect: {{0, 546}, {0, 0}}";
    UIKeyboardFrameEndUserInfoKey = "NSRect: {{0, 0}, {0, 0}}";
    UIKeyboardIsLocalUserInfoKey = 1;
} (null)
2026-09-30 23:36:02.593 Df MobileSafari[26454:c65d8c] [com.apple.FrontBoard:ProcessScene] [0x13f7f7600:UISceneHosting-com.apple.mobilesafari:UIHostedScene-com.apple.InputUI-831965E2] Scene lifecycle state did change: Background
2026-09-30 23:36:02.593 Df MobileSafari[26454:c659fe] [com.apple.UIKit:UISceneRelationshipManagement] <_UISceneRelationshipManagementHostComponent:0x13f7ca100> Scene <FBScene: 0x166a68c80> is hosted in (nil)
2026-09-30 23:36:02.593 Df MobileSafari[26454:c65d8c] [com.apple.FrontBoard:ProcessScene] [0x13f7f7600:UISceneHosting-com.apple.mobilesafari:UIHostedScene-com.apple.InputUI-831965E2] Scene state did change: FG-Active[90].
2026-09-30 23:36:02.593 Df MobileSafari[26454:c659fe] [com.apple.FrontBoard:Scene] Invalidating scene: UISceneHosting-com.apple.mobilesafari:UIHostedScene-com.apple.InputUI-831965E2
2026-09-30 23:36:02.593 Df MobileSafari[26454:c659fe] [com.apple.FrontBoard:ProcessWorkspace] [osservice<com.apple.InputUI>:87035] Unregistering scene: <FBWorkspaceScene: 0x13f7f7600; UISceneHosting-com.apple.mobilesafari:UIHostedScene-com.apple.InputUI-831965E2>
2026-09-30 23:36:02.593 Df MobileSafari[26454:c659fe] [com.apple.BackBoard:EventDelivery] [BKSHIDEventObserver] set observing:YES
2026-09-30 23:36:02.593 Df MobileSafari[26454:c659fe] [com.apple.UIKit:KBProxyForwarding] <StateMachine:0x13f7c58c0> Presentation environment invalidated: <_UISceneKeyboardProxyLayerForwardingPresentationScene: 0x166aaabb0> Tracking scene: <FBScene: 0x13dbf3500; UISceneHosting-com.apple.mobilesafari
2026-09-30 23:36:02.593 Df MobileSafari[26454:c65b6e] [com.apple.BackBoard:EventDelivery] will update observations for 0 observers
2026-09-30 23:36:02.593 Df MobileSafari[26454:c659fe] [com.apple.UIKit:KBProxyForwarding] <ForwardingPresentationScene:0x166aaabb0> Prioritized presenter: (null).
2026-09-30 23:36:02.594 Df MobileSafari[26454:c659fe] [com.apple.UIKit:KBProxyForwarding] <StateMachine:0x13f7c58c0> Dealloc.
2026-09-30 23:36:02.595 Df MobileSafari[26454:c659fe] [com.apple.UIKit:UIPeripheralHost] endPlacementForInputViewSet: <<UIInputViewSet: 0x174004180>; keyboard = <UIKeyboardAutomatic: 0x109e3db00; frame = (0 0; 402 226); opaque = NO; layer = <CALayer: 0x106520930>>%; assistant = <TUISystemInputAssist
2026-09-30 23:36:02.595 Df MobileSafari[26454:c659fe] [com.apple.UIKit:UIPeripheralHost] endPlacementForInputViewSet, returning -> <UIInputViewSetPlacementOnScreenWithAccessory>
2026-09-30 23:36:02.595 Df MobileSafari[26454:c65d8c] [com.apple.FrontBoard:ProcessWorkspace] [osservice<com.apple.InputUI>:87035] Workspace state did change: FV-Focal[100] --> FG-Active[90] (assertion acquired).
2026-09-30 23:36:02.595 Df MobileSafari[26454:c659fe] [com.apple.UIKit:UIPeripheralHost] endPlacementForInputViewSet: <<UIInputViewSet: 0x174004180>; keyboard = <UIKeyboardAutomatic: 0x109e3db00; frame = (0 0; 402 226); opaque = NO; layer = <CALayer: 0x106520930>>%; assistant = <TUISystemInputAssist
2026-09-30 23:36:02.596 A  InputUI[87035:c659cc] (RunningBoardServices) observedProcessStatesDidChange
2026-09-30 23:36:02.596 Df MobileSafari[26454:c659fe] [com.apple.UIKit:UIPeripheralHost] endPlacementForInputViewSet, returning -> <UIInputViewSetPlacementOnScreenWithAccessory>
2026-09-30 23:36:02.596 Df MobileSafari[26454:c65d8c] [com.apple.FrontBoard:ProcessScene] [0x13f7f7600:UISceneHosting-com.apple.mobilesafari:UIHostedScene-com.apple.InputUI-831965E2] Sending scene action [Logical Deactivate][0xc69b] to process 0x13c854180 (watchdog: 10.00s)
2026-09-30 23:36:02.596 Df InputUI[87035:c659cc] [com.apple.runningboard:monitor] Received state update for 24111 (app<com.apple.SafariViewService((null))>, running-active-NotVisible
2026-09-30 23:36:02.596 A  MobileSafari[26454:c65d8e] (RunningBoardServices) observedProcessStatesDidChange
2026-09-30 23:36:02.596 Df MobileSafari[26454:c65d8e] [com.apple.runningboard:monitor] Received state update for 24111 (app<com.apple.SafariViewService((null))>, running-active-NotVisible
2026-09-30 23:36:02.596 Df MobileSafari[26454:c65d8c] [com.apple.FrontBoard:ProcessScene] [0x13f7f7600:UISceneHosting-com.apple.mobilesafari:UIHostedScene-com.apple.InputUI-831965E2] Sending scene destroy.
2026-09-30 23:36:02.596 Df MobileSafari[26454:c65d8c] [com.apple.FrontBoard:ProcessWorkspace] [osservice<com.apple.InputUI>:87035] Workspace interruption policy did change: default
2026-09-30 23:36:02.596 Df MobileSafari[26454:c659fe] [com.apple.UIKit:UIPeripheralHost] endPlacementForInputViewSet: <<UIInputViewSet: 0x174004180>; keyboard = <UIKeyboardAutomatic: 0x109e3db00; frame = (0 0; 402 226); opaque = NO; layer = <CALayer: 0x106520930>>%; assistant = <TUISystemInputAssist
2026-09-30 23:36:02.596 Df MobileSafari[26454:c65d8c] [com.apple.FrontBoard:Process] [osservice<com.apple.InputUI>:87035] Setting process visibility to: Unknown
2026-09-30 23:36:02.596 Df InputUI[87035:c33b5c] [com.apple.UIKit:InterfaceStyle] Not push traits update to screen for new style 1, <_UIHostedWindowScene: 0x1100bc500> (UIHostedScene-com.apple.InputUI-831965E2)
2026-09-30 23:36:02.596 Df MobileSafari[26454:c659fe] [com.apple.UIKit:UIPeripheralHost] endPlacementForInputViewSet, returning -> <UIInputViewSetPlacementOnScreenWithAccessory>
2026-09-30 23:36:02.596 Df InputUI[87035:c33b5c] [com.apple.TextInputUI:InputCandidate_ContainerScene] InputUI sceneWillResignActive:<_UIHostedWindowScene: 0x1100bc500; role: UISceneSessionRoleSceneHosting; persistentIdentifier: UIHostedScene-com.apple.InputUI-831965E2; activationState: UISceneActiv
2026-09-30 23:36:02.596 Df InputUI[87035:c33b5c] [com.apple.TextInputUI:InputCandidate_ContainerScene] InputUI sceneDidEnterBackground:<_UIHostedWindowScene: 0x1100bc500; role: UISceneSessionRoleSceneHosting; persistentIdentifier: UIHostedScene-com.apple.InputUI-831965E2; activationState: UISceneAct
2026-09-30 23:36:02.596 Df InputUI[87035:c33b5c] [com.apple.UIKit:AppLifecycle] sceneOfRecord: sceneID: com.apple.UIKit.remote-keyboard  persistentID: com.apple.UIKit.remote-keyboard
2026-09-30 23:36:02.596 Df InputUI[87035:c33b5c] [com.apple.UIKit:EventDeferring] [0x110133380] End local event deferring requested for token: 0x106ebe2e0; environments: 1; reason: _UIHostedWindowScene: 0x1100bc500: end event deferring for scene invalidation
2026-09-30 23:36:02.596 Df SafariViewService[24111:c6392d] [com.apple.TextInputUI:KeyboardTrackingCoordinator] Posted notification didHide with {
    UIKeyboardAnimationCurveUserInfoKey = 7;
    UIKeyboardAnimationDurationUserInfoKey = 0;
    UIKeyboardBoundsUserInfoKey = "NSRect: {{0, 0}, {402, 0}}";
    UIKeyboardCenterBeginUserInfoKey = "NSPoint: {201, 874}";
    UIKeyboardCenterEndUserInfoKey = "NSPoint: {201, 874}";
    UIKeyboardFrameBeginUserInfoKey = "NSRect: {{0, 874}, {402, 0}}";
    UIKeyboardFrameEndUserInfoKey = "NSRect: {{0, 874}, {402, 0}}";
    UIKeyboardIsLocalUserInfoKey = 1;
} (null)
2026-09-30 23:36:02.596 Df InputUI[87035:c33b5c] [com.apple.UIKit:EventDeferring] [0x110133380] [keyboardFocus] Stop observing context for local target window
2026-09-30 23:36:02.596 Df InputUI[87035:c33b5c] [com.apple.UIKit:EventDeferring] [0x110133380] [keyboardFocus] End tracking context for local target window: 0x104216c00; contextId: 0x58CA617D
2026-09-30 23:36:02.597 Df InputUI[87035:c33b5c] [com.apple.UIKit:KeyWindow] Scene will invalidate: _UIHostedWindowScene: 0x1100bc500; scene identity: 26454:FBWorkspace-com.apple.mobilesafari/UISceneHosting-com.apple.mobilesafari:UIHostedScene-com.apple.InputUI-831965E2
2026-09-30 23:36:02.597 Df MobileSafari[26454:c659fe] [com.apple.UIKit:UIPeripheralHost] endPlacementForInputViewSet: <<UIInputViewSet: 0x174004180>; keyboard = <UIKeyboardAutomatic: 0x109e3db00; frame = (0 0; 402 226); opaque = NO; layer = <CALayer: 0x106520930>>%; assistant = <TUISystemInputAssist
2026-09-30 23:36:02.597 Df InputUI[87035:c33b5c] [com.apple.UIKit:KeyWindow] Key window needs update: 1; currentKeyWindowScene: 0x1100bc500; evaluatedKeyWindowScene: 0x0; currentApplicationKeyWindow: 0x104216c00; evaluatedApplicationKeyWindow: 0x0; reason: _UIHostedWindowScene: 0x1100bc500: Window s
2026-09-30 23:36:02.597 Df MobileSafari[26454:c659fe] [com.apple.UIKit:UIPeripheralHost] endPlacementForInputViewSet, returning -> <UIInputViewSetPlacementOnScreenWithAccessory>
2026-09-30 23:36:02.597 Df InputUI[87035:c33b5c] [com.apple.UIKit:KeyWindow] Window did become application key: (nil): 0x0; contextId: 0x0; scene identity: (nil)
2026-09-30 23:36:02.597 Df InputUI[87035:c33b5c] [com.apple.UIKit:HomeAffordanceObservation] Resetting home affordance notifier: <_UIHomeAffordanceSceneNotifier: 0x1071139c0; observers.count: 2>; for invalidating scene: <_UIHostedWindowScene: 0x1100bc500>
2026-09-30 23:36:02.597 Df InputUI[87035:c33b5c] [com.apple.UIKit:EventDeferring] [0x110133380] Removing all event deferring rules for reason: _UIEventDeferringManager: 0x110133380: removing all deferring rules due to scene invalidation: 0x1100bc500
2026-09-30 23:36:02.597 Df InputUI[87035:c33b5c] [com.apple.UIKit:EventEnvironment] Enqueuing clear events of window: <UIWindow: 0x104216c00>; contextId: 0x58CA617D
2026-09-30 23:36:02.597 Df SafariViewService[24111:c6392d] [com.apple.KeyboardArbiter:Client] RX keyboardChanged (isLocal:N source:com.apple.mobilesafari-71DD3C25-4702-4D1D-8EB9-7DEF87C13EE1 frame:{{0, 0}, {0, 0}} onScreen:N)
2026-09-30 23:36:02.597 Df InputUI[87035:c33b5c] [com.apple.UIKit:EventEnvironment] Performing clear events of window: <UIWindow: 0x104216c00>; contextId: 0x58CA617D
2026-09-30 23:36:02.597 Df SafariViewService[24111:c6392d] [com.apple.KeyboardArbiter:Client] handleKeyboardChange: set currentKeyboard:N (wasKeyboard:N)
2026-09-30 23:36:02.597 Df SafariViewService[24111:c6392d] [com.apple.UIKit:TrackingElementWindowController] Updating sizing for existing placement <UITrackingElementPlacementInitialPosition>
2026-09-30 23:36:02.597 Df SafariViewService[24111:c6392d] [com.apple.TextInputUI:KeyboardTrackingCoordinator] Updating tracking clients for start <TUIKeyboardTrackingCoordinator:0x106484780 state=<TUIKeyboardState: 0x13fe5cc80 State: offscreen; is docked>; frame={{0, 0}, {0, 0}}; animation=<TUIKeyb
2026-09-30 23:36:02.597 Df SafariViewService[24111:c6392d] [com.apple.TextInputUI:KeyboardTrackingCoordinator] Updating tracking clients for start <TUIKeyboardTrackingCoordinator:0x106497480 state=<TUIKeyboardState: 0x13fe5cc80 State: offscreen; is docked>; frame={{0, 0}, {0, 0}}; animation=<TUIKeyb
2026-09-30 23:36:02.597 Df InputUI[87035:c33b5c] [com.apple.UIKit:EventEnvironment] Enqueuing clear events of window: <UITextEffectsWindow: 0x106dede00>; contextId: 0xD52DFB70
2026-09-30 23:36:02.598 Df MobileSafari[26454:c659fe] [com.apple.TextInputUI:KeyboardTrackingCoordinator] Updating tracking clients for start <TUIKeyboardTrackingCoordinator:0x13d8d5680 state=<TUIKeyboardState: 0x166a695c0 State: offscreen; is docked>; frame={{0, 874}, {402, 428}}; animation=<TUIKey
    UIKeyboardAnimationCurveUserInfoKey = 7;
    UIKeyboardAnimationDurationUserInfoKey = 0;
    UIKeyboardBoundsUserInfoKey = "NSRect: {{0, 0}, {402, 428}}";
    UIKeyboardCenterBeginUserInfoKey = "NSPoint: {201, 660}";
    UIKeyboardCenterEndUserInfoKey = "NSPoint: {201, 1088}";
    UIKeyboardFrameBeginUserInfoKey = "NSRect: {{0, 446}, {402, 428}}";
    UIKeyboardFrameEndUserInfoKey = "NSRect: {{0, 874}, {402, 428}}";
    UIKeyboardIsLocalUserInfoKey = 1;
}notificationsDebug: >>
2026-09-30 23:36:02.598 Df MobileSafari[26454:c659fe] [com.apple.UIKit:KeyboardLayoutGuide] changeSizingConstants: size is changing [not transitioning] to {402, 100} [previous size: {402, 428}]
2026-09-30 23:36:02.598 Df MobileSafari[26454:c659fe] [com.apple.UIKit:KeyboardLayoutGuide] changeSizingConstants: size is changing [not transitioning] to {402, 0} [previous size: {402, 328}]
2026-09-30 23:36:02.598 Df InputUI[87035:c33b5c] [com.apple.UIKit:EventEnvironment] Performing clear events of window: <UITextEffectsWindow: 0x106dede00>; contextId: 0xD52DFB70
2026-09-30 23:36:02.598 Df SafariViewService[24111:c6392d] [com.apple.UIKit:TrackingElementWindowController] Updating sizing for existing placement <UIInputViewSetPlacementOffScreenDown>
2026-09-30 23:36:02.598 Df InputUI[87035:c33b5c] [com.apple.TextInputUI:InputCandidate_ContainerScene] InputUI sceneDidDisconnect:<_UIHostedWindowScene: 0x1100bc500; role: UISceneSessionRoleSceneHosting; persistentIdentifier: UIHostedScene-com.apple.InputUI-831965E2; activationState: UISceneActivati
2026-09-30 23:36:02.598 Df SafariViewService[24111:c6392d] [com.apple.UIKit:KeyboardArbiterClientLog] -[_UIRemoteKeyboardPlaceholderView refreshPlaceholder]  refreshPlaceholder: size={402, 0} [previous size={402, 0}]
2026-09-30 23:36:02.598 Df SafariViewService[24111:c6392d] [com.apple.TextInputUI:KeyboardTrackingCoordinator] Updating tracking clients for start <TUIKeyboardTrackingCoordinator:0x106484780 state=<TUIKeyboardState: 0x13fe5c560 State: offscreen; is docked>; frame={{0, 0}, {0, 0}}; animation=<TUIKeyb
    UIKeyboardAnimationCurveUserInfoKey = 7;
    UIKeyboardAnimationDurationUserInfoKey = "0.3833";
    UIKeyboardBoundsUserInfoKey = "NSRect: {{0, 0}, {0, 0}}";
    UIKeyboardCenterBeginUserInfoKey = "NSPoint: {0, 0}";
    UIKeyboardCenterEndUserInfoKey = "NSPoint: {0, 0}";
    UIKeyboardFrameBeginUserInfoKey = "NSRect: {{0, 0}, {0, 0}}";
    UIKeyboardFrameEndUserInfoKey = "NSRect: {{0, 0}, {0, 0}}";
    UIKeyboardIsLocalUserInfoKey = 0;
}notificationsDebug: >>
2026-09-30 23:36:02.598 Df SafariViewService[24111:c6392d] [com.apple.TextInputUI:KeyboardTrackingCoordinator] Updating tracking clients for start <TUIKeyboardTrackingCoordinator:0x106497480 state=<TUIKeyboardState: 0x13fe5c560 State: offscreen; is docked>; frame={{0, 0}, {0, 0}}; animation=<TUIKeyb
    UIKeyboardAnimationCurveUserInfoKey = 7;
    UIKeyboardAnimationDurationUserInfoKey = "0.3833";
    UIKeyboardBoundsUserInfoKey = "NSRect: {{0, 0}, {0, 0}}";
    UIKeyboardCenterBeginUserInfoKey = "NSPoint: {0, 0}";
    UIKeyboardCenterEndUserInfoKey = "NSPoint: {0, 0}";
    UIKeyboardFrameBeginUserInfoKey = "NSRect: {{0, 0}, {0, 0}}";
    UIKeyboardFrameEndUserInfoKey = "NSRect: {{0, 0}, {0, 0}}";
    UIKeyboardIsLocalUserInfoKey = 0;
}notificationsDebug: >>
2026-09-30 23:36:02.599 Sd SafariViewService[24111:0] (3D9A40AB-ACDF-3EC9-A223-5A041FBFFFCF) IOHIDManager State
{
    DispatchQueue = 0;
    RunLoop = 1;
    createOptions = 0;
    isOpen = 0;
    openOptions = 0;
}
2026-09-30 23:36:02.599 Sd SafariViewService[24111:0] (3D9A40AB-ACDF-3EC9-A223-5A041FBFFFCF) IOHIDManager State
{
    DispatchQueue = 0;
    RunLoop = 1;
    createOptions = 0;
    isOpen = 0;
    openOptions = 0;
}
2026-09-30 23:36:02.600 Df InputUI[87035:c33b5c] [com.apple.UIKit:EventEnvironment] sceneDidDisconnect: <_UIHostedWindowScene: 0x1100bc500; role: UISceneSessionRoleSceneHosting; persistentIdentifier: UIHostedScene-com.apple.InputUI-831965E2; activationState: UISceneActivationStateUnattached>
2026-09-30 23:36:02.600 Df InputUI[87035:c33b5c] [com.apple.UIKit:EventDeferring] [0x106e35180] Initialized with scene: <_UIHostedWindowScene: 0x1100bc500>; behavior: <_UIEventDeferringBehavior_iOS: 0x1072eec20>; availableForProcess: 1, systemShellManagesKeyboardFocus: 1
2026-09-30 23:36:02.601 Df InputUI[87035:c33b5c] [com.apple.UIKit:UIScreen] Disconnecting screen: <UIScreen: 0x1072f9180>
2026-09-30 23:36:02.601 Df InputUI[87035:c33b5c] [com.apple.KeyboardArbiter:Handle] RX com.apple.InputUI(87035) setClientFocusContext
    focusContext:<contextID:0 sceneID:(null)>
2026-09-30 23:36:02.601 Df InputUI[87035:c33b5c] [com.apple.UIKit:KeyboardScene] KeyboardArbiter has no scene identity for client handle <_UIKeyboardArbiterClientHandle: 0x106eeeae0; [osservice<com.apple.InputUI>:87035] <<UIKBArbiterClientFocusContext: 0x1072ee220 >>; hosting PIDs {(
)}; level 0.000000; active NO [wants NO]; suppression 0; iav 0.000000; on screen NO; isAcquiringFocus: NO>
2026-09-30 23:36:02.602 Df MobileSafari[26454:c65d8b] [com.apple.FrontBoard:ProcessScene] [0x13f7f7600:UISceneHosting-com.apple.mobilesafari:UIHostedScene-com.apple.InputUI-831965E2] Scene action [Logical Deactivate][0xc69b] completed with success: 1
2026-09-30 23:36:02.602 Df InputUI[87035:c33b5c] [com.apple.TextInputUI:InputSession_Manager] de-registering input candidate constainer delegate: 0
	path: satisfied (Path is satisfied), interface: en0[802.11], uses wifi, LQM: unknown
2026-09-30 23:36:02.603 Df MobileSafari[26454:c659fe] [com.apple.UIKit:DictationLifecycle] dictation dockMic enabled=0 active=0 langs=1 functional=1 hideFor3PK=0
2026-09-30 23:36:02.603 Df MobileSafari[26454:c65d8b] [com.apple.FrontBoard:Scene] [UISceneHosting-com.apple.mobilesafari:UIHostedScene-com.apple.InputUI-831965E2][1] Scene invalidated.
2026-09-30 23:36:02.603 Df MobileSafari[26454:c65d8b] [com.apple.FrontBoard:ProcessScene] [0x13f7f7600:UISceneHosting-com.apple.mobilesafari:UIHostedScene-com.apple.InputUI-831965E2] Invalidated for connection: 0x16e4d55f0.
2026-09-30 23:36:02.603 Df MobileSafari[26454:c65d8b] [com.apple.FrontBoard:ProcessWorkspace] [osservice<com.apple.InputUI>:87035] Workspace state did change: FG-Active[90] --> XX-None[0] (assertion dropped).
2026-09-30 23:36:02.604 Df MobileSafari[26454:c659fe] [com.apple.TextInputUI:KeyboardTrackingCoordinator] Posted notification didHide with {
    UIKeyboardAnimationCurveUserInfoKey = 7;
    UIKeyboardAnimationDurationUserInfoKey = 0;
    UIKeyboardBoundsUserInfoKey = "NSRect: {{0, 0}, {402, 428}}";
    UIKeyboardCenterBeginUserInfoKey = "NSPoint: {201, 660}";
    UIKeyboardCenterEndUserInfoKey = "NSPoint: {201, 1088}";
    UIKeyboardFrameBeginUserInfoKey = "NSRect: {{0, 446}, {402, 428}}";
    UIKeyboardFrameEndUserInfoKey = "NSRect: {{0, 874}, {402, 428}}";
    UIKeyboardIsLocalUserInfoKey = 1;
} (null)
2026-09-30 23:36:02.604 Df MobileSafari[26454:c659fe] [com.apple.UIKit:TrackingElementWindowController] Setting tracking element input views: <<UIInputViewSet: 0x174006f40>; (empty)>
2026-09-30 23:36:02.604 Df MobileSafari[26454:c659fe] [com.apple.UIKit:KeyboardArbiterClientLog] -[_UIRemoteKeyboardPlaceholderView refreshPlaceholder]  refreshPlaceholder: size={402, 0} [previous size={402, 0}]
2026-09-30 23:36:02.604 Df MobileSafari[26454:c659fe] [com.apple.UIKit:TrackingElementWindowController] Placeholder height changed from 328.0 to 0.0
2026-09-30 23:36:02.604 Df MobileSafari[26454:c659fe] [com.apple.UIKit:UIPeripheralHost] endPlacementForInputViewSet: <<UIInputViewSet: 0x174006f40>; (empty)> windowScene: <BrowserWindowScene: 0x109e79b80; role: UIWindowSceneSessionRoleApplication; persistentIdentifier: 71DD3C25-4702-4D1D-8EB9-7DEF8
2026-09-30 23:36:02.604 Df MobileSafari[26454:c659fe] [com.apple.UIKit:TrackingElementWindowController] Moving from placement: <UIInputViewSetPlacementOnScreenWithAccessory> to placement: <UIInputViewSetPlacementOffScreenDown> (currentPlacement: <UIInputViewSetPlacementOnScreenWithAccessory>)
2026-09-30 23:36:02.604 Df MobileSafari[26454:c659fe] [com.apple.UIKit:TrackingElementWindowController] updatePlacementWithPlacement: <UIInputViewSetPlacementOffScreenDown>
2026-09-30 23:36:02.605 Df MobileSafari[26454:c659fe] [com.apple.mobilesafari:LoweredTabBar] Recieved UIKeyboardWillChangeFrameNotification, with _showingKeyboard = NO
2026-09-30 23:36:02.605 Df MobileSafari[26454:c659fe] [com.apple.mobilesafari:LoweredTabBar] Set _keyboardHeight = 0.000000
2026-09-30 23:36:02.606 Df InputUI[87035:c33b5c] [com.apple.UIKit:AppLifecycle] sceneOfRecord: sceneID: com.apple.UIKit.remote-keyboard  persistentID: com.apple.UIKit.remote-keyboard
2026-09-30 23:36:02.613 Df MobileSafari[26454:c659fe] [com.apple.TextInputUI:KeyboardTrackingCoordinator] Posted notification willHide with {
    UIKeyboardAnimationCurveUserInfoKey = 7;
    UIKeyboardAnimationDurationUserInfoKey = 0;
    UIKeyboardBoundsUserInfoKey = "NSRect: {{0, 0}, {402, 428}}";
    UIKeyboardCenterBeginUserInfoKey = "NSPoint: {201, 660}";
    UIKeyboardCenterEndUserInfoKey = "NSPoint: {201, 1088}";
    UIKeyboardFrameBeginUserInfoKey = "NSRect: {{0, 446}, {402, 428}}";
    UIKeyboardFrameEndUserInfoKey = "NSRect: {{0, 874}, {402, 428}}";
    UIKeyboardIsLocalUserInfoKey = 1;
} (null)
2026-09-30 23:36:02.613 Df MobileSafari[26454:c659fe] [com.apple.KeyboardArbiter:Client] TX setWindowContextID:3999646305 windowState:Disabled level:5.0
    focusContext:<contextID:3574600963 sceneID:com.apple.mobilesafari-71DD3C25-4702-4D1D-8EB9-7DEF87C13EE1>
2026-09-30 23:36:02.614 Df InputUI[87035:c33b5c] [com.apple.KeyboardArbiter:Handle] RX com.apple.mobilesafari(26454) setWindowContextID:3999646305 windowState:Disabled level:5.0
    focusContext:<contextID:3574600963 sceneID:com.apple.mobilesafari-71DD3C25-4702-4D1D-8EB9-7DEF87C13EE1>
2026-09-30 23:36:02.614 Df InputUI[87035:c33b5c] [com.apple.KeyboardArbiter:Events] Deactivating client handle: com.apple.mobilesafari(26454)
2026-09-30 23:36:02.614 Df InputUI[87035:c33b5c] [com.apple.FrontBoard:Scene] [com.apple.InputUI.keyboard:KeyboardInputScene-com.apple.frontboard.systemappservices/FBSceneManager:sceneID%3Acom.apple.mobilesafari-71DD3C25-4702-4D1D-8EB9-7DEF87C13EE1] Removing parent scene.
2026-09-30 23:36:02.614 Df InputUI[87035:c33b5c] [com.apple.UIKit:_UIChildRemoteContentRegistry] <_UIChildRemoteContentRegistry: 0x106ec8b70; parentScene: <FBSScene: 0x10412b5c0>; childScenes: 0; childViewServices: 0> Registry is no longer tracking child scene <FBScene: 0x1073ca540>
2026-09-30 23:36:02.614 Df InputUI[87035:c33b5c] [com.apple.UIKit:UISceneRelationshipManagement] <_UISceneRelationshipManagementHostComponent:0x11006a000> Scene <FBScene: 0x1073ca540> is hosted in (nil)
2026-09-30 23:36:02.614 Df InputUI[87035:c33b5c] [com.apple.UIKit:KBProxyForwarding] <StateMachine:0x110068900> Hosting window did change to (null).
2026-09-30 23:36:02.614 Df InputUI[87035:c33b5c] [com.apple.UIKit:KBProxyForwarding] <StateMachine:0x110068900> Hosting environment did change to <0x0:(null)>.
2026-09-30 23:36:02.614 Df MobileSafari[26454:c659fe] [com.apple.UIKit:UIRemoteKeyboards] Invalidating RKW in scene com.apple.UIKit.KeyboardManagement.hosted/com.apple.InputUI.keyboard:KeyboardInputScene-com.apple.frontboard.systemappservices%2FFBSceneManager%3AsceneID%253Acom.apple.mobilesafari-71D
2026-09-30 23:36:02.614 Df InputUI[87035:c33b5c] [com.apple.UIKit:KBProxyForwarding] <ForwardingPresentationScene:0x107083720> Prioritized presenter: (null).
2026-09-30 23:36:02.615 Df MobileSafari[26454:c659fe] [com.apple.UIKit:EventEnvironment] Enqueuing clear events of window: <UIRemoteKeyboardWindow: 0x1074fde00>; contextId: 0xEE65C261
2026-09-30 23:36:02.615 Df MobileSafari[26454:c659fe] [com.apple.UIKit:TrackingElementWindowController] Change from input view set: <<UIInputViewSet: 0x174004fc0>; keyboard = <UIKeyboardAutomatic: 0x109e3db00; frame = (0 0; 402 226); opaque = NO; layer = <CALayer: 0x106520930>>%; accessory = <SFWebF
2026-09-30 23:36:02.615 Df MobileSafari[26454:c659fe] [com.apple.UIKit:TrackingElementWindowController] Change to input view set: <<UIInputViewSet: 0x174006f40>; (empty)>
2026-09-30 23:36:02.615 Df InputUI[87035:c33b5c] [com.apple.FrontBoard:Scene] [com.apple.InputUI.keyboard:KeyboardInputScene-com.apple.frontboard.systemappservices/FBSceneManager:sceneID%3Acom.apple.mobilesafari-71DD3C25-4702-4D1D-8EB9-7DEF87C13EE1] scene content state changed: notReady
2026-09-30 23:36:02.615 Df InputUI[87035:c33b5c] [com.apple.UIKit:KeyboardScene] controller-level hosting assertion relinquished for scene com.apple.UIKit.KeyboardManagement.hosted/com.apple.InputUI.keyboard:KeyboardInputScene-com.apple.frontboard.systemappservices%2FFBSceneManager%3AsceneID%253Acom
2026-09-30 23:36:02.615 Df InputUI[87035:c659cc] [com.apple.FrontBoard:ProcessScene] [0x106e4b600:com.apple.InputUI.keyboard:KeyboardInputScene-com.apple.frontboard.systemappservices/FBSceneManager:sceneID%3Acom.apple.mobilesafari-71DD3C25-4702-4D1D-8EB9-7DEF87C13EE1] Scene lifecycle state did chang
2026-09-30 23:36:02.615 Df InputUI[87035:c33b5c] [com.apple.UIKit:KeyboardScene] workspace-level hosting assertion relinquished for scene com.apple.UIKit.KeyboardManagement.hosted/com.apple.InputUI.keyboard:KeyboardInputScene-com.apple.frontboard.systemappservices%2FFBSceneManager%3AsceneID%253Acom.
2026-09-30 23:36:02.615 Df InputUI[87035:c659cc] [com.apple.FrontBoard:ProcessScene] [0x106e4b600:com.apple.InputUI.keyboard:KeyboardInputScene-com.apple.frontboard.systemappservices/FBSceneManager:sceneID%3Acom.apple.mobilesafari-71DD3C25-4702-4D1D-8EB9-7DEF87C13EE1] Scene state did change: FG-Acti
2026-09-30 23:36:02.616 Df MobileSafari[26454:c659fe] [com.apple.UIKit:KeyboardLayoutGuide] changeSizingConstants: size is changing [not transitioning] to {402, 0} [previous size: {402, 100}]
2026-09-30 23:36:02.617 Df MobileSafari[26454:c659fe] [com.apple.UIKit:DictationLifecycle] dictation dockMic enabled=0 active=0 langs=1 functional=1 hideFor3PK=0
2026-09-30 23:36:02.617 Df InputUI[87035:c659cc] [com.apple.FrontBoard:ProcessWorkspace] [app<com.apple.mobilesafari>:26454] Workspace state did change: FV-Focal[100] --> FG-Active[90] (assertion acquired).
2026-09-30 23:36:02.617 Df InputUI[87035:c659cc] [com.apple.FrontBoard:Process] [app<com.apple.mobilesafari>:26454] Setting process visibility to: Background
2026-09-30 23:36:02.617 Df InputUI[87035:c659cc] [com.apple.FrontBoard:ProcessScene] [0x106e4b600:com.apple.InputUI.keyboard:KeyboardInputScene-com.apple.frontboard.systemappservices/FBSceneManager:sceneID%3Acom.apple.mobilesafari-71DD3C25-4702-4D1D-8EB9-7DEF87C13EE1] Sending scene action [Logical D
2026-09-30 23:36:02.618 Df MobileSafari[26454:c659fe] [com.apple.UIKit:UIPeripheralHost] endPlacementForInputViewSet: <<UIInputViewSet: 0x174006f40>; (empty)> windowScene: <BrowserWindowScene: 0x109e79b80; role: UIWindowSceneSessionRoleApplication; persistentIdentifier: 71DD3C25-4702-4D1D-8EB9-7DEF8
2026-09-30 23:36:02.618 Df InputUI[87035:c33b5c] [com.apple.UIKit:InterfaceStyle] Not push traits update to screen for new style 1, <_UIKeyboardInputRehostingScene: 0x104244a00> (4AA5B18F-00B3-45C6-93B5-1975C821D85C)
2026-09-30 23:36:02.618 Df MobileSafari[26454:c659fe] [com.apple.TextInputUI:KeyboardTrackingCoordinator] Posted notification didHide with {
    UIKeyboardAnimationCurveUserInfoKey = 7;
    UIKeyboardAnimationDurationUserInfoKey = 0;
    UIKeyboardBoundsUserInfoKey = "NSRect: {{0, 0}, {402, 428}}";
    UIKeyboardCenterBeginUserInfoKey = "NSPoint: {201, 660}";
    UIKeyboardCenterEndUserInfoKey = "NSPoint: {201, 1088}";
    UIKeyboardFrameBeginUserInfoKey = "NSRect: {{0, 446}, {402, 428}}";
    UIKeyboardFrameEndUserInfoKey = "NSRect: {{0, 874}, {402, 428}}";
    UIKeyboardIsLocalUserInfoKey = 1;
} (null)
2026-09-30 23:36:02.618 Df InputUI[87035:c33b5c] [com.apple.UIKit:AppLifecycle] sceneOfRecord: sceneID: com.apple.UIKit.remote-keyboard  persistentID: com.apple.UIKit.remote-keyboard
2026-09-30 23:36:02.618 Df MobileSafari[26454:c659fe] [com.apple.RemoteTextInput:RTILog] -[RTIInputSystemClient remoteTextInputSessionWithID:textSuggestionsChanged:]  Text input session suggestions changed. sessionID = (null)
2026-09-30 23:36:02.618 Df InputUI[87035:c33b5c] [com.apple.UIKit:DisplayLink] Legacy remapping target changed from '5413AD25-0C44-4163-A8FF-B906395CA854' to '(null)'
2026-09-30 23:36:02.619 Df MobileSafari[26454:c659fe] [com.apple.UIKit:Orientation] <BrowserWindowScene: 0x109e79b80> (71DD3C25-4702-4D1D-8EB9-7DEF87C13EE1) Scene updated orientation preferences: ( Pu Ll Lr ) -> ( Pu )
2026-09-30 23:36:02.622 Df InputUI[87035:c659cc] [com.apple.BackBoard:EventDelivery] will update observations for 0 observers
2026-09-30 23:36:02.622 Df InputUI[87035:c33b5c] [com.apple.KeyboardArbiter:Events] Event deferring target change: com.apple.frontboard.systemappservices/FBSceneManager:sceneID%3Acom.apple.mobilesafari-71DD3C25-4702-4D1D-8EB9-7DEF87C13EE1 -> com.apple.frontboard.systemappservices/FBSceneManager:scen
2026-09-30 23:36:02.622 Df InputUI[87035:c33b5c] [com.apple.KeyboardArbiter:Events] Handle for next event deferring target found: <com.apple.mobilesafari focus:<contextID:3574600963 sceneID:com.apple.mobilesafari-71DD3C25-4702-4D1D-8EB9-7DEF87C13EE1> run:Y hosting:() level:5 active:N wantedState:Dis
2026-09-30 23:36:02.622 Df SafariViewService[24111:c659bb] [com.apple.BackBoard:EventDelivery] will update observations for 0 observers
2026-09-30 23:36:02.622 Df MobileSafari[26454:c65d8b] [com.apple.BackBoard:EventDelivery] will update observations for 0 observers
2026-09-30 23:36:02.623 Df SafariViewService[24111:c659bb] [com.apple.BackBoard:EventDelivery] will update observations for 0 observers
2026-09-30 23:36:02.623 Df InputUI[87035:c659cc] [com.apple.BackBoard:EventDelivery] will update observations for 0 observers
2026-09-30 23:36:02.624 Df MobileSafari[26454:c65d8b] [com.apple.BackBoard:EventDelivery] will update observations for 0 observers
2026-09-30 23:36:02.624 Df MobileSafari[26454:c659fe] [com.apple.UIKit:EventEnvironment] Performing clear events of window: <UIRemoteKeyboardWindow: 0x1074fde00>; contextId: 0x0
2026-09-30 23:36:02.627 E  MobileSafari[26454:c659fe] [com.apple.coreanimation:API] cannot add handler to 0 from 0 - dropping
2026-09-30 23:36:02.627 E  MobileSafari[26454:c659fe] [com.apple.coreanimation:API] cannot add handler to 0 from 0 - dropping
2026-09-30 23:36:02.632 Df InputUI[87035:c33b5c] [com.apple.KeyboardArbiter:Handle] RX com.apple.mobilesafari(26454) signalKeyboardChangeComplete
2026-09-30 23:36:02.633 Df MobileSafari[26454:c659fe] [com.apple.FrontBoard:Scene] [UISceneHosting-com.apple.mobilesafari:UIHostedScene-com.apple.SafariViewService-3E550FEF] Sending action(s) to "_UIViewServiceSceneExtension": _UIViewServiceHostAppearanceAction
2026-09-30 23:36:02.633 Df MobileSafari[26454:c659fe] [com.apple.FrontBoard:Scene] [UISceneHosting-com.apple.mobilesafari:UIHostedScene-com.apple.SafariViewService-3E550FEF] Sending action(s): _UISceneHostingViewAppearanceActionHostToClient
2026-09-30 23:36:02.633 Df SafariViewService[24111:c6392d] [com.apple.FrontBoard:SceneClient] [UISceneHosting-com.apple.mobilesafari:UIHostedScene-com.apple.SafariViewService-3E550FEF] Received action(s) for "_UIViewServiceSceneExtension": _UIViewServiceHostAppearanceAction
2026-09-30 23:36:02.633 Df SafariViewService[24111:c6392d] [com.apple.UIKit:ViewServices] Appearance transition willAppearNonAnimated for 26454(v270CE8)->/UISceneHosting-com.apple.mobilesafari:UIHostedScene-com.apple.SafariViewService-3E550FEF
2026-09-30 23:36:02.633 Df SafariViewService[24111:c6392d] [com.apple.FrontBoard:Common] [UISceneHosting-com.apple.mobilesafari:UIHostedScene-com.apple.SafariViewService-3E550FEF] Component <_UIViewServiceClientSceneComponent: 0x109cdb600> handled action(s): <_UIViewServiceHostAppearanceAction: 0x13
2026-09-30 23:36:02.633 Df SafariViewService[24111:c6392d] [com.apple.FrontBoard:SceneClient] [UISceneHosting-com.apple.mobilesafari:UIHostedScene-com.apple.SafariViewService-3E550FEF] Received action(s): _UISceneHostingViewAppearanceActionHostToClient
2026-09-30 23:36:02.634 Df SafariViewService[24111:c6392d] [com.apple.UIKit:AppLifecycle] sceneOfRecord: sceneID: UIHostedScene-com.apple.SafariViewService-3E550FEF  persistentID: UIHostedScene-com.apple.SafariViewService-3E550FEF
2026-09-30 23:36:02.635 Df SafariViewService[24111:c6392d] [com.apple.KeyboardArbiter:Client] RX keyboardChangeCompleted
2026-09-30 23:36:02.635 Df InputUI[87035:c33b5c] [com.apple.KeyboardArbiter:Client] RX keyboardChangeCompleted
2026-09-30 23:36:02.636 Df SafariViewService[24111:c6392d] [com.apple.app_launch_measurement:ApplicationLaunch] alm_release_pageins_recording_assertion: releasing pageins recording assertion
2026-09-30 23:36:02.637 Df MobileSafari[26454:c659fe] [com.apple.FrontBoard:Scene] [UISceneHosting-com.apple.mobilesafari:UIHostedScene-com.apple.SafariViewService-3E550FEF] Setting parent scene: (FBSceneManager):sceneID:com.apple.mobilesafari-71DD3C25-4702-4D1D-8EB9-7DEF87C13EE1
2026-09-30 23:36:02.638 Df SafariViewService[24111:c6392d] [com.apple.UIKit:AppLifecycle] sceneOfRecord: sceneID: UIHostedScene-com.apple.SafariViewService-3E550FEF  persistentID: UIHostedScene-com.apple.SafariViewService-3E550FEF
2026-09-30 23:36:02.638 Df MobileSafari[26454:c659fe] [com.apple.FrontBoard:Scene] [UISceneHosting-com.apple.mobilesafari:UIHostedScene-com.apple.SafariViewService-3E550FEF] propagating 18 settings from (FBSceneManager):sceneID:com.apple.mobilesafari-71DD3C25-4702-4D1D-8EB9-7DEF87C13EE1
2026-09-30 23:36:02.638 Df MobileSafari[26454:c659fe] [com.apple.UIKit:_UIChildRemoteContentRegistry] <_UIChildRemoteContentRegistry: 0x16e4d50b0; parentScene: <FBSScene: 0x1070a2a80>; childScenes: 1; childViewServices: 0> Registry is now tracking child scene <FBScene: 0x13dc34ac0>
2026-09-30 23:36:02.638 Df MobileSafari[26454:c659fe] [com.apple.UIKit:UISceneRelationshipManagement] <_UISceneRelationshipManagementHostComponent:0x13f46d3c0> Scene <FBScene: 0x13dc34ac0> is hosted in <BrowserWindowScene: 0x109e79b80>
2026-09-30 23:36:02.639 Df MobileSafari[26454:c659fe] [com.apple.UIKit:KBProxyForwarding] <StateMachine:0x13f46d500> Hosting window did change to <MobileSafariWindow: 0x1074d1800; baseClass = UIWindow; frame = (0 0; 402 874); opaque = NO; autoresize = W+H; tintColor = <UIDynamicCatalogColor: 0x10753
2026-09-30 23:36:02.639 Df MobileSafari[26454:c659fe] [com.apple.UIKit:KBProxyForwarding] <StateMachine:0x13f46d500> Waiting for a hosting window.
2026-09-30 23:36:02.639 A  SafariViewService[24111:c660c9] (RunningBoardServices) didChangeInheritances
2026-09-30 23:36:02.639 Df MobileSafari[26454:c659fe] [com.apple.UIKit:KBProxyForwarding] <StateMachine:0x13f46d500> Hosting environment did change to <0x166a6d8a0:FBSScene:sceneID:com.apple.mobilesafari-71DD3C25-4702-4D1D-8EB9-7DEF87C13EE1>.
2026-09-30 23:36:02.639 A  InputUI[87035:c65869] (RunningBoardServices) observedProcessStatesDidChange
2026-09-30 23:36:02.639 Df InputUI[87035:c65869] [com.apple.runningboard:monitor] Received state update for 24111 (app<com.apple.SafariViewService((null))>, running-active-Visible
2026-09-30 23:36:02.639 Df InputUI[87035:c33b5c] [com.apple.KeyboardArbiter:Events] processWithPID:24111 foreground:Y suspended:N (com.apple.SafariViewService wasRunning:Y isRunning:Y
2026-09-30 23:36:02.639 A  MobileSafari[26454:c65d8c] (RunningBoardServices) observedProcessStatesDidChange
2026-09-30 23:36:02.639 A  InputUI[87035:c65861] (RunningBoardServices) observedProcessStatesDidChange
2026-09-30 23:36:02.639 Df InputUI[87035:c65861] [com.apple.runningboard:monitor] Received state update for 97297 (osservice<com.apple.DragUI.druid>, running-Visible
2026-09-30 23:36:02.639 Df MobileSafari[26454:c65d8c] [com.apple.runningboard:monitor] Received state update for 24111 (app<com.apple.SafariViewService((null))>, running-active-NotVisible
2026-09-30 23:36:02.639 Df InputUI[87035:c65861] [com.apple.runningboard:monitor] Received state update for 87035 (osservice<com.apple.InputUI>, running-active-Visible
2026-09-30 23:36:02.639 Df InputUI[87035:c65861] [com.apple.runningboard:monitor] Received state update for 86754 (osservice<com.apple.SpringBoard>, running-active-Visible
2026-09-30 23:36:02.640 Df SafariViewService[24111:c6392d] [com.apple.UIKit:InterfaceStyle] Not push traits update to screen for new style 0, <_UIHostedWindowScene: 0x109775b80> (UIHostedScene-com.apple.SafariViewService-3E550FEF)
2026-09-30 23:36:02.640 A  MobileSafari[26454:c65d8c] (RunningBoardServices) observedProcessStatesDidChange
2026-09-30 23:36:02.640 Df InputUI[87035:c65861] [com.apple.runningboard:monitor] Received state update for 26454 (app<com.apple.mobilesafari((null))>, running-active-Visible
2026-09-30 23:36:02.640 Df SafariViewService[24111:c6392d] [com.apple.UIKit:InterfaceStyle] Not push traits update to screen for new style 1, <_UIHostedWindowScene: 0x109775b80> (UIHostedScene-com.apple.SafariViewService-3E550FEF)
2026-09-30 23:36:02.640 Df SafariViewService[24111:c6392d] [com.apple.UIKit:AppLifecycle] sceneOfRecord: sceneID: UIHostedScene-com.apple.SafariViewService-3E550FEF  persistentID: UIHostedScene-com.apple.SafariViewService-3E550FEF
2026-09-30 23:36:02.640 Df SafariViewService[24111:c6392d] [com.apple.UIKit:InterfaceStyle] Scene did update interface style to 1, <_UIHostedWindowScene: 0x109775b80> (UIHostedScene-com.apple.SafariViewService-3E550FEF)
2026-09-30 23:36:02.640 Df SafariViewService[24111:c6392d] [com.apple.UIKit:InterfaceStyle] Push traits update to screen for new style 1, <_UIHostedWindowScene: 0x109775b80> (UIHostedScene-com.apple.SafariViewService-3E550FEF)
2026-09-30 23:36:02.640 Df MobileSafari[26454:c65d8c] [com.apple.runningboard:monitor] Received state update for 87035 (osservice<com.apple.InputUI>, running-active-NotVisible
2026-09-30 23:36:02.640 Df SafariViewService[24111:c6392d] [com.apple.UIKit:ScenePostSettingsUpdateResponse] <_UIScenePostSettingsUpdateResponseComponent: 0x105ca4180>: Scheduling <_UIScenePostSettingsUpdateWindowLayout: 0x1064090a0>
2026-09-30 23:36:02.640 Df SafariViewService[24111:c6392d] [com.apple.UIKit:InterfaceStyle] Not push traits update to screen for new style 1, <_UIHostedWindowScene: 0x109775b80> (UIHostedScene-com.apple.SafariViewService-3E550FEF)
2026-09-30 23:36:02.640 Df SafariViewService[24111:c6392d] [com.apple.UIKit:DisplayLink] Legacy remapping target changed from '(null)' to '5413AD25-0C44-4163-A8FF-B906395CA854'
2026-09-30 23:36:02.644 Df SafariViewService[24111:c6392d] [com.apple.UIKit:AppLifecycle] sceneOfRecord: sceneID: UIHostedScene-com.apple.SafariViewService-3E550FEF  persistentID: UIHostedScene-com.apple.SafariViewService-3E550FEF
2026-09-30 23:36:02.644 Df SafariViewService[24111:c6392d] [com.apple.UIKit:InterfaceStyle] Should not send trait collection or coordinate space update, interface style 1 -> 1, <_UIHostedWindowScene: 0x109775b80> (UIHostedScene-com.apple.SafariViewService-3E550FEF)
2026-09-30 23:36:02.645 Df SafariViewService[24111:c6392d] [com.apple.UIKit:ScenePostSettingsUpdateResponse] <_UIScenePostSettingsUpdateResponseComponent: 0x105ca4180>: Scheduling <_UIScenePostSettingsUpdateWindowLayout: 0x106408fc0>
2026-09-30 23:36:02.648 Df MobileSafari[26454:c659fe] [com.apple.UIKit:Orientation] <BrowserWindowScene: 0x109e79b80> (71DD3C25-4702-4D1D-8EB9-7DEF87C13EE1) Scene updated orientation preferences: ( Pu ) -> ( Pu Ll Lr )
2026-09-30 23:36:02.648 Df MobileSafari[26454:c659fe] [com.apple.FrontBoard:Scene] [UISceneHosting-com.apple.mobilesafari:UIHostedScene-com.apple.SafariViewService-3E550FEF] Sending action(s) to "_UIViewServiceSceneExtension": _UIViewServiceHostAppearanceAction
2026-09-30 23:36:02.649 Df SafariViewService[24111:c6392d] [com.apple.UIKit:AppLifecycle] sceneOfRecord: sceneID: UIHostedScene-com.apple.SafariViewService-3E550FEF  persistentID: UIHostedScene-com.apple.SafariViewService-3E550FEF
2026-09-30 23:36:02.649 Df SafariViewService[24111:c6392d] [com.apple.UIKit:InterfaceStyle] Scene did update interface style to 1, <_UIKeyboardInputScene: 0x109776800> (KeyboardInputScene-26454(v270CE8)->/UISceneHosting-com.apple.mobilesafari:UIHostedScene-com.apple.SafariViewService-3E550FEF)
2026-09-30 23:36:02.649 Df SafariViewService[24111:c6392d] [com.apple.UIKit:InterfaceStyle] Push traits update to screen for new style 1, <_UIKeyboardInputScene: 0x109776800> (KeyboardInputScene-26454(v270CE8)->/UISceneHosting-com.apple.mobilesafari:UIHostedScene-com.apple.SafariViewService-3E550FEF
2026-09-30 23:36:02.649 Df SafariViewService[24111:c6392d] [com.apple.UIKit:AppLifecycle] sceneOfRecord: sceneID: UIHostedScene-com.apple.SafariViewService-3E550FEF  persistentID: UIHostedScene-com.apple.SafariViewService-3E550FEF
2026-09-30 23:36:02.649 Df SafariViewService[24111:c6392d] [com.apple.FrontBoard:SceneClient] [UISceneHosting-com.apple.mobilesafari:UIHostedScene-com.apple.SafariViewService-3E550FEF] Received action(s) for "_UIViewServiceSceneExtension": _UIViewServiceHostAppearanceAction
2026-09-30 23:36:02.652 Df MobileSafari[26454:c659fe] [com.apple.UIKit:InterfaceStyle] Not push traits update to screen for new style 1, <_UIKeyboardInputScene: 0x13f47ad00> (KeyboardInputScene-com.apple.frontboard.systemappservices/FBSceneManager:sceneID%3Acom.apple.mobilesafari-71DD3C25-4702-4D1D-
2026-09-30 23:36:02.652 Df MobileSafari[26454:c659fe] [com.apple.UIKit:AppLifecycle] sceneOfRecord: sceneID: sceneID:com.apple.mobilesafari-71DD3C25-4702-4D1D-8EB9-7DEF87C13EE1  persistentID: 71DD3C25-4702-4D1D-8EB9-7DEF87C13EE1
2026-09-30 23:36:02.652 Df SafariViewService[24111:c660c9] [com.apple.BackBoard:EventDelivery] [BKSHIDEventObserver] reachability for target <environment: keyboardFocus; target: <token: 26454(v270CE8)->/UISceneHosting-com.apple.mobilesafari:UIHostedScene-com.apple.SafariViewService-3E550FEF; pid: 24
2026-09-30 23:36:02.654 A  SafariViewService[24111:c660c9] (Security) SecItemCopyMatching_ios
2026-09-30 23:36:02.654 Df SafariViewService[24111:c660cb] [com.apple.mobilesafari:Keychain] -[WBSSavedAccountStore savedAccounts]: Loading saved accounts
2026-09-30 23:36:02.654 Df SafariViewService[24111:c660c9] [com.apple.securityd:thread-local-client-debug] SecSecurityClientGet new thread!
2026-09-30 23:36:02.654 Df SafariViewService[24111:c660cb] [com.apple.mobilesafari:Passwords] Beginning saved account store load
2026-09-30 23:36:02.654 A  SafariViewService[24111:c660cb] (Security) SecItemCopyMatching_ios
2026-09-30 23:36:02.654 Df SafariViewService[24111:c660cb] [com.apple.securityd:thread-local-client-debug] SecSecurityClientGet new thread!
2026-09-30 23:36:02.654 Df MobileSafari[26454:c65d8c] [com.apple.TextInputUI:InputSession_Proxy] -[TUIInputSessionProxy _configureConnection:]_block_invoke - InvalidationHandler called on nsxpcconnection.
2026-09-30 23:36:02.654 Df InputUI[87035:c33b5c] [com.apple.TextInputUI:InputSession_Manager] InvalidationHandler: connection with pid: 26454
2026-09-30 23:36:02.654 Df InputUI[87035:c33b5c] [com.apple.TextInputUI:InputSession_Manager] Invalidating connection for versionedPID: 10991714663688022
2026-09-30 23:36:02.655 Df SafariViewService[24111:c660cb] [com.apple.mobilesafari:Passwords] No passkeys found.
2026-09-30 23:36:02.655 Df SafariViewService[24111:c660cb] [com.apple.mobilesafari:Keychain] -[WBSSavedAccountStore _fetchAndFilterPasskeysData]: Loaded 0 passkey keychain records from personal keychain
2026-09-30 23:36:02.655 A  SafariViewService[24111:c660cb] (Security) SecItemCopyMatching_ios
2026-09-30 23:36:02.656 E  SafariViewService[24111:c660cb] [com.apple.mobilesafari:Passwords] Could not fetch passkeys: -25300
2026-09-30 23:36:02.656 Df SafariViewService[24111:c660cb] [com.apple.mobilesafari:Keychain] -[WBSSavedAccountStore _fetchAndFilterRecentlyDeletedPasskeysData]: Loaded 0 recently deleted passkey keychain records from personal keychain
2026-09-30 23:36:02.656 A  SafariViewService[24111:c660cb] (Security) SecItemCopyMatching_ios
2026-09-30 23:36:02.657 Df SafariViewService[24111:c660cb] [com.apple.mobilesafari:Keychain] -[WBSSavedAccountStore _loadSavedAccountsWithPasswordsFromKeychainData:forGroupID:withDictionaryForSavedAccountsWithPasswords:fromRecentlyDeleted:]: Loaded 0 password keychain records from group:  from Recen
2026-09-30 23:36:02.657 A  SafariViewService[24111:c660cb] (Security) SecItemCopyMatching_ios
2026-09-30 23:36:02.657 Df SafariViewService[24111:c660cb] [com.apple.mobilesafari:Keychain] No sidecar items found in access group com.apple.password-manager
2026-09-30 23:36:02.657 Df SafariViewService[24111:c660cb] [com.apple.mobilesafari:Keychain] -[WBSSavedAccountStore _loadSavedAccountsWithPasswordsFromKeychainData:forGroupID:withDictionaryForSavedAccountsWithPasswords:fromRecentlyDeleted:]: loaded 0 sidecar items from personal keychain
2026-09-30 23:36:02.657 Df SafariViewService[24111:c660cb] [com.apple.mobilesafari:Keychain] 0 unmatched sidecars
2026-09-30 23:36:02.658 A  SafariViewService[24111:c660cb] (Security) SecItemCopyMatching_ios
2026-09-30 23:36:02.658 Df SafariViewService[24111:c660cb] [com.apple.mobilesafari:Keychain] No sidecar items found in access group com.apple.password-manager
2026-09-30 23:36:02.658 Df SafariViewService[24111:c660cb] [com.apple.mobilesafari:Passwords] Skipping fetching of Sign in with Apple accounts since the bundle identifier (com.apple.SafariViewService) doesn't match Passwords app or Passwords menu bar app.
2026-09-30 23:36:02.658 Df SafariViewService[24111:c660cb] [com.apple.mobilesafari:Passwords] Completed saved account store load
2026-09-30 23:36:02.659 Df SafariViewService[24111:c660cb] [com.apple.mobilesafari:Keychain] -[WBSSavedAccountStore _savedAccounts]: Returning 0 saved accounts
2026-09-30 23:36:02.659 Df SafariViewService[24111:c660cb] [com.apple.mobilesafari:Keychain] -[WBSSavedAccountStore savedAccounts]: Loading completed with 0 saved accounts
2026-09-30 23:36:02.659 A  SafariViewService[24111:c660cb] (Security) SecItemCopyMatching_ios
2026-09-30 23:36:02.659 Df SafariViewService[24111:c660cb] [com.apple.mobilesafari:Keychain] -[WBSSavedAccountStore _loadSavedAccountsWithPasswordsFromKeychainData:forGroupID:withDictionaryForSavedAccountsWithPasswords:fromRecentlyDeleted:]: Loaded 0 password keychain records from group:  from Recen
2026-09-30 23:36:02.659 A  SafariViewService[24111:c660cb] (Security) SecItemCopyMatching_ios
2026-09-30 23:36:02.660 Df SafariViewService[24111:c660cb] [com.apple.mobilesafari:Keychain] No sidecar items found in access group com.apple.password-manager-recently-deleted
2026-09-30 23:36:02.660 Df SafariViewService[24111:c660cb] [com.apple.mobilesafari:Keychain] -[WBSSavedAccountStore _loadSavedAccountsWithPasswordsFromKeychainData:forGroupID:withDictionaryForSavedAccountsWithPasswords:fromRecentlyDeleted:]: loaded 0 sidecar items from personal keychain
2026-09-30 23:36:02.660 Df SafariViewService[24111:c660cb] [com.apple.mobilesafari:Keychain] 0 unmatched sidecars
2026-09-30 23:36:02.660 A  SafariViewService[24111:c660cb] (Security) SecItemCopyMatching_ios
2026-09-30 23:36:02.661 Df SafariViewService[24111:c660cb] [com.apple.mobilesafari:Keychain] No sidecar items found in access group com.apple.password-manager-recently-deleted
2026-09-30 23:36:02.665 Df InputUI[87035:c65869] [com.apple.FrontBoard:ProcessScene] [0x106e4b600:com.apple.InputUI.keyboard:KeyboardInputScene-com.apple.frontboard.systemappservices/FBSceneManager:sceneID%3Acom.apple.mobilesafari-71DD3C25-4702-4D1D-8EB9-7DEF87C13EE1] Scene action [Logical Deactivat
2026-09-30 23:36:02.668 E  SafariViewService[24111:c660c9] [com.apple.mobilesafari:RemotelyUpdatableDataController] The downloaded data file (file:///Users/tarunyadgirkar/Library/Developer/CoreSimulator/Devices/67D26F69-0444-498D-ADEE-F687E565B7CB/data/Containers/Data/Application/940B02CD-FEDE-4572-
2026-09-30 23:36:02.680 Df SafariViewService[24111:c6392d] [com.apple.LocalAuthentication:Client,LAContext] Creating LAContext new cid:3
2026-09-30 23:36:02.681 Df coreauthd[93298:c60af8] [com.apple.LocalAuthentication:Server,LAContext] Context[14:0] created
2026-09-30 23:36:02.681 Df coreauthd[93298:c60af8] [com.apple.LocalAuthentication:Context] Tracking <ContextPluginACM: 0x104684180>[0]
2026-09-30 23:36:02.681 Df coreauthd[93298:c60af8] [com.apple.LocalAuthentication:ACM] Updated: <LACACMPoolsInfo; disposable: <LACACMPoolInfo; size: 64, used: 0, free: 64, freeForLA: 58, reservedForLA: 58>, non-disposable: <LACACMPoolInfo; size: 64, used: 0, free: 64, freeForLA: 58, reservedForLA: 5
2026-09-30 23:36:02.681 Df coreauthd[93298:c60af8] [com.apple.LocalAuthentication:Server,LAContext] ContextProxy[24111:2:14:0] created for Context[14:0] uid:502
2026-09-30 23:36:02.681 Df SafariViewService[24111:c6392d] [com.apple.LocalAuthentication:Client,LAContext] LAContext[2:14:0] created new cid:3
2026-09-30 23:36:02.682 Df coreauthd[93298:c60af8] [com.apple.LocalAuthentication:Server,Biometry] evaluatePolicy:1 options:{
    1000 = 1;
    1096 = 1;
}, uiDelegate:0 on ContextProxy[24111:2:14:0] rid:37
2026-09-30 23:36:02.682 Df coreauthd[93298:c60af8] [com.apple.LocalAuthentication:SharedMode] <LACSharedModeProcessor: 0x104432ca0> not available in this platform
2026-09-30 23:36:02.682 Df coreauthd[93298:c60af8] [com.apple.LocalAuthentication:Default] Skipping processing of request rid: 37 by <LACSharedModeProcessor: 0x104432ca0>
2026-09-30 23:36:02.682 Df coreauthd[93298:c60af8] [com.apple.LocalAuthentication:Default] Skipping processing of request rid: 37 by <LACDTOServiceProcessor: 0x104668050>
2026-09-30 23:36:02.682 Df coreauthd[93298:c60af8] [com.apple.LocalAuthentication:Default] Returning cached eligibility result: true for domain: LACEligibilityDomainPhoneIntegration
2026-09-30 23:36:02.682 Df coreauthd[93298:c60af8] [com.apple.LocalAuthentication:Default] Returning cached eligibility result: true for domain: LACEligibilityDomainPhoneIntegration
2026-09-30 23:36:02.683 Df coreauthd[93298:c60af8] [com.apple.LocalAuthentication:Default] Skipping processing of request rid: 37 by <LACPhoneIntegrationSessionProcessor: 0x1044ef4a0>
2026-09-30 23:36:02.683 Df coreauthd[93298:c60af8] [com.apple.LocalAuthentication:ABM] <LACOnenessController: 0x104478f00> Not handling request rid: 37 - session not active
2026-09-30 23:36:02.683 Df coreauthd[93298:c60af8] [com.apple.LocalAuthentication:Default] Skipping processing of request rid: 37 by <LACOnenessController: 0x104478f00>
2026-09-30 23:36:02.683 Df coreauthd[93298:c60af8] [com.apple.LocalAuthentication:Default] Returning cached eligibility result: true for domain: LACEligibilityDomainPhoneIntegration
2026-09-30 23:36:02.683 Df coreauthd[93298:c60af8] [com.apple.LocalAuthentication:Default] Returning cached eligibility result: true for domain: LACEligibilityDomainPhoneIntegration
2026-09-30 23:36:02.683 Df coreauthd[93298:c60af8] [com.apple.LocalAuthentication:ABM] <LACPhoneIntegrationController: 0x1044790c0> Not handling request rid: 37 - session not active
2026-09-30 23:36:02.683 Df coreauthd[93298:c60af8] [com.apple.LocalAuthentication:Default] Skipping processing of request rid: 37 by <LACPhoneIntegrationController: 0x1044790c0>
2026-09-30 23:36:02.683 Df coreauthd[93298:c60af8] [com.apple.LocalAuthentication:Default] Skipping processing of request rid: 37 by <LACApplePayBiometryToggleProcessor: 0x104668090>
2026-09-30 23:36:02.683 Df coreauthd[93298:c60af8] [com.apple.LocalAuthentication:Default] Skipping processing of request rid: 37 by <LACStashedCredentialsProcessor: 0x1046680c0>
2026-09-30 23:36:02.684 Df coreauthd[93298:c60af8] [com.apple.LocalAuthentication:Default] Returning cached eligibility result: true for domain: LACEligibilityDomainPhoneIntegration
2026-09-30 23:36:02.684 Df coreauthd[93298:c60af8] [com.apple.LocalAuthentication:Default] Returning cached eligibility result: true for domain: LACEligibilityDomainPhoneIntegration
2026-09-30 23:36:02.684 Df coreauthd[93298:c60af8] [com.apple.LocalAuthentication:ABM] <LACPhoneIntegrationController: 0x1044790c0> Not handling request rid: 37 - session not active
2026-09-30 23:36:02.684 Df coreauthd[93298:c60af8] [com.apple.LocalAuthentication:ABM] <LACOnenessController: 0x104478f00> Not handling request rid: 37 - session not active
2026-09-30 23:36:02.685 Df coreauthd[93298:c60af8] [com.apple.LocalAuthentication:Default] Returning cached eligibility result: true for domain: LACEligibilityDomainPhoneIntegration
2026-09-30 23:36:02.685 Df coreauthd[93298:c60af8] [com.apple.LocalAuthentication:Default] Returning cached eligibility result: true for domain: LACEligibilityDomainPhoneIntegration
2026-09-30 23:36:02.685 Df coreauthd[93298:c60af8] [com.apple.LocalAuthentication:SharedMode] <LACSharedModeProcessor: 0x104432ca0> not available in this platform
2026-09-30 23:36:02.685 Df SafariViewService[24111:c6392d] [com.apple.LocalAuthentication:Client,Biometry] canEvaluatePolicy:1 on LAContext[2:14:0] cid:4 returned Error Domain=com.apple.LocalAuthentication Code=-7 "No identities are enrolled." UserInfo={NSDebugDescription=No identities are enrolled.
2026-09-30 23:36:02.685 Df SafariViewService[24111:c6392d] [com.apple.LocalAuthentication:Client,LAContext] LAContext[2:14:0] deallocated
2026-09-30 23:36:02.685 Df SafariViewService[24111:c6392d] [com.apple.UIKit:ViewServices] Appearance transition didAppear for 26454(v270CE8)->/UISceneHosting-com.apple.mobilesafari:UIHostedScene-com.apple.SafariViewService-3E550FEF
2026-09-30 23:36:02.685 Df SafariViewService[24111:c6392d] [com.apple.FrontBoard:Common] [UISceneHosting-com.apple.mobilesafari:UIHostedScene-com.apple.SafariViewService-3E550FEF] Component <_UIViewServiceClientSceneComponent: 0x109cdb600> handled action(s): <_UIViewServiceHostAppearanceAction: 0x10
2026-09-30 23:36:02.685 Df MobileSafari[26454:c659fe] [com.apple.UIKit:Orientation] <BrowserWindowScene: 0x109e79b80> (71DD3C25-4702-4D1D-8EB9-7DEF87C13EE1) Scene updated orientation preferences: ( Pu Ll Lr ) -> ( Pu )
2026-09-30 23:36:02.686 Df MobileSafari[26454:c659fe] [com.apple.UIKit:UIPeripheralHost] endPlacementForInputViewSet: <<UIInputViewSet: 0x174006100>; keyboard = <UIKeyboardAutomatic: 0x109e3db00; frame = (0 0; 402 226); opaque = NO; layer = <CALayer: 0x106520930>>%; assistant = <TUISystemInputAssist
2026-09-30 23:36:02.686 Df MobileSafari[26454:c659fe] [com.apple.UIKit:UIPeripheralHost] endPlacementForInputViewSet, returning -> <UIInputViewSetPlacementOnScreenWithAccessory>
2026-09-30 23:36:02.687 Df coreauthd[93298:c60af8] [com.apple.LocalAuthentication:Server,LAContext] ContextProxy[24111:2:14:0] deallocated
2026-09-30 23:36:02.687 Df coreauthd[93298:c60af8] [com.apple.LocalAuthentication:Context] Untracking proxy:ContextProxy[24111:2:14:0] from plugin:<ContextPluginACM: 0x104684180>[0] (ContextProxy[24111:2:14:0] deallocated)
2026-09-30 23:36:02.687 Df coreauthd[93298:c60af8] [com.apple.LocalAuthentication:Server,LAContext] Context[14:0] deallocated
2026-09-30 23:36:02.687 Df coreauthd[93298:c60af8] [com.apple.LocalAuthentication:Context] Untracking <ContextPluginACM: 0x104684180>[0] (released gracefully), was present: 0
2026-09-30 23:36:02.687 A  InputUI[87035:c65869] (RunningBoardServices) observedProcessStatesDidChange
2026-09-30 23:36:02.687 Df InputUI[87035:c65869] [com.apple.runningboard:monitor] Received state update for 86754 (osservice<com.apple.SpringBoard>, running-active-Visible
2026-09-30 23:36:02.687 Df MobileSafari[26454:c659fe] [com.apple.UIKit:KeyboardArbiterClientLog] -[_UIRemoteKeyboards prepareToMoveKeyboard:withIAV:isIAVRelevant:showing:notifyRemote:forScene:] position: {{0, 0}, {402, 345}} visible: 1; notifyRemote: 1; isMinimized: NO
2026-09-30 23:36:02.687 Df SafariViewService[24111:c6392d] [com.apple.mobilesafari:Keychain] -[WBSSavedAccountStore savedAccounts]: Loading saved accounts
2026-09-30 23:36:02.687 A  SafariViewService[24111:c659bb] (Security) SecItemCopyMatching_ios
2026-09-30 23:36:02.687 Df SafariViewService[24111:c6392d] [com.apple.mobilesafari:Keychain] -[WBSSavedAccountStore _savedAccounts]: Returning 0 saved accounts
2026-09-30 23:36:02.687 Df SafariViewService[24111:c6392d] [com.apple.mobilesafari:Keychain] -[WBSSavedAccountStore savedAccounts]: Loading completed with 0 saved accounts
2026-09-30 23:36:02.687 A  InputUI[87035:c65861] (RunningBoardServices) observedProcessStatesDidChange
2026-09-30 23:36:02.687 Df SafariViewService[24111:c659bb] [com.apple.securityd:thread-local-client-debug] SecSecurityClientGet new thread!
2026-09-30 23:36:02.687 Df InputUI[87035:c65861] [com.apple.runningboard:monitor] Received state update for 97297 (osservice<com.apple.DragUI.druid>, running-Visible
2026-09-30 23:36:02.687 A  InputUI[87035:c65861] (RunningBoardServices) observedProcessStatesDidChange
2026-09-30 23:36:02.687 Df InputUI[87035:c65861] [com.apple.runningboard:monitor] Received state update for 26454 (app<com.apple.mobilesafari((null))>, running-active-Visible
2026-09-30 23:36:02.688 A  InputUI[87035:c65861] (RunningBoardServices) observedProcessStatesDidChange
2026-09-30 23:36:02.688 A  SafariViewService[24111:c660cb] (Security) SecItemCopyMatching_ios
2026-09-30 23:36:02.688 A  MobileSafari[26454:c65d8c] (RunningBoardServices) observedProcessStatesDidChange
2026-09-30 23:36:02.688 Df MobileSafari[26454:c65d8c] [com.apple.runningboard:monitor] Received state update for 87035 (osservice<com.apple.InputUI>, running-active-NotVisible
2026-09-30 23:36:02.688 Df SafariViewService[24111:c660c8] [com.apple.mobilesafari:Keychain] -[WBSSavedAccountStore savedAccounts]: Loading saved accounts
2026-09-30 23:36:02.688 Df SafariViewService[24111:c660c8] [com.apple.mobilesafari:Keychain] -[WBSSavedAccountStore _savedAccounts]: Returning 0 saved accounts
2026-09-30 23:36:02.688 Df InputUI[87035:c65861] [com.apple.runningboard:monitor] Received state update for 87035 (osservice<com.apple.InputUI>, running-active-Visible
2026-09-30 23:36:02.688 A  InputUI[87035:c65861] (RunningBoardServices) didChangeInheritances
2026-09-30 23:36:02.688 Df SafariViewService[24111:c660c8] [com.apple.mobilesafari:Keychain] -[WBSSavedAccountStore savedAccounts]: Loading completed with 0 saved accounts
2026-09-30 23:36:02.690 Df InputUI[87035:c33b5c] [com.apple.KeyboardArbiter:Handle] RX com.apple.mobilesafari(26454) notifyIAVHeight:100.0 (was 0.0)
2026-09-30 23:36:02.690 Df MobileSafari[26454:c659fe] [com.apple.UIKit:_UIVisualStyleRegistry] Note: no default visual style class registered as fallback for stylable class UITextEffectsWindow
2026-09-30 23:36:02.690 Df MobileSafari[26454:c659fe] [com.apple.UIKit:_UIVisualStyleRegistry] Note: no default visual style class registered as fallback for stylable class UITextEffectsWindow
2026-09-30 23:36:02.691 Df MobileSafari[26454:c659fe] [com.apple.UIKit:KeyboardScene] Created RKW <UIRemoteKeyboardWindow: 0x107500000> in scene com.apple.UIKit.KeyboardManagement.hosted/com.apple.InputUI.keyboard:KeyboardInputScene-com.apple.frontboard.systemappservices%2FFBSceneManager%3AsceneID%2
2026-09-30 23:36:02.691 Df MobileSafari[26454:c659fe] [com.apple.KeyboardArbiter:Client] prepareToMoveKeyboard: set currentKeyboard:Y (snapshot:N, notifyRemote:Y, position:{{0, 529}, {402, 345}})
2026-09-30 23:36:02.692 Df MobileSafari[26454:c659fe] [com.apple.KeyboardArbiter:Client] TX signalKeyboardChanged: <<fence:Y pos:{{0, 529}, {402, 345}} anim:Y onScreen:Y tracking:N resizing:N local:N uiPos:Unknown notif:N> src{scene:com.apple.mobilesafari-71DD3C25-4702-4D1D-8EB9-7DEF87C13EE1 display
2026-09-30 23:36:02.692 A  MobileSafari[26454:c65d8c] (RunningBoardServices) didChangeInheritances
2026-09-30 23:36:02.692 Df MobileSafari[26454:c659fe] [com.apple.UIKit:KeyboardArbiterClientLog] -[_UIRemoteKeyboards signalToProxyKeyboardChanged:onCompletion:]  Signaling keyboard changed <<<_UIKeyboardChangedInformation: 0x16e541b00>; appId (null) bundleId (null) animation fence <BKSAnimationFenc
2026-09-30 23:36:02.692 E  SafariViewService[24111:c660cb] [com.apple.mobilesafari:Passwords] Failed to fetch password evaluations cache from keychain: -34018
2026-09-30 23:36:02.693 Df MobileSafari[26454:c659fe] [com.apple.KeyboardArbiter:Client] TX setWindowContextID:4019778314 windowState:Enabled level:5.0
    focusContext:<contextID:3574600963 sceneID:com.apple.mobilesafari-71DD3C25-4702-4D1D-8EB9-7DEF87C13EE1>
2026-09-30 23:36:02.693 Df InputUI[87035:c33b5c] [com.apple.KeyboardArbiter:Handle] RX com.apple.mobilesafari(26454) signalKeyboardChanged
    keyboardChanges:<<fence:Y pos:{{0, 529}, {402, 345}} anim:Y onScreen:Y tracking:N resizing:N local:N uiPos:Unknown notif:N> src{scene:com.apple.mobilesafari-71DD3C25-4702-4D1D-8EB9-7DEF87C13EE1 display:Main bundle:com.apple.mobilesafari} hostBundle:(null) posWithIAV:{{0, 429}, {402, 445}} snapsh
2026-09-30 23:36:02.695 Df MobileSafari[26454:c659fe] [com.apple.UIKit:KeyboardVisualMode] Show keyboard with visual mode windowed (0)
2026-09-30 23:36:02.696 Df InputUI[87035:c33b5c] [com.apple.KeyboardArbiter:Events] set activeInputDestination:<com.apple.mobilesafari focus:<contextID:3574600963 sceneID:com.apple.mobilesafari-71DD3C25-4702-4D1D-8EB9-7DEF87C13EE1> run:Y hosting:() level:5 active:N wantedState:Disabled #suppr:0 iavH
2026-09-30 23:36:02.696 Df InputUI[87035:c33b5c] [com.apple.UIKit:KeyboardArbiter] active input destination is now <_UIKeyboardArbiterClientHandle: 0x1100f2ca0; [app<com.apple.mobilesafari((null))>:26454] <<UIKBArbiterClientFocusContext: 0x1072eec60; contextID = d5101503; sceneIdentity = com.apple.f
)}; level 5.000000; active NO [wants NO]; suppression 0; iav 100.000000; on screen YES; isAcquiringFocus: NO>; information: <<<_UIKeyboardChangedInformation: 0x110010900>; appId (null) bundleId (null) animation fence <BKSAnimationFenceHandle:0x106ff8b10 -> <CAFenceHandle:0x107110460 name=13e fence=1
2026-09-30 23:36:02.698 Df MobileSafari[26454:c659fe] [com.apple.UIKit:UIPeripheralHost] endPlacementForInputViewSet: <<UIInputViewSet: 0x174005380>; keyboard = <UIKeyboardAutomatic: 0x109e3db00; frame = (0 0; 402 226); opaque = NO; layer = <CALayer: 0x106520930>>%; assistant = <TUISystemInputAssist
2026-09-30 23:36:02.698 Df MobileSafari[26454:c659fe] [com.apple.UIKit:UIPeripheralHost] endPlacementForInputViewSet, returning -> <UIInputViewSetPlacementOnScreenWithAccessory>
2026-09-30 23:36:02.699 Df SafariViewService[24111:c6392d] [com.apple.KeyboardArbiter:Client] RX keyboardChanged (isLocal:N source:com.apple.mobilesafari-71DD3C25-4702-4D1D-8EB9-7DEF87C13EE1 frame:{{0, 529}, {402, 345}} onScreen:Y)
2026-09-30 23:36:02.699 Df SafariViewService[24111:c6392d] [com.apple.KeyboardArbiter:Client] handleKeyboardChange: set currentKeyboard:N (wasKeyboard:N)
2026-09-30 23:36:02.699 Df InputUI[87035:c33b5c] [com.apple.KeyboardArbiter:Client] RX keyboardChanged (isLocal:N)
2026-09-30 23:36:02.699 Df InputUI[87035:c33b5c] [com.apple.KeyboardArbiter:Client] RX keyboardChanged (isLocal:N source:com.apple.mobilesafari-71DD3C25-4702-4D1D-8EB9-7DEF87C13EE1 frame:{{0, 529}, {402, 345}} onScreen:Y)
2026-09-30 23:36:02.699 Df InputUI[87035:c33b5c] [com.apple.KeyboardArbiter:Client] handleKeyboardChange: set currentKeyboard:N (wasKeyboard:N)
2026-09-30 23:36:02.699 Df SafariViewService[24111:c6392d] [com.apple.UIKit:TrackingElementWindowController] Updating sizing for existing placement <UITrackingElementPlacementInitialPosition>
2026-09-30 23:36:02.699 Df InputUI[87035:c33b5c] [com.apple.KeyboardArbiter:Handle] RX com.apple.mobilesafari(26454) setWindowContextID:4019778314 windowState:Enabled level:5.0
    focusContext:<contextID:3574600963 sceneID:com.apple.mobilesafari-71DD3C25-4702-4D1D-8EB9-7DEF87C13EE1>
2026-09-30 23:36:02.699 Df SafariViewService[24111:c6392d] [com.apple.TextInputUI:KeyboardTrackingCoordinator] Updating tracking clients for start <TUIKeyboardTrackingCoordinator:0x106484780 state=<TUIKeyboardState: 0x13fe5d280 State: onscreen with input view; is docked>; frame={{0, 529}, {402, 345}
2026-09-30 23:36:02.699 Df SafariViewService[24111:c6392d] [com.apple.UIKit:KeyboardLayoutGuide] changeSizingConstants: size is changing [not transitioning] to {402, 345} [previous size: {402, 0}]
2026-09-30 23:36:02.699 Df SafariViewService[24111:c6392d] [com.apple.TextInputUI:KeyboardTrackingCoordinator] Updating tracking clients for start <TUIKeyboardTrackingCoordinator:0x106497480 state=<TUIKeyboardState: 0x13fe5d280 State: onscreen with input view; is docked>; frame={{0, 529}, {402, 345}
2026-09-30 23:36:02.699 Df SafariViewService[24111:c6392d] [com.apple.UIKit:KeyboardLayoutGuide] changeSizingConstants: size is changing [not transitioning] to {402, 345} [previous size: {402, 0}]
2026-09-30 23:36:02.700 Df SafariViewService[24111:c6392d] [com.apple.UIKit:TrackingElementWindowController] Updating sizing for existing placement <UIInputViewSetPlacementOffScreenDown>
2026-09-30 23:36:02.700 Df SafariViewService[24111:c6392d] [com.apple.UIKit:KeyboardArbiterClientLog] -[_UIRemoteKeyboardPlaceholderView refreshPlaceholder]  refreshPlaceholder: size={402, 345} [previous size={402, 345}]
2026-09-30 23:36:02.700 Df SafariViewService[24111:c6392d] [com.apple.TextInputUI:KeyboardTrackingCoordinator] Updating tracking clients for start <TUIKeyboardTrackingCoordinator:0x106484780 state=<TUIKeyboardState: 0x13fe5e180 State: onscreen with input view; is docked>; frame={{0, 529}, {402, 345}
    UIKeyboardAnimationCurveUserInfoKey = 7;
    UIKeyboardAnimationDurationUserInfoKey = "0.3833";
    UIKeyboardBoundsUserInfoKey = "NSRect: {{0, 0}, {402, 345}}";
    UIKeyboardCenterBeginUserInfoKey = "NSPoint: {0, 0}";
    UIKeyboardCenterEndUserInfoKey = "NSPoint: {201, 701.5}";
    UIKeyboardFrameBeginUserInfoKey = "NSRect: {{0, 0}, {0, 0}}";
    UIKeyboardFrameEndUserInfoKey = "NSRect: {{0, 529}, {402, 345}}";
    UIKeyboardIsLocalUserInfoKey = 0;
}notificationsDebug: >>
2026-09-30 23:36:02.700 Df SafariViewService[24111:c6392d] [com.apple.TextInputUI:KeyboardTrackingCoordinator] Updating tracking clients for start <TUIKeyboardTrackingCoordinator:0x106497480 state=<TUIKeyboardState: 0x13fe5e180 State: onscreen with input view; is docked>; frame={{0, 529}, {402, 345}
    UIKeyboardAnimationCurveUserInfoKey = 7;
    UIKeyboardAnimationDurationUserInfoKey = "0.3833";
    UIKeyboardBoundsUserInfoKey = "NSRect: {{0, 0}, {402, 345}}";
    UIKeyboardCenterBeginUserInfoKey = "NSPoint: {0, 0}";
    UIKeyboardCenterEndUserInfoKey = "NSPoint: {201, 701.5}";
    UIKeyboardFrameBeginUserInfoKey = "NSRect: {{0, 0}, {0, 0}}";
    UIKeyboardFrameEndUserInfoKey = "NSRect: {{0, 529}, {402, 345}}";
    UIKeyboardIsLocalUserInfoKey = 0;
}notificationsDebug: >>
2026-09-30 23:36:02.700 Df SafariViewService[24111:c6392d] [com.apple.TextInputUI:KeyboardTrackingCoordinator] Posted notification willShow with {
    UIKeyboardAnimationCurveUserInfoKey = 7;
    UIKeyboardAnimationDurationUserInfoKey = "0.3833";
    UIKeyboardBoundsUserInfoKey = "NSRect: {{0, 0}, {402, 345}}";
    UIKeyboardCenterBeginUserInfoKey = "NSPoint: {0, 0}";
    UIKeyboardCenterEndUserInfoKey = "NSPoint: {201, 701.5}";
    UIKeyboardFrameBeginUserInfoKey = "NSRect: {{0, 0}, {0, 0}}";
    UIKeyboardFrameEndUserInfoKey = "NSRect: {{0, 529}, {402, 345}}";
    UIKeyboardIsLocalUserInfoKey = 0;
} (null)
2026-09-30 23:36:02.701 Df SafariViewService[24111:c6392d] [com.apple.TextInputUI:KeyboardTrackingCoordinator] Posted notification didShow with {
    UIKeyboardAnimationCurveUserInfoKey = 7;
    UIKeyboardAnimationDurationUserInfoKey = "0.3833";
    UIKeyboardBoundsUserInfoKey = "NSRect: {{0, 0}, {402, 345}}";
    UIKeyboardCenterBeginUserInfoKey = "NSPoint: {0, 0}";
    UIKeyboardCenterEndUserInfoKey = "NSPoint: {201, 701.5}";
    UIKeyboardFrameBeginUserInfoKey = "NSRect: {{0, 0}, {0, 0}}";
    UIKeyboardFrameEndUserInfoKey = "NSRect: {{0, 529}, {402, 345}}";
    UIKeyboardIsLocalUserInfoKey = 0;
} (null)
2026-09-30 23:36:02.703 Df MobileSafari[26454:c659fe] [com.apple.UIKit:PredictionViewControllerUI] -[UIPredictionViewController _updateAutocorrectionList:candidateGenerationContext:], <TIAutocorrectionList: 0x16e5d9500>
2026-09-30 23:36:02.703 Df MobileSafari[26454:c659fe] [com.apple.UIKit:PredictionViewControllerUI] UIPredictionViewController setting autocorrection list on TUIPredictionView, <TIAutocorrectionList: 0x16e5d9500>
2026-09-30 23:36:02.704 Df MobileSafari[26454:c659fe] [com.apple.UIKit:PredictionViewController] Creating securely-hosted prediction view
2026-09-30 23:36:02.704 Df MobileSafari[26454:c659fe] [com.apple.UIKit:KBProxyForwarding] <StateMachine:0x16e5d9800> Created with presentation environment: <0x173a8e0a0:<_UISceneKeyboardProxyLayerForwardingPresentationScene: 0x173a8e0a0> Tracking scene: <FBScene: 0x13dbf6c00; UISceneHosting-com.appl
2026-09-30 23:36:02.704 Df MobileSafari[26454:c659fe] [com.apple.UIKit:KBProxyForwarding] <ForwardingPresentationScene:0x173a8e0a0> Prioritized presenter: <_UIScenePresenter: 0x16e7f6760; identifier: UISceneHostingView-UIHostedScene-com.apple.InputUI-A2AF1289; sortContext: 0>.
2026-09-30 23:36:02.705 Df MobileSafari[26454:c659fe] [com.apple.BackBoard:EventDelivery] [BKSHIDEventObserver] set observing:YES
2026-09-30 23:36:02.705 Df MobileSafari[26454:c65d8b] [com.apple.BackBoard:EventDelivery] will update observations for 0 observers
2026-09-30 23:36:02.706 Df MobileSafari[26454:c659fe] [com.apple.FrontBoard:Scene] [UISceneHosting-com.apple.mobilesafari:UIHostedScene-com.apple.InputUI-A2AF1289] Setting parent scene: com.apple.InputUI.keyboard:KeyboardInputScene-com.apple.frontboard.systemappservices/FBSceneManager:sceneID%3Acom.
2026-09-30 23:36:02.706 Df MobileSafari[26454:c659fe] [com.apple.FrontBoard:Scene] [UISceneHosting-com.apple.mobilesafari:UIHostedScene-com.apple.InputUI-A2AF1289 (inactive)] propagating 11 settings from com.apple.InputUI.keyboard:KeyboardInputScene-com.apple.frontboard.systemappservices/FBSceneMana
2026-09-30 23:36:02.707 Df MobileSafari[26454:c659fe] [com.apple.UIKit:_UIChildRemoteContentRegistry] <_UIChildRemoteContentRegistry: 0x16e4d46f0; parentScene: <FBSScene: 0x1070a9680>; childScenes: 1; childViewServices: 0> Registry is now tracking child scene <FBScene: 0x166a632a0>
2026-09-30 23:36:02.707 Df MobileSafari[26454:c659fe] [com.apple.FrontBoard:Process] Asked to bootstrap a new process with identity: osservice<com.apple.InputUI>
2026-09-30 23:36:02.707 Df MobileSafari[26454:c659fe] [com.apple.FrontBoard:Process] Did not create a new process: A process for osservice<com.apple.InputUI> already exists.
2026-09-30 23:36:02.707 Df MobileSafari[26454:c659fe] [com.apple.FrontBoard:ProcessScene] [0x1740052c0:UISceneHosting-com.apple.mobilesafari:UIHostedScene-com.apple.InputUI-A2AF1289] Initialized with connection: 0x16e4d55f0.
2026-09-30 23:36:02.707 Df MobileSafari[26454:c659fe] [com.apple.FrontBoard:ProcessWorkspace] [osservice<com.apple.InputUI>:87035] Registered new scene: <FBWorkspaceScene: 0x1740052c0; UISceneHosting-com.apple.mobilesafari:UIHostedScene-com.apple.InputUI-A2AF1289> (fromRemnant = 0)
2026-09-30 23:36:02.707 Df MobileSafari[26454:c659fe] [com.apple.FrontBoard:Scene] [UISceneHosting-com.apple.mobilesafari:UIHostedScene-com.apple.InputUI-A2AF1289][1] Scene activated.
2026-09-30 23:36:02.707 Df MobileSafari[26454:c65d8b] [com.apple.FrontBoard:ProcessWorkspace] [osservice<com.apple.InputUI>:87035] Workspace interruption policy did change: disconnect
2026-09-30 23:36:02.708 Df MobileSafari[26454:c659fe] [com.apple.FrontBoard:Scene] [UISceneHosting-com.apple.mobilesafari:UIHostedScene-com.apple.InputUI-A2AF1289] Client process connected: [osservice<com.apple.InputUI>:87035]
2026-09-30 23:36:02.708 Df MobileSafari[26454:c65d8b] [com.apple.FrontBoard:Process] [osservice<com.apple.InputUI>:87035] Setting process visibility to: Background
2026-09-30 23:36:02.708 Df MobileSafari[26454:c659fe] [com.apple.UIKit:UISceneRelationshipManagement] <_UISceneRelationshipManagementHostComponent:0x16e5d9680> Scene <FBScene: 0x166a632a0> is hosted in <_UIKeyboardInputScene: 0x13f47ad00>
2026-09-30 23:36:02.708 Df MobileSafari[26454:c65d8b] [com.apple.FrontBoard:ProcessScene] [0x1740052c0:UISceneHosting-com.apple.mobilesafari:UIHostedScene-com.apple.InputUI-A2AF1289] Scene lifecycle state did change: Background
2026-09-30 23:36:02.708 Df MobileSafari[26454:c659fe] [com.apple.UIKit:KBProxyForwarding] <StateMachine:0x16e5d9800> Hosting window did change to <UIRemoteKeyboardWindow: 0x107500000; frame = (0 0; 402 874); opaque = NO; autoresize = W+H; gestureRecognizers = <NSArray: 0x13dc33560>; layer = <UIWindo
2026-09-30 23:36:02.708 Df MobileSafari[26454:c65d8b] [com.apple.FrontBoard:ProcessScene] [0x1740052c0:UISceneHosting-com.apple.mobilesafari:UIHostedScene-com.apple.InputUI-A2AF1289] Scene state did change: BG-Active[40].
2026-09-30 23:36:02.708 Df MobileSafari[26454:c659fe] [com.apple.UIKit:KBProxyForwarding] <StateMachine:0x16e5d9800> Waiting for a hosting window.
2026-09-30 23:36:02.708 Df MobileSafari[26454:c659fe] [com.apple.UIKit:KBProxyForwarding] <StateMachine:0x16e5d9800> Hosting environment did change to <0x13dc3eb60:FBSScene:KeyboardInputScene-com.apple.frontboard.systemappservices/FBSceneManager:sceneID%3Acom.apple.mobilesafari-71DD3C25-4702-4D1D-8E
2026-09-30 23:36:02.708 Df MobileSafari[26454:c65d8b] [com.apple.FrontBoard:ProcessWorkspace] [osservice<com.apple.InputUI>:87035] Workspace state did change: XX-None[0] --> BG-Active[40] (assertion acquired).
2026-09-30 23:36:02.708 Df MobileSafari[26454:c65d8b] [com.apple.FrontBoard:ProcessScene] [0x1740052c0:UISceneHosting-com.apple.mobilesafari:UIHostedScene-com.apple.InputUI-A2AF1289] Sending scene action [Create Inactive][0x4a7a] to process 0x13c854180 (watchdog: 10.00s)
2026-09-30 23:36:02.709 Df MobileSafari[26454:c65d8b] [com.apple.FrontBoard:ProcessScene] [0x1740052c0:UISceneHosting-com.apple.mobilesafari:UIHostedScene-com.apple.InputUI-A2AF1289] Sending scene create.
2026-09-30 23:36:02.709 Df MobileSafari[26454:c659fe] [com.apple.TextInputUI:InputCandidate_Controller] -[TUIHostingInputCandidateController forwardRenderConfigToClient:]
2026-09-30 23:36:02.709 Df MobileSafari[26454:c659fe] [com.apple.FrontBoard:Scene] [UISceneHosting-com.apple.mobilesafari:UIHostedScene-com.apple.InputUI-A2AF1289] Sending action(s): TextInputUI.InvocationHostToClient
2026-09-30 23:36:02.709 Df MobileSafari[26454:c659fe] [com.apple.UIKit:PredictionViewController] Make securedly-hosted prediction view prominent: NO
2026-09-30 23:36:02.709 Df MobileSafari[26454:c659fe] [com.apple.FrontBoard:Scene] [UISceneHosting-com.apple.mobilesafari:UIHostedScene-com.apple.InputUI-A2AF1289] Sending action(s): _UISceneHostingViewAppearanceActionHostToClient
2026-09-30 23:36:02.710 Df MobileSafari[26454:c659fe] [com.apple.UIKit:UIPeripheralHost] endPlacementForInputViewSet: <<UIInputViewSet: 0x174005380>; keyboard = <UIKeyboardAutomatic: 0x109e3db00; frame = (0 0; 402 226); opaque = NO; layer = <CALayer: 0x106520930>>%; assistant = <TUISystemInputAssist
2026-09-30 23:36:02.710 Df MobileSafari[26454:c659fe] [com.apple.UIKit:UIPeripheralHost] endPlacementForInputViewSet, returning -> <UIInputViewSetPlacementOnScreenWithAccessory>
2026-09-30 23:36:02.710 Df MobileSafari[26454:c659fe] [com.apple.UIKit:UIPeripheralHost] endPlacementForInputViewSet: <<UIInputViewSet: 0x174005380>; keyboard = <UIKeyboardAutomatic: 0x109e3db00; frame = (0 0; 402 226); opaque = NO; layer = <CALayer: 0x106520930>>%; assistant = <TUISystemInputAssist
2026-09-30 23:36:02.710 Df MobileSafari[26454:c659fe] [com.apple.UIKit:UIPeripheralHost] endPlacementForInputViewSet, returning -> <UIInputViewSetPlacementOnScreenWithAccessory>
2026-09-30 23:36:02.711 Df InputUI[87035:c33b5c] [com.apple.UIKit:UIScreen] Evaluated capturing state as 0 on <UIScreen: 0x11006ed00> for initial
2026-09-30 23:36:02.711 Df MobileSafari[26454:c659fe] [com.apple.UIKit:UIPeripheralHost] endPlacementForInputViewSet: <<UIInputViewSet: 0x174005380>; keyboard = <UIKeyboardAutomatic: 0x109e3db00; frame = (0 0; 402 226); opaque = NO; layer = <CALayer: 0x106520930>>%; assistant = <TUISystemInputAssist
2026-09-30 23:36:02.711 Df InputUI[87035:c33b5c] [com.apple.UIKit:UIScreen] Evaluated capturing state as 0 on <UIScreen: 0x11006ed00> for CADisplay KVO
2026-09-30 23:36:02.711 Df InputUI[87035:c6586a] [com.apple.BackBoard:EventDelivery] [BKSHIDEventObserver] reachability for target <environment: keyboardFocus; target: <token: 26454:FBWorkspace-com.apple.mobilesafari/UISceneHosting-com.apple.mobilesafari:UIHostedScene-com.apple.InputUI-A2AF1289; pid
2026-09-30 23:36:02.711 Df MobileSafari[26454:c659fe] [com.apple.UIKit:UIPeripheralHost] endPlacementForInputViewSet, returning -> <UIInputViewSetPlacementOnScreenWithAccessory>
2026-09-30 23:36:02.711 Df InputUI[87035:c33b5c] [com.apple.InputUI:InputSessionAppDelegate] Scene hosting required, using setDelegateClass: TUIHostedInputCandidateContainerSceneDelegate
2026-09-30 23:36:02.711 Df InputUI[87035:c33b5c] [com.apple.UIKit:InterfaceStyle] Not push traits update to screen for new style 1, <_UIHostedWindowScene: 0x107316080> (UIHostedScene-com.apple.InputUI-A2AF1289)
2026-09-30 23:36:02.711 Df InputUI[87035:c33b5c] [com.apple.UIKit:InterfaceStyle] Should send trait collection or coordinate space update, interface style 1 -> 1, <_UIHostedWindowScene: 0x107316080> (UIHostedScene-com.apple.InputUI-A2AF1289)
2026-09-30 23:36:02.711 Df MobileSafari[26454:c659fe] [com.apple.UIKit:UIPeripheralHost] endPlacementForInputViewSet: <<UIInputViewSet: 0x174005380>; keyboard = <UIKeyboardAutomatic: 0x109e3db00; frame = (0 0; 402 226); opaque = NO; layer = <CALayer: 0x106520930>>%; assistant = <TUISystemInputAssist
2026-09-30 23:36:02.711 Df MobileSafari[26454:c659fe] [com.apple.UIKit:UIPeripheralHost] endPlacementForInputViewSet, returning -> <UIInputViewSetPlacementOnScreenWithAccessory>
2026-09-30 23:36:02.711 Df InputUI[87035:c33b5c] [com.apple.UIKit:InterfaceStyle] Not push traits update to screen for new style 1, <_UIHostedWindowScene: 0x107316080> (UIHostedScene-com.apple.InputUI-A2AF1289)
2026-09-30 23:36:02.711 Df InputUI[87035:c33b5c] [com.apple.UIKit:HomeAffordanceObservation] Initializing: <_UIHomeAffordanceSceneNotifier: 0x107112fb0>; with scene: <_UIHostedWindowScene: 0x107316080>
2026-09-30 23:36:02.711 Df InputUI[87035:c33b5c] [com.apple.BacklightServices:scenes] 0x107081f20 setDelegate:<0x107081710 _UIBacklightEnvironment> hasDelegate:YES for environment:UIHostedScene-com.apple.InputUI-A2AF1289
2026-09-30 23:36:02.711 Df InputUI[87035:c33b5c] [com.apple.UIKit:InterfaceStyle] Not push traits update to screen for new style 1, <_UIHostedWindowScene: 0x107316080> (UIHostedScene-com.apple.InputUI-A2AF1289)
2026-09-30 23:36:02.711 Df InputUI[87035:c33b5c] [com.apple.UIKit:EventDeferring] [0x106ecfb80] Initialized with scene: <_UIHostedWindowScene: 0x107316080>; behavior: <_UIEventDeferringBehavior_iOS: 0x106e94480>; availableForProcess: 1, systemShellManagesKeyboardFocus: 1
2026-09-30 23:36:02.711 Df InputUI[87035:c33b5c] [com.apple.UIKit:InterfaceStyle] Not push traits update to screen for new style 1, <_UIHostedWindowScene: 0x107316080> (UIHostedScene-com.apple.InputUI-A2AF1289)
2026-09-30 23:36:02.711 Df InputUI[87035:c33b5c] [com.apple.BackBoard:EventDelivery] policy observer <BKSHIDEventDeliveryPolicyObserver: 0x1071108c0; process scope; policy: UNKNOWN> added
2026-09-30 23:36:02.711 Df InputUI[87035:c33b5c] [com.apple.BackBoard:EventDelivery] [BKSHIDEventObserver] set observing:YES
2026-09-30 23:36:02.712 Df InputUI[87035:c33b5c] [com.apple.BackBoard:EventDelivery] policyStatus:<BKSHIDEventDeliveryPolicyObserver: 0x1071108c0; process scope; <none; generation: 0>> was:(null)
2026-09-30 23:36:02.712 Df InputUI[87035:c33b5c] [com.apple.BackBoard:EventDelivery] [BKSHIDEventObserver] 0x1071108c0 _UIKeyWindowSceneObserver-0x107082eb0 setToken:26454:FBWorkspace-com.apple.mobilesafari/UISceneHosting-com.apple.mobilesafari:UIHostedScene-com.apple.InputUI-A2AF1289
2026-09-30 23:36:02.712 Df InputUI[87035:c6586a] [com.apple.BackBoard:EventDelivery] will update observations for 0 observers
2026-09-30 23:36:02.712 Df InputUI[87035:c33b5c] [com.apple.UIKit:InterfaceStyle] Not push traits update to screen for new style 1, <_UIHostedWindowScene: 0x107316080> (UIHostedScene-com.apple.InputUI-A2AF1289)
2026-09-30 23:36:02.712 Df InputUI[87035:c33b5c] [com.apple.UIKit:InterfaceStyle] Not push traits update to screen for new style 1, <_UIHostedWindowScene: 0x107316080> (UIHostedScene-com.apple.InputUI-A2AF1289)
2026-09-30 23:36:02.712 Df InputUI[87035:c33b5c] [com.apple.BackBoard:EventDelivery] policy observer <BKSHIDEventDeliveryPolicyObserver: 0x1071138e0; process scope; policy: UNKNOWN> added
2026-09-30 23:36:02.712 Df InputUI[87035:c33b5c] [com.apple.BackBoard:EventDelivery] [BKSHIDEventObserver] set observing:YES
2026-09-30 23:36:02.712 Df InputUI[87035:c33b5c] [com.apple.BackBoard:EventDelivery] policyStatus:<BKSHIDEventDeliveryPolicyObserver: 0x1071138e0; process scope; <none; generation: 0>> was:(null)
2026-09-30 23:36:02.712 Df InputUI[87035:c33b5c] [com.apple.BackBoard:EventDelivery] [BKSHIDEventObserver] 0x1071138e0  setToken:26454:FBWorkspace-com.apple.mobilesafari/UISceneHosting-com.apple.mobilesafari:UIHostedScene-com.apple.InputUI-A2AF1289
2026-09-30 23:36:02.712 Df InputUI[87035:c6586a] [com.apple.BackBoard:EventDelivery] will update observations for 0 observers
2026-09-30 23:36:02.712 Df InputUI[87035:c33b5c] [com.apple.UIKit:KeyboardFocusAssistant] Event deferring policy changed: finalScene:N->N (token: 26454:FBWorkspace-com.apple.mobilesafari/UISceneHosting-com.apple.mobilesafari:UIHostedScene-com.apple.InputUI-A2AF1289)
2026-09-30 23:36:02.713 Df InputUI[87035:c33b5c] [com.apple.UIKit:InterfaceStyle] Not push traits update to screen for new style 1, <_UIHostedWindowScene: 0x107316080> (UIHostedScene-com.apple.InputUI-A2AF1289)
2026-09-30 23:36:02.713 Df InputUI[87035:c33b5c] [com.apple.UIKit:InterfaceStyle] Not push traits update to screen for new style 1, <_UIHostedWindowScene: 0x107316080> (UIHostedScene-com.apple.InputUI-A2AF1289)
2026-09-30 23:36:02.713 Df InputUI[87035:c33b5c] [com.apple.UIKit:InterfaceStyle] Not push traits update to screen for new style 1, <_UIHostedWindowScene: 0x107316080> (UIHostedScene-com.apple.InputUI-A2AF1289)
2026-09-30 23:36:02.713 Df InputUI[87035:c33b5c] [com.apple.UIKit:InterfaceStyle] Not push traits update to screen for new style 1, <_UIHostedWindowScene: 0x107316080> (UIHostedScene-com.apple.InputUI-A2AF1289)
2026-09-30 23:36:02.713 Df InputUI[87035:c33b5c] [com.apple.UIKit:InterfaceStyle] Not push traits update to screen for new style 1, <_UIHostedWindowScene: 0x107316080> (UIHostedScene-com.apple.InputUI-A2AF1289)
2026-09-30 23:36:02.713 Df InputUI[87035:c33b5c] [com.apple.UIKit:InterfaceStyle] Not push traits update to screen for new style 1, <_UIHostedWindowScene: 0x107316080> (UIHostedScene-com.apple.InputUI-A2AF1289)
2026-09-30 23:36:02.713 Df InputUI[87035:c33b5c] [com.apple.UIKit:InterfaceStyle] Not push traits update to screen for new style 1, <_UIHostedWindowScene: 0x107316080> (UIHostedScene-com.apple.InputUI-A2AF1289)
2026-09-30 23:36:02.713 Df InputUI[87035:c33b5c] [com.apple.TextInputUI:InputSession_Manager] +[TUIInputSessionManager sharedServer], isAlreadyInstanced: YES
2026-09-30 23:36:02.713 Df InputUI[87035:c33b5c] [com.apple.TextInputUI:InputSession_Manager] registering input candidate container delegate: 10991714663688022
2026-09-30 23:36:02.715 Df InputUI[87035:c33b5c] [com.apple.UIKit:KeyWindow] _UIHostedWindowScene: 0x107316080: Window became key in scene: UIWindow: 0x104216c00; contextId: 0x17926F0C: reason: _UIHostedWindowScene: 0x107316080: Window requested to become key in scene: 0x104216c00
2026-09-30 23:36:02.715 Df InputUI[87035:c33b5c] [com.apple.UIKit:KeyWindow] Key window needs update: 1; currentKeyWindowScene: 0x0; evaluatedKeyWindowScene: 0x107316080; currentApplicationKeyWindow: 0x0; evaluatedApplicationKeyWindow: 0x104216c00; reason: _UIHostedWindowScene: 0x107316080: Window r
2026-09-30 23:36:02.715 Df InputUI[87035:c33b5c] [com.apple.UIKit:KeyWindow] Window did become application key: UIWindow: 0x104216c00; contextId: 0x17926F0C; scene identity: 26454:FBWorkspace-com.apple.mobilesafari/UISceneHosting-com.apple.mobilesafari:UIHostedScene-com.apple.InputUI-A2AF1289
2026-09-30 23:36:02.715 Df InputUI[87035:c33b5c] [com.apple.UIKit:EventDeferring] [0x106ecfb80] Begin local event deferring requested for token: 0x106ebc660; environments: 1; reason: _UIHostedWindowScene: 0x107316080: Begin event deferring in keyboardFocus for window: 0x104216c00
2026-09-30 23:36:02.715 Df InputUI[87035:c33b5c] [com.apple.UIKit:EventDeferring] [0x106ecfb80] [keyboardFocus] Start observing context for local target window: 0x104216c00; contextId: 0x17926F0C
2026-09-30 23:36:02.715 Df InputUI[87035:c33b5c] [com.apple.UIKit:EventDeferring] [0x106ecfb80] [keyboardFocus] Began tracking context for local target window: 0x104216c00; contextId: 0x17926F0C
2026-09-30 23:36:02.716 Df MobileSafari[26454:c659fe] [com.apple.UIKit:DictationLifecycle] dictation dockMic enabled=0 active=0 langs=1 functional=1 hideFor3PK=0
2026-09-30 23:36:02.716 Df InputUI[87035:c33b5c] [com.apple.UIKit:InterfaceStyle] Not push traits update to screen for new style 1, <_UIHostedWindowScene: 0x107316080> (UIHostedScene-com.apple.InputUI-A2AF1289)
2026-09-30 23:36:02.716 Df InputUI[87035:c33b5c] [com.apple.UIKit:AppLifecycle] sceneOfRecord: sceneID: com.apple.UIKit.remote-keyboard  persistentID: com.apple.UIKit.remote-keyboard
2026-09-30 23:36:02.717 Df InputUI[87035:c33b5c] [com.apple.UIKit:InterfaceStyle] Not push traits update to screen for new style 1, <_UIHostedWindowScene: 0x107316080> (UIHostedScene-com.apple.InputUI-A2AF1289)
2026-09-30 23:36:02.717 Df InputUI[87035:c33b5c] [com.apple.UIKit:ScenePostSettingsUpdateResponse] <_UIScenePostSettingsUpdateResponseComponent: 0x106d92610>: Scheduling <_UIScenePostSettingsUpdateWindowLayout: 0x106ff8ba0>
2026-09-30 23:36:02.717 Df InputUI[87035:c33b5c] [com.apple.UIKit:InterfaceStyle] Not push traits update to screen for new style 1, <_UIHostedWindowScene: 0x107316080> (UIHostedScene-com.apple.InputUI-A2AF1289)
2026-09-30 23:36:02.717 Df InputUI[87035:c33b5c] [com.apple.UIKit:InterfaceStyle] Not push traits update to screen for new style 1, <_UIHostedWindowScene: 0x107316080> (UIHostedScene-com.apple.InputUI-A2AF1289)
2026-09-30 23:36:02.717 Df InputUI[87035:c33b5c] [com.apple.UIKit:InterfaceStyle] Not push traits update to screen for new style 1, <_UIHostedWindowScene: 0x107316080> (UIHostedScene-com.apple.InputUI-A2AF1289)
2026-09-30 23:36:02.717 Df InputUI[87035:c33b5c] [com.apple.UIKit:ScenePostSettingsUpdateResponse] <_UIScenePostSettingsUpdateResponseComponent: 0x106d92610>: Reducing <_UIScenePostSettingsUpdateWindowLayout: 0x106ff8190> into <_UIScenePostSettingsUpdateWindowLayout: 0x106ff8ba0>
2026-09-30 23:36:02.717 Df InputUI[87035:c33b5c] [com.apple.UIKit:InterfaceStyle] Not push traits update to screen for new style 1, <_UIHostedWindowScene: 0x107316080> (UIHostedScene-com.apple.InputUI-A2AF1289)
2026-09-30 23:36:02.717 Df InputUI[87035:c33b5c] [com.apple.UIKit:InterfaceStyle] Not push traits update to screen for new style 1, <_UIHostedWindowScene: 0x107316080> (UIHostedScene-com.apple.InputUI-A2AF1289)
2026-09-30 23:36:02.717 Df InputUI[87035:c33b5c] [com.apple.KeyboardArbiter:Handle] RX com.apple.InputUI(87035) setClientFocusContext
    focusContext:<contextID:395472652 sceneID:26454:FBWorkspace-com.apple.mobilesafari/UISceneHosting-com.apple.mobilesafari:UIHostedScene-com.apple.InputUI-A2AF1289>
2026-09-30 23:36:02.717 Df InputUI[87035:c33b5c] [com.apple.UIKit:KeyboardScene] KeyboardArbiter could not find a keyboard scene for app scene 26454:FBWorkspace-com.apple.mobilesafari/UISceneHosting-com.apple.mobilesafari:UIHostedScene-com.apple.InputUI-A2AF1289
2026-09-30 23:36:02.717 Df InputUI[87035:c33b5c] [com.apple.FrontBoard:SceneClient] [UISceneHosting-com.apple.mobilesafari:UIHostedScene-com.apple.InputUI-A2AF1289] Received action(s): TextInputUI.InvocationHostToClient
2026-09-30 23:36:02.717 Df MobileSafari[26454:c659fe] [com.apple.UIKit:UIPeripheralHost] endPlacementForInputViewSet: <<UIInputViewSet: 0x174005380>; keyboard = <UIKeyboardAutomatic: 0x109e3db00; frame = (0 0; 402 226); opaque = NO; layer = <CALayer: 0x106520930>>%; assistant = <TUISystemInputAssist
2026-09-30 23:36:02.717 Df MobileSafari[26454:c659fe] [com.apple.UIKit:UIPeripheralHost] endPlacementForInputViewSet, returning -> <UIInputViewSetPlacementOnScreenWithAccessory>
2026-09-30 23:36:02.717 Df InputUI[87035:c33b5c] [com.apple.UIKit:AppLifecycle] sceneOfRecord: sceneID: com.apple.UIKit.remote-keyboard  persistentID: com.apple.UIKit.remote-keyboard
2026-09-30 23:36:02.717 Df InputUI[87035:c33b5c] [com.apple.FrontBoard:SceneClient] [UISceneHosting-com.apple.mobilesafari:UIHostedScene-com.apple.InputUI-A2AF1289] Received action(s): _UISceneHostingViewAppearanceActionHostToClient
2026-09-30 23:36:02.718 Df InputUI[87035:c33b5c] [com.apple.UIKit:AppLifecycle] sceneOfRecord: sceneID: com.apple.UIKit.remote-keyboard  persistentID: com.apple.UIKit.remote-keyboard
2026-09-30 23:36:02.718 Df MobileSafari[26454:c659fe] [com.apple.UIKit:UIPeripheralHost] endPlacementForInputViewSet: <<UIInputViewSet: 0x174005380>; keyboard = <UIKeyboardAutomatic: 0x109e3db00; frame = (0 0; 402 226); opaque = NO; layer = <CALayer: 0x106520930>>%; assistant = <TUISystemInputAssist
2026-09-30 23:36:02.718 Df MobileSafari[26454:c659fe] [com.apple.UIKit:UIPeripheralHost] endPlacementForInputViewSet, returning -> <UIInputViewSetPlacementOnScreenWithAccessory>
2026-09-30 23:36:02.718 Df MobileSafari[26454:c659fe] [com.apple.UIKit:UIPeripheralHost] endPlacementForInputViewSet: <<UIInputViewSet: 0x174005380>; keyboard = <UIKeyboardAutomatic: 0x109e3db00; frame = (0 0; 402 226); opaque = NO; layer = <CALayer: 0x106520930>>%; assistant = <TUISystemInputAssist
2026-09-30 23:36:02.718 Df MobileSafari[26454:c659fe] [com.apple.UIKit:UIPeripheralHost] endPlacementForInputViewSet, returning -> <UIInputViewSetPlacementOnScreenWithAccessory>
2026-09-30 23:36:02.718 Df MobileSafari[26454:c65d8b] [com.apple.FrontBoard:ProcessScene] [0x1740052c0:UISceneHosting-com.apple.mobilesafari:UIHostedScene-com.apple.InputUI-A2AF1289] Scene action [Create Inactive][0x4a7a] completed with success: 1
2026-09-30 23:36:02.718 Df MobileSafari[26454:c659fe] [com.apple.UIKit:UIPeripheralHost] endPlacementForInputViewSet: <<UIInputViewSet: 0x174005380>; keyboard = <UIKeyboardAutomatic: 0x109e3db00; frame = (0 0; 402 226); opaque = NO; layer = <CALayer: 0x106520930>>%; assistant = <TUISystemInputAssist
2026-09-30 23:36:02.718 Df MobileSafari[26454:c659fe] [com.apple.UIKit:UIPeripheralHost] endPlacementForInputViewSet, returning -> <UIInputViewSetPlacementOnScreenWithAccessory>
2026-09-30 23:36:02.720 Df InputUI[87035:c33b5c] [com.apple.UIKit:AppLifecycle] sceneOfRecord: sceneID: com.apple.UIKit.remote-keyboard  persistentID: com.apple.UIKit.remote-keyboard
2026-09-30 23:36:02.721 Df MobileSafari[26454:c65d8b] [com.apple.FrontBoard:ProcessScene] [0x1740052c0:UISceneHosting-com.apple.mobilesafari:UIHostedScene-com.apple.InputUI-A2AF1289] Sending scene action [Forward Event][0x8215] to process 0x13c854180 (watchdog: 30.00s)
2026-09-30 23:36:02.721 Df InputUI[87035:c33b5c] [com.apple.UIKit:AppLifecycle] sceneOfRecord: sceneID: com.apple.UIKit.remote-keyboard  persistentID: com.apple.UIKit.remote-keyboard
2026-09-30 23:36:02.721 Df InputUI[87035:c33b5c] [com.apple.UIKit:InterfaceStyle] Should send trait collection or coordinate space update, interface style 1 -> 1, <_UIHostedWindowScene: 0x107316080> (UIHostedScene-com.apple.InputUI-A2AF1289)
2026-09-30 23:36:02.721 Df InputUI[87035:c33b5c] [com.apple.UIKit:ScenePostSettingsUpdateResponse] <_UIScenePostSettingsUpdateResponseComponent: 0x106d92610>: Scheduling <_UIScenePostSettingsUpdateWindowLayout: 0x106ff87a0>
2026-09-30 23:36:02.725 Df MobileSafari[26454:c659fe] [com.apple.UIKit:UIPeripheralHost] endPlacementForInputViewSet: <<UIInputViewSet: 0x174005380>; keyboard = <UIKeyboardAutomatic: 0x109e3db00; frame = (0 0; 402 226); opaque = NO; layer = <CALayer: 0x106520930>>%; assistant = <TUISystemInputAssist
2026-09-30 23:36:02.725 Df MobileSafari[26454:c659fe] [com.apple.UIKit:UIPeripheralHost] endPlacementForInputViewSet, returning -> <UIInputViewSetPlacementOnScreenWithAccessory>
2026-09-30 23:36:02.725 Df MobileSafari[26454:c659fe] [com.apple.UIKit:UIPeripheralHost] endPlacementForInputViewSet: <<UIInputViewSet: 0x174005380>; keyboard = <UIKeyboardAutomatic: 0x109e3db00; frame = (0 0; 402 226); opaque = NO; layer = <CALayer: 0x106520930>>%; assistant = <TUISystemInputAssist
2026-09-30 23:36:02.725 Df MobileSafari[26454:c659fe] [com.apple.UIKit:UIPeripheralHost] endPlacementForInputViewSet, returning -> <UIInputViewSetPlacementOnScreenWithAccessory>
2026-09-30 23:36:02.725 Df MobileSafari[26454:c659fe] [com.apple.UIKit:UIPeripheralHost] endPlacementForInputViewSet: <<UIInputViewSet: 0x174005380>; keyboard = <UIKeyboardAutomatic: 0x109e3db00; frame = (0 0; 402 226); opaque = NO; layer = <CALayer: 0x106520930>>%; assistant = <TUISystemInputAssist
2026-09-30 23:36:02.725 Df MobileSafari[26454:c659fe] [com.apple.UIKit:UIPeripheralHost] endPlacementForInputViewSet, returning -> <UIInputViewSetPlacementOnScreenWithAccessory>
2026-09-30 23:36:02.725 Df MobileSafari[26454:c659fe] [com.apple.UIKit:UIPeripheralHost] endPlacementForInputViewSet: <<UIInputViewSet: 0x174005380>; keyboard = <UIKeyboardAutomatic: 0x109e3db00; frame = (0 0; 402 226); opaque = NO; layer = <CALayer: 0x106520930>>%; assistant = <TUISystemInputAssist
2026-09-30 23:36:02.725 Df MobileSafari[26454:c659fe] [com.apple.UIKit:UIPeripheralHost] endPlacementForInputViewSet, returning -> <UIInputViewSetPlacementOnScreenWithAccessory>
2026-09-30 23:36:02.726 Df SafariViewService[24111:c660c9] [com.apple.mobilesafari:Keychain] -[WBSSavedAccountStore savedAccounts]: Loading saved accounts
2026-09-30 23:36:02.726 Df SafariViewService[24111:c660c9] [com.apple.mobilesafari:Passwords] Beginning saved account store load
2026-09-30 23:36:02.726 A  SafariViewService[24111:c660c9] (Security) SecItemCopyMatching_ios
2026-09-30 23:36:02.726 Df MobileSafari[26454:c659fe] [com.apple.UIKit:KeyboardArbiterClientLog] -[_UIRemoteKeyboards prepareToMoveKeyboard:withIAV:isIAVRelevant:showing:notifyRemote:forScene:] position: {{0, 0}, {402, 301}} visible: 1; notifyRemote: 1; isMinimized: NO
2026-09-30 23:36:02.726 Df SafariViewService[24111:c660c9] [com.apple.mobilesafari:Passwords] No passkeys found.
2026-09-30 23:36:02.726 Df SafariViewService[24111:c660c9] [com.apple.mobilesafari:Keychain] -[WBSSavedAccountStore _fetchAndFilterPasskeysData]: Loaded 0 passkey keychain records from personal keychain
2026-09-30 23:36:02.726 A  SafariViewService[24111:c660c9] (Security) SecItemCopyMatching_ios
2026-09-30 23:36:02.727 E  SafariViewService[24111:c660c9] [com.apple.mobilesafari:Passwords] Could not fetch passkeys: -25300
2026-09-30 23:36:02.727 Df SafariViewService[24111:c660c9] [com.apple.mobilesafari:Keychain] -[WBSSavedAccountStore _fetchAndFilterRecentlyDeletedPasskeysData]: Loaded 0 recently deleted passkey keychain records from personal keychain
2026-09-30 23:36:02.727 A  SafariViewService[24111:c660c9] (Security) SecItemCopyMatching_ios
2026-09-30 23:36:02.727 Df SafariViewService[24111:c660c9] [com.apple.mobilesafari:Keychain] -[WBSSavedAccountStore _loadSavedAccountsWithPasswordsFromKeychainData:forGroupID:withDictionaryForSavedAccountsWithPasswords:fromRecentlyDeleted:]: Loaded 0 password keychain records from group:  from Recen
2026-09-30 23:36:02.727 A  SafariViewService[24111:c660c9] (Security) SecItemCopyMatching_ios
2026-09-30 23:36:02.728 Df MobileSafari[26454:c659fe] [com.apple.KeyboardArbiter:Client] prepareToMoveKeyboard: set currentKeyboard:Y (snapshot:N, notifyRemote:Y, position:{{0, 573}, {402, 301}})
2026-09-30 23:36:02.728 Df MobileSafari[26454:c659fe] [com.apple.KeyboardArbiter:Client] TX signalKeyboardChanged: <<fence:Y pos:{{0, 573}, {402, 301}} anim:Y onScreen:Y tracking:N resizing:N local:N uiPos:Unknown notif:N> src{scene:com.apple.mobilesafari-71DD3C25-4702-4D1D-8EB9-7DEF87C13EE1 display
2026-09-30 23:36:02.728 Df MobileSafari[26454:c659fe] [com.apple.UIKit:KeyboardArbiterClientLog] -[_UIRemoteKeyboards signalToProxyKeyboardChanged:onCompletion:]  Signaling keyboard changed <<<_UIKeyboardChangedInformation: 0x16e53c780>; appId (null) bundleId (null) animation fence <BKSAnimationFenc
2026-09-30 23:36:02.728 Df SafariViewService[24111:c660c9] [com.apple.mobilesafari:Keychain] No sidecar items found in access group com.apple.password-manager
2026-09-30 23:36:02.728 Df SafariViewService[24111:c660c9] [com.apple.mobilesafari:Keychain] -[WBSSavedAccountStore _loadSavedAccountsWithPasswordsFromKeychainData:forGroupID:withDictionaryForSavedAccountsWithPasswords:fromRecentlyDeleted:]: loaded 0 sidecar items from personal keychain
2026-09-30 23:36:02.728 Df SafariViewService[24111:c660c9] [com.apple.mobilesafari:Keychain] 0 unmatched sidecars
2026-09-30 23:36:02.728 A  SafariViewService[24111:c660c9] (Security) SecItemCopyMatching_ios
2026-09-30 23:36:02.729 Df SafariViewService[24111:c660c9] [com.apple.mobilesafari:Keychain] No sidecar items found in access group com.apple.password-manager
2026-09-30 23:36:02.729 Df SafariViewService[24111:c660c9] [com.apple.mobilesafari:Passwords] Skipping fetching of Sign in with Apple accounts since the bundle identifier (com.apple.SafariViewService) doesn't match Passwords app or Passwords menu bar app.
2026-09-30 23:36:02.729 Df SafariViewService[24111:c660c9] [com.apple.mobilesafari:Passwords] Completed saved account store load
2026-09-30 23:36:02.729 Df SafariViewService[24111:c660c9] [com.apple.mobilesafari:Keychain] -[WBSSavedAccountStore _savedAccounts]: Returning 0 saved accounts
2026-09-30 23:36:02.729 Df SafariViewService[24111:c660c9] [com.apple.mobilesafari:Keychain] -[WBSSavedAccountStore savedAccounts]: Loading completed with 0 saved accounts
2026-09-30 23:36:02.729 A  SafariViewService[24111:c660c9] (Security) SecItemCopyMatching_ios
2026-09-30 23:36:02.729 Df SafariViewService[24111:c660c9] [com.apple.mobilesafari:Keychain] -[WBSSavedAccountStore _loadSavedAccountsWithPasswordsFromKeychainData:forGroupID:withDictionaryForSavedAccountsWithPasswords:fromRecentlyDeleted:]: Loaded 0 password keychain records from group:  from Recen
2026-09-30 23:36:02.729 A  SafariViewService[24111:c660c9] (Security) SecItemCopyMatching_ios
2026-09-30 23:36:02.730 Df SafariViewService[24111:c660c9] [com.apple.mobilesafari:Keychain] No sidecar items found in access group com.apple.password-manager-recently-deleted
2026-09-30 23:36:02.730 Df SafariViewService[24111:c660c9] [com.apple.mobilesafari:Keychain] -[WBSSavedAccountStore _loadSavedAccountsWithPasswordsFromKeychainData:forGroupID:withDictionaryForSavedAccountsWithPasswords:fromRecentlyDeleted:]: loaded 0 sidecar items from personal keychain
2026-09-30 23:36:02.730 Df SafariViewService[24111:c660c9] [com.apple.mobilesafari:Keychain] 0 unmatched sidecars
2026-09-30 23:36:02.730 A  SafariViewService[24111:c660c9] (Security) SecItemCopyMatching_ios
2026-09-30 23:36:02.730 Df SafariViewService[24111:c660c9] [com.apple.mobilesafari:Keychain] No sidecar items found in access group com.apple.password-manager-recently-deleted
2026-09-30 23:36:02.730 A  SafariViewService[24111:c660c9] (Security) SecItemCopyMatching_ios
2026-09-30 23:36:02.730 Df SafariViewService[24111:c6392d] [com.apple.mobilesafari:Keychain] -[WBSSavedAccountStore savedAccounts]: Loading saved accounts
2026-09-30 23:36:02.730 Df SafariViewService[24111:c6392d] [com.apple.mobilesafari:Keychain] -[WBSSavedAccountStore _savedAccounts]: Returning 0 saved accounts
2026-09-30 23:36:02.730 Df SafariViewService[24111:c6392d] [com.apple.mobilesafari:Keychain] -[WBSSavedAccountStore savedAccounts]: Loading completed with 0 saved accounts
2026-09-30 23:36:02.730 Df InputUI[87035:c33b5c] [com.apple.KeyboardArbiter:Handle] RX com.apple.mobilesafari(26454) signalKeyboardChanged
    keyboardChanges:<<fence:Y pos:{{0, 573}, {402, 301}} anim:Y onScreen:Y tracking:N resizing:N local:N uiPos:Unknown notif:N> src{scene:com.apple.mobilesafari-71DD3C25-4702-4D1D-8EB9-7DEF87C13EE1 display:Main bundle:com.apple.mobilesafari} hostBundle:(null) posWithIAV:{{0, 473}, {402, 401}} snapsh
2026-09-30 23:36:02.730 Df InputUI[87035:c33b5c] [com.apple.KeyboardArbiter:Events] set activeInputDestination:<com.apple.mobilesafari focus:<contextID:3574600963 sceneID:com.apple.mobilesafari-71DD3C25-4702-4D1D-8EB9-7DEF87C13EE1> run:Y hosting:() level:5 active:N wantedState:Enabled #suppr:0 iavHe
2026-09-30 23:36:02.731 Df InputUI[87035:c33b5c] [com.apple.UIKit:KeyboardArbiter] active input destination is now <_UIKeyboardArbiterClientHandle: 0x1100f2ca0; [app<com.apple.mobilesafari((null))>:26454] <<UIKBArbiterClientFocusContext: 0x1072ef480; contextID = d5101503; sceneIdentity = com.apple.f
)}; level 5.000000; active NO [wants YES]; suppression 0; iav 100.000000; on screen YES; isAcquiringFocus: NO>; information: <<<_UIKeyboardChangedInformation: 0x110010600>; appId (null) bundleId (null) animation fence <BKSAnimationFenceHandle:0x106ff8600 -> <CAFenceHandle:0x1070cbb10 name=141 fence=
2026-09-30 23:36:02.731 Df MobileSafari[26454:c65d8b] [com.apple.FrontBoard:ProcessScene] [0x1740052c0:UISceneHosting-com.apple.mobilesafari:UIHostedScene-com.apple.InputUI-A2AF1289] Sending scene action [Forward Event][0x7e73] to process 0x13c854180 (watchdog: 30.00s)
2026-09-30 23:36:02.731 Df MobileSafari[26454:c659fe] [com.apple.TextInputUI:KeyboardTrackingCoordinator] Updating tracking clients for start <TUIKeyboardTrackingCoordinator:0x13d8d5680 state=<TUIKeyboardState: 0x166a7eac0 State: onscreen with input view; has IAV; is docked>; frame={{0, 573}, {402, 
    UIKeyboardAnimationCurveUserInfoKey = 7;
    UIKeyboardAnimationDurationUserInfoKey = "0.3833";
    UIKeyboardBoundsUserInfoKey = "NSRect: {{0, 0}, {402, 301}}";
    UIKeyboardCenterBeginUserInfoKey = "NSPoint: {0, 0}";
    UIKeyboardCenterEndUserInfoKey = "NSPoint: {201, 723.5}";
    UIKeyboardFrameBeginUserInfoKey = "NSRect: {{0, 0}, {0, 0}}";
    UIKeyboardFrameEndUserInfoKey = "NSRect: {{0, 573}, {402, 301}}";
    UIKeyboardIsLocalUserInfoKey = 1;
}notificationsDebug: >>
2026-09-30 23:36:02.731 Df MobileSafari[26454:c659fe] [com.apple.UIKit:KeyboardLayoutGuide] changeSizingConstants: size is changing [not transitioning] to {402, 301} [previous size: {402, 0}]
2026-09-30 23:36:02.731 Df MobileSafari[26454:c659fe] [com.apple.UIKit:KeyboardLayoutGuide] changeSizingConstants: size is changing [not transitioning] to {402, 301} [previous size: {402, 0}]
2026-09-30 23:36:02.731 Df MobileSafari[26454:c659fe] [com.apple.UIKit:TrackingElementWindowController] Setting tracking element input views: <<UIInputViewSet: 0x174004fc0>; keyboard = [uninitialized]; accessory = <SFWebFormAccessoryViewWrapper: 0x13d888fc0; frame = (0 0; 402 100); >; usesKeyClicks 
2026-09-30 23:36:02.731 Df MobileSafari[26454:c659fe] [com.apple.UIKit:UIPeripheralHost] endPlacementForInputViewSet: <<UIInputViewSet: 0x174004fc0>; keyboard = [uninitialized]; accessory = <SFWebFormAccessoryViewWrapper: 0x13d888fc0; frame = (0 0; 402 100); >; usesKeyClicks = NO;  > windowScene: <B
2026-09-30 23:36:02.732 Df MobileSafari[26454:c659fe] [com.apple.UIKit:UIPeripheralHost] endPlacementForInputViewSet, returning -> <UIInputViewSetPlacementOnScreenWithAccessory>
2026-09-30 23:36:02.732 Df MobileSafari[26454:c659fe] [com.apple.UIKit:TrackingElementWindowController] Moving from placement: <UIInputViewSetPlacementOffScreenDown> to placement: <UIInputViewSetPlacementOnScreenWithAccessory> (currentPlacement: <UIInputViewSetPlacementOffScreenDown>)
2026-09-30 23:36:02.732 Df InputUI[87035:c33b5c] [com.apple.KeyboardArbiter:Handle] RX com.apple.mobilesafari(26454) setWindowContextID:4019778314 windowState:Enabled level:5.0
    focusContext:<contextID:3574600963 sceneID:com.apple.mobilesafari-71DD3C25-4702-4D1D-8EB9-7DEF87C13EE1>
2026-09-30 23:36:02.732 Df MobileSafari[26454:c659fe] [com.apple.UIKit:TrackingElementWindowController] Change from input view set: <<UIInputViewSet: 0x174006f40>; (empty)>
2026-09-30 23:36:02.732 Df MobileSafari[26454:c659fe] [com.apple.UIKit:TrackingElementWindowController] Change to input view set: <<UIInputViewSet: 0x174004fc0>; keyboard = <UIKeyboardAutomatic: 0x109e3db00; frame = (0 0; 402 226); opaque = NO; layer = <CALayer: 0x106520930>>%; accessory = <SFWebFor
2026-09-30 23:36:02.732 Df MobileSafari[26454:c659fe] [com.apple.UIKit:KeyboardArbiterClientLog] -[_UIRemoteKeyboardPlaceholderView refreshPlaceholder]  refreshPlaceholder: size={402, 301} [previous size={402, 0}]
2026-09-30 23:36:02.732 Df MobileSafari[26454:c659fe] [com.apple.UIKit:UIPeripheralHost] endPlacementForInputViewSet: <<UIInputViewSet: 0x174004fc0>; keyboard = <UIKeyboardAutomatic: 0x109e3db00; frame = (0 0; 402 226); opaque = NO; layer = <CALayer: 0x106520930>>%; accessory = <SFWebFormAccessoryVi
2026-09-30 23:36:02.732 Df MobileSafari[26454:c659fe] [com.apple.UIKit:UIPeripheralHost] endPlacementForInputViewSet, returning -> <UIInputViewSetPlacementOnScreenWithAccessory>
2026-09-30 23:36:02.732 Df MobileSafari[26454:c65d8b] [com.apple.FrontBoard:ProcessScene] [0x1740052c0:UISceneHosting-com.apple.mobilesafari:UIHostedScene-com.apple.InputUI-A2AF1289] Scene action [Forward Event][0x8215] completed with success: 1
2026-09-30 23:36:02.733 Df SafariViewService[24111:c6392d] [com.apple.KeyboardArbiter:Client] RX keyboardChanged (isLocal:N source:com.apple.mobilesafari-71DD3C25-4702-4D1D-8EB9-7DEF87C13EE1 frame:{{0, 573}, {402, 301}} onScreen:Y)
2026-09-30 23:36:02.733 Df SafariViewService[24111:c6392d] [com.apple.KeyboardArbiter:Client] handleKeyboardChange: set currentKeyboard:N (wasKeyboard:N)
2026-09-30 23:36:02.733 Df SafariViewService[24111:c6392d] [com.apple.UIKit:TrackingElementWindowController] Updating sizing for existing placement <UITrackingElementPlacementInitialPosition>
2026-09-30 23:36:02.733 Df SafariViewService[24111:c6392d] [com.apple.TextInputUI:KeyboardTrackingCoordinator] Updating tracking clients for start <TUIKeyboardTrackingCoordinator:0x106484780 state=<TUIKeyboardState: 0x13fe5c0c0 State: onscreen with input view; is docked>; frame={{0, 573}, {402, 301}
2026-09-30 23:36:02.733 Df SafariViewService[24111:c6392d] [com.apple.UIKit:KeyboardLayoutGuide] changeSizingConstants: size is changing [not transitioning] to {402, 301} [previous size: {402, 345}]
2026-09-30 23:36:02.733 Df InputUI[87035:c33b5c] [com.apple.UIKit:AppLifecycle] sceneOfRecord: sceneID: com.apple.UIKit.remote-keyboard  persistentID: com.apple.UIKit.remote-keyboard
2026-09-30 23:36:02.733 Df SafariViewService[24111:c6392d] [com.apple.TextInputUI:KeyboardTrackingCoordinator] Updating tracking clients for start <TUIKeyboardTrackingCoordinator:0x106497480 state=<TUIKeyboardState: 0x13fe5c0c0 State: onscreen with input view; is docked>; frame={{0, 573}, {402, 301}
2026-09-30 23:36:02.733 Df SafariViewService[24111:c6392d] [com.apple.UIKit:KeyboardLayoutGuide] changeSizingConstants: size is changing [not transitioning] to {402, 301} [previous size: {402, 345}]
2026-09-30 23:36:02.733 Df InputUI[87035:c33b5c] [com.apple.UIKit:InterfaceStyle] Should not send trait collection or coordinate space update, interface style 1 -> 1, <_UIHostedWindowScene: 0x107316080> (UIHostedScene-com.apple.InputUI-A2AF1289)
2026-09-30 23:36:02.733 Df InputUI[87035:c33b5c] [com.apple.UIKit:ScenePostSettingsUpdateResponse] <_UIScenePostSettingsUpdateResponseComponent: 0x106d92610>: Scheduling <_UIScenePostSettingsUpdateWindowLayout: 0x106ff8600>
2026-09-30 23:36:02.733 Df InputUI[87035:c33b5c] [com.apple.KeyboardArbiter:Client] RX keyboardChanged (isLocal:N)
2026-09-30 23:36:02.733 Df InputUI[87035:c33b5c] [com.apple.KeyboardArbiter:Client] RX keyboardChanged (isLocal:N source:com.apple.mobilesafari-71DD3C25-4702-4D1D-8EB9-7DEF87C13EE1 frame:{{0, 573}, {402, 301}} onScreen:Y)
2026-09-30 23:36:02.733 Df InputUI[87035:c33b5c] [com.apple.KeyboardArbiter:Client] handleKeyboardChange: set currentKeyboard:N (wasKeyboard:N)
2026-09-30 23:36:02.733 Df SafariViewService[24111:c6392d] [com.apple.UIKit:TrackingElementWindowController] Updating sizing for existing placement <UIInputViewSetPlacementOffScreenDown>
2026-09-30 23:36:02.733 Df SafariViewService[24111:c6392d] [com.apple.UIKit:KeyboardArbiterClientLog] -[_UIRemoteKeyboardPlaceholderView refreshPlaceholder]  refreshPlaceholder: size={402, 301} [previous size={402, 301}]
2026-09-30 23:36:02.733 Df SafariViewService[24111:c6392d] [com.apple.TextInputUI:KeyboardTrackingCoordinator] Updating tracking clients for start <TUIKeyboardTrackingCoordinator:0x106484780 state=<TUIKeyboardState: 0x13fe5d2c0 State: onscreen with input view; is docked>; frame={{0, 573}, {402, 301}
    UIKeyboardAnimationCurveUserInfoKey = 7;
    UIKeyboardAnimationDurationUserInfoKey = "0.3833";
    UIKeyboardBoundsUserInfoKey = "NSRect: {{0, 0}, {402, 301}}";
    UIKeyboardCenterBeginUserInfoKey = "NSPoint: {0, 0}";
    UIKeyboardCenterEndUserInfoKey = "NSPoint: {201, 723.5}";
    UIKeyboardFrameBeginUserInfoKey = "NSRect: {{0, 0}, {0, 0}}";
    UIKeyboardFrameEndUserInfoKey = "NSRect: {{0, 573}, {402, 301}}";
    UIKeyboardIsLocalUserInfoKey = 0;
}notificationsDebug: >>
2026-09-30 23:36:02.733 Df InputUI[87035:c33b5c] [com.apple.UIKit:_UIVisualStyleRegistry] Warning: no visual style classes have been registered at all.
2026-09-30 23:36:02.733 Df InputUI[87035:c33b5c] [com.apple.UIKit:_UIVisualStyleRegistry] Warning: no visual style classes have been registered at all.
2026-09-30 23:36:02.733 Df InputUI[87035:c33b5c] [com.apple.UIKit:_UIVisualStyleRegistry] Note: no default visual style class registered as fallback for stylable class UITextEffectsWindow
2026-09-30 23:36:02.733 Df InputUI[87035:c33b5c] [com.apple.UIKit:_UIVisualStyleRegistry] Note: no default visual style class registered as fallback for stylable class UITextEffectsWindow
2026-09-30 23:36:02.734 Df SafariViewService[24111:c6392d] [com.apple.TextInputUI:KeyboardTrackingCoordinator] Updating tracking clients for start <TUIKeyboardTrackingCoordinator:0x106497480 state=<TUIKeyboardState: 0x13fe5d2c0 State: onscreen with input view; is docked>; frame={{0, 573}, {402, 301}
    UIKeyboardAnimationCurveUserInfoKey = 7;
    UIKeyboardAnimationDurationUserInfoKey = "0.3833";
    UIKeyboardBoundsUserInfoKey = "NSRect: {{0, 0}, {402, 301}}";
    UIKeyboardCenterBeginUserInfoKey = "NSPoint: {0, 0}";
    UIKeyboardCenterEndUserInfoKey = "NSPoint: {201, 723.5}";
    UIKeyboardFrameBeginUserInfoKey = "NSRect: {{0, 0}, {0, 0}}";
    UIKeyboardFrameEndUserInfoKey = "NSRect: {{0, 573}, {402, 301}}";
    UIKeyboardIsLocalUserInfoKey = 0;
}notificationsDebug: >>
2026-09-30 23:36:02.734 Df SafariViewService[24111:c6392d] [com.apple.TextInputUI:KeyboardTrackingCoordinator] Posted notification willShow with {
    UIKeyboardAnimationCurveUserInfoKey = 7;
    UIKeyboardAnimationDurationUserInfoKey = "0.3833";
    UIKeyboardBoundsUserInfoKey = "NSRect: {{0, 0}, {402, 301}}";
    UIKeyboardCenterBeginUserInfoKey = "NSPoint: {0, 0}";
    UIKeyboardCenterEndUserInfoKey = "NSPoint: {201, 723.5}";
    UIKeyboardFrameBeginUserInfoKey = "NSRect: {{0, 0}, {0, 0}}";
    UIKeyboardFrameEndUserInfoKey = "NSRect: {{0, 573}, {402, 301}}";
    UIKeyboardIsLocalUserInfoKey = 0;
} (null)
2026-09-30 23:36:02.734 Df InputUI[87035:c33b5c] [com.apple.UIKit:TrackingElementWindowController] Change from input view set: (null)
2026-09-30 23:36:02.734 Df InputUI[87035:c33b5c] [com.apple.UIKit:TrackingElementWindowController] Change to input view set: (null)
2026-09-30 23:36:02.734 Df SafariViewService[24111:c6392d] [com.apple.TextInputUI:KeyboardTrackingCoordinator] Posted notification didShow with {
    UIKeyboardAnimationCurveUserInfoKey = 7;
    UIKeyboardAnimationDurationUserInfoKey = "0.3833";
    UIKeyboardBoundsUserInfoKey = "NSRect: {{0, 0}, {402, 301}}";
    UIKeyboardCenterBeginUserInfoKey = "NSPoint: {0, 0}";
    UIKeyboardCenterEndUserInfoKey = "NSPoint: {201, 723.5}";
    UIKeyboardFrameBeginUserInfoKey = "NSRect: {{0, 0}, {0, 0}}";
    UIKeyboardFrameEndUserInfoKey = "NSRect: {{0, 573}, {402, 301}}";
    UIKeyboardIsLocalUserInfoKey = 0;
} (null)
2026-09-30 23:36:02.734 Df InputUI[87035:c33b5c] [com.apple.UIKit:KeyboardLayoutGuide] _moveGuideOffscreenAtEdge: 4
2026-09-30 23:36:02.734 Df InputUI[87035:c33b5c] [com.apple.UIKit:KeyboardLayoutGuide] changeOffsetConstants: offset is changing to {0, 0} [previous offset: {-1, -1}]
2026-09-30 23:36:02.734 Df InputUI[87035:c33b5c] [com.apple.UIKit:KeyboardLayoutGuide] changeSizingConstants: size is changing [not transitioning] to {402, 0} [previous size: {1, 0}]
2026-09-30 23:36:02.735 Df MobileSafari[26454:c659fe] [com.apple.UIKit:KeyboardLayoutGuide] changeSizingConstants: size is changing [not transitioning] to {402, 401} [previous size: {402, 301}]
2026-09-30 23:36:02.735 Df InputUI[87035:c33b5c] [com.apple.UIKit:TrackingElementWindowController] Updating sizing for existing placement <UITrackingElementPlacementInitialPosition>
2026-09-30 23:36:02.735 Df InputUI[87035:c33b5c] [com.apple.TextInputUI:KeyboardTrackingCoordinator] Updating tracking clients for start <TUIKeyboardTrackingCoordinator:0x107349540 state=<TUIKeyboardState: 0x1072ef4c0 State: onscreen with input view; is docked>; frame={{0, 573}, {402, 301}}; animati
    UIKeyboardAnimationCurveUserInfoKey = 7;
    UIKeyboardAnimationDurationUserInfoKey = "0.3833";
    UIKeyboardBoundsUserInfoKey = "NSRect: {{0, 0}, {402, 301}}";
    UIKeyboardCenterBeginUserInfoKey = "NSPoint: {201, 595}";
    UIKeyboardCenterEndUserInfoKey = "NSPoint: {201, 723.5}";
    UIKeyboardFrameBeginUserInfoKey = "NSRect: {{201, 595}, {0, 0}}";
    UIKeyboardFrameEndUserInfoKey = "NSRect: {{0, 573}, {402, 301}}";
    UIKeyboardIsLocalUserInfoKey = 1;
}notificationsDebug: >>
2026-09-30 23:36:02.735 Df InputUI[87035:c33b5c] [com.apple.TextInputUI:KeyboardTrackingCoordinator] Posted notification willShow with {
    UIKeyboardAnimationCurveUserInfoKey = 7;
    UIKeyboardAnimationDurationUserInfoKey = "0.3833";
    UIKeyboardBoundsUserInfoKey = "NSRect: {{0, 0}, {402, 301}}";
    UIKeyboardCenterBeginUserInfoKey = "NSPoint: {201, 595}";
    UIKeyboardCenterEndUserInfoKey = "NSPoint: {201, 723.5}";
    UIKeyboardFrameBeginUserInfoKey = "NSRect: {{201, 595}, {0, 0}}";
    UIKeyboardFrameEndUserInfoKey = "NSRect: {{0, 573}, {402, 301}}";
    UIKeyboardIsLocalUserInfoKey = 1;
} (null)
2026-09-30 23:36:02.735 Df InputUI[87035:c33b5c] [com.apple.TextInputUI:KeyboardTrackingCoordinator] Posted notification didShow with {
    UIKeyboardAnimationCurveUserInfoKey = 7;
    UIKeyboardAnimationDurationUserInfoKey = "0.3833";
    UIKeyboardBoundsUserInfoKey = "NSRect: {{0, 0}, {402, 301}}";
    UIKeyboardCenterBeginUserInfoKey = "NSPoint: {201, 595}";
    UIKeyboardCenterEndUserInfoKey = "NSPoint: {201, 723.5}";
    UIKeyboardFrameBeginUserInfoKey = "NSRect: {{201, 595}, {0, 0}}";
    UIKeyboardFrameEndUserInfoKey = "NSRect: {{0, 573}, {402, 301}}";
    UIKeyboardIsLocalUserInfoKey = 1;
} (null)
2026-09-30 23:36:02.737 Df MobileSafari[26454:c659fe] [com.apple.UIKit:TrackingElementWindowController] updatePlacementWithPlacement: <UIInputViewSetPlacementOnScreenWithAccessory>
2026-09-30 23:36:02.738 Df MobileSafari[26454:c659fe] [com.apple.mobilesafari:LoweredTabBar] Recieved UIKeyboardWillChangeFrameNotification, with _showingKeyboard = NO
2026-09-30 23:36:02.738 Df MobileSafari[26454:c659fe] [com.apple.mobilesafari:LoweredTabBar] Set _keyboardHeight = 369.000000
2026-09-30 23:36:02.739 Df MobileSafari[26454:c659fe] [com.apple.mobilesafari:LoweredTabBar] Recieved UIKeyboardWillShowNotification, with _showingKeyboard = NO
2026-09-30 23:36:02.743 A  InputUI[87035:c65869] (RunningBoardServices) observedProcessStatesDidChange
2026-09-30 23:36:02.743 A  MobileSafari[26454:c65d8e] (RunningBoardServices) observedProcessStatesDidChange
2026-09-30 23:36:02.743 Df InputUI[87035:c65869] [com.apple.runningboard:monitor] Received state update for 24111 (app<com.apple.SafariViewService((null))>, running-active-Visible
2026-09-30 23:36:02.743 Df MobileSafari[26454:c65d8e] [com.apple.runningboard:monitor] Received state update for 24111 (app<com.apple.SafariViewService((null))>, running-active-NotVisible
2026-09-30 23:36:02.747 Df MobileSafari[26454:c659fe] [com.apple.TextInputUI:KeyboardTrackingCoordinator] Posted notification willShow with {
    UIKeyboardAnimationCurveUserInfoKey = 7;
    UIKeyboardAnimationDurationUserInfoKey = "0.3833";
    UIKeyboardBoundsUserInfoKey = "NSRect: {{0, 0}, {402, 401}}";
    UIKeyboardCenterBeginUserInfoKey = "NSPoint: {201, 824}";
    UIKeyboardCenterEndUserInfoKey = "NSPoint: {201, 673.5}";
    UIKeyboardFrameBeginUserInfoKey = "NSRect: {{0, 774}, {402, 100}}";
    UIKeyboardFrameEndUserInfoKey = "NSRect: {{0, 473}, {402, 401}}";
    UIKeyboardIsLocalUserInfoKey = 1;
} (null)
2026-09-30 23:36:02.747 Df MobileSafari[26454:c659fe] [com.apple.WebKit:TextInput] Started deferring input view updates (01)
2026-09-30 23:36:02.747 Df MobileSafari[26454:c659fe] [com.apple.WebKit:ActivityState] 0x109dbf818 - [pageProxyID=38, webPageID=39, PID=26567] WebPageProxy::activityStateDidChange: mayHaveChanged=2
2026-09-30 23:36:02.747 Df MobileSafari[26454:c659fe] [com.apple.WebKit:ActivityState] 0x109dbf818 - [pageProxyID=38, webPageID=39, PID=26567] WebPageProxy::dispatchActivityStateChange: potentiallyChangedActivityStateFlags=2
2026-09-30 23:36:02.748 Df MobileSafari[26454:c659fe] [com.apple.UIKit:KeyboardFocusAssistant] Begin asserting active input modality (token:<uq: 1; UIKit-localContainer>, provenance:(null), responder:<WKContentView: 0x1076dfc00>)
2026-09-30 23:36:02.748 Df MobileSafari[26454:c659fe] [com.apple.BackBoard:Keyboard] currently observing: YES
2026-09-30 23:36:02.748 Df MobileSafari[26454:c659fe] [com.apple.BackBoard:Keyboard] connected: (
    "<BKSHIDKeyboardDevice: 0x1728fe220> {\134n    senderID: 0xACEFADE00000002;\134n    transport: <nil>;\134n    language: <nil>;\134n    layout: US;\134n    countryCode: 0;\134n    standardType: 4294967295;\134n    subinterfaceID: 0;\134n    capsLockKeyHasLanguageSwitchLabel: NO;\134n    globeKeyL
)
2026-09-30 23:36:02.748 Df MobileSafari[26454:c659fe] [com.apple.BackBoard:Keyboard] currently observing: NO
2026-09-30 23:36:02.748 Df MobileSafari[26454:c659fe] [com.apple.BackBoard:Keyboard] disconnected: (
    "<BKSHIDKeyboardDevice: 0x1728fe220> {\134n    senderID: 0xACEFADE00000002;\134n    transport: <nil>;\134n    language: <nil>;\134n    layout: US;\134n    countryCode: 0;\134n    standardType: 4294967295;\134n    subinterfaceID: 0;\134n    capsLockKeyHasLanguageSwitchLabel: NO;\134n    globeKeyL
)
2026-09-30 23:36:02.748 E  MobileSafari[26454:c659fe] [com.apple.RemoteTextInput:RTILog] -[RTIInputSystemClient remoteTextInputSessionWithID:performInputOperation:]  perform input operation requires a valid sessionID. inputModality = Keyboard, inputOperation = <null selector>, customInfoType = UIEmo
2026-09-30 23:36:02.748 Df MobileSafari[26454:c659fe] [com.apple.TextInputUI:KeyboardInputManagerMux] Instancing system input manager: App->InputUI->kbd (secure candidate flow with in process keyboard)
2026-09-30 23:36:02.748 Df MobileSafari[26454:c659fe] [com.apple.TextInputUI:InputSession_Proxy] -[TUIInputSessionProxy _initalizeConnectionWithMachName:serviceName:implProxy:], machName: com.apple.inputservice.keyboardui, serviceName: com.apple.inputservice.inputManager
2026-09-30 23:36:02.748 Df InputUI[87035:c65869] [com.apple.TextInputUI:CandidateGeneration] -[TUIKeyboardCandidateMultiplexer installGeneratorForSource:installContext:]_block_invoke: Multiplexer is installing generator for source: 1
2026-09-30 23:36:02.748 Df InputUI[87035:c65869] [com.apple.TextInputUI:CandidateGeneration] -[TUIKeyboardCandidateMultiplexer installGeneratorForSource:installContext:]_block_invoke: Multiplexer is installing generator for source: 3
2026-09-30 23:36:02.748 Df InputUI[87035:c65869] [com.apple.TextInputUI:CandidateGeneration] -[TUIKeyboardCandidateMultiplexer installGeneratorForSource:installContext:]_block_invoke: Multiplexer is installing generator for source: 8
2026-09-30 23:36:02.749 Df MobileSafari[26454:c65d8c] [com.apple.FrontBoard:ProcessScene] [0x1740052c0:UISceneHosting-com.apple.mobilesafari:UIHostedScene-com.apple.InputUI-A2AF1289] Scene action [Forward Event][0x7e73] completed with success: 1
2026-09-30 23:36:02.749 Df MobileSafari[26454:c659fe] [com.apple.BackBoard:Keyboard] currently observing: YES
2026-09-30 23:36:02.749 Df InputUI[87035:c65861] [com.apple.TextInputUI:InputSession_Manager] Created TUIInputSession with new incoming connection: <TUIInputSession: 0x106ebc600; identifier = 26454-1C674B48-ED01-44C8-9A18-6A872EE09BC4, bundle-id = com.apple.mobilesafari>, vpid: 10991714663688022
2026-09-30 23:36:02.749 Df MobileSafari[26454:c659fe] [com.apple.BackBoard:Keyboard] connected: (
    "<BKSHIDKeyboardDevice: 0x1728fe610> {\134n    senderID: 0xACEFADE00000002;\134n    transport: <nil>;\134n    language: <nil>;\134n    layout: US;\134n    countryCode: 0;\134n    standardType: 4294967295;\134n    subinterfaceID: 0;\134n    capsLockKeyHasLanguageSwitchLabel: NO;\134n    globeKeyL
)
2026-09-30 23:36:02.749 Df InputUI[87035:c65861] [com.apple.TextInputUI:InputSession_Manager] Invalidating connection for versionedPID: 10991714663688022
2026-09-30 23:36:02.749 Df InputUI[87035:c65861] [com.apple.TextInputUI:InputSession_Manager] Found existing input candidate container delegate with host versionedPID: 10991714663688022, attaching to input session.
2026-09-30 23:36:02.749 Df InputUI[87035:c65861] [com.apple.TextInputUI:InputSession_Manager] (
    "==== Active Connections List:",
    "Key[10973757405421103]: <TUIInputSession: 0x104331560; identifier = 24111-1D0B9218-B9A7-4870-92A1-15EE89DE4A80, bundle-id = com.apple.SafariViewService>, hasDelegate: NO",
    "Key[10676957985461479]: <TUIInputSession: 0x104332d00; identifier = 87271-BFAC48C1-D5CD-4D62-B720-2E69C0BA4E76, bundle-id = com.apple.Spotlight>, hasDelegate: NO",
    "Key[10672229226468066]: <TUIInputSession: 0x104331c80; identifier = 86754-AC1CBB4B-1783-4A40-9474-BA9427107AAE, bundle-id = com.apple.springboard>, hasDelegate: NO",
    "Key[10991714663688022]: <TUIInputSession: 0x106ebc600; identifier = 26454-1C674B48-ED01-44C8-9A18-6A872EE09BC4, bundle-id = com.apple.mobilesafari>, hasDelegate: YES"
)
2026-09-30 23:36:02.749 Df MobileSafari[26454:c659fe] [com.apple.BackBoard:Keyboard] currently observing: NO
2026-09-30 23:36:02.749 Df MobileSafari[26454:c659fe] [com.apple.BackBoard:Keyboard] disconnected: (
    "<BKSHIDKeyboardDevice: 0x1728fe610> {\134n    senderID: 0xACEFADE00000002;\134n    transport: <nil>;\134n    language: <nil>;\134n    layout: US;\134n    countryCode: 0;\134n    standardType: 4294967295;\134n    subinterfaceID: 0;\134n    capsLockKeyHasLanguageSwitchLabel: NO;\134n    globeKeyL
)
2026-09-30 23:36:02.749 Df MobileSafari[26454:c659fe] [com.apple.UIKit:InputSessionChange] -setDelegate=<WKContentView: 0x1076dfc00> force:NO delayEndInputSession:NO (delegateSame=NO)
2026-09-30 23:36:02.749 Df MobileSafari[26454:c659fe] [com.apple.UIKit:InputSessionChange] -_teardownExistingDelegate:(nil) forSetDelegate:<WKContentView: 0x1076dfc00> force:NO delayEndInputSession:NO
2026-09-30 23:36:02.750 Df MobileSafari[26454:c659fe] [com.apple.UIKit:KeyboardAutocorrectionControllerUI] -[UIKeyboardAutocorrectionController setAutocorrectionList:], (null)
2026-09-30 23:36:02.750 Df MobileSafari[26454:c659fe] [com.apple.UIKit:SmartReply] Handling responseContextDidChange - existing: (null), new: (null)
2026-09-30 23:36:02.751 E  MobileSafari[26454:c659fe] [com.apple.UIKit:UIKBRenderingLog] isKeyboardMinorEdgeWidth may only be set for UIKBDynamicRenderFactory, changes not saved
2026-09-30 23:36:02.751 E  MobileSafari[26454:c659fe] [com.apple.UIKit:UIKBRenderingLog] keyboardVerticalSizeClass may only be set for UIKBDynamicRenderFactory, changes not saved
2026-09-30 23:36:02.751 E  MobileSafari[26454:c659fe] [com.apple.UIKit:UIKBRenderingLog] keyboardHorizontalSizeClass may only be set for UIKBDynamicRenderFactory, changes not saved
2026-09-30 23:36:02.751 E  MobileSafari[26454:c659fe] [com.apple.UIKit:UIKBRenderingLog] currentHandBias may only be set for UIKBDynamicRenderFactory, changes not saved
2026-09-30 23:36:02.751 E  MobileSafari[26454:c659fe] [com.apple.UIKit:UIKBRenderingLog] currentHeight may only be set for UIKBDynamicRenderFactory, changes not saved
2026-09-30 23:36:02.751 E  MobileSafari[26454:c659fe] [com.apple.UIKit:UIKBRenderingLog] isKeyboardMinorEdgeWidth may only be set for UIKBDynamicRenderFactory, changes not saved
2026-09-30 23:36:02.751 E  MobileSafari[26454:c659fe] [com.apple.UIKit:UIKBRenderingLog] keyboardVerticalSizeClass may only be set for UIKBDynamicRenderFactory, changes not saved
2026-09-30 23:36:02.751 E  MobileSafari[26454:c659fe] [com.apple.UIKit:UIKBRenderingLog] keyboardHorizontalSizeClass may only be set for UIKBDynamicRenderFactory, changes not saved
2026-09-30 23:36:02.751 E  MobileSafari[26454:c659fe] [com.apple.UIKit:UIKBRenderingLog] currentHandBias may only be set for UIKBDynamicRenderFactory, changes not saved
2026-09-30 23:36:02.751 E  MobileSafari[26454:c659fe] [com.apple.UIKit:UIKBRenderingLog] currentHeight may only be set for UIKBDynamicRenderFactory, changes not saved
2026-09-30 23:36:02.752 Df MobileSafari[26454:c659fe] [com.apple.UIKit:UIPeripheralHost] endPlacementForInputViewSet: <<UIInputViewSet: 0x174005380>; keyboard = <UIKeyboardAutomatic: 0x109e3db00; frame = (0 0; 402 226); opaque = NO; layer = <CALayer: 0x106520930>>%; assistant = <TUISystemInputAssist
2026-09-30 23:36:02.752 Df MobileSafari[26454:c659fe] [com.apple.UIKit:UIPeripheralHost] endPlacementForInputViewSet, returning -> <UIInputViewSetPlacementOnScreenWithAccessory>
2026-09-30 23:36:02.752 Df MobileSafari[26454:c659fe] [com.apple.UIKit:UIPeripheralHost] endPlacementForInputViewSet: <<UIInputViewSet: 0x174005380>; keyboard = <UIKeyboardAutomatic: 0x109e3db00; frame = (0 0; 402 226); opaque = NO; layer = <CALayer: 0x106520930>>%; assistant = <TUISystemInputAssist
2026-09-30 23:36:02.752 Df MobileSafari[26454:c659fe] [com.apple.UIKit:UIPeripheralHost] endPlacementForInputViewSet, returning -> <UIInputViewSetPlacementOnScreenWithAccessory>
2026-09-30 23:36:02.752 Df MobileSafari[26454:c659fe] [com.apple.UIKit:UIPeripheralHost] endPlacementForInputViewSet: <<UIInputViewSet: 0x174005380>; keyboard = <UIKeyboardAutomatic: 0x109e3db00; frame = (0 0; 402 226); opaque = NO; layer = <CALayer: 0x106520930>>%; assistant = <TUISystemInputAssist
2026-09-30 23:36:02.752 Df MobileSafari[26454:c659fe] [com.apple.UIKit:UIPeripheralHost] endPlacementForInputViewSet, returning -> <UIInputViewSetPlacementOnScreenWithAccessory>
2026-09-30 23:36:02.753 Df MobileSafari[26454:c659fe] [com.apple.UIKit:UIPeripheralHost] endPlacementForInputViewSet: <<UIInputViewSet: 0x174005380>; keyboard = <UIKeyboardAutomatic: 0x109e3db00; frame = (0 0; 402 226); opaque = NO; layer = <CALayer: 0x106520930>>%; assistant = <TUISystemInputAssist
2026-09-30 23:36:02.753 Df MobileSafari[26454:c659fe] [com.apple.UIKit:UIPeripheralHost] endPlacementForInputViewSet, returning -> <UIInputViewSetPlacementOnScreenWithAccessory>
2026-09-30 23:36:02.755 Df MobileSafari[26454:c659fe] [com.apple.TextInputUI:KeyboardInputManagerMux] -[TUIKeyboardInputManagerMux forwardInvocation:] -> <NSInvocation: 0x13f46e740>
return value: {v} void
target: {@} 0x13cfe87c0
selector: {:} changingContextWithTrigger:
argument 2: {@} 0x222ac4a18
2026-09-30 23:36:02.755 Df MobileSafari[26454:c659fe] [com.apple.TextInputUI:InputSession_Proxy] -[TUIInputSessionProxy handleRequest:], invocation: changingContextWithTrigger:
2026-09-30 23:36:02.756 Df InputUI[87035:c33b5c] [com.apple.TextInputUI:InputSession] [TUIInputSession:26454-1C674B48-ED01-44C8-9A18-6A872EE09BC4] forwarding invocation: [changingContextWithTrigger:], target: <TUIKBDSession: 0x106e06040>, identifier: [26454-1C674B48-ED01-44C8-9A18-6A872EE09BC4]
2026-09-30 23:36:02.756 Df MobileSafari[26454:c659fe] [com.apple.UIKit:UIPeripheralHost] endPlacementForInputViewSet: <<UIInputViewSet: 0x174005380>; keyboard = <UIKeyboardAutomatic: 0x109e3db00; frame = (0 0; 402 226); opaque = NO; layer = <CALayer: 0x106520930>>%; assistant = <TUISystemInputAssist
2026-09-30 23:36:02.756 Df MobileSafari[26454:c659fe] [com.apple.UIKit:UIPeripheralHost] endPlacementForInputViewSet, returning -> <UIInputViewSetPlacementOnScreenWithAccessory>
2026-09-30 23:36:02.756 Df MobileSafari[26454:c659fe] [com.apple.UIKit:UIPeripheralHost] endPlacementForInputViewSet: <<UIInputViewSet: 0x174005380>; keyboard = <UIKeyboardAutomatic: 0x109e3db00; frame = (0 0; 402 226); opaque = NO; layer = <CALayer: 0x106520930>>%; assistant = <TUISystemInputAssist
2026-09-30 23:36:02.756 Df MobileSafari[26454:c659fe] [com.apple.UIKit:UIPeripheralHost] endPlacementForInputViewSet, returning -> <UIInputViewSetPlacementOnScreenWithAccessory>
2026-09-30 23:36:02.757 Df MobileSafari[26454:c659fe] [com.apple.UIKit:UIPeripheralHost] endPlacementForInputViewSet: <<UIInputViewSet: 0x174005380>; keyboard = <UIKeyboardAutomatic: 0x109e3db00; frame = (0 0; 402 226); opaque = NO; layer = <CALayer: 0x106520930>>%; assistant = <TUISystemInputAssist
2026-09-30 23:36:02.757 Df MobileSafari[26454:c659fe] [com.apple.UIKit:UIPeripheralHost] endPlacementForInputViewSet, returning -> <UIInputViewSetPlacementOnScreenWithAccessory>
2026-09-30 23:36:02.757 Df MobileSafari[26454:c659fe] [com.apple.UIKit:UIPeripheralHost] endPlacementForInputViewSet: <<UIInputViewSet: 0x174005380>; keyboard = <UIKeyboardAutomatic: 0x109e3db00; frame = (0 0; 402 226); opaque = NO; layer = <CALayer: 0x106520930>>%; assistant = <TUISystemInputAssist
2026-09-30 23:36:02.757 Df MobileSafari[26454:c659fe] [com.apple.UIKit:UIPeripheralHost] endPlacementForInputViewSet, returning -> <UIInputViewSetPlacementOnScreenWithAccessory>
2026-09-30 23:36:02.757 Df MobileSafari[26454:c659fe] [com.apple.UIKit:UIPeripheralHost] endPlacementForInputViewSet: <<UIInputViewSet: 0x174005380>; keyboard = <UIKeyboardAutomatic: 0x109e3db00; frame = (0 0; 402 226); opaque = NO; layer = <CALayer: 0x106520930>>%; assistant = <TUISystemInputAssist
2026-09-30 23:36:02.757 Df MobileSafari[26454:c659fe] [com.apple.UIKit:UIPeripheralHost] endPlacementForInputViewSet, returning -> <UIInputViewSetPlacementOnScreenWithAccessory>
2026-09-30 23:36:02.757 Df MobileSafari[26454:c659fe] [com.apple.UIKit:UIPeripheralHost] endPlacementForInputViewSet: <<UIInputViewSet: 0x174005380>; keyboard = <UIKeyboardAutomatic: 0x109e3db00; frame = (0 0; 402 226); opaque = NO; layer = <CALayer: 0x106520930>>%; assistant = <TUISystemInputAssist
2026-09-30 23:36:02.757 Df MobileSafari[26454:c659fe] [com.apple.UIKit:UIPeripheralHost] endPlacementForInputViewSet, returning -> <UIInputViewSetPlacementOnScreenWithAccessory>
2026-09-30 23:36:02.758 Df MobileSafari[26454:c659fe] [com.apple.UIKit:UIPeripheralHost] endPlacementForInputViewSet: <<UIInputViewSet: 0x174005380>; keyboard = <UIKeyboardAutomatic: 0x109e3db00; frame = (0 0; 402 226); opaque = NO; layer = <CALayer: 0x106520930>>%; assistant = <TUISystemInputAssist
2026-09-30 23:36:02.758 Df MobileSafari[26454:c659fe] [com.apple.UIKit:UIPeripheralHost] endPlacementForInputViewSet, returning -> <UIInputViewSetPlacementOnScreenWithAccessory>
2026-09-30 23:36:02.758 Df MobileSafari[26454:c659fe] [com.apple.UIKit:UIPeripheralHost] endPlacementForInputViewSet: <<UIInputViewSet: 0x174005380>; keyboard = <UIKeyboardAutomatic: 0x109e3db00; frame = (0 0; 402 226); opaque = NO; layer = <CALayer: 0x106520930>>%; assistant = <TUISystemInputAssist
2026-09-30 23:36:02.758 Df MobileSafari[26454:c659fe] [com.apple.UIKit:UIPeripheralHost] endPlacementForInputViewSet, returning -> <UIInputViewSetPlacementOnScreenWithAccessory>
2026-09-30 23:36:02.758 Df MobileSafari[26454:c659fe] [com.apple.TextInputUI:KeyboardInputManagerMux] -[TUIKeyboardInputManagerMux forwardInvocation:] -> <NSInvocation: 0x13f7c5040>
return value: {v} void
target: {@} 0x13cfe87c0
selector: {:} syncToKeyboardState:completionHandler:
argument 2: {@} 0x1075b2ca0
argument 3: {@?} 0x172bde880 (block)
2026-09-30 23:36:02.758 Df MobileSafari[26454:c659fe] [com.apple.TextInputUI:InputSession_Proxy] -[TUIInputSessionProxy handleRequest:], invocation: syncToKeyboardState:completionHandler:
2026-09-30 23:36:02.759 Df MobileSafari[26454:c659fe] [com.apple.RemoteTextInput:InputSessionChange] -[RTIInputSystemClient beginAllowingRemoteTextInput:]  Begin allowing remote text input: D1891D2A-7CA5-4B6C-83B6-43BFFB60359B
2026-09-30 23:36:02.759 Df InputUI[87035:c33b5c] [com.apple.TextInputUI:InputSession] -[TUIInputSession syncToKeyboardState:completionHandler:] [26454-1C674B48-ED01-44C8-9A18-6A872EE09BC4]
2026-09-30 23:36:02.760 Df MobileSafari[26454:c659fe] [com.apple.UIKit:UIPeripheralHost] endPlacementForInputViewSet: <<UIInputViewSet: 0x174005500>; keyboard = <UIKeyboardAutomatic: 0x109e3db00; frame = (0 0; 402 226); opaque = NO; layer = <CALayer: 0x106520930>>%; assistant = <TUISystemInputAssist
2026-09-30 23:36:02.760 Df MobileSafari[26454:c659fe] [com.apple.UIKit:UIPeripheralHost] endPlacementForInputViewSet, returning -> <UIInputViewSetPlacementOnScreenWithAccessory>
2026-09-30 23:36:02.760 Df MobileSafari[26454:c659fe] [com.apple.UIKit:KeyboardArbiterClientLog] -[_UIRemoteKeyboards prepareToMoveKeyboard:withIAV:isIAVRelevant:showing:notifyRemote:forScene:] position: {{0, 0}, {402, 328}} visible: 1; notifyRemote: 1; isMinimized: NO
2026-09-30 23:36:02.760 Df MobileSafari[26454:c659fe] [com.apple.KeyboardArbiter:Client] prepareToMoveKeyboard: set currentKeyboard:Y (snapshot:N, notifyRemote:Y, position:{{0, 546}, {402, 328}})
2026-09-30 23:36:02.761 Df MobileSafari[26454:c659fe] [com.apple.KeyboardArbiter:Client] TX signalKeyboardChanged: <<fence:Y pos:{{0, 546}, {402, 328}} anim:Y onScreen:Y tracking:N resizing:N local:N uiPos:Unknown notif:N> src{scene:com.apple.mobilesafari-71DD3C25-4702-4D1D-8EB9-7DEF87C13EE1 display
2026-09-30 23:36:02.761 Df MobileSafari[26454:c659fe] [com.apple.UIKit:KeyboardArbiterClientLog] -[_UIRemoteKeyboards signalToProxyKeyboardChanged:onCompletion:]  Signaling keyboard changed <<<_UIKeyboardChangedInformation: 0x166980d80>; appId (null) bundleId (null) animation fence <BKSAnimationFenc
2026-09-30 23:36:02.762 Df InputUI[87035:c33b5c] [com.apple.KeyboardArbiter:Handle] RX com.apple.mobilesafari(26454) signalKeyboardChanged
    keyboardChanges:<<fence:Y pos:{{0, 546}, {402, 328}} anim:Y onScreen:Y tracking:N resizing:N local:N uiPos:Unknown notif:N> src{scene:com.apple.mobilesafari-71DD3C25-4702-4D1D-8EB9-7DEF87C13EE1 display:Main bundle:com.apple.mobilesafari} hostBundle:(null) posWithIAV:{{0, 446}, {402, 428}} snapsh
2026-09-30 23:36:02.762 Df MobileSafari[26454:c659fe] [com.apple.UIKit:KeyboardVisualMode] Show keyboard with visual mode windowed (0)
2026-09-30 23:36:02.762 Df InputUI[87035:c33b5c] [com.apple.KeyboardArbiter:Events] set activeInputDestination:<com.apple.mobilesafari focus:<contextID:3574600963 sceneID:com.apple.mobilesafari-71DD3C25-4702-4D1D-8EB9-7DEF87C13EE1> run:Y hosting:() level:5 active:N wantedState:Enabled #suppr:0 iavHe
2026-09-30 23:36:02.762 Df InputUI[87035:c33b5c] [com.apple.UIKit:KeyboardArbiter] active input destination is now <_UIKeyboardArbiterClientHandle: 0x1100f2ca0; [app<com.apple.mobilesafari((null))>:26454] <<UIKBArbiterClientFocusContext: 0x1072ef480; contextID = d5101503; sceneIdentity = com.apple.f
)}; level 5.000000; active NO [wants YES]; suppression 0; iav 100.000000; on screen YES; isAcquiringFocus: NO>; information: <<<_UIKeyboardChangedInformation: 0x110010780>; appId (null) bundleId (null) animation fence <BKSAnimationFenceHandle:0x106ff8c80 -> <CAFenceHandle:0x1070c8380 name=144 fence=
2026-09-30 23:36:02.763 Df MobileSafari[26454:c659fe] [com.apple.UIKit:UIPeripheralHost] endPlacementForInputViewSet: <<UIInputViewSet: 0x174005380>; keyboard = <UIKeyboardAutomatic: 0x109e3db00; frame = (0 0; 402 226); opaque = NO; layer = <CALayer: 0x106520930>>%; assistant = <TUISystemInputAssist
2026-09-30 23:36:02.763 Df MobileSafari[26454:c659fe] [com.apple.UIKit:UIPeripheralHost] endPlacementForInputViewSet, returning -> <UIInputViewSetPlacementOnScreenWithAccessory>
2026-09-30 23:36:02.763 Df MobileSafari[26454:c659fe] [com.apple.UIKit:UIPeripheralHost] endPlacementForInputViewSet: <<UIInputViewSet: 0x174005380>; keyboard = <UIKeyboardAutomatic: 0x109e3db00; frame = (0 0; 402 226); opaque = NO; layer = <CALayer: 0x106520930>>%; assistant = <TUISystemInputAssist
2026-09-30 23:36:02.763 Df MobileSafari[26454:c659fe] [com.apple.UIKit:UIPeripheralHost] endPlacementForInputViewSet, returning -> <UIInputViewSetPlacementOnScreenWithAccessory>
2026-09-30 23:36:02.763 Df MobileSafari[26454:c659fe] [com.apple.UIKit:UIPeripheralHost] endPlacementForInputViewSet: <<UIInputViewSet: 0x174005380>; keyboard = <UIKeyboardAutomatic: 0x109e3db00; frame = (0 0; 402 226); opaque = NO; layer = <CALayer: 0x106520930>>%; assistant = <TUISystemInputAssist
2026-09-30 23:36:02.763 Df MobileSafari[26454:c659fe] [com.apple.UIKit:UIPeripheralHost] endPlacementForInputViewSet, returning -> <UIInputViewSetPlacementOnScreenWithAccessory>
2026-09-30 23:36:02.763 Df MobileSafari[26454:c659fe] [com.apple.UIKit:UIPeripheralHost] endPlacementForInputViewSet: <<UIInputViewSet: 0x174005380>; keyboard = <UIKeyboardAutomatic: 0x109e3db00; frame = (0 0; 402 226); opaque = NO; layer = <CALayer: 0x106520930>>%; assistant = <TUISystemInputAssist
2026-09-30 23:36:02.763 Df MobileSafari[26454:c659fe] [com.apple.UIKit:UIPeripheralHost] endPlacementForInputViewSet, returning -> <UIInputViewSetPlacementOnScreenWithAccessory>
2026-09-30 23:36:02.764 Df InputUI[87035:c33b5c] [com.apple.KeyboardArbiter:Handle] RX com.apple.mobilesafari(26454) setWindowContextID:4019778314 windowState:Enabled level:5.0
    focusContext:<contextID:3574600963 sceneID:com.apple.mobilesafari-71DD3C25-4702-4D1D-8EB9-7DEF87C13EE1>
2026-09-30 23:36:02.764 Df MobileSafari[26454:c659fe] [com.apple.UIKit:UIPeripheralHost] endPlacementForInputViewSet: <<UIInputViewSet: 0x174005380>; keyboard = <UIKeyboardAutomatic: 0x109e3db00; frame = (0 0; 402 226); opaque = NO; layer = <CALayer: 0x106520930>>%; assistant = <TUISystemInputAssist
2026-09-30 23:36:02.764 Df MobileSafari[26454:c659fe] [com.apple.UIKit:UIPeripheralHost] endPlacementForInputViewSet, returning -> <UIInputViewSetPlacementOnScreenWithAccessory>
2026-09-30 23:36:02.765 Df MobileSafari[26454:c659fe] [com.apple.UIKit:UIPeripheralHost] endPlacementForInputViewSet: <<UIInputViewSet: 0x174005380>; keyboard = <UIKeyboardAutomatic: 0x109e3db00; frame = (0 0; 402 226); opaque = NO; layer = <CALayer: 0x106520930>>%; assistant = <TUISystemInputAssist
2026-09-30 23:36:02.765 Df MobileSafari[26454:c659fe] [com.apple.UIKit:UIPeripheralHost] endPlacementForInputViewSet, returning -> <UIInputViewSetPlacementOnScreenWithAccessory>
2026-09-30 23:36:02.765 Df MobileSafari[26454:c659fe] [com.apple.UIKit:UIPeripheralHost] endPlacementForInputViewSet: <<UIInputViewSet: 0x174005380>; keyboard = <UIKeyboardAutomatic: 0x109e3db00; frame = (0 0; 402 226); opaque = NO; layer = <CALayer: 0x106520930>>%; assistant = <TUISystemInputAssist
2026-09-30 23:36:02.765 Df MobileSafari[26454:c659fe] [com.apple.UIKit:UIPeripheralHost] endPlacementForInputViewSet, returning -> <UIInputViewSetPlacementOnScreenWithAccessory>
2026-09-30 23:36:02.765 Df SafariViewService[24111:c6392d] [com.apple.KeyboardArbiter:Client] RX keyboardChanged (isLocal:N source:com.apple.mobilesafari-71DD3C25-4702-4D1D-8EB9-7DEF87C13EE1 frame:{{0, 546}, {402, 328}} onScreen:Y)
2026-09-30 23:36:02.765 Df SafariViewService[24111:c6392d] [com.apple.KeyboardArbiter:Client] handleKeyboardChange: set currentKeyboard:N (wasKeyboard:N)
2026-09-30 23:36:02.765 Df MobileSafari[26454:c659fe] [com.apple.UIKit:UIPeripheralHost] endPlacementForInputViewSet: <<UIInputViewSet: 0x174005380>; keyboard = <UIKeyboardAutomatic: 0x109e3db00; frame = (0 0; 402 226); opaque = NO; layer = <CALayer: 0x106520930>>%; assistant = <TUISystemInputAssist
2026-09-30 23:36:02.765 Df SafariViewService[24111:c6392d] [com.apple.UIKit:TrackingElementWindowController] Updating sizing for existing placement <UITrackingElementPlacementInitialPosition>
2026-09-30 23:36:02.765 Df InputUI[87035:c33b5c] [com.apple.KeyboardArbiter:Client] RX keyboardChanged (isLocal:N)
2026-09-30 23:36:02.765 Df MobileSafari[26454:c659fe] [com.apple.UIKit:UIPeripheralHost] endPlacementForInputViewSet, returning -> <UIInputViewSetPlacementOnScreenWithAccessory>
2026-09-30 23:36:02.765 Df SafariViewService[24111:c6392d] [com.apple.TextInputUI:KeyboardTrackingCoordinator] Updating tracking clients for start <TUIKeyboardTrackingCoordinator:0x106484780 state=<TUIKeyboardState: 0x13fe5e180 State: onscreen with input view with assistant; is docked>; frame={{0, 5
2026-09-30 23:36:02.765 Df InputUI[87035:c33b5c] [com.apple.KeyboardArbiter:Client] RX keyboardChanged (isLocal:N source:com.apple.mobilesafari-71DD3C25-4702-4D1D-8EB9-7DEF87C13EE1 frame:{{0, 546}, {402, 328}} onScreen:Y)
2026-09-30 23:36:02.765 Df SafariViewService[24111:c6392d] [com.apple.UIKit:KeyboardLayoutGuide] changeSizingConstants: size is changing [not transitioning] to {402, 328} [previous size: {402, 301}]
2026-09-30 23:36:02.765 Df InputUI[87035:c33b5c] [com.apple.KeyboardArbiter:Client] handleKeyboardChange: set currentKeyboard:N (wasKeyboard:N)
2026-09-30 23:36:02.765 Df SafariViewService[24111:c6392d] [com.apple.TextInputUI:KeyboardTrackingCoordinator] Updating tracking clients for start <TUIKeyboardTrackingCoordinator:0x106497480 state=<TUIKeyboardState: 0x13fe5e180 State: onscreen with input view with assistant; is docked>; frame={{0, 5
2026-09-30 23:36:02.765 Df SafariViewService[24111:c6392d] [com.apple.UIKit:KeyboardLayoutGuide] changeSizingConstants: size is changing [not transitioning] to {402, 328} [previous size: {402, 301}]
2026-09-30 23:36:02.765 Df MobileSafari[26454:c659fe] [com.apple.UIKit:UIPeripheralHost] endPlacementForInputViewSet: <<UIInputViewSet: 0x174004840>; keyboard = <UIKeyboardAutomatic: 0x109e3db00; frame = (0 0; 402 226); opaque = NO; layer = <CALayer: 0x106520930>>%; assistant = <TUISystemInputAssist
2026-09-30 23:36:02.765 Df InputUI[87035:c33b5c] [com.apple.UIKit:TrackingElementWindowController] Updating sizing for existing placement <UITrackingElementPlacementInitialPosition>
2026-09-30 23:36:02.765 Df MobileSafari[26454:c659fe] [com.apple.UIKit:UIPeripheralHost] endPlacementForInputViewSet, returning -> <UIInputViewSetPlacementOnScreenWithAccessory>
2026-09-30 23:36:02.765 Df InputUI[87035:c33b5c] [com.apple.TextInputUI:KeyboardTrackingCoordinator] Updating tracking clients for start <TUIKeyboardTrackingCoordinator:0x107349540 state=<TUIKeyboardState: 0x106e96fe0 State: onscreen with input view with assistant; is docked>; frame={{0, 546}, {402,
    UIKeyboardAnimationCurveUserInfoKey = 7;
    UIKeyboardAnimationDurationUserInfoKey = "0.3833";
    UIKeyboardBoundsUserInfoKey = "NSRect: {{0, 0}, {402, 328}}";
    UIKeyboardCenterBeginUserInfoKey = "NSPoint: {0, 573}";
    UIKeyboardCenterEndUserInfoKey = "NSPoint: {201, 710}";
    UIKeyboardFrameBeginUserInfoKey = "NSRect: {{0, 573}, {0, 0}}";
    UIKeyboardFrameEndUserInfoKey = "NSRect: {{0, 546}, {402, 328}}";
    UIKeyboardIsLocalUserInfoKey = 1;
}notificationsDebug: >>
2026-09-30 23:36:02.765 Df MobileSafari[26454:c659fe] [com.apple.UIKit:TrackingElementWindowController] Setting tracking element input views: <<UIInputViewSet: 0x174006a00>; keyboard = [uninitialized]; accessory = <SFWebFormAccessoryViewWrapper: 0x13d888fc0; frame = (0 0; 402 100); >; usesKeyClicks 
2026-09-30 23:36:02.765 Df MobileSafari[26454:c659fe] [com.apple.UIKit:KeyboardArbiterClientLog] -[_UIRemoteKeyboardPlaceholderView refreshPlaceholder]  refreshPlaceholder: size={402, 328} [previous size={402, 301}]
2026-09-30 23:36:02.765 Df MobileSafari[26454:c659fe] [com.apple.UIKit:TrackingElementWindowController] Placeholder height changed from 301.0 to 328.0
2026-09-30 23:36:02.765 Df InputUI[87035:c33b5c] [com.apple.TextInputUI:KeyboardTrackingCoordinator] Posted notification willShow with {
    UIKeyboardAnimationCurveUserInfoKey = 7;
    UIKeyboardAnimationDurationUserInfoKey = "0.3833";
    UIKeyboardBoundsUserInfoKey = "NSRect: {{0, 0}, {402, 328}}";
    UIKeyboardCenterBeginUserInfoKey = "NSPoint: {0, 573}";
    UIKeyboardCenterEndUserInfoKey = "NSPoint: {201, 710}";
    UIKeyboardFrameBeginUserInfoKey = "NSRect: {{0, 573}, {0, 0}}";
    UIKeyboardFrameEndUserInfoKey = "NSRect: {{0, 546}, {402, 328}}";
    UIKeyboardIsLocalUserInfoKey = 1;
} (null)
2026-09-30 23:36:02.765 Df SafariViewService[24111:c6392d] [com.apple.UIKit:TrackingElementWindowController] Updating sizing for existing placement <UIInputViewSetPlacementOffScreenDown>
2026-09-30 23:36:02.765 Df MobileSafari[26454:c659fe] [com.apple.UIKit:UIPeripheralHost] endPlacementForInputViewSet: <<UIInputViewSet: 0x174006a00>; keyboard = [uninitialized]; accessory = <SFWebFormAccessoryViewWrapper: 0x13d888fc0; frame = (0 0; 402 100); >; usesKeyClicks = NO;  > windowScene: <B
2026-09-30 23:36:02.766 Df SafariViewService[24111:c6392d] [com.apple.UIKit:KeyboardArbiterClientLog] -[_UIRemoteKeyboardPlaceholderView refreshPlaceholder]  refreshPlaceholder: size={402, 328} [previous size={402, 328}]
2026-09-30 23:36:02.766 Df MobileSafari[26454:c659fe] [com.apple.UIKit:UIPeripheralHost] endPlacementForInputViewSet, returning -> <UIInputViewSetPlacementOnScreenWithAccessory>
2026-09-30 23:36:02.766 Df InputUI[87035:c33b5c] [com.apple.TextInputUI:KeyboardTrackingCoordinator] Posted notification didShow with {
    UIKeyboardAnimationCurveUserInfoKey = 7;
    UIKeyboardAnimationDurationUserInfoKey = "0.3833";
    UIKeyboardBoundsUserInfoKey = "NSRect: {{0, 0}, {402, 328}}";
    UIKeyboardCenterBeginUserInfoKey = "NSPoint: {0, 573}";
    UIKeyboardCenterEndUserInfoKey = "NSPoint: {201, 710}";
    UIKeyboardFrameBeginUserInfoKey = "NSRect: {{0, 573}, {0, 0}}";
    UIKeyboardFrameEndUserInfoKey = "NSRect: {{0, 546}, {402, 328}}";
    UIKeyboardIsLocalUserInfoKey = 1;
} (null)
2026-09-30 23:36:02.766 Df SafariViewService[24111:c6392d] [com.apple.TextInputUI:KeyboardTrackingCoordinator] Updating tracking clients for start <TUIKeyboardTrackingCoordinator:0x106484780 state=<TUIKeyboardState: 0x13fe5fde0 State: onscreen with input view with assistant; is docked>; frame={{0, 5
    UIKeyboardAnimationCurveUserInfoKey = 7;
    UIKeyboardAnimationDurationUserInfoKey = "0.3833";
    UIKeyboardBoundsUserInfoKey = "NSRect: {{0, 0}, {402, 328}}";
    UIKeyboardCenterBeginUserInfoKey = "NSPoint: {0, 0}";
    UIKeyboardCenterEndUserInfoKey = "NSPoint: {201, 710}";
    UIKeyboardFrameBeginUserInfoKey = "NSRect: {{0, 0}, {0, 0}}";
    UIKeyboardFrameEndUserInfoKey = "NSRect: {{0, 546}, {402, 328}}";
    UIKeyboardIsLocalUserInfoKey = 0;
}notificationsDebug: >>
2026-09-30 23:36:02.766 Df MobileSafari[26454:c659fe] [com.apple.UIKit:TrackingElementWindowController] Moving from placement: <UIInputViewSetPlacementOnScreenWithAccessory> to placement: <UIInputViewSetPlacementOnScreenWithAccessory> (currentPlacement: <UIInputViewSetPlacementOnScreenWithAccessory>
2026-09-30 23:36:02.766 Df SafariViewService[24111:c6392d] [com.apple.TextInputUI:KeyboardTrackingCoordinator] Updating tracking clients for start <TUIKeyboardTrackingCoordinator:0x106497480 state=<TUIKeyboardState: 0x13fe5fde0 State: onscreen with input view with assistant; is docked>; frame={{0, 5
    UIKeyboardAnimationCurveUserInfoKey = 7;
    UIKeyboardAnimationDurationUserInfoKey = "0.3833";
    UIKeyboardBoundsUserInfoKey = "NSRect: {{0, 0}, {402, 328}}";
    UIKeyboardCenterBeginUserInfoKey = "NSPoint: {0, 0}";
    UIKeyboardCenterEndUserInfoKey = "NSPoint: {201, 710}";
    UIKeyboardFrameBeginUserInfoKey = "NSRect: {{0, 0}, {0, 0}}";
    UIKeyboardFrameEndUserInfoKey = "NSRect: {{0, 546}, {402, 328}}";
    UIKeyboardIsLocalUserInfoKey = 0;
}notificationsDebug: >>
2026-09-30 23:36:02.766 Df MobileSafari[26454:c659fe] [com.apple.RemoteTextInput:RTILog] -[RTIInputSystemClient remoteTextInputSessionWithID:textSuggestionsChanged:]  Text input session suggestions changed. sessionID = D1891D2A-7CA5-4B6C-83B6-43BFFB60359B
2026-09-30 23:36:02.766 E  MobileSafari[26454:c659fe] [com.apple.RemoteTextInput:RTILog] -[RTIInputSystemClient remoteTextInputSessionWithID:textSuggestionsChanged:]  Can only set suggestions for an active session. sessionID = D1891D2A-7CA5-4B6C-83B6-43BFFB60359B
2026-09-30 23:36:02.766 Df SafariViewService[24111:c6392d] [com.apple.TextInputUI:KeyboardTrackingCoordinator] Posted notification willShow with {
    UIKeyboardAnimationCurveUserInfoKey = 7;
    UIKeyboardAnimationDurationUserInfoKey = "0.3833";
    UIKeyboardBoundsUserInfoKey = "NSRect: {{0, 0}, {402, 328}}";
    UIKeyboardCenterBeginUserInfoKey = "NSPoint: {0, 0}";
    UIKeyboardCenterEndUserInfoKey = "NSPoint: {201, 710}";
    UIKeyboardFrameBeginUserInfoKey = "NSRect: {{0, 0}, {0, 0}}";
    UIKeyboardFrameEndUserInfoKey = "NSRect: {{0, 546}, {402, 328}}";
    UIKeyboardIsLocalUserInfoKey = 0;
} (null)
2026-09-30 23:36:02.767 Df SafariViewService[24111:c6392d] [com.apple.TextInputUI:KeyboardTrackingCoordinator] Posted notification didShow with {
    UIKeyboardAnimationCurveUserInfoKey = 7;
    UIKeyboardAnimationDurationUserInfoKey = "0.3833";
    UIKeyboardBoundsUserInfoKey = "NSRect: {{0, 0}, {402, 328}}";
    UIKeyboardCenterBeginUserInfoKey = "NSPoint: {0, 0}";
    UIKeyboardCenterEndUserInfoKey = "NSPoint: {201, 710}";
    UIKeyboardFrameBeginUserInfoKey = "NSRect: {{0, 0}, {0, 0}}";
    UIKeyboardFrameEndUserInfoKey = "NSRect: {{0, 546}, {402, 328}}";
    UIKeyboardIsLocalUserInfoKey = 0;
} (null)
2026-09-30 23:36:02.767 Df MobileSafari[26454:c659fe] [com.apple.UIKit:DictationLifecycle] dictation dockMic enabled=1 active=1 langs=1 functional=1 hideFor3PK=0
2026-09-30 23:36:02.769 E  MobileSafari[26454:c659fe] [com.apple.coreanimation:API] cannot add handler to 0 from 0 - dropping
2026-09-30 23:36:02.769 Df MobileSafari[26454:c65d8d] [com.apple.FrontBoard:ProcessScene] [0x1740052c0:UISceneHosting-com.apple.mobilesafari:UIHostedScene-com.apple.InputUI-A2AF1289] Sending scene action [Forward Event][0x53be] to process 0x13c854180 (watchdog: 30.00s)
2026-09-30 23:36:02.770 Df InputUI[87035:c65869] [com.apple.FrontBoard:ProcessScene] [0x106e4b600:com.apple.InputUI.keyboard:KeyboardInputScene-com.apple.frontboard.systemappservices/FBSceneManager:sceneID%3Acom.apple.mobilesafari-71DD3C25-4702-4D1D-8EB9-7DEF87C13EE1] Scene state did change: XX-None
2026-09-30 23:36:02.770 Df InputUI[87035:c65869] [com.apple.FrontBoard:ProcessWorkspace] [app<com.apple.mobilesafari>:26454] Workspace state did change: FG-Active[90] --> XX-None[0] (assertion dropped).
2026-09-30 23:36:02.770 Df MobileSafari[26454:c65d8c] [com.apple.FrontBoard:ProcessScene] [0x1740052c0:UISceneHosting-com.apple.mobilesafari:UIHostedScene-com.apple.InputUI-A2AF1289] Sending scene action [Forward Event][0x8872] to process 0x13c854180 (watchdog: 30.00s)
2026-09-30 23:36:02.770 Df InputUI[87035:c33b5c] [com.apple.UIKit:AppLifecycle] sceneOfRecord: sceneID: com.apple.UIKit.remote-keyboard  persistentID: com.apple.UIKit.remote-keyboard
2026-09-30 23:36:02.770 Df InputUI[87035:c33b5c] [com.apple.UIKit:AppLifecycle] sceneOfRecord: sceneID: com.apple.UIKit.remote-keyboard  persistentID: com.apple.UIKit.remote-keyboard
2026-09-30 23:36:02.770 Df MobileSafari[26454:c65d8c] [com.apple.FrontBoard:ProcessScene] [0x1740052c0:UISceneHosting-com.apple.mobilesafari:UIHostedScene-com.apple.InputUI-A2AF1289] Sending scene action [Forward Event][0x9bf] to process 0x13c854180 (watchdog: 30.00s)
2026-09-30 23:36:02.770 Df InputUI[87035:c33b5c] [com.apple.UIKit:AppLifecycle] sceneOfRecord: sceneID: com.apple.UIKit.remote-keyboard  persistentID: com.apple.UIKit.remote-keyboard
2026-09-30 23:36:02.770 Df MobileSafari[26454:c659fe] [com.apple.UIKit:KeyboardArbiterClientLog] -[_UIRemoteKeyboardPlaceholderView refreshPlaceholder]  refreshPlaceholder: size={402, 328} [previous size={402, 301}]
2026-09-30 23:36:02.771 Df MobileSafari[26454:c659fe] [com.apple.TextInputUI:KeyboardTrackingCoordinator] Updating tracking clients for start <TUIKeyboardTrackingCoordinator:0x13d8d5680 state=<TUIKeyboardState: 0x1740f9480 State: onscreen with input view; has IAV; is docked>; frame={{0, 546}, {402, 
    UIKeyboardAnimationCurveUserInfoKey = 7;
    UIKeyboardAnimationDurationUserInfoKey = "0.3833";
    UIKeyboardBoundsUserInfoKey = "NSRect: {{0, 0}, {402, 328}}";
    UIKeyboardCenterBeginUserInfoKey = "NSPoint: {201, 673.5}";
    UIKeyboardCenterEndUserInfoKey = "NSPoint: {201, 710}";
    UIKeyboardFrameBeginUserInfoKey = "NSRect: {{0, 473}, {402, 401}}";
    UIKeyboardFrameEndUserInfoKey = "NSRect: {{0, 546}, {402, 328}}";
    UIKeyboardIsLocalUserInfoKey = 1;
}notificationsDebug: >>
2026-09-30 23:36:02.771 Df MobileSafari[26454:c659fe] [com.apple.UIKit:KeyboardLayoutGuide] changeSizingConstants: size is changing [not transitioning] to {402, 428} [previous size: {402, 401}]
2026-09-30 23:36:02.771 Df MobileSafari[26454:c659fe] [com.apple.UIKit:KeyboardLayoutGuide] changeSizingConstants: size is changing [not transitioning] to {402, 328} [previous size: {402, 301}]
2026-09-30 23:36:02.771 Df MobileSafari[26454:c659fe] [com.apple.TextInputUI:KeyboardTrackingCoordinator] Posted notification didShow with {
    UIKeyboardAnimationCurveUserInfoKey = 7;
    UIKeyboardAnimationDurationUserInfoKey = "0.3833";
    UIKeyboardBoundsUserInfoKey = "NSRect: {{0, 0}, {402, 428}}";
    UIKeyboardCenterBeginUserInfoKey = "NSPoint: {201, 623.5}";
    UIKeyboardCenterEndUserInfoKey = "NSPoint: {201, 660}";
    UIKeyboardFrameBeginUserInfoKey = "NSRect: {{0, 373}, {402, 501}}";
    UIKeyboardFrameEndUserInfoKey = "NSRect: {{0, 446}, {402, 428}}";
    UIKeyboardIsLocalUserInfoKey = 1;
} (null)
2026-09-30 23:36:02.771 Df MobileSafari[26454:c659fe] [com.apple.mobilesafari:LoweredTabBar] Recieved UIKeyboardWillChangeFrameNotification, with _showingKeyboard = YES
2026-09-30 23:36:02.771 Df MobileSafari[26454:c659fe] [com.apple.mobilesafari:LoweredTabBar] Set _keyboardHeight = 396.000000
2026-09-30 23:36:02.773 Df MobileSafari[26454:c659fe] [com.apple.mobilesafari:LoweredTabBar] Recieved UIKeyboardWillShowNotification, with _showingKeyboard = YES
2026-09-30 23:36:02.773 Df MobileSafari[26454:c659fe] [com.apple.TextInputUI:KeyboardTrackingCoordinator] Posted notification willShow with {
    UIKeyboardAnimationCurveUserInfoKey = 7;
    UIKeyboardAnimationDurationUserInfoKey = "0.3833";
    UIKeyboardBoundsUserInfoKey = "NSRect: {{0, 0}, {402, 428}}";
    UIKeyboardCenterBeginUserInfoKey = "NSPoint: {201, 623.5}";
    UIKeyboardCenterEndUserInfoKey = "NSPoint: {201, 660}";
    UIKeyboardFrameBeginUserInfoKey = "NSRect: {{0, 373}, {402, 501}}";
    UIKeyboardFrameEndUserInfoKey = "NSRect: {{0, 446}, {402, 428}}";
    UIKeyboardIsLocalUserInfoKey = 1;
} (null)
2026-09-30 23:36:02.774 Df MobileSafari[26454:c65d8c] [com.apple.FrontBoard:ProcessScene] [0x1740052c0:UISceneHosting-com.apple.mobilesafari:UIHostedScene-com.apple.InputUI-A2AF1289] Sending scene action [Forward Event][0xc4e6] to process 0x13c854180 (watchdog: 30.00s)
2026-09-30 23:36:02.774 Df MobileSafari[26454:c65d8c] [com.apple.FrontBoard:ProcessScene] [0x1740052c0:UISceneHosting-com.apple.mobilesafari:UIHostedScene-com.apple.InputUI-A2AF1289] Sending scene action [Forward Event][0x244a] to process 0x13c854180 (watchdog: 30.00s)
2026-09-30 23:36:02.774 Df InputUI[87035:c33b5c] [com.apple.UIKit:AppLifecycle] sceneOfRecord: sceneID: com.apple.UIKit.remote-keyboard  persistentID: com.apple.UIKit.remote-keyboard
2026-09-30 23:36:02.774 Df InputUI[87035:c33b5c] [com.apple.UIKit:AppLifecycle] sceneOfRecord: sceneID: com.apple.UIKit.remote-keyboard  persistentID: com.apple.UIKit.remote-keyboard
2026-09-30 23:36:02.774 Df InputUI[87035:c33b5c] [com.apple.UIKit:InterfaceStyle] Should not send trait collection or coordinate space update, interface style 1 -> 1, <_UIHostedWindowScene: 0x107316080> (UIHostedScene-com.apple.InputUI-A2AF1289)
2026-09-30 23:36:02.774 Df MobileSafari[26454:c659fe] [com.apple.UIKit:KeyboardArbiterClientLog] -[_UIRemoteKeyboardPlaceholderView refreshPlaceholder]  refreshPlaceholder: size={402, 328} [previous size={402, 328}]
2026-09-30 23:36:02.779 Df MobileSafari[26454:c659fe] [com.apple.FrontBoard:Scene] [UISceneHosting-com.apple.mobilesafari:UIHostedScene-com.apple.SafariViewService-3E550FEF] Sending action(s) to "_UIViewServiceSceneExtension": _UIViewServiceHostAppearanceAction
2026-09-30 23:36:02.779 Df MobileSafari[26454:c659fe] [com.apple.FrontBoard:Scene] [UISceneHosting-com.apple.mobilesafari:UIHostedScene-com.apple.SafariViewService-3E550FEF] Sending action(s): _UISceneHostingViewAppearanceActionHostToClient
2026-09-30 23:36:02.779 Df SafariViewService[24111:c6392d] [com.apple.FrontBoard:SceneClient] [UISceneHosting-com.apple.mobilesafari:UIHostedScene-com.apple.SafariViewService-3E550FEF] Received action(s) for "_UIViewServiceSceneExtension": _UIViewServiceHostAppearanceAction
2026-09-30 23:36:02.779 Df SafariViewService[24111:c6392d] [com.apple.PlugInKit:discovery] <PKDiscoveryDriver:0x105d39380> explicit cancellation for discovery
2026-09-30 23:36:02.779 Df SafariViewService[24111:c6392d] [com.apple.PlugInKit:discovery] <PKDiscoveryDriver:0x105d39380> removing watchers for continous discovery
2026-09-30 23:36:02.780 Df SafariViewService[24111:c6392d] [com.apple.launchservices:appinstallation] unregistering for distributed notification com.apple.LaunchServices.pluginsregistered in this process
2026-09-30 23:36:02.780 Df SafariViewService[24111:c6392d] [com.apple.launchservices:appinstallation] unregistering for distributed notification com.apple.LaunchServices.pluginsunregistered in this process
2026-09-30 23:36:02.780 Df SafariViewService[24111:c6392d] [com.apple.UIKit:ViewServices] Appearance transition willDisappearAnimated for 26454(v270CE8)->/UISceneHosting-com.apple.mobilesafari:UIHostedScene-com.apple.SafariViewService-3E550FEF
2026-09-30 23:36:02.780 A  SafariViewService[24111:c660c9] (ExtensionFoundation) discovering extensions
2026-09-30 23:36:02.780 Df SafariViewService[24111:c6392d] [com.apple.FrontBoard:Common] [UISceneHosting-com.apple.mobilesafari:UIHostedScene-com.apple.SafariViewService-3E550FEF] Component <_UIViewServiceClientSceneComponent: 0x109cdb600> handled action(s): <_UIViewServiceHostAppearanceAction: 0x13
2026-09-30 23:36:02.780 E  SafariViewService[24111:c660c9] [com.apple.extensionkit:NSExtension] errors encountered while discovering extensions: Error Domain=PlugInKit Code=13 "query cancelled" UserInfo={NSLocalizedDescription=query cancelled}
2026-09-30 23:36:02.780 Df SafariViewService[24111:c6392d] [com.apple.FrontBoard:SceneClient] [UISceneHosting-com.apple.mobilesafari:UIHostedScene-com.apple.SafariViewService-3E550FEF] Received action(s): _UISceneHostingViewAppearanceActionHostToClient
2026-09-30 23:36:02.780 Df SafariViewService[24111:c660c9] [com.apple.PlugInKit:discovery] <PKDiscoveryDriver:0x105d39380> destroying discovery driver
2026-09-30 23:36:02.780 Df SafariViewService[24111:c660c9] [com.apple.PlugInKit:discovery] <PKDiscoveryDriver:0x105d39380> removing watchers for continous discovery
2026-09-30 23:36:02.780 Df SafariViewService[24111:c6392d] [com.apple.UIKit:AppLifecycle] sceneOfRecord: sceneID: UIHostedScene-com.apple.SafariViewService-3E550FEF  persistentID: UIHostedScene-com.apple.SafariViewService-3E550FEF
2026-09-30 23:36:02.782 Df MobileSafari[26454:c65d8d] [com.apple.FrontBoard:ProcessScene] [0x1740052c0:UISceneHosting-com.apple.mobilesafari:UIHostedScene-com.apple.InputUI-A2AF1289] Scene action [Forward Event][0x53be] completed with success: 1
2026-09-30 23:36:02.782 Df MobileSafari[26454:c65d8d] [com.apple.FrontBoard:ProcessScene] [0x1740052c0:UISceneHosting-com.apple.mobilesafari:UIHostedScene-com.apple.InputUI-A2AF1289] Scene action [Forward Event][0x8872] completed with success: 1
2026-09-30 23:36:02.782 Df MobileSafari[26454:c65d8d] [com.apple.FrontBoard:ProcessScene] [0x1740052c0:UISceneHosting-com.apple.mobilesafari:UIHostedScene-com.apple.InputUI-A2AF1289] Scene action [Forward Event][0x9bf] completed with success: 1
2026-09-30 23:36:02.782 Df MobileSafari[26454:c65d8d] [com.apple.FrontBoard:ProcessScene] [0x1740052c0:UISceneHosting-com.apple.mobilesafari:UIHostedScene-com.apple.InputUI-A2AF1289] Scene action [Forward Event][0xc4e6] completed with success: 1
2026-09-30 23:36:02.782 Df SafariViewService[24111:c6392d] [com.apple.UIKit:AppLifecycle] sceneOfRecord: sceneID: UIHostedScene-com.apple.SafariViewService-3E550FEF  persistentID: UIHostedScene-com.apple.SafariViewService-3E550FEF
2026-09-30 23:36:02.782 Df MobileSafari[26454:c65d8d] [com.apple.FrontBoard:ProcessScene] [0x1740052c0:UISceneHosting-com.apple.mobilesafari:UIHostedScene-com.apple.InputUI-A2AF1289] Scene action [Forward Event][0x244a] completed with success: 1
2026-09-30 23:36:02.783 Df MobileSafari[26454:c659fe] [com.apple.WebKit:TextInput] Stopped deferring input view updates (01)
2026-09-30 23:36:02.783 Df MobileSafari[26454:c659fe] [com.apple.RemoteTextInput:InputSessionChange] -[RTIInputSystemClient beginRemoteTextInputSessionWithID:options:documentTraits:initialDocumentState:]_block_invoke  Connection to service with mach name com.apple.rti-screencontinuity was invalidate
2026-09-30 23:36:02.783 Df SafariViewService[24111:c6392d] [com.apple.UIKit:AppLifecycle] sceneOfRecord: sceneID: UIHostedScene-com.apple.SafariViewService-3E550FEF  persistentID: UIHostedScene-com.apple.SafariViewService-3E550FEF
2026-09-30 23:36:02.783 Df SafariViewService[24111:c6392d] [com.apple.UIKit:InterfaceStyle] Should not send trait collection or coordinate space update, interface style 1 -> 1, <_UIHostedWindowScene: 0x109775b80> (UIHostedScene-com.apple.SafariViewService-3E550FEF)
2026-09-30 23:36:02.783 Df MobileSafari[26454:c659fe] [com.apple.RemoteTextInput:InputSessionChange] -[RTIInputSystemClient beginRemoteTextInputSessionWithID:options:documentTraits:initialDocumentState:]_block_invoke  Connection to service with mach name com.apple.remote-text-editing-legacy was inva
2026-09-30 23:36:02.783 Df MobileSafari[26454:c65d8c] [com.apple.RemoteTextInput:InputSessionChange] -[RTIInputSystemClient _configureConnection:withMachName:]_block_invoke_2  Client connection to service was invalidated: <NSXPCConnection: 0x13dfff520> connection to service named com.apple.rti-scree
2026-09-30 23:36:02.784 Df MobileSafari[26454:c65d8c] [com.apple.RemoteTextInput:InputSessionChange] -[RTIInputSystemClient _configureConnection:withMachName:]_block_invoke_2  Client connection to service was invalidated: <NSXPCConnection: 0x13dffc6e0> connection to service named com.apple.remote-te
2026-09-30 23:36:02.784 Df MobileSafari[26454:c659fe] [com.apple.RemoteTextInput:InputSessionChange] -[RTIInputSystemClient _beginSessionWithID:forServices:force:]  Begin text input session. sessionID = D1891D2A-7CA5-4B6C-83B6-43BFFB60359B, options = <RTISessionOptions: 0x13cbef6c0; shouldResign = N
2026-09-30 23:36:02.786 A  MobileSafari[26454:c659fe] (TCC) TCCAccessRequest() IPC
2026-09-30 23:36:02.786 Df MobileSafari[26454:c659fe] [com.apple.mobilesafari:Passwords] Enqueueing synchronous query for saved accounts matching criteria <private>
2026-09-30 23:36:02.786 Df MobileSafari[26454:c659fe] [com.apple.mobilesafari:Passwords] Beginning query for saved accounts matching criteria
2026-09-30 23:36:02.787 Df InputUI[87035:c65869] [com.apple.BackBoard:EventDelivery] will update observations for 0 observers
2026-09-30 23:36:02.787 Df SafariViewService[24111:c660c9] [com.apple.BackBoard:EventDelivery] will update observations for 0 observers
2026-09-30 23:36:02.787 Df InputUI[87035:c33b5c] [com.apple.KeyboardArbiter:Events] Event deferring target change: com.apple.frontboard.systemappservices/FBSceneManager:sceneID%3Acom.apple.mobilesafari-71DD3C25-4702-4D1D-8EB9-7DEF87C13EE1 -> com.apple.frontboard.systemappservices/FBSceneManager:scen
2026-09-30 23:36:02.787 Df InputUI[87035:c33b5c] [com.apple.KeyboardArbiter:Events] Handle for next event deferring target found: <com.apple.mobilesafari focus:<contextID:3574600963 sceneID:com.apple.mobilesafari-71DD3C25-4702-4D1D-8EB9-7DEF87C13EE1> run:Y hosting:() level:5 active:N wantedState:Ena
2026-09-30 23:36:02.787 Df MobileSafari[26454:c65b6e] [com.apple.BackBoard:EventDelivery] will update observations for 0 observers
2026-09-30 23:36:02.787 Df InputUI[87035:c33b5c] [com.apple.KeyboardArbiter:Events] Activating client handle: com.apple.mobilesafari(26454) focusContext:<UIKBArbiterClientFocusContext: 0x1072ef480; contextID = d5101503; sceneIdentity = com.apple.frontboard.systemappservices/FBSceneManager:sceneID%3A
2026-09-30 23:36:02.787 Df InputUI[87035:c33b5c] [com.apple.UIKit:KeyboardScene] [KeyboardArbiter] requested scene attach for com.apple.frontboard.systemappservices/FBSceneManager:sceneID%3Acom.apple.mobilesafari-71DD3C25-4702-4D1D-8EB9-7DEF87C13EE1, and we found it's associated keyboard scene com.a
2026-09-30 23:36:02.787 Df SafariViewService[24111:c660c9] [com.apple.BackBoard:EventDelivery] will update observations for 0 observers
2026-09-30 23:36:02.787 Df InputUI[87035:c65869] [com.apple.BackBoard:EventDelivery] will update observations for 0 observers
2026-09-30 23:36:02.787 Df InputUI[87035:c33b5c] [com.apple.FrontBoard:Scene] [com.apple.InputUI.keyboard:KeyboardInputScene-com.apple.frontboard.systemappservices/FBSceneManager:sceneID%3Acom.apple.mobilesafari-71DD3C25-4702-4D1D-8EB9-7DEF87C13EE1] scene content state changed: preparing
2026-09-30 23:36:02.787 Df InputUI[87035:c65869] [com.apple.FrontBoard:ProcessScene] [0x106e4b600:com.apple.InputUI.keyboard:KeyboardInputScene-com.apple.frontboard.systemappservices/FBSceneManager:sceneID%3Acom.apple.mobilesafari-71DD3C25-4702-4D1D-8EB9-7DEF87C13EE1] Scene lifecycle state did chang
2026-09-30 23:36:02.787 Df MobileSafari[26454:c65b6e] [com.apple.BackBoard:EventDelivery] will update observations for 0 observers
2026-09-30 23:36:02.787 Df MobileSafari[26454:c659fe] [com.apple.mobilesafari:AutoFill] Found 0 tree matches for <private> and associated domains: <private>
2026-09-30 23:36:02.787 Df MobileSafari[26454:c659fe] [com.apple.mobilesafari:AutoFill] Executed query for host '<mask.hash: '9SKgeZvpZrm2BP0fug8uWg=='>' with partial username '<mask.hash: (null)>', prefix
2026-09-30 23:36:02.787 Df InputUI[87035:c33b5c] [com.apple.UIKit:KBProxyForwarding] <ForwardingPresentationScene:0x107083720> Prioritized presenter: <_UIScenePresenter: 0x1070cb8e0; identifier: [KeyboardNamespaceBinder]-com.apple.springboard.keyboard-Main; sortContext: 0>.
2026-09-30 23:36:02.788 Df MobileSafari[26454:c659fe] [com.apple.mobilesafari:AutoFill] Query returned 0 matches
2026-09-30 23:36:02.788 Df MobileSafari[26454:c659fe] [com.apple.mobilesafari:Passwords] Finished query for saved accounts matching criteria
2026-09-30 23:36:02.788 Df InputUI[87035:c65869] [com.apple.FrontBoard:ProcessScene] [0x106e4b600:com.apple.InputUI.keyboard:KeyboardInputScene-com.apple.frontboard.systemappservices/FBSceneManager:sceneID%3Acom.apple.mobilesafari-71DD3C25-4702-4D1D-8EB9-7DEF87C13EE1] Scene state did change: FV-Foca
2026-09-30 23:36:02.788 Df MobileSafari[26454:c659fe] [com.apple.RemoteTextInput:RTILog] -[RTIInputSystemClient remoteTextInputSessionWithID:textSuggestionsChanged:]  Text input session suggestions changed. sessionID = D1891D2A-7CA5-4B6C-83B6-43BFFB60359B
2026-09-30 23:36:02.788 Df MobileSafari[26454:c659fe] [com.apple.UIKit:KeyboardAutocorrectionControllerUI] -[UIKeyboardAutocorrectionController setAutocorrectionList:], <TIAutocorrectionList: 0x13f469900 predictions=2>
2026-09-30 23:36:02.788 Df MobileSafari[26454:c659fe] [com.apple.UIKit:PredictionViewControllerUI] -[UIPredictionViewController _updateAutocorrectionList:candidateGenerationContext:], <TIAutocorrectionList: 0x13f469900 predictions=2>
2026-09-30 23:36:02.788 Df MobileSafari[26454:c659fe] [com.apple.UIKit:PredictionViewControllerUI] Presenting current text suggestions.
2026-09-30 23:36:02.788 Df MobileSafari[26454:c659fe] [com.apple.UIKit:PredictionViewControllerUI] UIPredictionViewController setting autocorrection list on TUIPredictionView, <TIAutocorrectionList: 0x13f469900 predictions=2>
2026-09-30 23:36:02.788 Df InputUI[87035:c33b5c] [com.apple.FrontBoard:Scene] [com.apple.InputUI.keyboard:KeyboardInputScene-com.apple.frontboard.systemappservices/FBSceneManager:sceneID%3Acom.apple.mobilesafari-71DD3C25-4702-4D1D-8EB9-7DEF87C13EE1] Setting parent scene: com.apple.SpringBoard.SceneW
2026-09-30 23:36:02.789 Df InputUI[87035:c65861] [com.apple.FrontBoard:ProcessScene] [0x106e49380:com.apple.InputUI.keyboard:KeyboardInputScene-26454(v270CE8)->/UISceneHosting-com.apple.mobilesafari:UIHostedScene-com.apple.SafariViewService-3E550FEF] Scene state did change: XX-None[0].
2026-09-30 23:36:02.789 Df InputUI[87035:c33b5c] [com.apple.FrontBoard:Scene] [com.apple.InputUI.keyboard:KeyboardInputScene-com.apple.frontboard.systemappservices/FBSceneManager:sceneID%3Acom.apple.mobilesafari-71DD3C25-4702-4D1D-8EB9-7DEF87C13EE1] propagating 7 settings from com.apple.SpringBoard.
2026-09-30 23:36:02.789 A  InputUI[87035:c65f85] (RunningBoardServices) observedProcessStatesDidChange
2026-09-30 23:36:02.789 Df InputUI[87035:c65861] [com.apple.FrontBoard:ProcessWorkspace] [app<com.apple.SafariViewService>:24111] Workspace state did change: BG-Active[40] --> XX-None[0] (assertion dropped).
2026-09-30 23:36:02.789 A  MobileSafari[26454:c65d8c] (RunningBoardServices) observedProcessStatesDidChange
2026-09-30 23:36:02.789 Df InputUI[87035:c33b5c] [com.apple.UIKit:_UIChildRemoteContentRegistry] <_UIChildRemoteContentRegistry: 0x106ec8b70; parentScene: <FBSScene: 0x10412b5c0>; childScenes: 1; childViewServices: 0> Registry is now tracking child scene <FBScene: 0x1073ca540>
2026-09-30 23:36:02.789 Df MobileSafari[26454:c65d8c] [com.apple.runningboard:monitor] Received state update for 87035 (osservice<com.apple.InputUI>, running-active-NotVisible
2026-09-30 23:36:02.789 Df MobileSafari[26454:c659fe] [com.apple.UIKit:SmartReply] Text choice assistant is showing prompt for text suggestion candidates
2026-09-30 23:36:02.789 Df InputUI[87035:c65869] [com.apple.FrontBoard:ProcessWorkspace] [app<com.apple.mobilesafari>:26454] Workspace state did change: XX-None[0] --> FV-Focal[100] (assertion acquired).
2026-09-30 23:36:02.789 Df InputUI[87035:c33b5c] [com.apple.UIKit:UISceneRelationshipManagement] <_UISceneRelationshipManagementHostComponent:0x11006a000> Scene <FBScene: 0x1073ca540> is hosted in <_UIKeyboardInputRehostingScene: 0x104244a00>
2026-09-30 23:36:02.789 Df InputUI[87035:c65869] [com.apple.FrontBoard:Process] [app<com.apple.mobilesafari>:26454] Setting process visibility to: Foreground
2026-09-30 23:36:02.790 Df InputUI[87035:c33b5c] [com.apple.UIKit:KBProxyForwarding] <StateMachine:0x110068900> Hosting window did change to <_UIKeyboardInputRehostingSceneSecureWindow: 0x104214000; frame = (0 0; 402 874); gestureRecognizers = <NSArray: 0x106c50160>; layer = <UIWindowLayer: 0x104335
2026-09-30 23:36:02.790 Df InputUI[87035:c65869] [com.apple.FrontBoard:ProcessScene] [0x106e4b600:com.apple.InputUI.keyboard:KeyboardInputScene-com.apple.frontboard.systemappservices/FBSceneManager:sceneID%3Acom.apple.mobilesafari-71DD3C25-4702-4D1D-8EB9-7DEF87C13EE1] Sending scene action [Logical A
2026-09-30 23:36:02.790 Df InputUI[87035:c33b5c] [com.apple.UIKit:KBProxyForwarding] <StateMachine:0x110068900> Waiting for a hosting window.
2026-09-30 23:36:02.791 Df InputUI[87035:c33b5c] [com.apple.UIKit:KBProxyForwarding] <StateMachine:0x110068900> Hosting environment did change to <0x110115ee0:FBSScene:SUIS-InputUI:[Main] - 1>.
2026-09-30 23:36:02.791 Df InputUI[87035:c33b5c] [com.apple.UIKit:KeyboardScene] controller-level hosting assertion acquired for scene com.apple.UIKit.KeyboardManagement.hosted/com.apple.InputUI.keyboard:KeyboardInputScene-com.apple.frontboard.systemappservices%2FFBSceneManager%3AsceneID%253Acom.app
2026-09-30 23:36:02.791 Df InputUI[87035:c65f85] [com.apple.runningboard:monitor] Received state update for 86754 (osservice<com.apple.SpringBoard>, running-active-Visible
2026-09-30 23:36:02.791 Df InputUI[87035:c33b5c] [com.apple.UIKit:KeyboardScene] workspace-level hosting assertion acquired for scene com.apple.UIKit.KeyboardManagement.hosted/com.apple.InputUI.keyboard:KeyboardInputScene-com.apple.frontboard.systemappservices%2FFBSceneManager%3AsceneID%253Acom.appl
2026-09-30 23:36:02.791 A  InputUI[87035:c65869] (RunningBoardServices) observedProcessStatesDidChange
2026-09-30 23:36:02.792 Df InputUI[87035:c65869] [com.apple.runningboard:monitor] Received state update for 97297 (osservice<com.apple.DragUI.druid>, running-Visible
2026-09-30 23:36:02.792 Df InputUI[87035:c65869] [com.apple.runningboard:monitor] Received state update for 87035 (osservice<com.apple.InputUI>, running-active-Visible
2026-09-30 23:36:02.792 Df InputUI[87035:c65869] [com.apple.runningboard:monitor] Received state update for 26454 (app<com.apple.mobilesafari((null))>, running-active-Visible
2026-09-30 23:36:02.792 Df MobileSafari[26454:c659fe] [com.apple.UIKit:UIPeripheralHost] endPlacementForInputViewSet: <<UIInputViewSet: 0x174005380>; keyboard = <UIKeyboardAutomatic: 0x109e3db00; frame = (0 0; 402 226); opaque = NO; layer = <CALayer: 0x106520930>>%; assistant = <TUISystemInputAssist
2026-09-30 23:36:02.792 Df MobileSafari[26454:c659fe] [com.apple.UIKit:UIPeripheralHost] endPlacementForInputViewSet, returning -> <UIInputViewSetPlacementOnScreenWithAccessory>
2026-09-30 23:36:02.792 A  InputUI[87035:c65869] (RunningBoardServices) observedProcessStatesDidChange
2026-09-30 23:36:02.792 Df MobileSafari[26454:c659fe] [com.apple.UIKit:UIPeripheralHost] endPlacementForInputViewSet: <<UIInputViewSet: 0x174005380>; keyboard = <UIKeyboardAutomatic: 0x109e3db00; frame = (0 0; 402 226); opaque = NO; layer = <CALayer: 0x106520930>>%; assistant = <TUISystemInputAssist
2026-09-30 23:36:02.792 Df MobileSafari[26454:c659fe] [com.apple.UIKit:UIPeripheralHost] endPlacementForInputViewSet, returning -> <UIInputViewSetPlacementOnScreenWithAccessory>
2026-09-30 23:36:02.793 Df InputUI[87035:c65869] [com.apple.runningboard:monitor] Received state update for 26454 (app<com.apple.mobilesafari((null))>, running-active-Visible
2026-09-30 23:36:02.793 Df MobileSafari[26454:c659fe] [com.apple.UIKit:UIPeripheralHost] endPlacementForInputViewSet: <<UIInputViewSet: 0x174005380>; keyboard = <UIKeyboardAutomatic: 0x109e3db00; frame = (0 0; 402 226); opaque = NO; layer = <CALayer: 0x106520930>>%; assistant = <TUISystemInputAssist
2026-09-30 23:36:02.793 Df MobileSafari[26454:c659fe] [com.apple.UIKit:UIPeripheralHost] endPlacementForInputViewSet, returning -> <UIInputViewSetPlacementOnScreenWithAccessory>
2026-09-30 23:36:02.793 Df MobileSafari[26454:c659fe] [com.apple.UIKit:UIPeripheralHost] endPlacementForInputViewSet: <<UIInputViewSet: 0x174005380>; keyboard = <UIKeyboardAutomatic: 0x109e3db00; frame = (0 0; 402 226); opaque = NO; layer = <CALayer: 0x106520930>>%; assistant = <TUISystemInputAssist
2026-09-30 23:36:02.793 Df MobileSafari[26454:c659fe] [com.apple.UIKit:UIPeripheralHost] endPlacementForInputViewSet, returning -> <UIInputViewSetPlacementOnScreenWithAccessory>
2026-09-30 23:36:02.793 Df MobileSafari[26454:c659fe] [com.apple.UIKit:UIPeripheralHost] endPlacementForInputViewSet: <<UIInputViewSet: 0x174005380>; keyboard = <UIKeyboardAutomatic: 0x109e3db00; frame = (0 0; 402 226); opaque = NO; layer = <CALayer: 0x106520930>>%; assistant = <TUISystemInputAssist
2026-09-30 23:36:02.793 Df MobileSafari[26454:c659fe] [com.apple.UIKit:UIPeripheralHost] endPlacementForInputViewSet, returning -> <UIInputViewSetPlacementOnScreenWithAccessory>
2026-09-30 23:36:02.793 Df MobileSafari[26454:c659fe] [com.apple.UIKit:UIPeripheralHost] endPlacementForInputViewSet: <<UIInputViewSet: 0x174005380>; keyboard = <UIKeyboardAutomatic: 0x109e3db00; frame = (0 0; 402 226); opaque = NO; layer = <CALayer: 0x106520930>>%; assistant = <TUISystemInputAssist
2026-09-30 23:36:02.793 Df MobileSafari[26454:c659fe] [com.apple.UIKit:UIPeripheralHost] endPlacementForInputViewSet, returning -> <UIInputViewSetPlacementOnScreenWithAccessory>
2026-09-30 23:36:02.793 Df MobileSafari[26454:c659fe] [com.apple.UIKit:UIPeripheralHost] endPlacementForInputViewSet: <<UIInputViewSet: 0x174005380>; keyboard = <UIKeyboardAutomatic: 0x109e3db00; frame = (0 0; 402 226); opaque = NO; layer = <CALayer: 0x106520930>>%; assistant = <TUISystemInputAssist
2026-09-30 23:36:02.793 Df MobileSafari[26454:c659fe] [com.apple.UIKit:UIPeripheralHost] endPlacementForInputViewSet, returning -> <UIInputViewSetPlacementOnScreenWithAccessory>
2026-09-30 23:36:02.794 Df MobileSafari[26454:c659fe] [com.apple.UIKit:UIPeripheralHost] endPlacementForInputViewSet: <<UIInputViewSet: 0x174005380>; keyboard = <UIKeyboardAutomatic: 0x109e3db00; frame = (0 0; 402 226); opaque = NO; layer = <CALayer: 0x106520930>>%; assistant = <TUISystemInputAssist
2026-09-30 23:36:02.794 Df MobileSafari[26454:c659fe] [com.apple.UIKit:UIPeripheralHost] endPlacementForInputViewSet, returning -> <UIInputViewSetPlacementOnScreenWithAccessory>
2026-09-30 23:36:02.794 Df InputUI[87035:c33b5c] [com.apple.UIKit:InterfaceStyle] Not push traits update to screen for new style 1, <_UIKeyboardInputRehostingScene: 0x104244a00> (4AA5B18F-00B3-45C6-93B5-1975C821D85C)
2026-09-30 23:36:02.794 Df InputUI[87035:c33b5c] [com.apple.UIKit:AppLifecycle] sceneOfRecord: sceneID: com.apple.UIKit.remote-keyboard  persistentID: com.apple.UIKit.remote-keyboard
2026-09-30 23:36:02.794 Df InputUI[87035:c33b5c] [com.apple.UIKit:DisplayLink] Legacy remapping target changed from '(null)' to '5413AD25-0C44-4163-A8FF-B906395CA854'
2026-09-30 23:36:02.794 Df MobileSafari[26454:c659fe] [com.apple.UIKit:UIPeripheralHost] endPlacementForInputViewSet: <<UIInputViewSet: 0x174005380>; keyboard = <UIKeyboardAutomatic: 0x109e3db00; frame = (0 0; 402 226); opaque = NO; layer = <CALayer: 0x106520930>>%; assistant = <TUISystemInputAssist
2026-09-30 23:36:02.794 Df MobileSafari[26454:c659fe] [com.apple.UIKit:UIPeripheralHost] endPlacementForInputViewSet, returning -> <UIInputViewSetPlacementOnScreenWithAccessory>
2026-09-30 23:36:02.795 Df MobileSafari[26454:c659fe] [com.apple.UIKit:UIPeripheralHost] endPlacementForInputViewSet: <<UIInputViewSet: 0x174005380>; keyboard = <UIKeyboardAutomatic: 0x109e3db00; frame = (0 0; 402 226); opaque = NO; layer = <CALayer: 0x106520930>>%; assistant = <TUISystemInputAssist
2026-09-30 23:36:02.795 Df MobileSafari[26454:c659fe] [com.apple.UIKit:UIPeripheralHost] endPlacementForInputViewSet, returning -> <UIInputViewSetPlacementOnScreenWithAccessory>
2026-09-30 23:36:02.795 Df MobileSafari[26454:c659fe] [com.apple.UIKit:UIPeripheralHost] endPlacementForInputViewSet: <<UIInputViewSet: 0x174005380>; keyboard = <UIKeyboardAutomatic: 0x109e3db00; frame = (0 0; 402 226); opaque = NO; layer = <CALayer: 0x106520930>>%; assistant = <TUISystemInputAssist
2026-09-30 23:36:02.795 Df MobileSafari[26454:c659fe] [com.apple.UIKit:UIPeripheralHost] endPlacementForInputViewSet, returning -> <UIInputViewSetPlacementOnScreenWithAccessory>
2026-09-30 23:36:02.795 Df MobileSafari[26454:c659fe] [com.apple.UIKit:UIPeripheralHost] endPlacementForInputViewSet: <<UIInputViewSet: 0x174005380>; keyboard = <UIKeyboardAutomatic: 0x109e3db00; frame = (0 0; 402 226); opaque = NO; layer = <CALayer: 0x106520930>>%; assistant = <TUISystemInputAssist
2026-09-30 23:36:02.795 Df MobileSafari[26454:c659fe] [com.apple.UIKit:UIPeripheralHost] endPlacementForInputViewSet, returning -> <UIInputViewSetPlacementOnScreenWithAccessory>
2026-09-30 23:36:02.795 Df MobileSafari[26454:c659fe] [com.apple.UIKit:UIPeripheralHost] endPlacementForInputViewSet: <<UIInputViewSet: 0x174005380>; keyboard = <UIKeyboardAutomatic: 0x109e3db00; frame = (0 0; 402 226); opaque = NO; layer = <CALayer: 0x106520930>>%; assistant = <TUISystemInputAssist
2026-09-30 23:36:02.795 Df MobileSafari[26454:c659fe] [com.apple.UIKit:UIPeripheralHost] endPlacementForInputViewSet, returning -> <UIInputViewSetPlacementOnScreenWithAccessory>
2026-09-30 23:36:02.795 Df MobileSafari[26454:c659fe] [com.apple.UIKit:UIPeripheralHost] endPlacementForInputViewSet: <<UIInputViewSet: 0x174005380>; keyboard = <UIKeyboardAutomatic: 0x109e3db00; frame = (0 0; 402 226); opaque = NO; layer = <CALayer: 0x106520930>>%; assistant = <TUISystemInputAssist
2026-09-30 23:36:02.795 Df MobileSafari[26454:c659fe] [com.apple.UIKit:UIPeripheralHost] endPlacementForInputViewSet, returning -> <UIInputViewSetPlacementOnScreenWithAccessory>
2026-09-30 23:36:02.796 Df MobileSafari[26454:c659fe] [com.apple.UIKit:UIPeripheralHost] endPlacementForInputViewSet: <<UIInputViewSet: 0x174005380>; keyboard = <UIKeyboardAutomatic: 0x109e3db00; frame = (0 0; 402 226); opaque = NO; layer = <CALayer: 0x106520930>>%; assistant = <TUISystemInputAssist
2026-09-30 23:36:02.796 Df MobileSafari[26454:c659fe] [com.apple.UIKit:UIPeripheralHost] endPlacementForInputViewSet, returning -> <UIInputViewSetPlacementOnScreenWithAccessory>
2026-09-30 23:36:02.796 Df MobileSafari[26454:c659fe] [com.apple.UIKit:UIPeripheralHost] endPlacementForInputViewSet: <<UIInputViewSet: 0x174005380>; keyboard = <UIKeyboardAutomatic: 0x109e3db00; frame = (0 0; 402 226); opaque = NO; layer = <CALayer: 0x106520930>>%; assistant = <TUISystemInputAssist
2026-09-30 23:36:02.796 Df MobileSafari[26454:c659fe] [com.apple.UIKit:UIPeripheralHost] endPlacementForInputViewSet, returning -> <UIInputViewSetPlacementOnScreenWithAccessory>
2026-09-30 23:36:02.797 Df SafariViewService[24111:c6392d] [com.apple.UIKit:KeyboardLayoutGuide] changeSizingConstants: size is changing [not transitioning] to {402, 0} [previous size: {402, 328}]
2026-09-30 23:36:02.797 Df SafariViewService[24111:c6392d] [com.apple.UIKit:KeyboardScene] Notifying observers of geometry update -> app scene 1: {{0, 0}, {402, 874}}, keyboard scene: 1: {{0, 0}, {402, 874}}
2026-09-30 23:36:02.797 Df MobileSafari[26454:c659fe] [com.apple.KeyboardArbiter:Client] RX keyboardArbiterClientHandle:Y
2026-09-30 23:36:02.797 E  MobileSafari[26454:c659fe] [com.apple.coreanimation:API] cannot add handler to 0 from 0 - dropping
2026-09-30 23:36:02.797 E  MobileSafari[26454:c659fe] [com.apple.coreanimation:API] cannot add handler to 0 from 0 - dropping
2026-09-30 23:36:02.797 E  MobileSafari[26454:c659fe] [com.apple.coreanimation:API] cannot add handler to 0 from 0 - dropping
2026-09-30 23:36:02.798 Df MobileSafari[26454:c659fe] [com.apple.UIKit:KeyboardArbiterClientLog] -[_UIRemoteKeyboardPlaceholderView refreshPlaceholder]  refreshPlaceholder: size={402, 328} [previous size={402, 328}]
2026-09-30 23:36:02.799 Df MobileSafari[26454:c659fe] [com.apple.WebKit:ViewState] 0x10718ca00 (pageProxyID=38) -[WKWebView _updateVisibleContentRects:] - performing first visible content rect update after deferring updates
2026-09-30 23:36:02.800 Df MobileSafari[26454:c659fe] [com.apple.KeyboardArbiter:Client] RX keyboardArbiterClientHandle:Y
2026-09-30 23:36:02.801 Df MobileSafari[26454:c659fe] [com.apple.KeyboardArbiter:Client] RX keyboardArbiterClientHandle:Y
2026-09-30 23:36:02.801 Df MobileSafari[26454:c659fe] [com.apple.UIKit:InterfaceStyle] Not push traits update to screen for new style 1, <_UIKeyboardInputScene: 0x13f47ad00> (KeyboardInputScene-com.apple.frontboard.systemappservices/FBSceneManager:sceneID%3Acom.apple.mobilesafari-71DD3C25-4702-4D1D-
2026-09-30 23:36:02.801 Df MobileSafari[26454:c659fe] [com.apple.UIKit:AppLifecycle] sceneOfRecord: sceneID: sceneID:com.apple.mobilesafari-71DD3C25-4702-4D1D-8EB9-7DEF87C13EE1  persistentID: 71DD3C25-4702-4D1D-8EB9-7DEF87C13EE1
2026-09-30 23:36:02.801 Df MobileSafari[26454:c659fe] [com.apple.FrontBoard:Scene] [UISceneHosting-com.apple.mobilesafari:UIHostedScene-com.apple.InputUI-A2AF1289] propagating 1 settings from com.apple.InputUI.keyboard:KeyboardInputScene-com.apple.frontboard.systemappservices/FBSceneManager:sceneID%
2026-09-30 23:36:02.802 Df MobileSafari[26454:c659fe] [com.apple.FrontBoard:Scene] [UISceneHosting-com.apple.mobilesafari:UIHostedScene-com.apple.InputUI-A2AF1289] scene content state changed: preparing
2026-09-30 23:36:02.802 Df MobileSafari[26454:c65b6e] [com.apple.FrontBoard:ProcessScene] [0x1740052c0:UISceneHosting-com.apple.mobilesafari:UIHostedScene-com.apple.InputUI-A2AF1289] Scene lifecycle state did change: Foreground
2026-09-30 23:36:02.802 Df MobileSafari[26454:c659fe] [com.apple.UIKit:UIKBFeedbackGenerator] <_UIKBFeedbackGenerator: 0x1076543c0>: -[_UIKBFeedbackGenerator activateWithCompletionBlock:]
2026-09-30 23:36:02.802 Df MobileSafari[26454:c65b6e] [com.apple.FrontBoard:ProcessScene] [0x1740052c0:UISceneHosting-com.apple.mobilesafari:UIHostedScene-com.apple.InputUI-A2AF1289] Scene state did change: FV-Focal[100].
2026-09-30 23:36:02.802 Df MobileSafari[26454:c65d8b] [com.apple.UIKit:UIKBFeedbackGenerator] <_UIKBFeedbackGenerator: 0x1076543c0>: Releasing engine and players.
2026-09-30 23:36:02.802 Df MobileSafari[26454:c65d8b] [com.apple.UIKit:UIKBFeedbackGenerator] <_UIKBFeedbackGenerator: 0x1076543c0>: Recreating engine with reason -[_UIKBFeedbackGenerator activateWithCompletionBlock:]_block_invoke.
2026-09-30 23:36:02.802 E  MobileSafari[26454:c65d8b] [com.apple.corehaptics:hapi]        CHHapticPattern.mm:509   +[CHHapticPattern patternForKey:error:]: Failed to read pattern library data: Error Domain=NSCocoaErrorDomain Code=260 "The file “hapticpatternlibrary.plist” couldn’t be opened be
2026-09-30 23:36:02.803 E  MobileSafari[26454:c65d8b] [com.apple.UIKit:UIKBFeedbackGenerator] <_UIKBFeedbackGenerator: 0x1076543c0>: Error creating CHHapticPattern: Error Domain=NSCocoaErrorDomain Code=260 "The file “hapticpatternlibrary.plist” couldn’t be opened because there is no such file.
2026-09-30 23:36:02.803 E  MobileSafari[26454:c65d8b] [com.apple.corehaptics:hapi]        CHHapticPattern.mm:509   +[CHHapticPattern patternForKey:error:]: Failed to read pattern library data: Error Domain=NSCocoaErrorDomain Code=260 "The file “hapticpatternlibrary.plist” couldn’t be opened be
2026-09-30 23:36:02.803 E  MobileSafari[26454:c65d8b] [com.apple.UIKit:UIKBFeedbackGenerator] <_UIKBFeedbackGenerator: 0x1076543c0>: Error creating CHHapticPattern: Error Domain=NSCocoaErrorDomain Code=260 "The file “hapticpatternlibrary.plist” couldn’t be opened because there is no such file.
2026-09-30 23:36:02.803 E  MobileSafari[26454:c65d8b] [com.apple.corehaptics:hapi]        CHHapticPattern.mm:509   +[CHHapticPattern patternForKey:error:]: Failed to read pattern library data: Error Domain=NSCocoaErrorDomain Code=260 "The file “hapticpatternlibrary.plist” couldn’t be opened be
2026-09-30 23:36:02.803 E  MobileSafari[26454:c65d8b] [com.apple.UIKit:UIKBFeedbackGenerator] <_UIKBFeedbackGenerator: 0x1076543c0>: Error creating CHHapticPattern: Error Domain=NSCocoaErrorDomain Code=260 "The file “hapticpatternlibrary.plist” couldn’t be opened because there is no such file.
2026-09-30 23:36:02.803 E  MobileSafari[26454:c65d8b] [com.apple.corehaptics:hapi]        CHHapticPattern.mm:509   +[CHHapticPattern patternForKey:error:]: Failed to read pattern library data: Error Domain=NSCocoaErrorDomain Code=260 "The file “hapticpatternlibrary.plist” couldn’t be opened be
2026-09-30 23:36:02.804 E  MobileSafari[26454:c65d8b] [com.apple.UIKit:UIKBFeedbackGenerator] <_UIKBFeedbackGenerator: 0x1076543c0>: Error creating CHHapticPattern: Error Domain=NSCocoaErrorDomain Code=260 "The file “hapticpatternlibrary.plist” couldn’t be opened because there is no such file.
2026-09-30 23:36:02.804 E  MobileSafari[26454:c65d8b] [com.apple.corehaptics:hapi]        CHHapticPattern.mm:509   +[CHHapticPattern patternForKey:error:]: Failed to read pattern library data: Error Domain=NSCocoaErrorDomain Code=260 "The file “hapticpatternlibrary.plist” couldn’t be opened be
2026-09-30 23:36:02.804 E  MobileSafari[26454:c65d8b] [com.apple.UIKit:UIKBFeedbackGenerator] <_UIKBFeedbackGenerator: 0x1076543c0>: Error creating CHHapticPattern: Error Domain=NSCocoaErrorDomain Code=260 "The file “hapticpatternlibrary.plist” couldn’t be opened because there is no such file.
2026-09-30 23:36:02.804 E  MobileSafari[26454:c65d8b] [com.apple.corehaptics:hapi]        CHHapticPattern.mm:509   +[CHHapticPattern patternForKey:error:]: Failed to read pattern library data: Error Domain=NSCocoaErrorDomain Code=260 "The file “hapticpatternlibrary.plist” couldn’t be opened be
2026-09-30 23:36:02.804 E  MobileSafari[26454:c65d8b] [com.apple.UIKit:UIKBFeedbackGenerator] <_UIKBFeedbackGenerator: 0x1076543c0>: Error creating CHHapticPattern: Error Domain=NSCocoaErrorDomain Code=260 "The file “hapticpatternlibrary.plist” couldn’t be opened because there is no such file.
2026-09-30 23:36:02.804 E  MobileSafari[26454:c65d8b] [com.apple.corehaptics:hapi]        CHHapticPattern.mm:509   +[CHHapticPattern patternForKey:error:]: Failed to read pattern library data: Error Domain=NSCocoaErrorDomain Code=260 "The file “hapticpatternlibrary.plist” couldn’t be opened be
2026-09-30 23:36:02.804 E  MobileSafari[26454:c65d8b] [com.apple.UIKit:UIKBFeedbackGenerator] <_UIKBFeedbackGenerator: 0x1076543c0>: Error creating CHHapticPattern: Error Domain=NSCocoaErrorDomain Code=260 "The file “hapticpatternlibrary.plist” couldn’t be opened because there is no such file.
2026-09-30 23:36:02.804 A  InputUI[87035:c6586a] (RunningBoardServices) didChangeInheritances
2026-09-30 23:36:02.805 E  MobileSafari[26454:c65d8b] [com.apple.corehaptics:hapi]        CHHapticPattern.mm:509   +[CHHapticPattern patternForKey:error:]: Failed to read pattern library data: Error Domain=NSCocoaErrorDomain Code=260 "The file “hapticpatternlibrary.plist” couldn’t be opened be
2026-09-30 23:36:02.805 E  MobileSafari[26454:c65d8b] [com.apple.UIKit:UIKBFeedbackGenerator] <_UIKBFeedbackGenerator: 0x1076543c0>: Error creating CHHapticPattern: Error Domain=NSCocoaErrorDomain Code=260 "The file “hapticpatternlibrary.plist” couldn’t be opened because there is no such file.
2026-09-30 23:36:02.805 A  MobileSafari[26454:c65d8e] (RunningBoardServices) didChangeInheritances
2026-09-30 23:36:02.805 E  MobileSafari[26454:c65d8b] [com.apple.corehaptics:hapi]        CHHapticPattern.mm:509   +[CHHapticPattern patternForKey:error:]: Failed to read pattern library data: Error Domain=NSCocoaErrorDomain Code=260 "The file “hapticpatternlibrary.plist” couldn’t be opened be
2026-09-30 23:36:02.805 E  MobileSafari[26454:c65d8b] [com.apple.UIKit:UIKBFeedbackGenerator] <_UIKBFeedbackGenerator: 0x1076543c0>: Error creating CHHapticPattern: Error Domain=NSCocoaErrorDomain Code=260 "The file “hapticpatternlibrary.plist” couldn’t be opened because there is no such file.
2026-09-30 23:36:02.805 Df MobileSafari[26454:c65d8b] [com.apple.coremedia:] -AVSystemController- +[AVSystemController sharedInstance]: Failed to allocate AVSystemController, numberOfAttempts=1
2026-09-30 23:36:02.805 Df MobileSafari[26454:c65d8b] [com.apple.coremedia:] -AVSystemController- +[AVSystemController sharedInstance]: Failed to allocate AVSystemController, numberOfAttempts=2
2026-09-30 23:36:02.805 Df MobileSafari[26454:c65d8b] [com.apple.coremedia:] -AVSystemController- +[AVSystemController sharedInstance]: Failed to allocate AVSystemController, numberOfAttempts=3
2026-09-30 23:36:02.805 Df MobileSafari[26454:c65d8b] [com.apple.UIKit:UIKBFeedbackGenerator] <_UIKBFeedbackGenerator: 0x1076543c0>: Preheating CoreHaptics.
2026-09-30 23:36:02.805 Df MobileSafari[26454:c65b6e] [com.apple.FrontBoard:ProcessWorkspace] [osservice<com.apple.InputUI>:87035] Workspace state did change: BG-Active[40] --> FV-Focal[100] (assertion acquired).
2026-09-30 23:36:02.806 Df MobileSafari[26454:c65b6e] [com.apple.FrontBoard:Process] [osservice<com.apple.InputUI>:87035] Setting process visibility to: Foreground
2026-09-30 23:36:02.806 Df MobileSafari[26454:c65b6e] [com.apple.FrontBoard:ProcessScene] [0x1740052c0:UISceneHosting-com.apple.mobilesafari:UIHostedScene-com.apple.InputUI-A2AF1289] Sending scene action [Logical Activate][0xd88b] to process 0x13c854180 (watchdog: 10.00s)
2026-09-30 23:36:02.806 A  InputUI[87035:c6586a] (RunningBoardServices) observedProcessStatesDidChange
2026-09-30 23:36:02.806 Df InputUI[87035:c6586a] [com.apple.runningboard:monitor] Received state update for 86754 (osservice<com.apple.SpringBoard>, running-active-Visible
2026-09-30 23:36:02.806 A  InputUI[87035:c65f85] (RunningBoardServices) observedProcessStatesDidChange
2026-09-30 23:36:02.806 Df InputUI[87035:c65f85] [com.apple.runningboard:monitor] Received state update for 97297 (osservice<com.apple.DragUI.druid>, running-Visible
2026-09-30 23:36:02.806 Df InputUI[87035:c65f85] [com.apple.runningboard:monitor] Received state update for 26454 (app<com.apple.mobilesafari((null))>, running-active-Visible
2026-09-30 23:36:02.806 A  MobileSafari[26454:c65d8d] (RunningBoardServices) observedProcessStatesDidChange
2026-09-30 23:36:02.806 A  InputUI[87035:c65f85] (RunningBoardServices) observedProcessStatesDidChange
2026-09-30 23:36:02.806 Df MobileSafari[26454:c65d8d] [com.apple.runningboard:monitor] Received state update for 87035 (osservice<com.apple.InputUI>, running-active-NotVisible
2026-09-30 23:36:02.806 Df InputUI[87035:c33b5c] [com.apple.UIKit:InterfaceStyle] Not push traits update to screen for new style 1, <_UIHostedWindowScene: 0x107316080> (UIHostedScene-com.apple.InputUI-A2AF1289)
2026-09-30 23:36:02.806 Df InputUI[87035:c33b5c] [com.apple.TextInputUI:InputCandidate_ContainerScene] InputUI sceneWillEnterForeground:<_UIHostedWindowScene: 0x107316080; role: UISceneSessionRoleSceneHosting; persistentIdentifier: UIHostedScene-com.apple.InputUI-A2AF1289; activationState: UISceneAc
2026-09-30 23:36:02.806 A  MobileSafari[26454:c65d8c] (RunningBoardServices) observedProcessStatesDidChange
2026-09-30 23:36:02.806 Df MobileSafari[26454:c65d8c] [com.apple.runningboard:monitor] Received state update for 24111 (app<com.apple.SafariViewService((null))>, running-active-NotVisible
2026-09-30 23:36:02.806 Df InputUI[87035:c33b5c] [com.apple.TextInputUI:InputCandidate_ContainerScene] InputUI sceneDidBecomeActive:<_UIHostedWindowScene: 0x107316080; role: UISceneSessionRoleSceneHosting; persistentIdentifier: UIHostedScene-com.apple.InputUI-A2AF1289; activationState: UISceneActiva
2026-09-30 23:36:02.807 Df InputUI[87035:c33b5c] [com.apple.UIKit:AppLifecycle] sceneOfRecord: sceneID: UIHostedScene-com.apple.InputUI-A2AF1289  persistentID: UIHostedScene-com.apple.InputUI-A2AF1289
2026-09-30 23:36:02.807 Df InputUI[87035:c65f85] [com.apple.runningboard:monitor] Received state update for 87035 (osservice<com.apple.InputUI>, running-active-Visible
2026-09-30 23:36:02.807 A  InputUI[87035:c65f85] (RunningBoardServices) observedProcessStatesDidChange
2026-09-30 23:36:02.808 Df InputUI[87035:c65f85] [com.apple.runningboard:monitor] Received state update for 24111 (app<com.apple.SafariViewService((null))>, running-active-Visible
2026-09-30 23:36:02.808 A  InputUI[87035:c6586a] (RunningBoardServices) didChangeInheritances
2026-09-30 23:36:02.815 Df InputUI[87035:c33b5c] [com.apple.UIKit:AppLifecycle] sceneOfRecord: sceneID: UIHostedScene-com.apple.InputUI-A2AF1289  persistentID: UIHostedScene-com.apple.InputUI-A2AF1289
2026-09-30 23:36:02.815 Df InputUI[87035:c33b5c] [com.apple.UIKit:InterfaceStyle] Not push traits update to screen for new style 1, <_UIHostedWindowScene: 0x107316080> (UIHostedScene-com.apple.InputUI-A2AF1289)
2026-09-30 23:36:02.815 Df MobileSafari[26454:c65d8d] [com.apple.FrontBoard:ProcessScene] [0x1740052c0:UISceneHosting-com.apple.mobilesafari:UIHostedScene-com.apple.InputUI-A2AF1289] Scene action [Logical Activate][0xd88b] completed with success: 1
2026-09-30 23:36:02.815 Df InputUI[87035:c65f85] [com.apple.FrontBoard:ProcessScene] [0x106e4b600:com.apple.InputUI.keyboard:KeyboardInputScene-com.apple.frontboard.systemappservices/FBSceneManager:sceneID%3Acom.apple.mobilesafari-71DD3C25-4702-4D1D-8EB9-7DEF87C13EE1] Scene action [Logical Activate]
2026-09-30 23:36:02.815 Df InputUI[87035:c33b5c] [com.apple.FrontBoard:Scene] [com.apple.InputUI.keyboard:KeyboardInputScene-com.apple.frontboard.systemappservices/FBSceneManager:sceneID%3Acom.apple.mobilesafari-71DD3C25-4702-4D1D-8EB9-7DEF87C13EE1] scene content state changed: ready
2026-09-30 23:36:02.815 Df MobileSafari[26454:c659fe] [com.apple.FrontBoard:Scene] [UISceneHosting-com.apple.mobilesafari:UIHostedScene-com.apple.InputUI-A2AF1289] scene content state changed: ready
2026-09-30 23:36:02.815 Df MobileSafari[26454:c659fe] [com.apple.TextInputUI:InputCandidate_Controller] -[TUIHostingInputCandidateController clientIsReady]
2026-09-30 23:36:02.913 A  InputUI[87035:c65f85] (RunningBoardServices) observedProcessStatesDidChange
2026-09-30 23:36:02.913 A  MobileSafari[26454:c65d8c] (RunningBoardServices) observedProcessStatesDidChange
2026-09-30 23:36:02.913 Df InputUI[87035:c65f85] [com.apple.runningboard:monitor] Received state update for 26454 (app<com.apple.mobilesafari((null))>, running-active-Visible
2026-09-30 23:36:02.913 Df MobileSafari[26454:c65d8c] [com.apple.runningboard:monitor] Received state update for 87035 (osservice<com.apple.InputUI>, running-active-NotVisible
2026-09-30 23:36:02.913 A  InputUI[87035:c6586a] (RunningBoardServices) observedProcessStatesDidChange
2026-09-30 23:36:02.913 Df InputUI[87035:c6586a] [com.apple.runningboard:monitor] Received state update for 87035 (osservice<com.apple.InputUI>, running-active-Visible
2026-09-30 23:36:02.914 Df MobileSafari[26454:c659fe] [com.apple.WebKit:ViewState] 0x10718ca00 (pageProxyID=38) -[WKWebView _updateVisibleContentRects:] - performing first visible content rect update after deferring updates
2026-09-30 23:36:02.982 Df MobileSafari[26454:c659fe] [com.apple.WebKit:ActivityState] 0x109dbf818 - [pageProxyID=38, webPageID=39, PID=26567] WebPageProxy::activityStateDidChange: mayHaveChanged=128
2026-09-30 23:36:02.982 Df MobileSafari[26454:c659fe] [com.apple.WebKit:ActivityState] 0x109dbf818 - [pageProxyID=38, webPageID=39, PID=26567] WebPageProxy::dispatchActivityStateChange: potentiallyChangedActivityStateFlags=128
2026-09-30 23:36:03.170 Df MobileSafari[26454:c659fe] [com.apple.UIKit:TrackingElementWindowController] Change from input view set: <<UIInputViewSet: 0x174004fc0>; keyboard = <UIKeyboardAutomatic: 0x109e3db00; frame = (0 0; 402 226); opaque = NO; layer = <CALayer: 0x106520930>>%; accessory = <SFWebF
2026-09-30 23:36:03.170 Df MobileSafari[26454:c659fe] [com.apple.UIKit:TrackingElementWindowController] Change to input view set: <<UIInputViewSet: 0x174006a00>; keyboard = <UIKeyboardAutomatic: 0x109e3db00; frame = (0 0; 402 226); opaque = NO; layer = <CALayer: 0x106520930>>%; accessory = <SFWebFor
2026-09-30 23:36:03.171 Df MobileSafari[26454:c659fe] [com.apple.UIKit:KeyboardArbiterClientLog] -[_UIRemoteKeyboardPlaceholderView refreshPlaceholder]  refreshPlaceholder: size={402, 328} [previous size={402, 0}]
2026-09-30 23:36:03.171 Df MobileSafari[26454:c659fe] [com.apple.UIKit:UIPeripheralHost] endPlacementForInputViewSet: <<UIInputViewSet: 0x174006a00>; keyboard = <UIKeyboardAutomatic: 0x109e3db00; frame = (0 0; 402 226); opaque = NO; layer = <CALayer: 0x106520930>>%; accessory = <SFWebFormAccessoryVi
2026-09-30 23:36:03.171 Df MobileSafari[26454:c659fe] [com.apple.UIKit:UIPeripheralHost] endPlacementForInputViewSet, returning -> <UIInputViewSetPlacementOnScreenWithAccessory>
2026-09-30 23:36:03.172 Df MobileSafari[26454:c659fe] [com.apple.UIKit:DictationLifecycle] dictation dockMic enabled=1 active=1 langs=1 functional=1 hideFor3PK=0
2026-09-30 23:36:03.173 Df MobileSafari[26454:c659fe] [com.apple.TextInputUI:KeyboardTrackingCoordinator] Posted notification didShow with {
    UIKeyboardAnimationCurveUserInfoKey = 7;
    UIKeyboardAnimationDurationUserInfoKey = "0.3833";
    UIKeyboardBoundsUserInfoKey = "NSRect: {{0, 0}, {402, 428}}";
    UIKeyboardCenterBeginUserInfoKey = "NSPoint: {201, 623.5}";
    UIKeyboardCenterEndUserInfoKey = "NSPoint: {201, 660}";
    UIKeyboardFrameBeginUserInfoKey = "NSRect: {{0, 373}, {402, 501}}";
    UIKeyboardFrameEndUserInfoKey = "NSRect: {{0, 446}, {402, 428}}";
    UIKeyboardIsLocalUserInfoKey = 1;
} (null)
2026-09-30 23:36:03.185 Df InputUI[87035:c33b5c] [com.apple.KeyboardArbiter:Handle] RX com.apple.mobilesafari(26454) signalKeyboardChangeComplete
2026-09-30 23:36:03.188 Df InputUI[87035:c33b5c] [com.apple.KeyboardArbiter:Client] RX keyboardChangeCompleted
2026-09-30 23:36:03.188 Df SafariViewService[24111:c6392d] [com.apple.KeyboardArbiter:Client] RX keyboardChangeCompleted
2026-09-30 23:36:03.188 A  InputUI[87035:c6586a] (RunningBoardServices) observedProcessStatesDidChange
2026-09-30 23:36:03.188 A  MobileSafari[26454:c65d8c] (RunningBoardServices) observedProcessStatesDidChange
2026-09-30 23:36:03.188 Df InputUI[87035:c6586a] [com.apple.runningboard:monitor] Received state update for 87035 (osservice<com.apple.InputUI>, running-active-Visible
2026-09-30 23:36:03.188 Df MobileSafari[26454:c65d8c] [com.apple.runningboard:monitor] Received state update for 87035 (osservice<com.apple.InputUI>, running-active-NotVisible
2026-09-30 23:36:03.188 A  InputUI[87035:c65f85] (RunningBoardServices) observedProcessStatesDidChange
2026-09-30 23:36:03.188 Df InputUI[87035:c65f85] [com.apple.runningboard:monitor] Received state update for 86754 (osservice<com.apple.SpringBoard>, running-active-Visible
2026-09-30 23:36:03.189 A  InputUI[87035:c6586a] (RunningBoardServices) observedProcessStatesDidChange
2026-09-30 23:36:03.190 Df InputUI[87035:c6586a] [com.apple.runningboard:monitor] Received state update for 97297 (osservice<com.apple.DragUI.druid>, running-Visible
2026-09-30 23:36:03.190 A  InputUI[87035:c6586a] (RunningBoardServices) observedProcessStatesDidChange
2026-09-30 23:36:03.190 Df InputUI[87035:c6586a] [com.apple.runningboard:monitor] Received state update for 24111 (app<com.apple.SafariViewService((null))>, running-active-Visible
2026-09-30 23:36:03.190 A  MobileSafari[26454:c65d8d] (RunningBoardServices) observedProcessStatesDidChange
2026-09-30 23:36:03.190 Df MobileSafari[26454:c65d8d] [com.apple.runningboard:monitor] Received state update for 24111 (app<com.apple.SafariViewService((null))>, running-active-NotVisible
2026-09-30 23:36:03.293 A  InputUI[87035:c65f85] (RunningBoardServices) observedProcessStatesDidChange
2026-09-30 23:36:03.293 Df InputUI[87035:c65f85] [com.apple.runningboard:monitor] Received state update for 86754 (osservice<com.apple.SpringBoard>, running-active-Visible
2026-09-30 23:36:03.293 A  InputUI[87035:c6586a] (RunningBoardServices) observedProcessStatesDidChange
2026-09-30 23:36:03.294 A  MobileSafari[26454:c65d8c] (RunningBoardServices) observedProcessStatesDidChange
2026-09-30 23:36:03.294 Df InputUI[87035:c6586a] [com.apple.runningboard:monitor] Received state update for 97297 (osservice<com.apple.DragUI.druid>, running-Visible
2026-09-30 23:36:03.294 Df MobileSafari[26454:c65d8c] [com.apple.runningboard:monitor] Received state update for 87035 (osservice<com.apple.InputUI>, running-active-NotVisible
2026-09-30 23:36:03.294 A  InputUI[87035:c6586a] (RunningBoardServices) observedProcessStatesDidChange
2026-09-30 23:36:03.294 Df InputUI[87035:c6586a] [com.apple.runningboard:monitor] Received state update for 87035 (osservice<com.apple.InputUI>, running-active-Visible
2026-09-30 23:36:03.294 A  MobileSafari[26454:c65d8d] (RunningBoardServices) observedProcessStatesDidChange
2026-09-30 23:36:03.294 A  InputUI[87035:c65f85] (RunningBoardServices) observedProcessStatesDidChange
2026-09-30 23:36:03.294 Df MobileSafari[26454:c65d8d] [com.apple.runningboard:monitor] Received state update for 24111 (app<com.apple.SafariViewService((null))>, running-active-NotVisible
2026-09-30 23:36:03.294 Df InputUI[87035:c65f85] [com.apple.runningboard:monitor] Received state update for 24111 (app<com.apple.SafariViewService((null))>, running-active-Visible
2026-09-30 23:36:03.297 Df MobileSafari[26454:c659fe] [com.apple.UIKit:Orientation] <BrowserWindowScene: 0x109e79b80> (71DD3C25-4702-4D1D-8EB9-7DEF87C13EE1) Scene updated orientation preferences: ( Pu ) -> ( Pu Ll Lr )
2026-09-30 23:36:03.297 Df MobileSafari[26454:c659fe] [com.apple.FrontBoard:Scene] [UISceneHosting-com.apple.mobilesafari:UIHostedScene-com.apple.SafariViewService-3E550FEF] Removing parent scene.
2026-09-30 23:36:03.297 Df MobileSafari[26454:c659fe] [com.apple.UIKit:_UIChildRemoteContentRegistry] <_UIChildRemoteContentRegistry: 0x16e4d50b0; parentScene: <FBSScene: 0x1070a2a80>; childScenes: 0; childViewServices: 0> Registry is no longer tracking child scene <FBScene: 0x13dc34ac0>
2026-09-30 23:36:03.298 Df MobileSafari[26454:c659fe] [com.apple.FrontBoard:Scene] [UISceneHosting-com.apple.mobilesafari:UIHostedScene-com.apple.SafariViewService-3E550FEF] scene content state changed: notReady
2026-09-30 23:36:03.298 Df MobileSafari[26454:c65d8c] [com.apple.FrontBoard:ProcessScene] [0x1740040c0:UISceneHosting-com.apple.mobilesafari:UIHostedScene-com.apple.SafariViewService-3E550FEF] Scene lifecycle state did change: Background
2026-09-30 23:36:03.298 Df MobileSafari[26454:c659fe] [com.apple.UIKit:UISceneRelationshipManagement] <_UISceneRelationshipManagementHostComponent:0x13f46d3c0> Scene <FBScene: 0x13dc34ac0> is hosted in (nil)
2026-09-30 23:36:03.298 Df MobileSafari[26454:c65d8c] [com.apple.FrontBoard:ProcessScene] [0x1740040c0:UISceneHosting-com.apple.mobilesafari:UIHostedScene-com.apple.SafariViewService-3E550FEF] Scene state did change: FG-Active[90].
2026-09-30 23:36:03.298 Df MobileSafari[26454:c659fe] [com.apple.UIKit:KBProxyForwarding] <StateMachine:0x13f46d500> Hosting window did change to (null).
2026-09-30 23:36:03.298 Df MobileSafari[26454:c659fe] [com.apple.UIKit:KBProxyForwarding] <StateMachine:0x13f46d500> Hosting environment did change to <0x0:(null)>.
2026-09-30 23:36:03.298 Df MobileSafari[26454:c65d8c] [com.apple.FrontBoard:ProcessWorkspace] [app<com.apple.SafariViewService>:24111] Workspace state did change: FV-Focal[100] --> FG-Active[90] (assertion dropped).
2026-09-30 23:36:03.298 Df MobileSafari[26454:c65d8c] [com.apple.FrontBoard:Process] [app<com.apple.SafariViewService>:24111] Setting process visibility to: Background
2026-09-30 23:36:03.299 Df MobileSafari[26454:c659fe] [com.apple.FrontBoard:Scene] [UISceneHosting-com.apple.mobilesafari:UIHostedScene-com.apple.SafariViewService-3E550FEF] Sending action(s) to "_UIViewServiceSceneExtension": _UIViewServiceHostAppearanceAction
2026-09-30 23:36:03.299 Df MobileSafari[26454:c659fe] [com.apple.FrontBoard:Scene] [UISceneHosting-com.apple.mobilesafari:UIHostedScene-com.apple.SafariViewService-3E550FEF] Sending action(s): _UISceneHostingViewAppearanceActionHostToClient
2026-09-30 23:36:03.299 Df MobileSafari[26454:c65d8c] [com.apple.FrontBoard:ProcessWorkspace] [app<com.apple.SafariViewService>:24111] Workspace state did change: XX-None[0] --> FG-Active[90] (assertion acquired).
2026-09-30 23:36:03.299 Df MobileSafari[26454:c65d8c] [com.apple.FrontBoard:ProcessScene] [0x1740040c0:UISceneHosting-com.apple.mobilesafari:UIHostedScene-com.apple.SafariViewService-3E550FEF] Sending scene action [Logical Deactivate][0x2dd8] to process 0x16e540d80 (watchdog: 10.00s)
2026-09-30 23:36:03.299 Df MobileSafari[26454:c659fe] [com.apple.UIKit:ViewServiceHostSession] View service session ended with error 'com.apple.SafariViewService' : Error Domain=_UIViewServiceHostSessionErrorDomain Code=4 "(null)" UserInfo={Message=Invalidation requested}
2026-09-30 23:36:03.299 Df MobileSafari[26454:c659fe] [com.apple.FrontBoard:Scene] Invalidating scene: UISceneHosting-com.apple.mobilesafari:UIHostedScene-com.apple.SafariViewService-3E550FEF
2026-09-30 23:36:03.299 Df MobileSafari[26454:c659fe] [com.apple.FrontBoard:ProcessWorkspace] [app<com.apple.SafariViewService>:24111] Unregistering scene: <FBWorkspaceScene: 0x1740040c0; UISceneHosting-com.apple.mobilesafari:UIHostedScene-com.apple.SafariViewService-3E550FEF>
2026-09-30 23:36:03.299 Df MobileSafari[26454:c65d8c] [com.apple.FrontBoard:ProcessScene] [0x1740040c0:UISceneHosting-com.apple.mobilesafari:UIHostedScene-com.apple.SafariViewService-3E550FEF] Sending scene destroy.
2026-09-30 23:36:03.299 Df MobileSafari[26454:c659fe] [com.apple.BackBoard:EventDelivery] [BKSHIDEventObserver] set observing:YES
2026-09-30 23:36:03.299 Df MobileSafari[26454:c65d8c] [com.apple.FrontBoard:ProcessWorkspace] [app<com.apple.SafariViewService>:24111] Workspace interruption policy did change: default
2026-09-30 23:36:03.299 Df SafariViewService[24111:c6392d] [com.apple.UIKit:InterfaceStyle] Not push traits update to screen for new style 1, <_UIHostedWindowScene: 0x109775b80> (UIHostedScene-com.apple.SafariViewService-3E550FEF)
2026-09-30 23:36:03.299 Df MobileSafari[26454:c65d8c] [com.apple.FrontBoard:Process] [app<com.apple.SafariViewService>:24111] Setting process visibility to: Unknown
2026-09-30 23:36:03.300 Df SafariViewService[24111:c6392d] [com.apple.UIKit:AppLifecycle] sceneOfRecord: sceneID: sceneID:com.apple.SafariViewService-default  persistentID: 8FFF8B5E-1B6E-438A-986E-FE96F9AD3802
2026-09-30 23:36:03.300 Df MobileSafari[26454:c659fe] [com.apple.UIKit:KBProxyForwarding] <StateMachine:0x13f46d500> Presentation environment invalidated: <_UISceneKeyboardProxyLayerForwardingPresentationScene: 0x1728f9410> Tracking scene: <FBScene: 0x13dbf6700; UISceneHosting-com.apple.mobilesafari
2026-09-30 23:36:03.300 Df SafariViewService[24111:c6392d] [com.apple.UIKit:Application] Deactivation reason added: 12; deactivation reasons: 0 -> 4096; animating application lifecycle event: 0
2026-09-30 23:36:03.300 Df SafariViewService[24111:c6392d] [com.apple.KeyboardArbiter:Client] applicationWillResignActive
2026-09-30 23:36:03.300 Df MobileSafari[26454:c65d8b] [com.apple.BackBoard:EventDelivery] will update observations for 0 observers
2026-09-30 23:36:03.300 Df SafariViewService[24111:c6392d] [com.apple.UIKit:Application] Deactivation reason added: 11; deactivation reasons: 4096 -> 6144; animating application lifecycle event: 0
2026-09-30 23:36:03.300 Df MobileSafari[26454:c659fe] [com.apple.UIKit:KBProxyForwarding] <ForwardingPresentationScene:0x1728f9410> Prioritized presenter: (null).
2026-09-30 23:36:03.300 Df SafariViewService[24111:c6392d] [com.apple.UIKit:BackgroundTask] Will add backgroundTask with taskName: _UIRemoteKeyboard XPC disconnection, expirationHandler: (null)
2026-09-30 23:36:03.300 Df SafariViewService[24111:c6392d] [com.apple.UIKit:BackgroundTask] Creating new assertion because there is no existing background assertion.
2026-09-30 23:36:03.300 Df SafariViewService[24111:c6392d] [com.apple.UIKit:BackgroundTask] Creating new background assertion
2026-09-30 23:36:03.300 Df SafariViewService[24111:c6392d] [com.apple.UIKit:BackgroundTask] Created new background assertion <BKSProcessAssertion: 0x1064fbbb0>
2026-09-30 23:36:03.300 Df MobileSafari[26454:c659fe] [com.apple.UIKit:KBProxyForwarding] <StateMachine:0x13f46d500> Dealloc.
2026-09-30 23:36:03.300 Df SafariViewService[24111:c6392d] [com.apple.UIKit:BackgroundTask] Incrementing reference count for background assertion <BKSProcessAssertion: 0x1064fbbb0>
2026-09-30 23:36:03.300 Df SafariViewService[24111:c6392d] [com.apple.UIKit:BackgroundTask] Created background task <_UIBackgroundTaskInfo: 0x1096fe6c0>: taskID = 11, taskName = _UIRemoteKeyboard XPC disconnection, creationTime = 516956 (elapsed = 0).
2026-09-30 23:36:03.300 Df SafariViewService[24111:c6392d] [com.apple.KeyboardArbiter:Client] com.apple.SafariViewService(24111) invalidateConnection (appDidSuspend)
2026-09-30 23:36:03.301 Df InputUI[87035:c33b5c] [com.apple.KeyboardArbiter:Handle] com.apple.SafariViewService(24111) lostConnection (invalidation)
2026-09-30 23:36:03.301 Df InputUI[87035:c33b5c] [com.apple.runningboard:monitor] Updating configuration of monitor M87035-1
2026-09-30 23:36:03.301 Df SafariViewService[24111:c6392d] [com.apple.UIKit:BackgroundTask] Will add backgroundTask with taskName: com.apple.asset_manager.cache_resource_cleanup, expirationHandler: <__NSMallocBlock__: 0x105deaf10>
2026-09-30 23:36:03.301 Df SafariViewService[24111:c6392d] [com.apple.UIKit:BackgroundTask] Reusing background assertion <BKSProcessAssertion: 0x1064fbbb0>
2026-09-30 23:36:03.301 Df SafariViewService[24111:c6392d] [com.apple.UIKit:BackgroundTask] Incrementing reference count for background assertion <BKSProcessAssertion: 0x1064fbbb0>
2026-09-30 23:36:03.301 A  InputUI[87035:c6586a] (RunningBoardServices) observedProcessStatesDidChange
2026-09-30 23:36:03.301 Df InputUI[87035:c33b5c] [com.apple.KeyboardArbiter:Handle] RX com.apple.SafariViewService(24111) setWindowContextID:0 windowState:Disabled level:0.0
    focusContext:(null)
2026-09-30 23:36:03.301 Df SafariViewService[24111:c6392d] [com.apple.UIKit:BackgroundTask] Created background task <_UIBackgroundTaskInfo: 0x1096fe7c0>: taskID = 12, taskName = com.apple.asset_manager.cache_resource_cleanup, creationTime = 516956 (elapsed = 0).
2026-09-30 23:36:03.301 Df InputUI[87035:c33b5c] [com.apple.UIKit:KeyboardScene] KeyboardArbiter has no scene identity for client handle <_UIKeyboardArbiterClientHandle: 0x1100f3100; [app<com.apple.SafariViewService((null))>:24111] <(null)>; hosting PIDs {(
)}; level 0.000000; active NO [wants NO]; suppression 0; iav 0.000000; on screen NO; isAcquiringFocus: NO>
2026-09-30 23:36:03.301 Df InputUI[87035:c6586a] [com.apple.runningboard:monitor] Received state update for 87267 (extension<com.apple.MercuryPoster[config:6E69CA09-34E3-3493-B8FC-B5021E1ACB71]((null):86754)>[uuid:99E4BAE0-EC5B-6DCB-2006-E5AA8B847D25], running-suspended-Visible
2026-09-30 23:36:03.301 Df SafariViewService[24111:c660cb] [com.apple.BackBoard:EventDelivery] [BKSHIDEventObserver] reachability for target <environment: keyboardFocus; target: <token: 26454(v270CE8)->/UISceneHosting-com.apple.mobilesafari:UIHostedScene-com.apple.SafariViewService-3E550FEF; pid: 24
2026-09-30 23:36:03.301 Df SafariViewService[24111:c6392d] [com.apple.UIKit:BackgroundTask] Ending background task with UIBackgroundTaskIdentifier: 12
2026-09-30 23:36:03.301 Df InputUI[87035:c6586a] [com.apple.runningboard:monitor] Received state update for 97297 (osservice<com.apple.DragUI.druid>, running-Visible
2026-09-30 23:36:03.301 Df SafariViewService[24111:c6392d] [com.apple.UIKit:BackgroundTask] Ending task with identifier 12 and description: <_UIBackgroundTaskInfo: 0x1096fe7c0>: taskID = 12, taskName = com.apple.asset_manager.cache_resource_cleanup, creationTime = 516956 (elapsed = 0), _expireHandle
2026-09-30 23:36:03.302 Df SafariViewService[24111:c6392d] [com.apple.UIKit:BackgroundTask] Decrementing reference count for assertion <BKSProcessAssertion: 0x1064fbbb0> (used by background task with identifier 12: <_UIBackgroundTaskInfo: 0x1096fe7c0>: taskID = 12, taskName = com.apple.asset_manager
2026-09-30 23:36:03.302 Df InputUI[87035:c6586a] [com.apple.runningboard:monitor] Received state update for 87035 (osservice<com.apple.InputUI>, running-active-Visible
2026-09-30 23:36:03.302 Df InputUI[87035:c6586a] [com.apple.runningboard:monitor] Received state update for 86754 (osservice<com.apple.SpringBoard>, running-active-Visible
2026-09-30 23:36:03.302 Df SafariViewService[24111:c6392d] [com.apple.UIKit:BackgroundTask] Will add backgroundTask with taskName: com.apple.asset_manager.cache_resource_cleanup, expirationHandler: <__NSMallocBlock__: 0x105deaa00>
2026-09-30 23:36:03.302 Df InputUI[87035:c6586a] [com.apple.runningboard:monitor] Received state update for 26454 (app<com.apple.mobilesafari((null))>, running-active-Visible
2026-09-30 23:36:03.302 Df SafariViewService[24111:c6392d] [com.apple.UIKit:BackgroundTask] Reusing background assertion <BKSProcessAssertion: 0x1064fbbb0>
2026-09-30 23:36:03.302 Df SafariViewService[24111:c6392d] [com.apple.UIKit:BackgroundTask] Incrementing reference count for background assertion <BKSProcessAssertion: 0x1064fbbb0>
2026-09-30 23:36:03.302 Df SafariViewService[24111:c6392d] [com.apple.UIKit:BackgroundTask] Created background task <_UIBackgroundTaskInfo: 0x1096fe7c0>: taskID = 13, taskName = com.apple.asset_manager.cache_resource_cleanup, creationTime = 516956 (elapsed = 0).
2026-09-30 23:36:03.302 Df SafariViewService[24111:c6392d] [com.apple.UIKit:BackgroundTask] Ending background task with UIBackgroundTaskIdentifier: 13
2026-09-30 23:36:03.302 Df SafariViewService[24111:c6392d] [com.apple.UIKit:BackgroundTask] Ending task with identifier 13 and description: <_UIBackgroundTaskInfo: 0x1096fe7c0>: taskID = 13, taskName = com.apple.asset_manager.cache_resource_cleanup, creationTime = 516956 (elapsed = 0), _expireHandle
2026-09-30 23:36:03.303 Df SafariViewService[24111:c6392d] [com.apple.UIKit:BackgroundTask] Decrementing reference count for assertion <BKSProcessAssertion: 0x1064fbbb0> (used by background task with identifier 13: <_UIBackgroundTaskInfo: 0x1096fe7c0>: taskID = 13, taskName = com.apple.asset_manager
2026-09-30 23:36:03.303 Df SafariViewService[24111:c6392d] [com.apple.UIKit:BackgroundTask] Will add backgroundTask with taskName: com.apple.asset_manager.cache_resource_cleanup, expirationHandler: <__NSMallocBlock__: 0x105deaf10>
2026-09-30 23:36:03.303 Df SafariViewService[24111:c6392d] [com.apple.UIKit:BackgroundTask] Reusing background assertion <BKSProcessAssertion: 0x1064fbbb0>
2026-09-30 23:36:03.303 Df SafariViewService[24111:c6392d] [com.apple.UIKit:BackgroundTask] Incrementing reference count for background assertion <BKSProcessAssertion: 0x1064fbbb0>
2026-09-30 23:36:03.303 Df SafariViewService[24111:c6392d] [com.apple.UIKit:BackgroundTask] Created background task <_UIBackgroundTaskInfo: 0x1096fe7c0>: taskID = 14, taskName = com.apple.asset_manager.cache_resource_cleanup, creationTime = 516956 (elapsed = 0).
2026-09-30 23:36:03.303 Df SafariViewService[24111:c6392d] [com.apple.UIKit:BackgroundTask] Ending background task with UIBackgroundTaskIdentifier: 14
2026-09-30 23:36:03.303 Df SafariViewService[24111:c6392d] [com.apple.UIKit:BackgroundTask] Ending task with identifier 14 and description: <_UIBackgroundTaskInfo: 0x1096fe7c0>: taskID = 14, taskName = com.apple.asset_manager.cache_resource_cleanup, creationTime = 516956 (elapsed = 0), _expireHandle
2026-09-30 23:36:03.303 Df SafariViewService[24111:c6392d] [com.apple.UIKit:BackgroundTask] Decrementing reference count for assertion <BKSProcessAssertion: 0x1064fbbb0> (used by background task with identifier 14: <_UIBackgroundTaskInfo: 0x1096fe7c0>: taskID = 14, taskName = com.apple.asset_manager
2026-09-30 23:36:03.303 Df SafariViewService[24111:c6392d] [com.apple.UIKit:BackgroundTask] Will add backgroundTask with taskName: com.apple.asset_manager.cache_resource_cleanup, expirationHandler: <__NSMallocBlock__: 0x105deaa00>
2026-09-30 23:36:03.303 Df SafariViewService[24111:c6392d] [com.apple.UIKit:BackgroundTask] Reusing background assertion <BKSProcessAssertion: 0x1064fbbb0>
2026-09-30 23:36:03.303 Df SafariViewService[24111:c6392d] [com.apple.UIKit:BackgroundTask] Incrementing reference count for background assertion <BKSProcessAssertion: 0x1064fbbb0>
2026-09-30 23:36:03.303 Df SafariViewService[24111:c6392d] [com.apple.UIKit:BackgroundTask] Created background task <_UIBackgroundTaskInfo: 0x1096fc340>: taskID = 15, taskName = com.apple.asset_manager.cache_resource_cleanup, creationTime = 516956 (elapsed = 0).
2026-09-30 23:36:03.303 Df SafariViewService[24111:c6392d] [com.apple.UIKit:BackgroundTask] Ending background task with UIBackgroundTaskIdentifier: 15
2026-09-30 23:36:03.303 Df SafariViewService[24111:c6392d] [com.apple.UIKit:BackgroundTask] Ending task with identifier 15 and description: <_UIBackgroundTaskInfo: 0x1096fc340>: taskID = 15, taskName = com.apple.asset_manager.cache_resource_cleanup, creationTime = 516956 (elapsed = 0), _expireHandle
2026-09-30 23:36:03.303 Df SafariViewService[24111:c6392d] [com.apple.UIKit:BackgroundTask] Decrementing reference count for assertion <BKSProcessAssertion: 0x1064fbbb0> (used by background task with identifier 15: <_UIBackgroundTaskInfo: 0x1096fc340>: taskID = 15, taskName = com.apple.asset_manager
2026-09-30 23:36:03.304 Df SafariViewService[24111:c6589b] [com.apple.TextInputUI:InputSession_Proxy] -[TUIInputSessionProxy _configureConnection:]_block_invoke - InvalidationHandler called on nsxpcconnection.
2026-09-30 23:36:03.304 Df InputUI[87035:c33b5c] [com.apple.TextInputUI:InputSession_Manager] InvalidationHandler: connection with pid: 24111
2026-09-30 23:36:03.304 Df InputUI[87035:c33b5c] [com.apple.TextInputUI:InputSession_Manager] Invalidating connection for versionedPID: 10973757405421103
2026-09-30 23:36:03.304 Df MobileSafari[26454:c659fe] [com.apple.UIKit:UICMILifecycle] _animateUsingFluidSpringWithType 1 completion: finished 1, retargeted 1, count: 0
2026-09-30 23:36:03.304 Df SafariViewService[24111:c6392d] [com.apple.UIKit:DisplayLink] Legacy remapping target changed from '5413AD25-0C44-4163-A8FF-B906395CA854' to '(null)'
2026-09-30 23:36:03.304 Df SafariViewService[24111:c6392d] [com.apple.UIKit:UIKBFeedbackGenerator] <_UIKBFeedbackGenerator: 0x1066e9440>: Stopping engine: dealloc
2026-09-30 23:36:03.305 A  SafariViewService[24111:c6392d] (CoreFoundation) Updating Key-Value Observers Of Preferences
2026-09-30 23:36:03.306 Df SafariViewService[24111:c6392d] [com.apple.FrontBoard:SceneClient] [UISceneHosting-com.apple.mobilesafari:UIHostedScene-com.apple.SafariViewService-3E550FEF] Received action(s) for "_UIViewServiceSceneExtension": _UIViewServiceHostAppearanceAction
2026-09-30 23:36:03.306 Df SafariViewService[24111:c6392d] [com.apple.UIKit:ViewServices] Appearance transition didDisappear for 26454(v270CE8)->/UISceneHosting-com.apple.mobilesafari:UIHostedScene-com.apple.SafariViewService-3E550FEF
2026-09-30 23:36:03.306 Df SafariViewService[24111:c6392d] [com.apple.FrontBoard:Common] [UISceneHosting-com.apple.mobilesafari:UIHostedScene-com.apple.SafariViewService-3E550FEF] Component <_UIViewServiceClientSceneComponent: 0x109cdb600> handled action(s): <_UIViewServiceHostAppearanceAction: 0x10
2026-09-30 23:36:03.307 Df SafariViewService[24111:c6392d] [com.apple.FrontBoard:SceneClient] [UISceneHosting-com.apple.mobilesafari:UIHostedScene-com.apple.SafariViewService-3E550FEF] Received action(s): _UISceneHostingViewAppearanceActionHostToClient
2026-09-30 23:36:03.307 Df MobileSafari[26454:c65d8b] [com.apple.FrontBoard:ProcessScene] [0x1740040c0:UISceneHosting-com.apple.mobilesafari:UIHostedScene-com.apple.SafariViewService-3E550FEF] Scene action [Logical Deactivate][0x2dd8] completed with success: 1
2026-09-30 23:36:03.307 Df SafariViewService[24111:c6392d] [com.apple.UIKit:AppLifecycle] sceneOfRecord: sceneID: sceneID:com.apple.SafariViewService-default  persistentID: 8FFF8B5E-1B6E-438A-986E-FE96F9AD3802
2026-09-30 23:36:03.307 Df SafariViewService[24111:c6392d] [com.apple.UIKit:KeyboardScene] Invalidating keyboard scene com.apple.UIKit.KeyboardManagement.hosted/com.apple.InputUI.keyboard:KeyboardInputScene-26454(v270CE8)-%3E%2FUISceneHosting-com.apple.mobilesafari%3AUIHostedScene-com.apple.SafariVi
2026-09-30 23:36:03.307 Df SafariViewService[24111:c6392d] [com.apple.UIKit:EventDeferring] [0x161d92400] End local event deferring requested for token: 0x105d3aac0; environments: 1; reason: _UIHostedWindowScene: 0x109775b80: end event deferring for scene invalidation
2026-09-30 23:36:03.307 Df SafariViewService[24111:c6392d] [com.apple.UIKit:EventDeferring] [0x161d92400] [keyboardFocus] Stop observing context for local target window
2026-09-30 23:36:03.307 Df SafariViewService[24111:c6392d] [com.apple.UIKit:EventDeferring] [0x161d92400] [keyboardFocus] End tracking context for local target window: 0x106594400; contextId: 0x510070FB
2026-09-30 23:36:03.307 Df InputUI[87035:c65f85] [com.apple.FrontBoard:Scene] [com.apple.InputUI.keyboard:KeyboardInputScene-26454(v270CE8)->/UISceneHosting-com.apple.mobilesafari:UIHostedScene-com.apple.SafariViewService-3E550FEF] Explicit client invalidation.
2026-09-30 23:36:03.307 Df InputUI[87035:c33b5c] [com.apple.FrontBoard:Scene] Deactivating scene: com.apple.InputUI.keyboard:KeyboardInputScene-26454(v270CE8)->/UISceneHosting-com.apple.mobilesafari:UIHostedScene-com.apple.SafariViewService-3E550FEF
2026-09-30 23:36:03.307 Df SafariViewService[24111:c6392d] [com.apple.UIKit:KeyWindow] Scene will invalidate: _UIHostedWindowScene: 0x109775b80; scene identity: 26454(v270CE8)->/UISceneHosting-com.apple.mobilesafari:UIHostedScene-com.apple.SafariViewService-3E550FEF
2026-09-30 23:36:03.307 Df InputUI[87035:c33b5c] [com.apple.FrontBoard:Scene] [com.apple.InputUI.keyboard:KeyboardInputScene-26454(v270CE8)->/UISceneHosting-com.apple.mobilesafari:UIHostedScene-com.apple.SafariViewService-3E550FEF][1] Scene deactivated.
2026-09-30 23:36:03.307 Df SafariViewService[24111:c6392d] [com.apple.UIKit:KeyWindow] Key window needs update: 1; currentKeyWindowScene: 0x109775b80; evaluatedKeyWindowScene: 0x0; currentApplicationKeyWindow: 0x106594400; evaluatedApplicationKeyWindow: 0x0; reason: _UIHostedWindowScene: 0x109775b80
2026-09-30 23:36:03.307 Df InputUI[87035:c33b5c] [com.apple.FrontBoard:ProcessWorkspace] [app<com.apple.SafariViewService>:24111] Unregistering scene: <FBWorkspaceScene: 0x106e49380; com.apple.InputUI.keyboard:KeyboardInputScene-26454(v270CE8)->/UISceneHosting-com.apple.mobilesafari:UIHostedScene-co
2026-09-30 23:36:03.307 Df SafariViewService[24111:c6392d] [com.apple.UIKit:KeyWindow] Window did become application key: (nil): 0x0; contextId: 0x0; scene identity: (nil)
2026-09-30 23:36:03.307 Df SafariViewService[24111:c6392d] [com.apple.UIKit:HomeAffordanceObservation] Resetting home affordance notifier: <_UIHomeAffordanceSceneNotifier: 0x109791ce0; observers.count: 2>; for invalidating scene: <_UIHostedWindowScene: 0x109775b80>
2026-09-30 23:36:03.307 Df InputUI[87035:c33b5c] [com.apple.FrontBoard:Scene] Invalidating scene: com.apple.InputUI.keyboard:KeyboardInputScene-26454(v270CE8)->/UISceneHosting-com.apple.mobilesafari:UIHostedScene-com.apple.SafariViewService-3E550FEF
2026-09-30 23:36:03.307 Df InputUI[87035:c65f85] [com.apple.FrontBoard:ProcessScene] [0x106e49380:com.apple.InputUI.keyboard:KeyboardInputScene-26454(v270CE8)->/UISceneHosting-com.apple.mobilesafari:UIHostedScene-com.apple.SafariViewService-3E550FEF] Scene state did change: FG-Active[90].
2026-09-30 23:36:03.307 Df SafariViewService[24111:c6392d] [com.apple.UIKit:EventDeferring] [0x161d92400] Removing all event deferring rules for reason: _UIEventDeferringManager: 0x161d92400: removing all deferring rules due to scene invalidation: 0x109775b80
2026-09-30 23:36:03.307 Df InputUI[87035:c33b5c] [com.apple.FrontBoard:Scene] [com.apple.InputUI.keyboard:KeyboardInputScene-26454(v270CE8)->/UISceneHosting-com.apple.mobilesafari:UIHostedScene-com.apple.SafariViewService-3E550FEF][1] Scene invalidated.
2026-09-30 23:36:03.307 Df SafariViewService[24111:c6392d] [com.apple.UIKit:EventEnvironment] Enqueuing clear events of window: <UIWindow: 0x106594400>; contextId: 0x510070FB
2026-09-30 23:36:03.307 Df SafariViewService[24111:c6392d] [com.apple.UIKit:EventEnvironment] Performing clear events of window: <UIWindow: 0x106594400>; contextId: 0x510070FB
2026-09-30 23:36:03.308 Df SafariViewService[24111:c6392d] [com.apple.UIKit:EventEnvironment] Enqueuing clear events of window: <UITextEffectsWindow: 0x106504f00>; contextId: 0x76C2379C
2026-09-30 23:36:03.308 Df InputUI[87035:c65f85] [com.apple.FrontBoard:ProcessWorkspace] [app<com.apple.SafariViewService>:24111] Workspace state did change: XX-None[0] --> FG-Active[90] (assertion acquired).
2026-09-30 23:36:03.308 Df InputUI[87035:c65f85] [com.apple.FrontBoard:ProcessScene] [0x106e49380:com.apple.InputUI.keyboard:KeyboardInputScene-26454(v270CE8)->/UISceneHosting-com.apple.mobilesafari:UIHostedScene-com.apple.SafariViewService-3E550FEF] Sending scene destroy.
2026-09-30 23:36:03.308 Df SafariViewService[24111:c6392d] [com.apple.UIKit:EventEnvironment] Performing clear events of window: <UITextEffectsWindow: 0x106504f00>; contextId: 0x76C2379C
2026-09-30 23:36:03.308 E  SafariViewService[24111:c660cb] [com.apple.FrontBoard:SceneClient] No scene exists for identity: com.apple.InputUI.keyboard:KeyboardInputScene-26454(v270CE8)->/UISceneHosting-com.apple.mobilesafari:UIHostedScene-com.apple.SafariViewService-3E550FEF
2026-09-30 23:36:03.308 Df SafariViewService[24111:c6392d] [com.apple.UIKit:EventEnvironment] sceneDidDisconnect: <_UIHostedWindowScene: 0x109775b80; role: UISceneSessionRoleSceneHosting; persistentIdentifier: UIHostedScene-com.apple.SafariViewService-3E550FEF; activationState: UISceneActivationStat
2026-09-30 23:36:03.308 Df InputUI[87035:c65f85] [com.apple.FrontBoard:ProcessScene] [0x106e49380:com.apple.InputUI.keyboard:KeyboardInputScene-26454(v270CE8)->/UISceneHosting-com.apple.mobilesafari:UIHostedScene-com.apple.SafariViewService-3E550FEF] Invalidated for connection: 0x106d929a0.
2026-09-30 23:36:03.308 Df SafariViewService[24111:c6392d] [com.apple.UIKit:EventDeferring] [0x161d95700] Initialized with scene: <_UIHostedWindowScene: 0x109775b80>; behavior: <_UIEventDeferringBehavior_iOS: 0x109fa5220>; availableForProcess: 1, systemShellManagesKeyboardFocus: 1
2026-09-30 23:36:03.308 Df InputUI[87035:c65f85] [com.apple.FrontBoard:ProcessWorkspace] [app<com.apple.SafariViewService>:24111] Workspace state did change: FG-Active[90] --> XX-None[0] (assertion dropped).
2026-09-30 23:36:03.309 Df SafariViewService[24111:c6392d] [com.apple.UIKit:BackgroundTask] Ending background task with UIBackgroundTaskIdentifier: 11
2026-09-30 23:36:03.309 Df SafariViewService[24111:c6392d] [com.apple.UIKit:BackgroundTask] Ending task with identifier 11 and description: <_UIBackgroundTaskInfo: 0x1096fe6c0>: taskID = 11, taskName = _UIRemoteKeyboard XPC disconnection, creationTime = 516956 (elapsed = 0), _expireHandler: (null)
2026-09-30 23:36:03.309 Df SafariViewService[24111:c6392d] [com.apple.UIKit:BackgroundTask] Decrementing reference count for assertion <BKSProcessAssertion: 0x1064fbbb0> (used by background task with identifier 11: <_UIBackgroundTaskInfo: 0x1096fe6c0>: taskID = 11, taskName = _UIRemoteKeyboard XPC d
2026-09-30 23:36:03.309 Df SafariViewService[24111:c6392d] [com.apple.UIKit:BackgroundTask] Will invalidate assertion: <BKSProcessAssertion: 0x1064fbbb0> for task identifier: 11
2026-09-30 23:36:03.309 Df SafariViewService[24111:c6392d] [com.apple.UIKit:KeyWindow] Scene will invalidate: _UIKeyboardInputScene: 0x109776800; scene identity: com.apple.UIKit.KeyboardManagement.hosted/com.apple.InputUI.keyboard:KeyboardInputScene-26454(v270CE8)-%3E%2FUISceneHosting-com.apple.mobi
2026-09-30 23:36:03.309 Df SafariViewService[24111:c6392d] [com.apple.UIKit:HomeAffordanceObservation] Resetting home affordance notifier: <_UIHomeAffordanceSceneNotifier: 0x1097928b0; observers.count: 0>; for invalidating scene: <_UIKeyboardInputScene: 0x109776800>
2026-09-30 23:36:03.309 Df SafariViewService[24111:c6392d] [com.apple.UIKit:EventDeferring] [0x106184400] Removing all event deferring rules for reason: _UIEventDeferringManager: 0x106184400: removing all deferring rules due to scene invalidation: 0x109776800
2026-09-30 23:36:03.309 Df SafariViewService[24111:c6392d] [com.apple.UIKit:BackgroundTask] Will add backgroundTask with taskName: com.apple.UIKit.CABackingStoreCollect, expirationHandler: (null)
2026-09-30 23:36:03.309 Df SafariViewService[24111:c6392d] [com.apple.UIKit:BackgroundTask] Creating new assertion because there is no existing background assertion.
2026-09-30 23:36:03.309 Df SafariViewService[24111:c6392d] [com.apple.UIKit:BackgroundTask] Creating new background assertion
2026-09-30 23:36:03.309 Df SafariViewService[24111:c6392d] [com.apple.UIKit:BackgroundTask] Created new background assertion <BKSProcessAssertion: 0x1064fbbb0>
2026-09-30 23:36:03.309 Df SafariViewService[24111:c6392d] [com.apple.UIKit:BackgroundTask] Incrementing reference count for background assertion <BKSProcessAssertion: 0x1064fbbb0>
2026-09-30 23:36:03.309 Df SafariViewService[24111:c6392d] [com.apple.UIKit:BackgroundTask] Created background task <_UIBackgroundTaskInfo: 0x1096fe5c0>: taskID = 16, taskName = com.apple.UIKit.CABackingStoreCollect, creationTime = 516956 (elapsed = 0).
2026-09-30 23:36:03.309 Df SafariViewService[24111:c6392d] [com.apple.UIKit:BackgroundTask] Ending background task with UIBackgroundTaskIdentifier: 16
2026-09-30 23:36:03.309 Df SafariViewService[24111:c6392d] [com.apple.UIKit:BackgroundTask] Ending task with identifier 16 and description: <_UIBackgroundTaskInfo: 0x1096fe5c0>: taskID = 16, taskName = com.apple.UIKit.CABackingStoreCollect, creationTime = 516956 (elapsed = 0), _expireHandler: (null)
2026-09-30 23:36:03.309 Df SafariViewService[24111:c6392d] [com.apple.UIKit:BackgroundTask] Decrementing reference count for assertion <BKSProcessAssertion: 0x1064fbbb0> (used by background task with identifier 16: <_UIBackgroundTaskInfo: 0x1096fe5c0>: taskID = 16, taskName = com.apple.UIKit.CABacki
2026-09-30 23:36:03.309 Df SafariViewService[24111:c6392d] [com.apple.UIKit:BackgroundTask] Will invalidate assertion: <BKSProcessAssertion: 0x1064fbbb0> for task identifier: 16
2026-09-30 23:36:03.310 Df SafariViewService[24111:c6392d] [com.apple.UIKit:EventEnvironment] sceneDidDisconnect: <_UIKeyboardInputScene: 0x109776800; role: _UISceneSessionRoleKeyboardInputScene; persistentIdentifier: KeyboardInputScene-26454(v270CE8)->/UISceneHosting-com.apple.mobilesafari:UIHosted
2026-09-30 23:36:03.310 Df SafariViewService[24111:c6392d] [com.apple.UIKit:UIScreen] Disconnecting screen: <UIScreen: 0x106488dc0>
2026-09-30 23:36:03.310 Df SafariViewService[24111:c6392d] [com.apple.UIKit:KeyboardScene] Requesting keyboard scene for UISceneHosting-com.apple.mobilesafari:UIHostedScene-com.apple.SafariViewService-3E550FEF
2026-09-30 23:36:03.310 Df MobileSafari[26454:c65d8b] [com.apple.FrontBoard:Scene] [UISceneHosting-com.apple.mobilesafari:UIHostedScene-com.apple.SafariViewService-3E550FEF][1] Scene invalidated.
2026-09-30 23:36:03.310 Df InputUI[87035:c33b5c] [com.apple.FrontBoard:Process] Asked to bootstrap a new process for handle: [app<com.apple.SafariViewService((null))>:24111]
2026-09-30 23:36:03.310 Df InputUI[87035:c33b5c] [com.apple.FrontBoard:Process] A process already exists for this handle: <FBApplicationProcess: 0x10728ca80; app<com.apple.SafariViewService>:24111(v26FC93)>
2026-09-30 23:36:03.310 Df MobileSafari[26454:c65d8b] [com.apple.FrontBoard:ProcessScene] [0x1740040c0:UISceneHosting-com.apple.mobilesafari:UIHostedScene-com.apple.SafariViewService-3E550FEF] Invalidated for connection: 0x166aa8630.
2026-09-30 23:36:03.310 Df InputUI[87035:c33b5c] [com.apple.FrontBoard:ProcessScene] [0x106e4b780:com.apple.InputUI.keyboard:KeyboardInputScene-26454(v270CE8)->/UISceneHosting-com.apple.mobilesafari:UIHostedScene-com.apple.SafariViewService-3E550FEF] Initialized with connection: 0x106d929a0.
2026-09-30 23:36:03.310 Df InputUI[87035:c33b5c] [com.apple.FrontBoard:ProcessWorkspace] [app<com.apple.SafariViewService>:24111] Registered new scene: <FBWorkspaceScene: 0x106e4b780; com.apple.InputUI.keyboard:KeyboardInputScene-26454(v270CE8)->/UISceneHosting-com.apple.mobilesafari:UIHostedScene-c
2026-09-30 23:36:03.311 Df InputUI[87035:c33b5c] [com.apple.FrontBoard:Scene] [com.apple.InputUI.keyboard:KeyboardInputScene-26454(v270CE8)->/UISceneHosting-com.apple.mobilesafari:UIHostedScene-com.apple.SafariViewService-3E550FEF][1] Scene activated.
2026-09-30 23:36:03.311 Df MobileSafari[26454:c65d8b] [com.apple.FrontBoard:ProcessWorkspace] [app<com.apple.SafariViewService>:24111] Workspace state did change: FG-Active[90] --> XX-None[0] (assertion dropped).
2026-09-30 23:36:03.311 Df InputUI[87035:c33b5c] [com.apple.FrontBoard:Scene] [com.apple.InputUI.keyboard:KeyboardInputScene-26454(v270CE8)->/UISceneHosting-com.apple.mobilesafari:UIHostedScene-com.apple.SafariViewService-3E550FEF] Client process connected: [app<com.apple.SafariViewService((null))>:
2026-09-30 23:36:03.311 Df InputUI[87035:c65f85] [com.apple.FrontBoard:ProcessScene] [0x106e4b780:com.apple.InputUI.keyboard:KeyboardInputScene-26454(v270CE8)->/UISceneHosting-com.apple.mobilesafari:UIHostedScene-com.apple.SafariViewService-3E550FEF] Scene lifecycle state did change: Background
2026-09-30 23:36:03.311 Df InputUI[87035:c33b5c] [com.apple.UIKit:KeyboardScene] Created keyboard scene com.apple.UIKit.KeyboardManagement.hosted/com.apple.InputUI.keyboard:KeyboardInputScene-26454(v270CE8)-%3E%2FUISceneHosting-com.apple.mobilesafari%3AUIHostedScene-com.apple.SafariViewService-3E550
2026-09-30 23:36:03.311 Df InputUI[87035:c65f85] [com.apple.FrontBoard:ProcessScene] [0x106e4b780:com.apple.InputUI.keyboard:KeyboardInputScene-26454(v270CE8)->/UISceneHosting-com.apple.mobilesafari:UIHostedScene-com.apple.SafariViewService-3E550FEF] Scene state did change: BG-Active[40].
2026-09-30 23:36:03.311 Df InputUI[87035:c65f85] [com.apple.FrontBoard:ProcessWorkspace] [app<com.apple.SafariViewService>:24111] Workspace state did change: XX-None[0] --> BG-Active[40] (assertion acquired).
2026-09-30 23:36:03.311 Df InputUI[87035:c65f85] [com.apple.FrontBoard:ProcessScene] [0x106e4b780:com.apple.InputUI.keyboard:KeyboardInputScene-26454(v270CE8)->/UISceneHosting-com.apple.mobilesafari:UIHostedScene-com.apple.SafariViewService-3E550FEF] Sending scene action [Create Inactive][0x478] to 
2026-09-30 23:36:03.311 Df InputUI[87035:c65f85] [com.apple.FrontBoard:ProcessScene] [0x106e4b780:com.apple.InputUI.keyboard:KeyboardInputScene-26454(v270CE8)->/UISceneHosting-com.apple.mobilesafari:UIHostedScene-com.apple.SafariViewService-3E550FEF] Sending scene create.
2026-09-30 23:36:03.312 Df SafariViewService[24111:c6392d] [com.apple.app_launch_measurement:ApplicationLaunch] alm_acquire_pageins_recording_assertion: acquired pageins recording assertion!
2026-09-30 23:36:03.312 Df SafariViewService[24111:c6392d] [com.apple.UIKit:UIScreen] Evaluated capturing state as 0 on <UIScreen: 0x10648a080> for initial
2026-09-30 23:36:03.312 Df SafariViewService[24111:c6392d] [com.apple.UIKit:UIScreen] Evaluated capturing state as 0 on <UIScreen: 0x10648a080> for CADisplay KVO
2026-09-30 23:36:03.313 Df SafariViewService[24111:c6392d] [com.apple.UIKit:InterfaceStyle] Not push traits update to screen for new style 0, <_UIKeyboardInputScene: 0x13fdb5400> (KeyboardInputScene-26454(v270CE8)->/UISceneHosting-com.apple.mobilesafari:UIHostedScene-com.apple.SafariViewService-3E55
2026-09-30 23:36:03.313 Df SafariViewService[24111:c6392d] [com.apple.UIKit:InterfaceStyle] Should send trait collection or coordinate space update, interface style 1 -> 1, <_UIKeyboardInputScene: 0x13fdb5400> (KeyboardInputScene-26454(v270CE8)->/UISceneHosting-com.apple.mobilesafari:UIHostedScene-c
2026-09-30 23:36:03.313 Df SafariViewService[24111:c6392d] [com.apple.UIKit:InterfaceStyle] Not push traits update to screen for new style 0, <_UIKeyboardInputScene: 0x13fdb5400> (KeyboardInputScene-26454(v270CE8)->/UISceneHosting-com.apple.mobilesafari:UIHostedScene-com.apple.SafariViewService-3E55
2026-09-30 23:36:03.313 Df SafariViewService[24111:c6392d] [com.apple.UIKit:HomeAffordanceObservation] Initializing: <_UIHomeAffordanceSceneNotifier: 0x109791490>; with scene: <_UIKeyboardInputScene: 0x13fdb5400>
2026-09-30 23:36:03.313 Df SafariViewService[24111:c6392d] [com.apple.BacklightServices:scenes] 0x10677b870 setDelegate:<0x10677abe0 _UIBacklightEnvironment> hasDelegate:YES for environment:KeyboardInputScene-26454(v270CE8)->/UISceneHosting-com.apple.mobilesafari:UIHostedScene-com.apple.SafariViewSe
2026-09-30 23:36:03.313 Df SafariViewService[24111:c6392d] [com.apple.UIKit:InterfaceStyle] Not push traits update to screen for new style 0, <_UIKeyboardInputScene: 0x13fdb5400> (KeyboardInputScene-26454(v270CE8)->/UISceneHosting-com.apple.mobilesafari:UIHostedScene-com.apple.SafariViewService-3E55
2026-09-30 23:36:03.313 Df SafariViewService[24111:c6392d] [com.apple.UIKit:EventDeferring] [0x161d95000] Initialized with scene: <_UIKeyboardInputScene: 0x13fdb5400>; behavior: <_UIEventDeferringBehavior_iOS: 0x109fa6160>; availableForProcess: 1, systemShellManagesKeyboardFocus: 1
2026-09-30 23:36:03.313 Df SafariViewService[24111:c6392d] [com.apple.UIKit:InterfaceStyle] Not push traits update to screen for new style 0, <_UIKeyboardInputScene: 0x13fdb5400> (KeyboardInputScene-26454(v270CE8)->/UISceneHosting-com.apple.mobilesafari:UIHostedScene-com.apple.SafariViewService-3E55
2026-09-30 23:36:03.313 Df SafariViewService[24111:c6392d] [com.apple.BackBoard:EventDelivery] policy observer <BKSHIDEventDeliveryPolicyObserver: 0x109791c00; process scope; policy: UNKNOWN> added
2026-09-30 23:36:03.313 Df SafariViewService[24111:c6392d] [com.apple.BackBoard:EventDelivery] [BKSHIDEventObserver] set observing:YES
2026-09-30 23:36:03.313 Df SafariViewService[24111:c6392d] [com.apple.BackBoard:EventDelivery] policyStatus:<BKSHIDEventDeliveryPolicyObserver: 0x109791c00; process scope; <none; generation: 0>> was:(null)
2026-09-30 23:36:03.313 Df SafariViewService[24111:c660c9] [com.apple.BackBoard:EventDelivery] will update observations for 0 observers
2026-09-30 23:36:03.313 Df SafariViewService[24111:c6392d] [com.apple.BackBoard:EventDelivery] [BKSHIDEventObserver] 0x109791c00 _UIKeyWindowSceneObserver-0x106779650 setToken:com.apple.UIKit.KeyboardManagement.hosted/com.apple.InputUI.keyboard:KeyboardInputScene-26454(v270CE8)-%3E%2FUISceneHosting-
2026-09-30 23:36:03.313 Df SafariViewService[24111:c6392d] [com.apple.UIKit:InterfaceStyle] Not push traits update to screen for new style 0, <_UIKeyboardInputScene: 0x13fdb5400> (KeyboardInputScene-26454(v270CE8)->/UISceneHosting-com.apple.mobilesafari:UIHostedScene-com.apple.SafariViewService-3E55
2026-09-30 23:36:03.313 Df SafariViewService[24111:c6392d] [com.apple.UIKit:InterfaceStyle] Not push traits update to screen for new style 0, <_UIKeyboardInputScene: 0x13fdb5400> (KeyboardInputScene-26454(v270CE8)->/UISceneHosting-com.apple.mobilesafari:UIHostedScene-com.apple.SafariViewService-3E55
2026-09-30 23:36:03.313 Df SafariViewService[24111:c6392d] [com.apple.UIKit:InterfaceStyle] Not push traits update to screen for new style 0, <_UIKeyboardInputScene: 0x13fdb5400> (KeyboardInputScene-26454(v270CE8)->/UISceneHosting-com.apple.mobilesafari:UIHostedScene-com.apple.SafariViewService-3E55
2026-09-30 23:36:03.313 Df SafariViewService[24111:c6392d] [com.apple.UIKit:InterfaceStyle] Not push traits update to screen for new style 0, <_UIKeyboardInputScene: 0x13fdb5400> (KeyboardInputScene-26454(v270CE8)->/UISceneHosting-com.apple.mobilesafari:UIHostedScene-com.apple.SafariViewService-3E55
2026-09-30 23:36:03.313 Df SafariViewService[24111:c6392d] [com.apple.UIKit:InterfaceStyle] Not push traits update to screen for new style 0, <_UIKeyboardInputScene: 0x13fdb5400> (KeyboardInputScene-26454(v270CE8)->/UISceneHosting-com.apple.mobilesafari:UIHostedScene-com.apple.SafariViewService-3E55
2026-09-30 23:36:03.313 Df SafariViewService[24111:c6392d] [com.apple.UIKit:InterfaceStyle] Not push traits update to screen for new style 0, <_UIKeyboardInputScene: 0x13fdb5400> (KeyboardInputScene-26454(v270CE8)->/UISceneHosting-com.apple.mobilesafari:UIHostedScene-com.apple.SafariViewService-3E55
2026-09-30 23:36:03.313 Df SafariViewService[24111:c6392d] [com.apple.UIKit:InterfaceStyle] Not push traits update to screen for new style 0, <_UIKeyboardInputScene: 0x13fdb5400> (KeyboardInputScene-26454(v270CE8)->/UISceneHosting-com.apple.mobilesafari:UIHostedScene-com.apple.SafariViewService-3E55
2026-09-30 23:36:03.314 Df SafariViewService[24111:c6392d] [com.apple.UIKit:InterfaceStyle] Not push traits update to screen for new style 0, <_UIKeyboardInputScene: 0x13fdb5400> (KeyboardInputScene-26454(v270CE8)->/UISceneHosting-com.apple.mobilesafari:UIHostedScene-com.apple.SafariViewService-3E55
2026-09-30 23:36:03.314 Df SafariViewService[24111:c6392d] [com.apple.UIKit:InterfaceStyle] Not push traits update to screen for new style 0, <_UIKeyboardInputScene: 0x13fdb5400> (KeyboardInputScene-26454(v270CE8)->/UISceneHosting-com.apple.mobilesafari:UIHostedScene-com.apple.SafariViewService-3E55
2026-09-30 23:36:03.314 Df SafariViewService[24111:c6392d] [com.apple.UIKit:KeyboardScene] Rejecting keyboard scene com.apple.UIKit.KeyboardManagement.hosted/com.apple.InputUI.keyboard:KeyboardInputScene-26454(v270CE8)-%3E%2FUISceneHosting-com.apple.mobilesafari%3AUIHostedScene-com.apple.SafariViewS
2026-09-30 23:36:03.314 Df InputUI[87035:c65f85] [com.apple.FrontBoard:Scene] [com.apple.InputUI.keyboard:KeyboardInputScene-26454(v270CE8)->/UISceneHosting-com.apple.mobilesafari:UIHostedScene-com.apple.SafariViewService-3E550FEF] Explicit client invalidation.
2026-09-30 23:36:03.314 Df InputUI[87035:c33b5c] [com.apple.FrontBoard:Scene] Deactivating scene: com.apple.InputUI.keyboard:KeyboardInputScene-26454(v270CE8)->/UISceneHosting-com.apple.mobilesafari:UIHostedScene-com.apple.SafariViewService-3E550FEF
2026-09-30 23:36:03.314 Df InputUI[87035:c33b5c] [com.apple.FrontBoard:Scene] [com.apple.InputUI.keyboard:KeyboardInputScene-26454(v270CE8)->/UISceneHosting-com.apple.mobilesafari:UIHostedScene-com.apple.SafariViewService-3E550FEF][1] Scene deactivated.
2026-09-30 23:36:03.314 Df InputUI[87035:c33b5c] [com.apple.FrontBoard:ProcessWorkspace] [app<com.apple.SafariViewService>:24111] Unregistering scene: <FBWorkspaceScene: 0x106e4b780; com.apple.InputUI.keyboard:KeyboardInputScene-26454(v270CE8)->/UISceneHosting-com.apple.mobilesafari:UIHostedScene-co
2026-09-30 23:36:03.314 Df InputUI[87035:c33b5c] [com.apple.FrontBoard:Scene] Invalidating scene: com.apple.InputUI.keyboard:KeyboardInputScene-26454(v270CE8)->/UISceneHosting-com.apple.mobilesafari:UIHostedScene-com.apple.SafariViewService-3E550FEF
2026-09-30 23:36:03.314 Df InputUI[87035:c65f85] [com.apple.FrontBoard:ProcessScene] [0x106e4b780:com.apple.InputUI.keyboard:KeyboardInputScene-26454(v270CE8)->/UISceneHosting-com.apple.mobilesafari:UIHostedScene-com.apple.SafariViewService-3E550FEF] Scene state did change: FG-Active[90].
2026-09-30 23:36:03.314 Df InputUI[87035:c33b5c] [com.apple.FrontBoard:Scene] [com.apple.InputUI.keyboard:KeyboardInputScene-26454(v270CE8)->/UISceneHosting-com.apple.mobilesafari:UIHostedScene-com.apple.SafariViewService-3E550FEF][1] Scene invalidated.
2026-09-30 23:36:03.314 Df SafariViewService[24111:c6392d] [com.apple.UIKit:InterfaceStyle] Not push traits update to screen for new style 0, <_UIKeyboardInputScene: 0x13fdb5400> (KeyboardInputScene-26454(v270CE8)->/UISceneHosting-com.apple.mobilesafari:UIHostedScene-com.apple.SafariViewService-3E55
2026-09-30 23:36:03.314 Df SafariViewService[24111:c6392d] [com.apple.UIKit:AppLifecycle] sceneOfRecord: sceneID: sceneID:com.apple.SafariViewService-default  persistentID: 8FFF8B5E-1B6E-438A-986E-FE96F9AD3802
2026-09-30 23:36:03.314 Df SafariViewService[24111:c6392d] [com.apple.UIKit:InterfaceStyle] Not push traits update to screen for new style 0, <_UIKeyboardInputScene: 0x13fdb5400> (KeyboardInputScene-26454(v270CE8)->/UISceneHosting-com.apple.mobilesafari:UIHostedScene-com.apple.SafariViewService-3E55
2026-09-30 23:36:03.314 Df SafariViewService[24111:c6392d] [com.apple.UIKit:KeyboardScene] Notifying observers of geometry update -> app scene 1: {{0, 0}, {402, 874}}, keyboard scene: 0: {{0, 0}, {0, 0}}
2026-09-30 23:36:03.314 Df SafariViewService[24111:c6392d] [com.apple.UIKit:InterfaceStyle] Not push traits update to screen for new style 0, <_UIKeyboardInputScene: 0x13fdb5400> (KeyboardInputScene-26454(v270CE8)->/UISceneHosting-com.apple.mobilesafari:UIHostedScene-com.apple.SafariViewService-3E55
2026-09-30 23:36:03.314 Df SafariViewService[24111:c6392d] [com.apple.UIKit:ScenePostSettingsUpdateResponse] <_UIScenePostSettingsUpdateResponseComponent: 0x105ca4e40>: Scheduling <_UIScenePostSettingsUpdateWindowLayout: 0x106409140>
2026-09-30 23:36:03.314 Df SafariViewService[24111:c6392d] [com.apple.UIKit:InterfaceStyle] Not push traits update to screen for new style 0, <_UIKeyboardInputScene: 0x13fdb5400> (KeyboardInputScene-26454(v270CE8)->/UISceneHosting-com.apple.mobilesafari:UIHostedScene-com.apple.SafariViewService-3E55
2026-09-30 23:36:03.314 Df SafariViewService[24111:c6392d] [com.apple.UIKit:InterfaceStyle] Not push traits update to screen for new style 0, <_UIKeyboardInputScene: 0x13fdb5400> (KeyboardInputScene-26454(v270CE8)->/UISceneHosting-com.apple.mobilesafari:UIHostedScene-com.apple.SafariViewService-3E55
2026-09-30 23:36:03.314 Df InputUI[87035:c65f85] [com.apple.FrontBoard:ProcessWorkspace] [app<com.apple.SafariViewService>:24111] Workspace state did change: BG-Active[40] --> FG-Active[90] (assertion acquired).
2026-09-30 23:36:03.314 Df InputUI[87035:c65f85] [com.apple.FrontBoard:ProcessScene] [0x106e4b780:com.apple.InputUI.keyboard:KeyboardInputScene-26454(v270CE8)->/UISceneHosting-com.apple.mobilesafari:UIHostedScene-com.apple.SafariViewService-3E550FEF] Sending scene destroy.
2026-09-30 23:36:03.314 Df SafariViewService[24111:c6392d] [com.apple.UIKit:KeyWindow] Scene will invalidate: _UIKeyboardInputScene: 0x13fdb5400; scene identity: com.apple.UIKit.KeyboardManagement.hosted/com.apple.InputUI.keyboard:KeyboardInputScene-26454(v270CE8)-%3E%2FUISceneHosting-com.apple.mobi
2026-09-30 23:36:03.314 Df SafariViewService[24111:c6392d] [com.apple.UIKit:HomeAffordanceObservation] Resetting home affordance notifier: <_UIHomeAffordanceSceneNotifier: 0x109791490; observers.count: 0>; for invalidating scene: <_UIKeyboardInputScene: 0x13fdb5400>
2026-09-30 23:36:03.314 E  SafariViewService[24111:c660c9] [com.apple.FrontBoard:SceneClient] No scene exists for identity: com.apple.InputUI.keyboard:KeyboardInputScene-26454(v270CE8)->/UISceneHosting-com.apple.mobilesafari:UIHostedScene-com.apple.SafariViewService-3E550FEF
2026-09-30 23:36:03.314 Df InputUI[87035:c65f85] [com.apple.FrontBoard:ProcessScene] [0x106e4b780:com.apple.InputUI.keyboard:KeyboardInputScene-26454(v270CE8)->/UISceneHosting-com.apple.mobilesafari:UIHostedScene-com.apple.SafariViewService-3E550FEF] Scene action [Create Inactive][0x478] completed w
2026-09-30 23:36:03.314 Df SafariViewService[24111:c6392d] [com.apple.UIKit:EventDeferring] [0x161d95000] Removing all event deferring rules for reason: _UIEventDeferringManager: 0x161d95000: removing all deferring rules due to scene invalidation: 0x13fdb5400
2026-09-30 23:36:03.314 Df InputUI[87035:c65f85] [com.apple.FrontBoard:ProcessScene] [0x106e4b780:com.apple.InputUI.keyboard:KeyboardInputScene-26454(v270CE8)->/UISceneHosting-com.apple.mobilesafari:UIHostedScene-com.apple.SafariViewService-3E550FEF] Invalidated for connection: 0x106d929a0.
2026-09-30 23:36:03.314 Df InputUI[87035:c65f85] [com.apple.FrontBoard:ProcessWorkspace] [app<com.apple.SafariViewService>:24111] Workspace state did change: FG-Active[90] --> XX-None[0] (assertion dropped).
2026-09-30 23:36:03.314 Df SafariViewService[24111:c6392d] [com.apple.UIKit:BackgroundTask] Will add backgroundTask with taskName: com.apple.UIKit.CABackingStoreCollect, expirationHandler: (null)
2026-09-30 23:36:03.314 Df SafariViewService[24111:c6392d] [com.apple.UIKit:BackgroundTask] Creating new assertion because there is no existing background assertion.
2026-09-30 23:36:03.315 Df SafariViewService[24111:c6392d] [com.apple.UIKit:BackgroundTask] Creating new background assertion
2026-09-30 23:36:03.315 Df SafariViewService[24111:c6392d] [com.apple.UIKit:BackgroundTask] Created new background assertion <BKSProcessAssertion: 0x161cbd680>
2026-09-30 23:36:03.315 Df SafariViewService[24111:c6392d] [com.apple.UIKit:BackgroundTask] Incrementing reference count for background assertion <BKSProcessAssertion: 0x161cbd680>
2026-09-30 23:36:03.315 Df SafariViewService[24111:c6392d] [com.apple.UIKit:BackgroundTask] Created background task <_UIBackgroundTaskInfo: 0x1096fe980>: taskID = 17, taskName = com.apple.UIKit.CABackingStoreCollect, creationTime = 516956 (elapsed = 0).
2026-09-30 23:36:03.315 Df SafariViewService[24111:c6392d] [com.apple.UIKit:BackgroundTask] Ending background task with UIBackgroundTaskIdentifier: 17
2026-09-30 23:36:03.315 Df SafariViewService[24111:c6392d] [com.apple.UIKit:BackgroundTask] Ending task with identifier 17 and description: <_UIBackgroundTaskInfo: 0x1096fe980>: taskID = 17, taskName = com.apple.UIKit.CABackingStoreCollect, creationTime = 516956 (elapsed = 0), _expireHandler: (null)
2026-09-30 23:36:03.315 Df SafariViewService[24111:c6392d] [com.apple.UIKit:BackgroundTask] Decrementing reference count for assertion <BKSProcessAssertion: 0x161cbd680> (used by background task with identifier 17: <_UIBackgroundTaskInfo: 0x1096fe980>: taskID = 17, taskName = com.apple.UIKit.CABacki
2026-09-30 23:36:03.315 Df SafariViewService[24111:c6392d] [com.apple.UIKit:BackgroundTask] Will invalidate assertion: <BKSProcessAssertion: 0x161cbd680> for task identifier: 17
2026-09-30 23:36:03.315 Df SafariViewService[24111:c6392d] [com.apple.UIKit:EventEnvironment] sceneDidDisconnect: <_UIKeyboardInputScene: 0x13fdb5400; role: _UISceneSessionRoleKeyboardInputScene; persistentIdentifier: KeyboardInputScene-26454(v270CE8)->/UISceneHosting-com.apple.mobilesafari:UIHosted
2026-09-30 23:36:03.315 Df SafariViewService[24111:c6392d] [com.apple.UIKit:UIScreen] Disconnecting screen: <UIScreen: 0x10648a080>
2026-09-30 23:36:03.316 E  SafariViewService[24111:c6392d] [com.apple.FrontBoard:Common] <FBSWorkspaceScenesClient:0x109ed4820 com.apple.UIKit.KeyboardManagement.hosted> scene request failed to return scene with error response : <NSError: 0x10677ba50; domain: FBSWorkspaceErrorDomain; code: 1 ("Inval
2026-09-30 23:36:03.316 Df SafariViewService[24111:c6392d] [com.apple.UIKit:KeyboardScene] invalidated keyboard scene UISceneHosting-com.apple.mobilesafari:UIHostedScene-com.apple.SafariViewService-3E550FEF: paired scene has invalidated
2026-09-30 23:36:03.400 A  InputUI[87035:c65f85] (RunningBoardServices) observedProcessStatesDidChange
2026-09-30 23:36:03.400 A  MobileSafari[26454:c65d8b] (RunningBoardServices) observedProcessStatesDidChange
2026-09-30 23:36:03.400 Df InputUI[87035:c65f85] [com.apple.runningboard:monitor] Received state update for 24111 (app<com.apple.SafariViewService((null))>, running-active-Visible
2026-09-30 23:36:03.400 Df MobileSafari[26454:c65d8b] [com.apple.runningboard:monitor] Received state update for 24111 (app<com.apple.SafariViewService((null))>, running-active-NotVisible
2026-09-30 23:36:03.401 A  InputUI[87035:c65869] (RunningBoardServices) observedProcessStatesDidChange
2026-09-30 23:36:03.401 A  MobileSafari[26454:c65d8c] (RunningBoardServices) observedProcessStatesDidChange
2026-09-30 23:36:03.401 Df InputUI[87035:c65869] [com.apple.runningboard:monitor] Received state update for 24111 (app<com.apple.SafariViewService((null))>, running-active-NotVisible
2026-09-30 23:36:03.401 Df MobileSafari[26454:c65d8c] [com.apple.runningboard:monitor] Received state update for 24111 (app<com.apple.SafariViewService((null))>, running-active-NotVisible
2026-09-30 23:36:03.401 A  SafariViewService[24111:c660c9] (RunningBoardServices) didChangeInheritances
2026-09-30 23:36:03.536 Df MobileSafari[26454:c65d8b] [com.apple.FrontBoard:ProcessWorkspace] [app<com.apple.SafariViewService>:24111] Dropping launch assertion.
2026-09-30 23:36:03.644 A  InputUI[87035:c65f85] (RunningBoardServices) observedProcessStatesDidChange
2026-09-30 23:36:03.645 A  MobileSafari[26454:c65d8b] (RunningBoardServices) observedProcessStatesDidChange
2026-09-30 23:36:03.645 Df InputUI[87035:c65f85] [com.apple.runningboard:monitor] Received state update for 24111 (app<com.apple.SafariViewService((null))>, running-suspended-NotVisible
2026-09-30 23:36:03.645 Df MobileSafari[26454:c65d8b] [com.apple.runningboard:monitor] Received state update for 24111 (app<com.apple.SafariViewService((null))>, running-suspended-NotVisible
2026-09-30 23:36:03.645 Df InputUI[87035:c65869] [com.apple.FrontBoard:Process] [app<com.apple.SafariViewService>:24111] Setting process task state to: Suspended
2026-09-30 23:36:03.645 Df MobileSafari[26454:c65d8c] [com.apple.FrontBoard:Process] [app<com.apple.SafariViewService>:24111] Setting process task state to: Suspended
2026-09-30 23:36:03.737 Df MobileSafari[26454:c659fe] [com.apple.coreanimation:API] <CATransformLayer: 0x173a8cf00> - changing property presentationModifiers in transform-only layer, will have no effect
2026-09-30 23:36:03.738 Df MobileSafari[26454:c659fe] [com.apple.coreanimation:API] <CATransformLayer: 0x173a8ff90> - changing property presentationModifiers in transform-only layer, will have no effect
2026-09-30 23:36:03.874 Df MobileSafari[26454:c659fe] [com.apple.LinkPresentation:Fetching] LPMetadataProvider<4>: acquiring process assertion
2026-09-30 23:36:03.874 Df MobileSafari[26454:c659fe] [com.apple.LinkPresentation:Fetching] LPMetadataProvider<4>: start fetching for WKWebView
2026-09-30 23:36:03.874 Df MobileSafari[26454:c659fe] [com.apple.LinkPresentation:Fetching] LPMetadataProvider<4>: Performing metadata extraction
2026-09-30 23:36:03.874 Df MobileSafari[26454:c659fe] [com.apple.WebKit:ProcessSuspension] 0x1141340c0 - [PID=26567, throttler=0x114124150] ProcessThrottler::Activity::Activity: Starting foreground activity / 'WebPageProxy::runJavaScriptInFrameInScriptWorld'
2026-09-30 23:36:03.874 Df MobileSafari[26454:c65b87] [com.apple.WebKit:Process] WebContent[26567] 0x105698008 - [webPageID=39] WebPage::runJavaScriptInFrameInScriptWorld: frameID=0
2026-09-30 23:36:03.875 Df MobileSafari[26454:c65b87] [com.apple.WebKit:Process] WebContent[26567] 0x105698008 - [webPageID=39] WebPage::runJavaScriptInFrameInScriptWorld: Request to run JavaScript succeeded
2026-09-30 23:36:03.876 Df MobileSafari[26454:c659fe] [com.apple.LinkPresentation:Fetching] LPMetadataProvider<4>: fetched metadata
2026-09-30 23:36:03.876 Df MobileSafari[26454:c659fe] [com.apple.LinkPresentation:Fetching] LPMetadataProvider<4>: skipping subresource fetch
2026-09-30 23:36:03.876 Df MobileSafari[26454:c659fe] [com.apple.LinkPresentation:Fetching] LPMetadataProvider<4>: starting postprocessing (has metadata=1, has error=0)
2026-09-30 23:36:03.876 Df MobileSafari[26454:c659fe] [com.apple.WebKit:ProcessSuspension] 0x1141340c0 - [PID=26567, throttler=0x114124150] ProcessThrottler::Activity::invalidate: Ending foreground activity / 'WebPageProxy::runJavaScriptInFrameInScriptWorld'
2026-09-30 23:36:03.876 Df MobileSafari[26454:c659fe] [com.apple.LinkPresentation:Fetching] LPMetadataProvider<4>: not filtering duplicate images as configuration does not support using Vision.framework
2026-09-30 23:36:03.877 Df MobileSafari[26454:c65d8b] [com.apple.LinkPresentation:Fetching] LPMetadataProvider<4>: completed (has metadata=1, has error=0)
2026-09-30 23:36:03.877 Df MobileSafari[26454:c659fe] [com.apple.LinkPresentation:Fetching] LPMetadataProvider<4>: invalidating process assertion
2026-09-30 23:36:03.877 Df MobileSafari[26454:c659fe] [com.apple.mobilesafari:PageClustering] Committing text sampled from page [51D90385-4DF4-476C-A380-18E41DEA0202]
2026-09-30 23:36:03.878 Df MobileSafari[26454:c659fe] [com.apple.mobilesafari:SuddenTerminationDisabler] Beginning new task assertion with reason: com.apple.WebBookmarks.WBTabCollection
2026-09-30 23:36:03.878 Df MobileSafari[26454:c659fe] [com.apple.UIKit:BackgroundTask] Will add backgroundTask with taskName: com.apple.SafariShared.SuddenTerminationDisabler, expirationHandler: <__NSGlobalBlock__: 0x226011780>
2026-09-30 23:36:03.878 Df MobileSafari[26454:c659fe] [com.apple.UIKit:BackgroundTask] Creating new assertion because there is no existing background assertion.
2026-09-30 23:36:03.878 Df MobileSafari[26454:c659fe] [com.apple.UIKit:BackgroundTask] Creating new background assertion
2026-09-30 23:36:03.878 Df MobileSafari[26454:c659fe] [com.apple.UIKit:BackgroundTask] Created new background assertion <BKSProcessAssertion: 0x16e4aa2b0>
2026-09-30 23:36:03.879 Df MobileSafari[26454:c659fe] [com.apple.UIKit:BackgroundTask] Incrementing reference count for background assertion <BKSProcessAssertion: 0x16e4aa2b0>
2026-09-30 23:36:03.879 Df MobileSafari[26454:c659fe] [com.apple.UIKit:BackgroundTask] Created background task <_UIBackgroundTaskInfo: 0x16e5cffc0>: taskID = 29, taskName = com.apple.SafariShared.SuddenTerminationDisabler, creationTime = 516956 (elapsed = 0).
2026-09-30 23:36:03.879 Df MobileSafari[26454:c659fe] [com.apple.mobilesafari:SuddenTerminationDisabler] Did begin task assertion with reason com.apple.WebBookmarks.WBTabCollection
2026-09-30 23:36:03.879 Df MobileSafari[26454:c659fe] [com.apple.mobilesafari:SuddenTerminationDisabler] Beginning new task assertion with reason: com.apple.WebBookmarks.WBTabCollection
2026-09-30 23:36:03.879 Df MobileSafari[26454:c659fe] [com.apple.UIKit:BackgroundTask] Will add backgroundTask with taskName: com.apple.SafariShared.SuddenTerminationDisabler, expirationHandler: <__NSGlobalBlock__: 0x226011780>
2026-09-30 23:36:03.879 Df MobileSafari[26454:c659fe] [com.apple.UIKit:BackgroundTask] Reusing background assertion <BKSProcessAssertion: 0x16e4aa2b0>
2026-09-30 23:36:03.879 Df MobileSafari[26454:c659fe] [com.apple.UIKit:BackgroundTask] Incrementing reference count for background assertion <BKSProcessAssertion: 0x16e4aa2b0>
2026-09-30 23:36:03.879 Df MobileSafari[26454:c659fe] [com.apple.UIKit:BackgroundTask] Created background task <_UIBackgroundTaskInfo: 0x16e5ce800>: taskID = 30, taskName = com.apple.SafariShared.SuddenTerminationDisabler, creationTime = 516956 (elapsed = 0).
2026-09-30 23:36:03.879 Df MobileSafari[26454:c659fe] [com.apple.mobilesafari:SuddenTerminationDisabler] Did begin task assertion with reason com.apple.WebBookmarks.WBTabCollection
2026-09-30 23:36:03.879 Df MobileSafari[26454:c659fe] [com.apple.mobilesafari:SuddenTerminationDisabler] Interrupting previous coalesced task assertion to be replaced with existing reasons: {(
    "com.apple.WebBookmarks.WBTabCollection"
)}
2026-09-30 23:36:03.879 Df MobileSafari[26454:c659fe] [com.apple.UIKit:BackgroundTask] Ending background task with UIBackgroundTaskIdentifier: 29
2026-09-30 23:36:03.879 Df MobileSafari[26454:c659fe] [com.apple.UIKit:BackgroundTask] Ending task with identifier 29 and description: <_UIBackgroundTaskInfo: 0x16e5cffc0>: taskID = 29, taskName = com.apple.SafariShared.SuddenTerminationDisabler, creationTime = 516956 (elapsed = 0), _expireHandler: 
2026-09-30 23:36:03.879 Df MobileSafari[26454:c659fe] [com.apple.UIKit:BackgroundTask] Decrementing reference count for assertion <BKSProcessAssertion: 0x16e4aa2b0> (used by background task with identifier 29: <_UIBackgroundTaskInfo: 0x16e5cffc0>: taskID = 29, taskName = com.apple.SafariShared.Sudde
2026-09-30 23:36:03.879 Df MobileSafari[26454:c659fe] [com.apple.mobilesafari:TabGroup] Updating tab group with uuid 33FD846F-DAA7-43DC-B7B9-8694382E86FB
2026-09-30 23:36:03.880 Df MobileSafari[26454:c659fe] [com.apple.mobilesafari:LoweredTabBar] Begin updates
2026-09-30 23:36:03.880 Df MobileSafari[26454:c659fe] [com.apple.mobilesafari:LoweredTabBar] End updates
2026-09-30 23:36:03.880 Df MobileSafari[26454:c659fe] [com.apple.mobilesafari:SuddenTerminationDisabler] Beginning new task assertion with reason: com.apple.WebBookmarks.WBTabCollection
2026-09-30 23:36:03.880 Df MobileSafari[26454:c659fe] [com.apple.UIKit:BackgroundTask] Will add backgroundTask with taskName: com.apple.SafariShared.SuddenTerminationDisabler, expirationHandler: <__NSGlobalBlock__: 0x226011780>
2026-09-30 23:36:03.880 Df MobileSafari[26454:c659fe] [com.apple.UIKit:BackgroundTask] Reusing background assertion <BKSProcessAssertion: 0x16e4aa2b0>
2026-09-30 23:36:03.880 Df MobileSafari[26454:c659fe] [com.apple.UIKit:BackgroundTask] Incrementing reference count for background assertion <BKSProcessAssertion: 0x16e4aa2b0>
2026-09-30 23:36:03.880 Df MobileSafari[26454:c659fe] [com.apple.UIKit:BackgroundTask] Created background task <_UIBackgroundTaskInfo: 0x16e5cc8c0>: taskID = 31, taskName = com.apple.SafariShared.SuddenTerminationDisabler, creationTime = 516956 (elapsed = 0).
2026-09-30 23:36:03.880 Df MobileSafari[26454:c659fe] [com.apple.mobilesafari:SuddenTerminationDisabler] Did begin task assertion with reason com.apple.WebBookmarks.WBTabCollection
2026-09-30 23:36:03.880 Df MobileSafari[26454:c659fe] [com.apple.mobilesafari:SuddenTerminationDisabler] Interrupting previous coalesced task assertion to be replaced with existing reasons: {(
    "com.apple.WebBookmarks.WBTabCollection"
)}
2026-09-30 23:36:03.880 Df MobileSafari[26454:c659fe] [com.apple.UIKit:BackgroundTask] Ending background task with UIBackgroundTaskIdentifier: 30
2026-09-30 23:36:03.880 Df MobileSafari[26454:c659fe] [com.apple.UIKit:BackgroundTask] Ending task with identifier 30 and description: <_UIBackgroundTaskInfo: 0x16e5ce800>: taskID = 30, taskName = com.apple.SafariShared.SuddenTerminationDisabler, creationTime = 516956 (elapsed = 0), _expireHandler: 
2026-09-30 23:36:03.880 Df MobileSafari[26454:c659fe] [com.apple.UIKit:BackgroundTask] Decrementing reference count for assertion <BKSProcessAssertion: 0x16e4aa2b0> (used by background task with identifier 30: <_UIBackgroundTaskInfo: 0x16e5ce800>: taskID = 30, taskName = com.apple.SafariShared.Sudde
2026-09-30 23:36:03.881 Df MobileSafari[26454:c65d8d] [com.apple.mobilesafari:SuddenTerminationDisabler] Ending task assertion with reason com.apple.WebBookmarks.WBTabCollection
2026-09-30 23:36:03.883 Df MobileSafari[26454:c65d8d] [com.apple.mobilesafari:SuddenTerminationDisabler] Continuing background task assertion with reasons {(
    "com.apple.WebBookmarks.WBTabCollection"
)}
2026-09-30 23:36:03.884 Df MobileSafari[26454:c65d8d] [com.apple.mobilesafari:SuddenTerminationDisabler] Ending task assertion with reason com.apple.WebBookmarks.WBTabCollection
2026-09-30 23:36:03.884 Df MobileSafari[26454:c65d8d] [com.apple.mobilesafari:SuddenTerminationDisabler] Continuing background task assertion with reasons {(
    "com.apple.WebBookmarks.WBTabCollection"
)}
2026-09-30 23:36:03.884 Df MobileSafari[26454:c65d8d] [com.apple.mobilesafari:SuddenTerminationDisabler] Ending task assertion with reason com.apple.WebBookmarks.WBTabCollection
2026-09-30 23:36:03.884 Df MobileSafari[26454:c65d8d] [com.apple.mobilesafari:SuddenTerminationDisabler] Ending background task assertion
2026-09-30 23:36:03.884 Df MobileSafari[26454:c65d8d] [com.apple.UIKit:BackgroundTask] Ending background task with UIBackgroundTaskIdentifier: 31
2026-09-30 23:36:03.884 Df MobileSafari[26454:c65d8d] [com.apple.UIKit:BackgroundTask] Ending task with identifier 31 and description: <_UIBackgroundTaskInfo: 0x16e5cc8c0>: taskID = 31, taskName = com.apple.SafariShared.SuddenTerminationDisabler, creationTime = 516956 (elapsed = 0), _expireHandler: 
2026-09-30 23:36:03.884 Df MobileSafari[26454:c65d8d] [com.apple.UIKit:BackgroundTask] Decrementing reference count for assertion <BKSProcessAssertion: 0x16e4aa2b0> (used by background task with identifier 31: <_UIBackgroundTaskInfo: 0x16e5cc8c0>: taskID = 31, taskName = com.apple.SafariShared.Sudde
2026-09-30 23:36:03.884 Df MobileSafari[26454:c65d8d] [com.apple.UIKit:BackgroundTask] Will invalidate assertion: <BKSProcessAssertion: 0x16e4aa2b0> for task identifier: 31
2026-09-30 23:36:03.907 A  MobileSafari[26454:c659fe] (CoreFoundation) Loading Preferences From User Session CFPrefsD
2026-09-30 23:36:03.912 Df MobileSafari[26454:c65d8c] [com.apple.GenerativeModels:Summarization] SummarizationClient sending request with requestIdentifier=5602D587-F0ED-4055-BC5A-C74ED052D6A1, useCaseIdentifier=summarization.safariTabGroupTopic, category=summarization
2026-09-30 23:36:03.912 Df MobileSafari[26454:c65d8c] [com.apple.GenerativeModels:Summarization] com.apple.generativeexperiences.summarization: establishing connection.
2026-09-30 23:36:03.915 E  MobileSafari[26454:c65d8c] [com.apple.GenerativeModels:Summarization] SummarizationClient request with requestIdentifier=5602D587-F0ED-4055-BC5A-C74ED052D6A1, useCaseIdentifier=summarization.safariTabGroupTopic, category=summarization failed with error: Error Domain=com.ap
2026-09-30 23:36:03.915 Df MobileSafari[26454:c65d8c] [com.apple.mobilesafari:PageClustering] Skip embedding for ineligible language [51D90385-4DF4-476C-A380-18E41DEA0202]
2026-09-30 23:36:04.074 Df MobileSafari[26454:c659fe] [com.apple.UIKit:UICMILifecycle] performAllCompletions for animator: <_UIContextMenuAnimator: 0x173a8ee50>
2026-09-30 23:36:04.755 Df MobileSafari[26454:c65b87] [com.apple.WebKit:PerformanceLogging] WebContent[26567]: PerformanceMonitor::measurePostLoadCPUUsage: Process was using 0.7% CPU after the page load.
