getpwuid_r did not find a match for uid 502
Timestamp               Ty Process[PID:TID]
2026-09-30 23:13:29.125 F  TextInsertUITests-Runner[88528:c35fe1] [com.apple.runtime-issues:CFNetwork Performance Diagnostic] __delegate_identifier__:Performance Diagnostics__:::____message__:Synchronous URL loading of http://127.0.0.1:8805/snap?name=app-home should not occur on this application's main thread as it may lead to UI unresponsiveness. Please switch to an asynchronous networking API such as URLSession.
2026-09-30 23:13:29.125 A  TextInsertUITests-Runner[88528:c35fe1] (libsystem_trace.dylib) Activity for state dumps
2026-09-30 23:13:29.127 Df TextInsertUITests-Runner[88528:c35fe1] [com.apple.network:] networkd_settings_read_from_file_locked initialized networkd settings by reading plist directly
2026-09-30 23:13:29.127 Df TextInsertUITests-Runner[88528:c35fe1] [com.apple.network:] networkd_settings_read_from_file_locked initialized networkd settings by reading plist directly
2026-09-30 23:13:29.137 A  TextInsertUITests-Runner[88528:c36146] (CoreFoundation) Loading Preferences From User Session CFPrefsD
2026-09-30 23:13:29.137 E  cfprefsd[86798:c335ba] [com.apple.defaults:cfprefsd] Couldn't open /Users/tarunyadgirkar/Library/Developer/CoreSimulator/Devices/CF361191-F960-4212-9B76-7C41256A11C9/data/Library/Preferences/com.apple.CFNetwork.plist due to No such file or directory
2026-09-30 23:13:29.137 A  TextInsertUITests-Runner[88528:c36146] (libsystem_containermanager.dylib) container_system_group_path_for_identifier
2026-09-30 23:13:29.137 A  TextInsertUITests-Runner[88528:c361d5] (Security) SecTrustReportNetworkingAnalytics
2026-09-30 23:13:29.138 Df TextInsertUITests-Runner[88528:c361d5] [com.apple.securityd:keychain] System Keychain Always Supported set via feature flag to disabled
2026-09-30 23:13:29.138 Df TextInsertUITests-Runner[88528:c361d5] [com.apple.xpc:connection] [0x107273700] activating connection: mach=true listener=false peer=false name=com.apple.trustd
2026-09-30 23:13:29.138 Df trustd[87797:c3606d] [com.apple.xpc:connection] [0x10192d540] activating connection: mach=false listener=false peer=true name=com.apple.trustd.peer[88528].0x10192d540
2026-09-30 23:13:29.139 Df trustd[87797:c3606d] [com.apple.securityd:SecError] TextInsertUITest[88528]/1#-1 LF=0 NetworkingAnalyticsReport Error Domain=NSOSStatusErrorDomain Code=-4 "Networking analytics not supported in this environment" UserInfo={numberOfErrorsDeep=0, NSDescription=Networking analytics not supported in this environment}
2026-09-30 23:13:29.139 Df TextInsertUITests-Runner[88528:c361d5] [com.apple.securityd:SecError] SecTrustReportNetworkingAnalytics failed with error: -4
2026-09-30 23:13:29.140 Df TextInsertUITests-Runner[88528:c36146] [com.apple.containermanager:xpc] Requesting container lookup; class = 13, identifier = com.apple.nsurlsessiond, group_identifier = systemgroup.com.apple.nsurlstoragedresources, create = 1, temp = 0, euid = 502, uid = 502
2026-09-30 23:13:29.140 A  TextInsertUITests-Runner[88528:c36146] (libsystem_containermanager.dylib) container_query_t
2026-09-30 23:13:29.140 Df TextInsertUITests-Runner[88528:c36146] [com.apple.containermanager:xpc] Query; euid = 502, uid = 502, class = 13, identifier = [com.apple.nsurlsessiond](1), gidentifier = [systemgroup.com.apple.nsurlstoragedresources](1), flags = 900000003
2026-09-30 23:13:29.140 Df containermanagerd_system[86802:c35625] [com.apple.xpc:connection] [0x1038f9540] activating connection: mach=false listener=false peer=true name=com.apple.containermanagerd.system.peer[88528].0x1038f9540
2026-09-30 23:13:29.140 E  containermanagerd_system[86802:c35625] [com.apple.containermanager:persona] XPC message has no proximate persona
2026-09-30 23:13:29.140 Df containermanagerd_system[86802:c35625] [com.apple.containermanager:query] Selected query plan; plan = <MCMCommandQueryPlanWithIdentities; identities = [<MCMContainerIdentity: 0x10385db40; userIdentity = <502/20/502/3/502>, identifier = systemgroup.com.apple.nsurlstoragedresources, class = (13)systemGroup, platform = 7, ownership = {502:20:u+rwx,g+rx,o+rx}, transient = 0>]>
2026-09-30 23:13:29.141 A  TextInsertUITests-Runner[88528:c36146] (libsystem_containermanager.dylib) container_copy_object
2026-09-30 23:13:29.141 Df TextInsertUITests-Runner[88528:c36146] [com.apple.containermanager:unspecified] container_system_group_path_for_identifier: success
2026-09-30 23:13:29.149 Df TextInsertUITests-Runner[88528:c36146] [com.apple.CFNetwork:Default] Initializing NSHTTPCookieStorage singleton
2026-09-30 23:13:29.149 Df TextInsertUITests-Runner[88528:c36146] [com.apple.CFNetwork:Default] Initializing CFHTTPCookieStorage singleton
2026-09-30 23:13:29.149 Df TextInsertUITests-Runner[88528:c36146] [com.apple.CFNetwork:Default] Creating default cookie storage with process/bundle identifier
2026-09-30 23:13:29.149 Df TextInsertUITests-Runner[88528:c36146] [com.apple.CFNetwork:Default] Initializing AlternativeServices Storage singleton
2026-09-30 23:13:29.150 Df TextInsertUITests-Runner[88528:c36146] [com.apple.FileURL:default] kExcludedFromBackupXattrName set on path: /Users/tarunyadgirkar/Library/Developer/CoreSimulator/Devices/CF361191-F960-4212-9B76-7C41256A11C9/data/Containers/Data/Application/A0364581-DD0E-4ECB-BD5E-59E456214B0C/Library/HTTPStorages/com.tarunyadgirkar.prefill.spike.textinsert.uitests.xctrunner
2026-09-30 23:13:29.150 A  runningboardd[86757:c35b22] (RunningBoard) acquireAssertionWithDescriptor
2026-09-30 23:13:29.150 Df runningboardd[86757:c35b22] [com.apple.runningboard:ttl] Acquiring assertion targeting [app<com.tarunyadgirkar.prefill.spike.textinsert.uitests.xctrunner((null))>:88528] from originator [app<com.tarunyadgirkar.prefill.spike.textinsert.uitests.xctrunner((null))>:88528] with description <RBSAssertionDescriptor| "com.apple.CFNetwork.StorageDB" ID:86757-88528-4978 target:88528 attributes:[
	<RBSDomainAttribute| domain:"com.apple.common" name:"FinishTaskUninterruptable" sourceEnvironment:"(null)">,
	<RBSAcquisitionCompletionAttribute| policy:AfterApplication>
	]>
2026-09-30 23:13:29.150 Df runningboardd[86757:c35b22] [com.apple.runningboard:ttl] Assertion 86757-88528-4978 (target:[app<com.tarunyadgirkar.prefill.spike.textinsert.uitests.xctrunner((null))>:88528]) will be created as inactive as start-time-defining assertions exist
2026-09-30 23:13:29.150 A  runningboardd[86757:c35b22] (RunningBoard) state update
2026-09-30 23:13:29.151 A  runningboardd[86757:c35b22] (RunningBoard) limitationsForInstance
2026-09-30 23:13:29.156 Df TextInsertUITests-Runner[88528:c361d5] [com.apple.CFNetwork:Default] Garbage collection for alternative services
2026-09-30 23:13:29.157 Df TextInsertUITests-Runner[88528:c36146] [com.apple.CFNetwork:Default] Connection 1: starting, TC(0x0)
2026-09-30 23:13:29.157 Df TextInsertUITests-Runner[88528:c36146] [com.apple.network:connection] [C1 0D3BE481-FE47-4ACC-A0A3-94BC7E1D918D 127.0.0.1:8805 tcp, url: http://127.0.0.1:8805/snap, definite, attribution: developer, context: com.apple.CFNetwork.NSURLSession.{EF68ED4C-3391-4583-A7A1-57C54E110F17}{(null)}{Y}{2}{0x0} (private), proc: 3464360A-0B4C-3AD7-A7DA-7A3F1F63EB75, delegated upid: 0] start
2026-09-30 23:13:29.158 Df TextInsertUITests-Runner[88528:c36146] [com.apple.network:connection] [C1 127.0.0.1:8805 initial parent-flow ((null))] event: path:start @0.000s
2026-09-30 23:13:29.158 Df TextInsertUITests-Runner[88528:c36146] [com.apple.network:connection] [C1 127.0.0.1:8805 waiting parent-flow (satisfied (Path is satisfied), interface: lo0)] event: path:satisfied @0.000s, uuid: 389C8E30-8A87-4351-B291-BA9729EEA23D
2026-09-30 23:13:29.162 Df TextInsertUITests-Runner[88528:c36146] [com.apple.network:connection] [C1 127.0.0.1:8805 in_progress socket-flow (satisfied (Path is satisfied), interface: lo0)] event: flow:start_connect @0.004s
2026-09-30 23:13:29.162 Df TextInsertUITests-Runner[88528:c36146] [com.apple.network:connection] nw_connection_report_state_with_handler_on_nw_queue [C1] reporting state preparing
2026-09-30 23:13:29.162 Df TextInsertUITests-Runner[88528:c36146] [com.apple.CFNetwork:Default] Task <5CC334CC-92D8-4CB3-8349-9904CB00A1CF>.<0> setting up Connection 1
2026-09-30 23:13:29.162 Df TextInsertUITests-Runner[88528:c36146] [com.apple.network:connection] nw_socket_handle_socket_event [C1:2] Socket received CONNECTED event
2026-09-30 23:13:29.162 Df TextInsertUITests-Runner[88528:c36146] [com.apple.network:connection] nw_flow_connected [C1 127.0.0.1:8805 in_progress socket-flow (satisfied (Path is satisfied), interface: lo0)] Transport protocol connected (socket)
2026-09-30 23:13:29.162 Df TextInsertUITests-Runner[88528:c36146] [com.apple.network:connection] [C1 127.0.0.1:8805 in_progress socket-flow (satisfied (Path is satisfied), interface: lo0)] event: flow:finish_transport @0.004s
2026-09-30 23:13:29.162 Df TextInsertUITests-Runner[88528:c36146] [com.apple.network:connection] nw_flow_connected [C1 127.0.0.1:8805 in_progress socket-flow (satisfied (Path is satisfied), interface: lo0)] Output protocol connected (CFNetworkConnection-361870721)
2026-09-30 23:13:29.162 Df TextInsertUITests-Runner[88528:c36146] [com.apple.network:connection] [C1 127.0.0.1:8805 ready socket-flow (satisfied (Path is satisfied), interface: lo0)] event: flow:finish_connect @0.004s
2026-09-30 23:13:29.162 Df TextInsertUITests-Runner[88528:c36146] [com.apple.network:connection] nw_connection_report_state_with_handler_on_nw_queue [C1] reporting state ready
2026-09-30 23:13:29.163 Df TextInsertUITests-Runner[88528:c36146] [com.apple.CFNetwork:Default] Connection 1: connected successfully
2026-09-30 23:13:29.163 Df TextInsertUITests-Runner[88528:c36146] [com.apple.CFNetwork:Default] Connection 1: ready C(N) E(N)
2026-09-30 23:13:29.163 Df TextInsertUITests-Runner[88528:c36146] [com.apple.CFNetwork:Default] Task <5CC334CC-92D8-4CB3-8349-9904CB00A1CF>.<0> now using Connection 1
2026-09-30 23:13:29.163 Df TextInsertUITests-Runner[88528:c36146] [com.apple.CFNetwork:Default] Task <5CC334CC-92D8-4CB3-8349-9904CB00A1CF>.<0> sent request, body N 0
2026-09-30 23:13:29.228 Df securityd[86804:c364a5] [com.apple.aaafoundation:analytics] <AAFAnalyticsReporter: 0x1039f4570> Sending event: [<AAFAnalyticsEvent: 0x103860a80> EventName: [com.apple.security.cloudKitAccountAvailability], EventError: [Error Domain=CKKSResultOperationError Code=3 "Operation(OctagonStateTransitionOperation(cloudkit-account-gone)) timed out waiting to start for []" UserInfo={NSLocalizedDescription=Operation(OctagonStateTransitionOperation(cloudkit-account-gone)) timed out waiting to start for [], NSUnderlyingError=0x103ac5b90 {Error Domain=CKKSResultOperationDescriptionError Code=2000 "(null)" UserInfo={NSUnderlyingError=0x103ac4000 {Error Domain=com.apple.security.octagon.state Code=82 "Current state: 'NoAccount'" UserInfo={NSLocalizedDescription=Current state: 'NoAccount'}}}}}], ReportData: {
    didSucceed = 0;
    duration = "34934.785625";
    errorCode = 3;
    errorDomain = CKKSResultOperationError;
    eventCreationTime = "1790835174292.856";
    numberOfUnderlyingErrors = 2;
    underlyingErrorCode1 = 2000;
    underlyingErrorCode2 = 82;
    underlyingErrorDomain1 = <…>] with transport: [<decode: missing data>]
2026-09-30 23:13:29.307 E  cfprefsd[86798:c335b8] [com.apple.defaults:cfprefsd] Couldn't open /Users/tarunyadgirkar/Library/Developer/CoreSimulator/Devices/CF361191-F960-4212-9B76-7C41256A11C9/data/Library/Preferences/ByHost/com.apple.springboard..plist due to No such file or directory
2026-09-30 23:13:29.419 E  cfprefsd[86798:c335b8] [com.apple.defaults:cfprefsd] Couldn't open /Library/Managed Preferences/mobile/com.apple.demo-settings.plist due to No such file or directory
2026-09-30 23:13:29.420 E  cfprefsd[86798:c335b8] [com.apple.defaults:cfprefsd] Couldn't open /Library/Managed Preferences/com.apple.demo-settings.plist due to No such file or directory
2026-09-30 23:13:29.420 E  cfprefsd[86798:c335b8] [com.apple.defaults:cfprefsd] Couldn't open /Library/Managed Preferences/mobile/.GlobalPreferences.plist due to No such file or directory
2026-09-30 23:13:29.433 E  cfprefsd[86798:c335b8] [com.apple.defaults:cfprefsd] Couldn't open /Users/tarunyadgirkar/Library/Developer/CoreSimulator/Devices/CF361191-F960-4212-9B76-7C41256A11C9/data/Library/Preferences/ByHost/.GlobalPreferences..plist due to No such file or directory
2026-09-30 23:13:29.448 Df cdpd[86851:c35676] [com.apple.countryd:Client] {"msg":"RegulatoryDomain current estimates", "estimates":(
    "US, priority = 4 (LatLonLocation), timestamp = 2026-09-30 21:24:13-0700, disputed = NO"
)}
2026-09-30 23:13:29.546 E  cfprefsd[86798:c335b8] [com.apple.defaults:cfprefsd] Couldn't open /Users/tarunyadgirkar/Library/Developer/CoreSimulator/Devices/CF361191-F960-4212-9B76-7C41256A11C9/data/Library/Preferences/ByHost/com.apple.springboard..plist due to No such file or directory
2026-09-30 23:13:29.652 Df SpringBoard[86754:c334f8] [com.apple.SystemAperture:Element] Assertion did invalidate: <SAAssertion: 0x11f412dc0; isValid: NO; invalidation reason: NSUserDefault SBSuppressDynamicIslandCompletely is not set.>
2026-09-30 23:13:29.652 Df SpringBoard[86754:c334f8] [com.apple.SystemAperture:Element] Assertion did invalidate: <SAAssertion: 0x11f4109f0; isValid: NO; invalidation reason: NSUserDefault SBSuppressDynamicIslandCompletely is not set.>
2026-09-30 23:13:29.652 Df SpringBoard[86754:c334f8] [com.apple.SystemAperture:Element] Assertion did invalidate: <SAAssertion: 0x11f411620; isValid: NO; invalidation reason: SBSystemApertureCoordinator suppressionForSuppressSystemApertureCompletely>
2026-09-30 23:13:29.697 Df TextInsertUITests-Runner[88528:c361d5] [com.apple.CFNetwork:Default] Task <5CC334CC-92D8-4CB3-8349-9904CB00A1CF>.<0> received response, status 200 content U
2026-09-30 23:13:29.698 Df TextInsertUITests-Runner[88528:c361d5] [com.apple.CFNetwork:Default] Connection 1: read-side closed
2026-09-30 23:13:29.698 Df TextInsertUITests-Runner[88528:c361d5] [com.apple.CFNetwork:Default] Connection 1: final read 0:0, complete[Y], final[N]
2026-09-30 23:13:29.698 Df TextInsertUITests-Runner[88528:c361d5] [com.apple.CFNetwork:Default] Connection 1: cleaning up
2026-09-30 23:13:29.698 Df TextInsertUITests-Runner[88528:c361d5] [com.apple.network:connection] [C1 0D3BE481-FE47-4ACC-A0A3-94BC7E1D918D 127.0.0.1:8805 tcp, url: http://127.0.0.1:8805/snap, definite, attribution: developer] cancel
2026-09-30 23:13:29.698 Df TextInsertUITests-Runner[88528:c361d5] [com.apple.network:connection] [C1 0D3BE481-FE47-4ACC-A0A3-94BC7E1D918D 127.0.0.1:8805 tcp, url: http://127.0.0.1:8805/snap, definite, attribution: developer] cancelled
	[C1 389C8E30-8A87-4351-B291-BA9729EEA23D 127.0.0.1:54480<->127.0.0.1:8805]
	Connected Path: satisfied (Path is satisfied), interface: lo0
	Privacy Stance: Not Eligible
	Duration: 0.540s, TCP @0.004s took 0.000s
	bytes in/out: 179/239, packets in/out: 3/1, rtt: 0.001s, retransmitted bytes: 0, out-of-order bytes: 0
	ecn packets sent/acked/marked/lost: 0/0/0/0
2026-09-30 23:13:29.698 Df TextInsertUITests-Runner[88528:c361d5] [com.apple.network:connection] nw_connection_report_state_with_handler_on_nw_queue [C1] reporting state cancelled
2026-09-30 23:13:29.698 Df TextInsertUITests-Runner[88528:c361d5] [com.apple.CFNetwork:Default] Task <5CC334CC-92D8-4CB3-8349-9904CB00A1CF>.<0> response ended
2026-09-30 23:13:29.698 Df TextInsertUITests-Runner[88528:c361d5] [com.apple.CFNetwork:Default] Task <5CC334CC-92D8-4CB3-8349-9904CB00A1CF>.<0> done using Connection 1
2026-09-30 23:13:29.698 Df TextInsertUITests-Runner[88528:c361d5] [com.apple.CFNetwork:Default] Connection 1: done
2026-09-30 23:13:29.698 Df TextInsertUITests-Runner[88528:c361d5] [com.apple.network:connection] nw_socket_handle_socket_event [C1:2] Socket received READ_CLOSE event
2026-09-30 23:13:29.708 Df TextInsertUITests-Runner[88528:c36146] [com.apple.CFNetwork:Summary] Task <5CC334CC-92D8-4CB3-8349-9904CB00A1CF>.<0> summary for task success {transaction_duration_ms=571, response_status=200, connection=1, protocol="http/1.1", domain_lookup_duration_ms=0, connect_duration_ms=0, secure_connection_duration_ms=0, private_relay=false, request_start_ms=26, request_duration_ms=0, response_start_ms=560, response_duration_ms=0, request_bytes=239, request_throughput_kbps=13008, response_bytes=179, response_throughput_kbps=1864, cache_hit=false}
2026-09-30 23:13:29.712 Df TextInsertUITests-Runner[88528:c36146] [com.apple.CoreAnalytics:client] No XPC connection in Simulator
2026-09-30 23:13:29.716 Df TextInsertSpike[88624:c36442] [com.apple.dt.xctest:Default] Received request to notify when the main run loop is idle
2026-09-30 23:13:29.716 Df TextInsertSpike[88624:c36442] [com.apple.dt.xctest:Default] Idle notifier finished setting up run loop observer
2026-09-30 23:13:29.716 Df TextInsertSpike[88624:c36233] [com.apple.dt.xctest:Default] Idle notifier run loop observer fired
2026-09-30 23:13:29.716 Df TextInsertSpike[88624:c36233] [com.apple.dt.xctest:Default] Sending main run loop idle reply
2026-09-30 23:13:29.716 Df TextInsertSpike[88624:c36442] [com.apple.dt.xctest:Default] Received request to notify when animations are idle
2026-09-30 23:13:29.716 Df TextInsertSpike[88624:c36442] [com.apple.dt.xctest:Default] Sending animations idle reply with error: (null)
2026-09-30 23:13:29.721 F  TextInsertSpike[88624:c36442] [com.apple.Foundation:general] NSPredicate: -[NSPredicate copy] called on a predicate that has _evaluationBlocked set. The resulting copy will drop _evaluationBlocked.
2026-09-30 23:13:29.721 A  TextInsertSpike[88624:c36442] (libsystem_trace.dylib) Activity for state dumps
2026-09-30 23:13:29.721 Sd TextInsertSpike[88624:0] (3D9A40AB-ACDF-3EC9-A223-5A041FBFFFCF) IOHIDManager State
{
    DispatchQueue = 0;
    RunLoop = 1;
    createOptions = 0;
    isOpen = 0;
    openOptions = 0;
}
2026-09-30 23:13:29.721 Sd TextInsertSpike[88624:0] (03D50C0F-A6A1-397E-8D9E-C902301EA308) UAUserActivity
UAUserActivityManager supportsActivityContinuation=1 isEnabled=1 serverPid=0 PROJECT:UserActivity-551
2026-09-30 23:13:29.721 Sd TextInsertSpike[88624:0] (3D9A40AB-ACDF-3EC9-A223-5A041FBFFFCF) IOHIDManager State
{
    DispatchQueue = 0;
    RunLoop = 1;
    createOptions = 0;
    isOpen = 0;
    openOptions = 0;
}
2026-09-30 23:13:29.722 Df TextInsertSpike[88624:c36442] [com.apple.dt.xctest:Default] Received request to fetch matches for query: ↪︎ Descendants matching type Button
    ↪︎ Elements matching predicate '"turnOn" IN identifiers'
2026-09-30 23:13:29.722 Df TextInsertSpike[88624:c363d9] [com.apple.dt.xctest:Default] Evaluating query:
 ↪︎ Descendants matching type Button
    ↪︎ Elements matching predicate '"turnOn" IN identifiers'
2026-09-30 23:13:29.722 Df TextInsertSpike[88624:c363d9] [com.apple.dt.xctest:Default] Getting root element snapshot
2026-09-30 23:13:29.722 Df TextInsertSpike[88624:c363d9] [com.apple.dt.xctest:Default] Getting snapshot for App element pid: 88624 for query ↪︎ Descendants matching type Button
    ↪︎ Elements matching predicate '"turnOn" IN identifiers'
2026-09-30 23:13:29.722 Df TextInsertSpike[88624:c363d9] [com.apple.dt.xctest:Default] Query requires iOS snapshot attributes XC_kAXXCAttributeElementBaseType, XC_kAXXCAttributeIdentifier, XC_kAXXCAttributeElementType, XC_kAXXCAttributeAutomationType, XC_kAXXCAttributeLabel, XC_kAXXCAttributeValue, XC_kAXXCAttributeTraits, XC_kAXXCAttributePlaceholderValue.
2026-09-30 23:13:29.722 Df TextInsertSpike[88624:c363d9] [com.apple.dt.xctest:Default] XCTPerformOnMainRunLoop[not MT]: about to CFRunLoopPerform
2026-09-30 23:13:29.722 Df TextInsertSpike[88624:c363d9] [com.apple.dt.xctest:Default] XCTPerformOnMainRunLoop[not MT]: waiting with 30.00s responsiveness timeout
2026-09-30 23:13:29.722 Df TextInsertSpike[88624:c36233] [com.apple.dt.xctest:Default] XCTPerformOnMainRunLoop[MT]: inside CFRunLoopPerform
2026-09-30 23:13:29.722 Df TextInsertSpike[88624:c36233] [com.apple.dt.xctest:Default] XCTPerformOnMainRunLoop[MT]: MT responded in time (won the race to the busy flag)
2026-09-30 23:13:29.723 Df TextInsertSpike[88624:c363d9] [com.apple.dt.xctest:Default] XCTPerformOnMainRunLoop[not MT]: waiting 60.00s for work to complete
2026-09-30 23:13:29.727 Df TextInsertSpike[88624:c36233] [com.apple.dt.xctest:Default] Got main window <AXUIElementRef 0x10fc9e550> {pid=88624} {uid=[ID:4 hash:0x104aa0400]}
2026-09-30 23:13:29.729 Df TextInsertSpike[88624:c36233] [com.apple.dt.xctest:Default] Capturing hierarchy with attributes XC_kAXXCAttributeElementBaseType, XC_kAXXCAttributeIdentifier, XC_kAXXCAttributeElementType, XC_kAXXCAttributeAutomationType, XC_kAXXCAttributeLabel, XC_kAXXCAttributeTraits, XC_kAXXCAttributeTruncatedValue, XC_kAXXCAttributeParent, XC_kAXXCAttributePlaceholderValue
2026-09-30 23:13:29.730 Df TextInsertSpike[88624:c36233] [com.apple.dt.xctest:Default] Capturing hierarchy with parameters {
    attributes =     (
        5004,
        5019,
        5003,
        5058,
        2001,
        2004,
        2158,
        5002,
        5043
    );
    maxArrayCount = 2147483647;
    maxChildren = 2147483647;
    maxDepth = 2147483647;
    snapshotKeyHonorModalViews = 0;
    traverseFromParentsToChildren = 1;
}
2026-09-30 23:13:29.730 Df TextInsertSpike[88624:c36233] [com.apple.dt.xctest:Default] Snapshot attributes 5004, 5019, 5003, 5058, 2001, 2004, 2158, 5002, 5043
2026-09-30 23:13:29.731 Df TextInsertSpike[88624:c36233] (libMobileGestalt.dylib) Property isp[camera-front] found (null)
2026-09-30 23:13:29.754 Df siriactionsd[86842:c36176] [com.apple.shortcuts:Daemon] <Executing DaemonTask: ToolEmbeddingDatabaseIndexer.reindex-27, queued for: 0ms>
2026-09-30 23:13:29.758 Df TextInsertUITests-Runner[88528:c35fe1] [com.apple.xpc:connection] [0x107273d40] activating connection: mach=true listener=false peer=false name=com.apple.coresymbolicationd
2026-09-30 23:13:29.759 Df launchd_sim[86751:c36390] [user/502/com.apple.coresymbolicationd:] internal event: WILL_SPAWN, code = 0
2026-09-30 23:13:29.759 Df launchd_sim[86751:c36390] [user/502/com.apple.coresymbolicationd:] service state: spawn scheduled
2026-09-30 23:13:29.759 Df launchd_sim[86751:c36390] [user/502/com.apple.coresymbolicationd:] service state: spawning
2026-09-30 23:13:29.759 Df launchd_sim[86751:c36390] [user/502/com.apple.coresymbolicationd:] launching: ipc (mach)
2026-09-30 23:13:29.759 Df launchd_sim[86751:c36390] [user/502/com.apple.coresymbolicationd [88769]:] xpcproxy_sim spawned with pid 88769
2026-09-30 23:13:29.759 Df launchd_sim[86751:c36390] [user/502/com.apple.coresymbolicationd [88769]:] internal event: SPAWNED, code = 0
2026-09-30 23:13:29.759 Df launchd_sim[86751:c36390] [user/502/com.apple.coresymbolicationd [88769]:] service state: xpcproxy
2026-09-30 23:13:29.759 Df launchd_sim[86751:c36390] [user/502/com.apple.coresymbolicationd [88769]:] internal event: SOURCE_ATTACH, code = 0
2026-09-30 23:13:29.765 Df iconservicesagent[87231:c35f5a] [com.apple.xpc:connection] [0x106200500] invalidated because the current process cancelled the connection by calling xpc_connection_cancel()
2026-09-30 23:13:29.765 Df PosterBoard[87072:c35c3d] [com.apple.xpc:connection] [0x10b6e7700] invalidated because the client process (pid 87231) either cancelled the connection or exited
2026-09-30 23:13:29.786 Df launchd_sim[86751:c3639c] [user/502/com.apple.coresymbolicationd [88769]:] service state: running
2026-09-30 23:13:29.786 Df launchd_sim[86751:c3639c] [user/502/com.apple.coresymbolicationd [88769]:] internal event: INIT, code = 0
2026-09-30 23:13:29.786 Df launchd_sim[86751:c3639c] [user/502/com.apple.coresymbolicationd [88769]:] Successfully spawned coresymbolicationd[88769] because ipc (mach)
2026-09-30 23:13:29.813 Df TextInsertSpike[88624:c36233] [com.apple.dt.xctest:Default] Got snapshot for <AXUIElementRef 0x10fca0ed0> {pid=88624} {uid=[ID:1 hash:0x0]}
2026-09-30 23:13:29.813 Df TextInsertSpike[88624:c36233] [com.apple.dt.xctest:Default] Got app orientation 0
2026-09-30 23:13:29.813 Df TextInsertSpike[88624:c36233] [com.apple.dt.xctest:Default] Captured accessibility snapshot data in 0.09s
2026-09-30 23:13:29.813 Df TextInsertSpike[88624:c363d9] [com.apple.dt.xctest:Default] Found main window: Window
2026-09-30 23:13:29.813 Df TextInsertSpike[88624:c363d9] [com.apple.dt.xctest:Default] Checking 'Prefill Spike' for privileged AX value slot attributes
2026-09-30 23:13:29.813 Df TextInsertSpike[88624:c363d9] [com.apple.dt.xctest:Default] Preferring automation type 48 instead of legacy element type OTHER derived from class/trait: UILabel:UILabel 8590000128
2026-09-30 23:13:29.813 Df TextInsertSpike[88624:c363d9] [com.apple.dt.xctest:Default] CollectionView is not actually a child of Other, including at this point anyway (rdar://problem/20738636)
2026-09-30 23:13:29.813 Df TextInsertSpike[88624:c363d9] [com.apple.dt.xctest:Default] Preferring automation type 24 instead of legacy element type OTHER derived from class/trait: _UIFloatingBarContainerView:_UIFloatingBarContainerView 8589934592
2026-09-30 23:13:29.813 Df TextInsertSpike[88624:c363d9] [com.apple.dt.xctest:Default] Other is not actually a child of Other, including at this point anyway (rdar://problem/20738636)
2026-09-30 23:13:29.813 Df TextInsertSpike[88624:c363d9] [com.apple.dt.xctest:Default] XCTPerformOnMainRunLoop[not MT]: about to CFRunLoopPerform
2026-09-30 23:13:29.813 Df TextInsertSpike[88624:c363d9] [com.apple.dt.xctest:Default] XCTPerformOnMainRunLoop[not MT]: waiting with 30.00s responsiveness timeout
2026-09-30 23:13:29.813 Df TextInsertSpike[88624:c36233] [com.apple.dt.xctest:Default] XCTPerformOnMainRunLoop[MT]: inside CFRunLoopPerform
2026-09-30 23:13:29.813 Df TextInsertSpike[88624:c36233] [com.apple.dt.xctest:Default] XCTPerformOnMainRunLoop[MT]: MT responded in time (won the race to the busy flag)
2026-09-30 23:13:29.813 Df TextInsertSpike[88624:c363d9] [com.apple.dt.xctest:Default] XCTPerformOnMainRunLoop[not MT]: waiting 60.00s for work to complete
2026-09-30 23:13:29.813 Df TextInsertSpike[88624:c36233] [com.apple.dt.xctest:Default] XCTElementQuery: set data source for rootElementSnapshot to <XCTAutomationSession: 0x1075045b0>
2026-09-30 23:13:29.814 Df TextInsertSpike[88624:c363d9] [com.apple.dt.xctest:Default] Finding all matches with input Application, pid: 88624, label: 'Prefill Spike' using transformers 
↪︎ Descendants matching type Button
    ↪︎ Elements matching predicate '"turnOn" IN identifiers'
2026-09-30 23:13:29.814 Df TextInsertSpike[88624:c363d9] [com.apple.dt.xctest:Default] [Match All] applied transformer `Descendants matching type Button` to input {(
    Application, pid: 88624, label: 'Prefill Spike'
)}, found {(
    Button, identifier: 'turnOn', label: 'Turn on Prefill AutoFill',
    Button, identifier: 'openSettings', label: 'Open AutoFill provider settings',
    Button, identifier: 'nativeFields', label: 'Native text fields'
)}
2026-09-30 23:13:29.814 Df TextInsertSpike[88624:c363d9] [com.apple.dt.xctest:Default] [Match All] applied transformer `Elements matching predicate '"turnOn" IN identifiers'` to input {(
    Button, identifier: 'turnOn', label: 'Turn on Prefill AutoFill',
    Button, identifier: 'openSettings', label: 'Open AutoFill provider settings',
    Button, identifier: 'nativeFields', label: 'Native text fields'
)}, found {(
    Button, identifier: 'turnOn', label: 'Turn on Prefill AutoFill'
)}
2026-09-30 23:13:29.814 Df TextInsertSpike[88624:c363d9] [com.apple.dt.xctest:Default] [Match All] setting out related elements {(
)}
2026-09-30 23:13:29.814 Df TextInsertSpike[88624:c363d9] [com.apple.dt.xctest:Default] Current tree:
Application, 0x107717c00, pid: 88624, label: 'Prefill Spike' <App element pid: 88624>
  Window (Main), 0x107716300 <AX element pid: 88624, elementOrHash.elementID: 4373218304.4>
    Other, 0x1077166c0 <AX element pid: 88624, elementOrHash.elementID: 4374417408.5>
      Other, 0x107716940 <AX element pid: 88624, elementOrHash.elementID: 4417594112.6>
        Other, 0x107716a80 <AX element pid: 88624, elementOrHash.elementID: 4373217280.7>
          Other, 0x107716800 <AX element pid: 88624, elementOrHash.elementID: 4420190368.8>
            Other, 0x107716e40 <AX element pid: 88624, elementOrHash.elementID: 4374420992.9>
              NavigationBar, 0x107716d00, identifier: 'Prefill Spike' <AX element pid: 88624, elementOrHash.elementID: 4417378304.10>
                StaticText, 0x107717980, label: 'Prefill Spike' <AX element pid: 88624, elementOrHash.elementID: 4374236672.13>
              Other, 0x107716440 <AX element pid: 88624, elementOrHash.elementID: 4374237568.11>
                Other, 0x107717d40 <AX element pid: 88624, elementOrHash.elementID: 4374244288.14>
                  Other, 0x107717ac0 <AX element pid: 88624, elementOrHash.elementID: 4420288512.16>
                    Other, 0x1077170c0 <AX element pid: 88624, elementOrHash.elementID: 4420202528.17>
                      CollectionView, 0x107717700 <AX element pid: 88624, elementOrHash.elementID: 4416651264.18>
                        Other, 0x1077175c0 <AX element pid: 88624, elementOrHash.elementID: 4374278144.19>
                        Other, 0x107782bc0 <AX element pid: 88624, elementOrHash.elementID: 4374240704.20>
                          Other, 0x107781e00 <AX element pid: 88624, elementOrHash.elementID: 4374243840.30>
                        Other, 0x1081e8640 <AX element pid: 88624, elementOrHash.elementID: 4374240256.21>
                        Cell, 0x1081eb840 <AX element pid: 88624, elementOrHash.elementID: 4373287936.22>
                          Other, 0x104a8be80 <AX element pid: 88624, elementOrHash.elementID: 4374269440.31>
                            Other, 0x104a8bd40 <AX element pid: 88624, elementOrHash.elementID: 4374246976.40>
                          Other, 0x104a8ae40 <AX element pid: 88624, elementOrHash.elementID: 4374246528.32>
                            Other, 0x104a8b0c0 <AX element pid: 88624, elementOrHash.elementID: 4373139968.41>
                              Other, 0x104a8b480 <AX element pid: 88624, elementOrHash.elementID: 4420202688.48>
                                Button, 0x104a89a40, identifier: 'turnOn', label: 'Turn on Prefill AutoFill' <AX element pid: 88624, elementOrHash.elementID: 4420202848.52>
                        Cell, 0x104a8aa80 <AX element pid: 88624, elementOrHash.elementID: 4373289216.23>
                          Other, 0x104a8a6c0 <AX element pid: 88624, elementOrHash.elementID: 4374273024.33>
                            Other, 0x104a8b840 <AX element pid: 88624, elementOrHash.elementID: 4374247872.42>
                          Other, 0x104a8a940 <AX element pid: 88624, elementOrHash.elementID: 4374247424.34>
                            Other, 0x104a8a1c0 <AX element pid: 88624, elementOrHash.elementID: 4373141504.43>
                              Other, 0x1082d97c0 <AX element pid: 88624, elementOrHash.elementID: 4420203008.49>
                                StaticText, 0x1082db700, identifier: 'status', label: 'Not requested' <AX element pid: 88624, elementOrHash.elementID: 4420203168.53>
                        Other, 0x1082dae40 <AX element pid: 88624, elementOrHash.elementID: 4374279168.24>
                        Other, 0x1082daa80 <AX element pid: 88624, elementOrHash.elementID: 4374279680.25>
                        Cell, 0x1082db340 <AX element pid: 88624, elementOrHash.elementID: 4373290496.26>
                          Other, 0x1082d9a40 <AX element pid: 88624, elementOrHash.elementID: 4374276096.35>
                            Other, 0x1082d8280 <AX element pid: 88624, elementOrHash.elementID: 4374248768.44>
                          Other, 0x1082db980 <AX element pid: 88624, elementOrHash.elementID: 4374248320.36>
                            Other, 0x1082da580 <AX element pid: 88624, elementOrHash.elementID: 4373143040.45>
                              Other, 0x1082d8b40 <AX element pid: 88624, elementOrHash.elementID: 4420203328.50>
                                Button, 0x1082d9cc0, identifier: 'openSettings', label: 'Open AutoFill provider settings' <AX element pid: 88624, elementOrHash.elementID: 4420203488.54>
                        Cell, 0x1082d8780 <AX element pid: 88624, elementOrHash.elementID: 4373291776.27>
                          Other, 0x1082da440 <AX element pid: 88624, elementOrHash.elementID: 4374277120.37>
                            Other, 0x1082d9680 <AX element pid: 88624, elementOrHash.elementID: 4431823296.46>
                          Other, 0x1082d9400 <AX element pid: 88624, elementOrHash.elementID: 4431822848.38>
                            Other, 0x1082d8000 <AX element pid: 88624, elementOrHash.elementID: 4373144576.47>
                              Other, 0x1082da1c0 <AX element pid: 88624, elementOrHash.elementID: 4420204128.51>
                                Button, 0x1082d9540, identifier: 'nativeFields', label: 'Native text fields' <AX element pid: 88624, elementOrHash.elementID: 4420203968.55>
                                  StaticText, 0x1082dabc0, label: 'Native text fields' <AX element pid: 88624, elementOrHash.elementID: 4420203808.56>
                                  Image, 0x1082da940, identifier: 'chevron.forward' <AX element pid: 88624, elementOrHash.elementID: 4420203648.57>
                        Other, 0x1082db0c0 <AX element pid: 88624, elementOrHash.elementID: 4374280192.28>
                        Other, 0x1082dbd40, label: 'Vertical scroll bar, 1 page', value: 0% <AX element pid: 88624, elementOrHash.elementID: 4373998080.29>
                          Other, 0x1082dbc00 <AX element pid: 88624, elementOrHash.elementID: 4374246080.39>
                        Other, 0x1082d9f40, label: 'Vertical scroll bar, 1 page', value: 0% <AX element pid: 88624, elementOrHash.elementID: 4373998080.29>
                          Other, 0x1082d9900 <AX element pid: 88624, elementOrHash.elementID: 4374246080.39>
              Toolbar, 0x1082db5c0, identifier: 'Toolbar', label: 'Toolbar' <AX element pid: 88624, elementOrHash.elementID: 4374421504.12>
                Other, 0x1082da300 <AX element pid: 88624, elementOrHash.elementID: 4374422016.15>
2026-09-30 23:13:29.815 Df TextInsertSpike[88624:c363d9] [com.apple.dt.xctest:Default] Query ↪︎ Descendants matching type Button
    ↪︎ Elements matching predicate '"turnOn" IN identifiers' found matching snapshots: {(
    Button, identifier: 'turnOn', label: 'Turn on Prefill AutoFill'
)} (error: (null))
2026-09-30 23:13:29.815 Df TextInsertSpike[88624:c363d9] [com.apple.dt.xctest:Default] Replying to query ↪︎ Descendants matching type Button
    ↪︎ Elements matching predicate '"turnOn" IN identifiers' with results: <XCTElementQueryResults: 0x104af36f0> (error: (null))
2026-09-30 23:13:29.815 A  runningboardd[86757:c35b22] (RunningBoard) timer
2026-09-30 23:13:29.954 Df launchd_sim[86751:c36390] [pid/88769 [coresymbolicati]:] uncorking exec source upfront
2026-09-30 23:13:29.954 Df launchd_sim[86751:c36390] [pid/88769 [coresymbolicati]:] created
2026-09-30 23:13:29.956 Df coresymbolicationd[88769:c3664d] /Users/tarunyadgirkar/Library/Developer/CoreSimulator/Devices/CF361191-F960-4212-9B76-7C41256A11C9/data/Library/Caches/com.apple.coresymbolicationd/data does not exist, resetting cache
2026-09-30 23:13:29.956 Df coresymbolicationd[88769:0] [com.apple.libsystem.libdispatch:] BUG in libdispatch: 26A428 24A434 - 612 - 0x4
2026-09-30 23:13:29.957 Df coresymbolicationd[88769:c3664d] [com.apple.xpc:connection] [0x1032555a0] activating connection: mach=true listener=true peer=false name=com.apple.coresymbolicationd
2026-09-30 23:13:29.957 Df coresymbolicationd[88769:c36657] [com.apple.xpc:connection] [0x1032559d0] activating connection: mach=false listener=false peer=true name=com.apple.coresymbolicationd.peer[88528].0x1032559d0
2026-09-30 23:13:29.972 Df TextInsertSpike[88624:c363d9] [com.apple.dt.xctest:Default] Received attributes request for element: AX element pid: 88624, elementOrHash.elementID: 4420202848.52. Attributes: (
    "XC_kAXXCAttributeValue"
)
2026-09-30 23:13:29.972 Sd TextInsertUITests-Runner[88528:0] (3D9A40AB-ACDF-3EC9-A223-5A041FBFFFCF) IOHIDManager State
{
    DispatchQueue = 0;
    RunLoop = 1;
    createOptions = 0;
    isOpen = 0;
    openOptions = 0;
}
2026-09-30 23:13:29.972 Df TextInsertSpike[88624:c363d9] [com.apple.dt.xctest:Default] XCTPerformOnMainRunLoop[not MT]: about to CFRunLoopPerform
2026-09-30 23:13:29.972 Df TextInsertSpike[88624:c363d9] [com.apple.dt.xctest:Default] XCTPerformOnMainRunLoop[not MT]: waiting with 30.00s responsiveness timeout
2026-09-30 23:13:29.972 Df TextInsertSpike[88624:c36233] [com.apple.dt.xctest:Default] XCTPerformOnMainRunLoop[MT]: inside CFRunLoopPerform
2026-09-30 23:13:29.973 Df TextInsertSpike[88624:c36233] [com.apple.dt.xctest:Default] XCTPerformOnMainRunLoop[MT]: MT responded in time (won the race to the busy flag)
2026-09-30 23:13:29.973 Df TextInsertSpike[88624:c363d9] [com.apple.dt.xctest:Default] XCTPerformOnMainRunLoop[not MT]: waiting 60.00s for work to complete
2026-09-30 23:13:29.973 Df TextInsertSpike[88624:c36233] [com.apple.dt.xctest:Default] Fetching AX attributes XC_kAXXCAttributeValue for AX element pid: 88624, elementOrHash.elementID: 4420202848.52
2026-09-30 23:13:29.973 Sd TextInsertUITests-Runner[88528:0] (3D9A40AB-ACDF-3EC9-A223-5A041FBFFFCF) IOHIDManager State
{
    DispatchQueue = 0;
    RunLoop = 1;
    createOptions = 0;
    isOpen = 0;
    openOptions = 0;
}
2026-09-30 23:13:29.973 Df TextInsertSpike[88624:c36233] [com.apple.dt.xctest:Default] Got attributes, transferring to dictionary for return.
2026-09-30 23:13:29.973 Df TextInsertSpike[88624:c363d9] [com.apple.dt.xctest:Default] Replying with attribute values: {
}
2026-09-30 23:13:29.974 Df TextInsertSpike[88624:c363d9] [com.apple.dt.xctest:Default] Received attributes request for element: AX element pid: 88624, elementOrHash.elementID: 4420202848.52. Attributes: (
    "XC_kAXXCAttributePlaceholderValue"
)
2026-09-30 23:13:29.974 Df TextInsertSpike[88624:c363d7] [com.apple.dt.xctest:Default] XCTPerformOnMainRunLoop[not MT]: about to CFRunLoopPerform
2026-09-30 23:13:29.974 Df TextInsertSpike[88624:c363d7] [com.apple.dt.xctest:Default] XCTPerformOnMainRunLoop[not MT]: waiting with 30.00s responsiveness timeout
2026-09-30 23:13:29.974 Df TextInsertSpike[88624:c36233] [com.apple.dt.xctest:Default] XCTPerformOnMainRunLoop[MT]: inside CFRunLoopPerform
2026-09-30 23:13:29.974 Df TextInsertSpike[88624:c36233] [com.apple.dt.xctest:Default] XCTPerformOnMainRunLoop[MT]: MT responded in time (won the race to the busy flag)
2026-09-30 23:13:29.974 Df TextInsertSpike[88624:c363d7] [com.apple.dt.xctest:Default] XCTPerformOnMainRunLoop[not MT]: waiting 60.00s for work to complete
2026-09-30 23:13:29.975 Df TextInsertSpike[88624:c36233] [com.apple.dt.xctest:Default] Fetching AX attributes XC_kAXXCAttributePlaceholderValue for AX element pid: 88624, elementOrHash.elementID: 4420202848.52
2026-09-30 23:13:29.975 Df TextInsertSpike[88624:c36233] [com.apple.dt.xctest:Default] Got attributes, transferring to dictionary for return.
2026-09-30 23:13:29.975 Df TextInsertSpike[88624:c363d7] [com.apple.dt.xctest:Default] Replying with attribute values: {
}
2026-09-30 23:13:29.976 Df TextInsertSpike[88624:c363d7] [com.apple.dt.xctest:Default] Received attributes request for element: AX element pid: 88624, elementOrHash.elementID: 4420202848.52. Attributes: (
    "XC_kAXXCAttributeFrame",
    "XC_kAXXCAttributeWindowDisplayId",
    "XC_kAXXCAttributeWindowContextId"
)
2026-09-30 23:13:29.976 Df TextInsertSpike[88624:c363d9] [com.apple.dt.xctest:Default] XCTPerformOnMainRunLoop[not MT]: about to CFRunLoopPerform
2026-09-30 23:13:29.976 Df TextInsertSpike[88624:c363d9] [com.apple.dt.xctest:Default] XCTPerformOnMainRunLoop[not MT]: waiting with 30.00s responsiveness timeout
2026-09-30 23:13:29.976 Df TextInsertSpike[88624:c36233] [com.apple.dt.xctest:Default] XCTPerformOnMainRunLoop[MT]: inside CFRunLoopPerform
2026-09-30 23:13:29.976 Df TextInsertSpike[88624:c36233] [com.apple.dt.xctest:Default] XCTPerformOnMainRunLoop[MT]: MT responded in time (won the race to the busy flag)
2026-09-30 23:13:29.976 Df TextInsertSpike[88624:c363d9] [com.apple.dt.xctest:Default] XCTPerformOnMainRunLoop[not MT]: waiting 60.00s for work to complete
2026-09-30 23:13:29.976 Df TextInsertSpike[88624:c36233] [com.apple.dt.xctest:Default] Fetching AX attributes XC_kAXXCAttributeFrame, XC_kAXXCAttributeWindowDisplayId, XC_kAXXCAttributeWindowContextId for AX element pid: 88624, elementOrHash.elementID: 4420202848.52
2026-09-30 23:13:29.976 Df TextInsertSpike[88624:c36233] [com.apple.dt.xctest:Default] Got attributes, transferring to dictionary for return.
2026-09-30 23:13:29.977 Df TextInsertSpike[88624:c363d9] [com.apple.dt.xctest:Default] Replying with attribute values: {
    "XC_kAXXCAttributeFrame" =     {
        Height = 52;
        Width = 370;
        X = 16;
        Y = 168;
    };
    "XC_kAXXCAttributeWindowContextId" = 2186709323;
    "XC_kAXXCAttributeWindowDisplayId" = 1;
}
2026-09-30 23:13:29.978 Df testmanagerd[88342:c35c4e] [com.apple.dt.xctest:Default] Fetching AX parameterized attribute 91505, parameter (
        {
        Height = 52;
        Width = 370;
        X = 16;
        Y = 168;
    },
    2186709323,
    1
) for Device system-wide element
2026-09-30 23:13:29.978 Df testmanagerd[88342:c35c4e] [com.apple.dt.xctest:Default] Decoded {
    Height = 52;
    Width = 370;
    X = 16;
    Y = 168;
} to rect
2026-09-30 23:13:29.978 Df testmanagerd[88342:c35c4e] [com.apple.dt.xctest:Default] Got AXElement for Device system-wide element: <AXUIElementRef 0x1046d0cc0> {pid=0} {uid=[ID:1 hash:0x0]}
2026-09-30 23:13:29.981 Df testmanagerd[88342:c35c4e] [com.apple.dt.xctest:Default] Value for parameterized attribute 91505: <AXValue 0x10454ca80> {value = x:16.000000 y:168.000000 w:370.000000 h:52.000000 type = kAXValueCGRectType}
2026-09-30 23:13:29.983 Df testmanagerd[88342:c35c4e] [com.apple.dt.xctest:Default] Fetching AX attributes XC_kAXXCAttributeSystemAppApplication for Device system-wide element
2026-09-30 23:13:29.983 Df testmanagerd[88342:c35c4e] [com.apple.dt.xctest:Default] Got attributes, transferring to dictionary for return.
2026-09-30 23:13:29.984 Df testmanagerd[88342:c35c4e] [com.apple.dt.xctest:Default] Fetching AX attributes XC_kAXXCAttributeFocusedApplications for AX element pid: 86754, elementOrHash.elementID: 0.1
2026-09-30 23:13:29.990 Df splashboardd[88625:c3628b] [com.apple.xpc:connection] [0x1044fc280] invalidated because the current process cancelled the connection by calling xpc_connection_cancel()
2026-09-30 23:13:29.990 Df SpringBoard[86754:c35fc1] [com.apple.xpc:connection] [0x115f7ae40] invalidated because the client process (pid 88625) either cancelled the connection or exited
2026-09-30 23:13:29.995 Df SpringBoard[86754:c334f8] [preflight:SceneHostedPreflight] [Preflighter: TCCs] com.tarunyadgirkar.prefill.spike.textinsert.uitests.xctrunner requires preflight: false
2026-09-30 23:13:29.995 Df SpringBoard[86754:c334f8] [preflight:SceneHostedPreflight] [Preflighter: ScreenTime] com.tarunyadgirkar.prefill.spike.textinsert.uitests.xctrunner requires preflight: false
2026-09-30 23:13:29.995 Df SpringBoard[86754:c334f8] [preflight:PreflightSceneExtension] Updated activePreflightSource source: nil
2026-09-30 23:13:29.995 Df SpringBoard[86754:c334f8] [preflight:PreflightSceneExtension] sceneID:com.tarunyadgirkar.prefill.spike.textinsert.uitests.xctrunner-default: returning requiresPreflight FALSE as there's no activePreflightSource
2026-09-30 23:13:29.995 Df SpringBoard[86754:c334f8] [preflight:PreflightSceneExtension] Updated activePreflightSource source: nil
2026-09-30 23:13:29.995 Df SpringBoard[86754:c334f8] [preflight:PreflightSceneExtension] com.apple.UIKit.remote-keyboard: returning requiresPreflight FALSE as there's no activePreflightSource
2026-09-30 23:13:29.995 Df SpringBoard[86754:c334f8] [preflight:SceneHostedPreflight] [Preflighter: TCCs] com.apple.Spotlight requires preflight: false
2026-09-30 23:13:29.996 Df SpringBoard[86754:c334f8] [preflight:SceneHostedPreflight] [Preflighter: ScreenTime] com.apple.Spotlight requires preflight: false
2026-09-30 23:13:29.996 Df SpringBoard[86754:c334f8] [preflight:PreflightSceneExtension] Updated activePreflightSource source: nil
2026-09-30 23:13:29.996 Df SpringBoard[86754:c334f8] [preflight:PreflightSceneExtension] SPUISearchViewSceneIdentifier: returning requiresPreflight FALSE as there's no activePreflightSource
2026-09-30 23:13:29.996 Df SpringBoard[86754:c334f8] [preflight:SceneHostedPreflight] [Preflighter: TCCs] com.tarunyadgirkar.prefill.spike.textinsert requires preflight: false
2026-09-30 23:13:29.996 Df SpringBoard[86754:c334f8] [preflight:SceneHostedPreflight] [Preflighter: ScreenTime] com.tarunyadgirkar.prefill.spike.textinsert requires preflight: false
2026-09-30 23:13:29.996 Df SpringBoard[86754:c334f8] [preflight:PreflightSceneExtension] Updated activePreflightSource source: nil
2026-09-30 23:13:29.996 Df SpringBoard[86754:c334f8] [preflight:PreflightSceneExtension] sceneID:com.tarunyadgirkar.prefill.spike.textinsert-85A7109D-B842-4933-8BBF-51C9DB391CCC: returning requiresPreflight FALSE as there's no activePreflightSource
2026-09-30 23:13:30.003 Df testmanagerd[88342:c35c4e] [com.apple.dt.xctest:Default] Got attributes, transferring to dictionary for return.
2026-09-30 23:13:30.006 Df TextInsertSpike[88624:c363d9] [com.apple.dt.xctest:Default] Received request to fetch matches for query: ↪︎ Descendants matching predicate identifier == "NotificationShortLookView" OR elementType == 7
2026-09-30 23:13:30.006 Df TextInsertSpike[88624:c363d7] [com.apple.dt.xctest:Default] Evaluating query:
 ↪︎ Descendants matching predicate identifier == "NotificationShortLookView" OR elementType == 7
2026-09-30 23:13:30.006 Df TextInsertSpike[88624:c363d7] [com.apple.dt.xctest:Default] Getting root element snapshot
2026-09-30 23:13:30.006 Df TextInsertSpike[88624:c363d7] [com.apple.dt.xctest:Default] Getting snapshot for App element pid: 88624 for query ↪︎ Descendants matching predicate identifier == "NotificationShortLookView" OR elementType == 7
2026-09-30 23:13:30.006 Df TextInsertSpike[88624:c363d7] [com.apple.dt.xctest:Default] Query requires iOS snapshot attributes XC_kAXXCAttributeElementType, XC_kAXXCAttributeElementBaseType, XC_kAXXCAttributeIdentifier, XC_kAXXCAttributeAutomationType, XC_kAXXCAttributeTraits.
2026-09-30 23:13:30.006 Df TextInsertSpike[88624:c363d7] [com.apple.dt.xctest:Default] XCTPerformOnMainRunLoop[not MT]: about to CFRunLoopPerform
2026-09-30 23:13:30.006 Df TextInsertSpike[88624:c363d7] [com.apple.dt.xctest:Default] XCTPerformOnMainRunLoop[not MT]: waiting with 30.00s responsiveness timeout
2026-09-30 23:13:30.006 Df TextInsertSpike[88624:c36233] [com.apple.dt.xctest:Default] XCTPerformOnMainRunLoop[MT]: inside CFRunLoopPerform
2026-09-30 23:13:30.006 Df TextInsertSpike[88624:c36233] [com.apple.dt.xctest:Default] XCTPerformOnMainRunLoop[MT]: MT responded in time (won the race to the busy flag)
2026-09-30 23:13:30.006 Df TextInsertSpike[88624:c363d7] [com.apple.dt.xctest:Default] XCTPerformOnMainRunLoop[not MT]: waiting 60.00s for work to complete
2026-09-30 23:13:30.006 Df TextInsertSpike[88624:c36233] [com.apple.dt.xctest:Default] Got main window <AXUIElementRef 0x10fcf4510> {pid=88624} {uid=[ID:4 hash:0x104aa0400]}
2026-09-30 23:13:30.007 Df TextInsertSpike[88624:c36233] [com.apple.dt.xctest:Default] Capturing hierarchy with attributes XC_kAXXCAttributeElementType, XC_kAXXCAttributeElementBaseType, XC_kAXXCAttributeParent, XC_kAXXCAttributeIdentifier, XC_kAXXCAttributeAutomationType, XC_kAXXCAttributeTraits
2026-09-30 23:13:30.007 Df TextInsertSpike[88624:c36233] [com.apple.dt.xctest:Default] Capturing hierarchy with parameters {
    attributes =     (
        5003,
        5004,
        5002,
        5019,
        5058,
        2004
    );
    maxArrayCount = 2147483647;
    maxChildren = 2147483647;
    maxDepth = 2147483647;
    snapshotKeyHonorModalViews = 0;
    traverseFromParentsToChildren = 1;
}
2026-09-30 23:13:30.007 Df TextInsertSpike[88624:c36233] [com.apple.dt.xctest:Default] Snapshot attributes 5003, 5004, 5002, 5019, 5058, 2004
2026-09-30 23:13:30.008 Df maild[86943:c3605c] [com.apple.xpc:connection] [0x105305400] invalidated because the current process cancelled the connection by calling xpc_connection_cancel()
2026-09-30 23:13:30.008 Df maild[86943:c3666d] [com.apple.xpc:connection] [0x105305680] invalidated because the current process cancelled the connection by calling xpc_connection_cancel()
2026-09-30 23:13:30.008 Df accountsd[86760:c3602c] [com.apple.xpc:connection] [0x103d13480] invalidated because the client process (pid 86943) either cancelled the connection or exited
2026-09-30 23:13:30.008 Df accountsd[86760:c3623a] [com.apple.xpc:connection] [0x103d13340] invalidated because the client process (pid 86943) either cancelled the connection or exited
2026-09-30 23:13:30.012 Df TextInsertSpike[88624:c36233] [com.apple.dt.xctest:Default] Got snapshot for <AXUIElementRef 0x10fca1050> {pid=88624} {uid=[ID:1 hash:0x0]}
2026-09-30 23:13:30.012 Df TextInsertSpike[88624:c36233] [com.apple.dt.xctest:Default] Got app orientation 0
2026-09-30 23:13:30.013 Df TextInsertSpike[88624:c36233] [com.apple.dt.xctest:Default] Captured accessibility snapshot data in 0.01s
2026-09-30 23:13:30.013 Df TextInsertSpike[88624:c363d7] [com.apple.dt.xctest:Default] Found main window: Window
2026-09-30 23:13:30.013 Df TextInsertSpike[88624:c363d7] [com.apple.dt.xctest:Default] Preferring automation type 48 instead of legacy element type OTHER derived from class/trait: UILabel:UILabel 8590000128
2026-09-30 23:13:30.013 Df TextInsertSpike[88624:c363d7] [com.apple.dt.xctest:Default] CollectionView is not actually a child of Other, including at this point anyway (rdar://problem/20738636)
2026-09-30 23:13:30.013 Df TextInsertSpike[88624:c363d7] [com.apple.dt.xctest:Default] Preferring automation type 24 instead of legacy element type OTHER derived from class/trait: _UIFloatingBarContainerView:_UIFloatingBarContainerView 8589934592
2026-09-30 23:13:30.013 Df TextInsertSpike[88624:c363d7] [com.apple.dt.xctest:Default] Other is not actually a child of Other, including at this point anyway (rdar://problem/20738636)
2026-09-30 23:13:30.013 Df TextInsertSpike[88624:c363d7] [com.apple.dt.xctest:Default] XCTPerformOnMainRunLoop[not MT]: about to CFRunLoopPerform
2026-09-30 23:13:30.013 Df TextInsertSpike[88624:c363d7] [com.apple.dt.xctest:Default] XCTPerformOnMainRunLoop[not MT]: waiting with 30.00s responsiveness timeout
2026-09-30 23:13:30.013 Df TextInsertSpike[88624:c36233] [com.apple.dt.xctest:Default] XCTPerformOnMainRunLoop[MT]: inside CFRunLoopPerform
2026-09-30 23:13:30.013 Df TextInsertSpike[88624:c36233] [com.apple.dt.xctest:Default] XCTPerformOnMainRunLoop[MT]: MT responded in time (won the race to the busy flag)
2026-09-30 23:13:30.013 Df TextInsertSpike[88624:c363d7] [com.apple.dt.xctest:Default] XCTPerformOnMainRunLoop[not MT]: waiting 60.00s for work to complete
2026-09-30 23:13:30.013 Df TextInsertSpike[88624:c36233] [com.apple.dt.xctest:Default] XCTElementQuery: set data source for rootElementSnapshot to <XCTAutomationSession: 0x1075045b0>
2026-09-30 23:13:30.013 Df TextInsertSpike[88624:c363d7] [com.apple.dt.xctest:Default] Finding all matches with input Application, pid: 88624 using transformers 
↪︎ Descendants matching predicate identifier == "NotificationShortLookView" OR elementType == 7
2026-09-30 23:13:30.013 Df TextInsertSpike[88624:c363d7] [com.apple.dt.xctest:Default] [Match All] applied transformer `Descendants matching predicate identifier == "NotificationShortLookView" OR elementType == 7` to input {(
    Application, pid: 88624
)}, found {(
)}
2026-09-30 23:13:30.014 Df TextInsertSpike[88624:c363d7] [com.apple.dt.xctest:Default] [Match All] setting out related elements in early return {(
)}
2026-09-30 23:13:30.014 Df TextInsertSpike[88624:c363d7] [com.apple.dt.xctest:Default] Current tree:
Application, 0x108147200, pid: 88624 <App element pid: 88624>
  Window (Main), 0x108146e40 <AX element pid: 88624, elementOrHash.elementID: 4373218304.4>
    Other, 0x1081466c0 <AX element pid: 88624, elementOrHash.elementID: 4374417408.5>
      Other, 0x1081443c0 <AX element pid: 88624, elementOrHash.elementID: 4417594112.6>
        Other, 0x108144280 <AX element pid: 88624, elementOrHash.elementID: 4373217280.7>
          Other, 0x108144140 <AX element pid: 88624, elementOrHash.elementID: 4420190368.8>
            Other, 0x108144f00 <AX element pid: 88624, elementOrHash.elementID: 4374420992.9>
              NavigationBar, 0x1081470c0, identifier: 'Prefill Spike' <AX element pid: 88624, elementOrHash.elementID: 4417378304.10>
                StaticText, 0x108147480 <AX element pid: 88624, elementOrHash.elementID: 4374236672.13>
              Other, 0x108147700 <AX element pid: 88624, elementOrHash.elementID: 4374237568.11>
                Other, 0x108147340 <AX element pid: 88624, elementOrHash.elementID: 4374244288.14>
                  Other, 0x108145040 <AX element pid: 88624, elementOrHash.elementID: 4420288512.16>
                    Other, 0x108144b40 <AX element pid: 88624, elementOrHash.elementID: 4420202528.17>
                      CollectionView, 0x108145680 <AX element pid: 88624, elementOrHash.elementID: 4416651264.18>
                        Other, 0x1081452c0 <AX element pid: 88624, elementOrHash.elementID: 4374278144.19>
                        Other, 0x108144000 <AX element pid: 88624, elementOrHash.elementID: 4374240704.20>
                          Other, 0x1081448c0 <AX element pid: 88624, elementOrHash.elementID: 4374243840.30>
                        Other, 0x108144c80 <AX element pid: 88624, elementOrHash.elementID: 4374240256.21>
                        Cell, 0x108144dc0 <AX element pid: 88624, elementOrHash.elementID: 4373287936.22>
                          Other, 0x108145180 <AX element pid: 88624, elementOrHash.elementID: 4374269440.31>
                            Other, 0x108145400 <AX element pid: 88624, elementOrHash.elementID: 4374246976.40>
                          Other, 0x1081457c0 <AX element pid: 88624, elementOrHash.elementID: 4374246528.32>
                            Other, 0x108145900 <AX element pid: 88624, elementOrHash.elementID: 4373139968.41>
                              Other, 0x108145a40 <AX element pid: 88624, elementOrHash.elementID: 4420202688.48>
                                Button, 0x1081461c0, identifier: 'turnOn' <AX element pid: 88624, elementOrHash.elementID: 4420202848.52>
                        Cell, 0x108146580 <AX element pid: 88624, elementOrHash.elementID: 4373289216.23>
                          Other, 0x108146440 <AX element pid: 88624, elementOrHash.elementID: 4374273024.33>
                            Other, 0x108145540 <AX element pid: 88624, elementOrHash.elementID: 4374247872.42>
                          Other, 0x108146800 <AX element pid: 88624, elementOrHash.elementID: 4374247424.34>
                            Other, 0x108146940 <AX element pid: 88624, elementOrHash.elementID: 4373141504.43>
                              Other, 0x108146f80 <AX element pid: 88624, elementOrHash.elementID: 4420203008.49>
                                StaticText, 0x108147e80, identifier: 'status' <AX element pid: 88624, elementOrHash.elementID: 4420203168.53>
                        Other, 0x107781e00 <AX element pid: 88624, elementOrHash.elementID: 4374279168.24>
                        Other, 0x107782bc0 <AX element pid: 88624, elementOrHash.elementID: 4374279680.25>
                        Cell, 0x104a8bd40 <AX element pid: 88624, elementOrHash.elementID: 4373290496.26>
                          Other, 0x104a8be80 <AX element pid: 88624, elementOrHash.elementID: 4374276096.35>
                            Other, 0x104a89a40 <AX element pid: 88624, elementOrHash.elementID: 4374248768.44>
                          Other, 0x104a8b480 <AX element pid: 88624, elementOrHash.elementID: 4374248320.36>
                            Other, 0x104a8b0c0 <AX element pid: 88624, elementOrHash.elementID: 4373143040.45>
                              Other, 0x104a8ae40 <AX element pid: 88624, elementOrHash.elementID: 4420203328.50>
                                Button, 0x104a8b840, identifier: 'openSettings' <AX element pid: 88624, elementOrHash.elementID: 4420203488.54>
                        Cell, 0x104a8a6c0 <AX element pid: 88624, elementOrHash.elementID: 4373291776.27>
                          Other, 0x104a8a1c0 <AX element pid: 88624, elementOrHash.elementID: 4374277120.37>
                            Other, 0x104a8a940 <AX element pid: 88624, elementOrHash.elementID: 4431823296.46>
                          Other, 0x104a8aa80 <AX element pid: 88624, elementOrHash.elementID: 4431822848.38>
                            Other, 0x107717980 <AX element pid: 88624, elementOrHash.elementID: 4373144576.47>
                              Other, 0x107716d00 <AX element pid: 88624, elementOrHash.elementID: 4420204128.51>
                                Button, 0x1077175c0, identifier: 'nativeFields' <AX element pid: 88624, elementOrHash.elementID: 4420203968.55>
                                  StaticText, 0x107717700 <AX element pid: 88624, elementOrHash.elementID: 4420203808.56>
                                  Image, 0x1077170c0, identifier: 'chevron.forward' <AX element pid: 88624, elementOrHash.elementID: 4420203648.57>
                        Other, 0x107717ac0 <AX element pid: 88624, elementOrHash.elementID: 4374280192.28>
                        Other, 0x107717d40 <AX element pid: 88624, elementOrHash.elementID: 4373998080.29>
                          Other, 0x107716440 <AX element pid: 88624, elementOrHash.elementID: 4374246080.39>
                        Other, 0x107716e40 <AX element pid: 88624, elementOrHash.elementID: 4373998080.29>
                          Other, 0x107716800 <AX element pid: 88624, elementOrHash.elementID: 4374246080.39>
              Toolbar, 0x107716a80, identifier: 'Toolbar' <AX element pid: 88624, elementOrHash.elementID: 4374421504.12>
                Other, 0x107716940 <AX element pid: 88624, elementOrHash.elementID: 4374422016.15>
2026-09-30 23:13:30.014 Df TextInsertSpike[88624:c363d7] [com.apple.dt.xctest:Default] Query ↪︎ Descendants matching predicate identifier == "NotificationShortLookView" OR elementType == 7 found matching snapshots: {(
)} (error: (null))
2026-09-30 23:13:30.015 Df TextInsertSpike[88624:c363d7] [com.apple.dt.xctest:Default] Replying to query ↪︎ Descendants matching predicate identifier == "NotificationShortLookView" OR elementType == 7 with results: <XCTElementQueryResults: 0x104af35d0> (error: (null))
2026-09-30 23:13:30.016 Df testmanagerd[88342:c35c4e] [com.apple.dt.xctest:Default] Fetching AX attributes XC_kAXXCAttributeIsValid for AX element pid: 88624, elementOrHash.elementID: 4373218304.4
2026-09-30 23:13:30.016 Df testmanagerd[88342:c35c4e] [com.apple.dt.xctest:Default] Got attributes, transferring to dictionary for return.
2026-09-30 23:13:30.018 Df TextInsertSpike[88624:c363d7] [com.apple.dt.xctest:Default] Received attributes request for element: AX element pid: 88624, elementOrHash.elementID: 4420202848.52. Attributes: (
    "XC_kAXXCAttributeVisiblePoint"
)
2026-09-30 23:13:30.018 Df TextInsertSpike[88624:c363d9] [com.apple.dt.xctest:Default] XCTPerformOnMainRunLoop[not MT]: about to CFRunLoopPerform
2026-09-30 23:13:30.018 Df TextInsertSpike[88624:c363d9] [com.apple.dt.xctest:Default] XCTPerformOnMainRunLoop[not MT]: waiting with 30.00s responsiveness timeout
2026-09-30 23:13:30.018 Df TextInsertSpike[88624:c36233] [com.apple.dt.xctest:Default] XCTPerformOnMainRunLoop[MT]: inside CFRunLoopPerform
2026-09-30 23:13:30.018 Df TextInsertSpike[88624:c36233] [com.apple.dt.xctest:Default] XCTPerformOnMainRunLoop[MT]: MT responded in time (won the race to the busy flag)
2026-09-30 23:13:30.018 Df TextInsertSpike[88624:c363d9] [com.apple.dt.xctest:Default] XCTPerformOnMainRunLoop[not MT]: waiting 60.00s for work to complete
2026-09-30 23:13:30.018 Df TextInsertSpike[88624:c36233] [com.apple.dt.xctest:Default] Fetching AX attributes XC_kAXXCAttributeVisiblePoint for AX element pid: 88624, elementOrHash.elementID: 4420202848.52
2026-09-30 23:13:30.043 E  cfprefsd[86798:c335b8] [com.apple.defaults:cfprefsd] Couldn't open /Library/Managed Preferences/mobile/com.apple.keyboard.preferences.plist due to No such file or directory
2026-09-30 23:13:30.043 E  cfprefsd[86798:c335b8] [com.apple.defaults:cfprefsd] Couldn't open /Library/Managed Preferences/com.apple.keyboard.preferences.plist due to No such file or directory
2026-09-30 23:13:30.043 E  cfprefsd[86798:c335b8] [com.apple.defaults:cfprefsd] Couldn't open /Users/tarunyadgirkar/Library/Developer/CoreSimulator/Devices/CF361191-F960-4212-9B76-7C41256A11C9/data/Containers/Data/Application/C1596C01-4520-4EAC-92DB-31EEA4E23A6C/Library/Preferences/com.apple.keyboard.preferences.plist due to No such file or directory
2026-09-30 23:13:30.043 E  cfprefsd[86798:c335b8] [com.apple.defaults:cfprefsd] Couldn't open /Users/tarunyadgirkar/Library/Developer/CoreSimulator/Devices/CF361191-F960-4212-9B76-7C41256A11C9/data/Containers/Data/Application/C1596C01-4520-4EAC-92DB-31EEA4E23A6C/Library/Preferences/ByHost/com.apple.keyboard.preferences..plist due to No such file or directory
2026-09-30 23:13:30.047 E  TextInsertSpike[88624:c36233] [com.apple.Accessibility:AXRuntimeCommon] Unknown client: TextInsertSpike
2026-09-30 23:13:30.049 Df TextInsertSpike[88624:c36233] [com.apple.dt.xctest:Default] Got attributes, transferring to dictionary for return.
2026-09-30 23:13:30.049 Df TextInsertSpike[88624:c363d9] [com.apple.dt.xctest:Default] Replying with attribute values: {
    "XC_kAXXCAttributeVisiblePoint" =     {
        X = 201;
        Y = 194;
    };
}
2026-09-30 23:13:30.049 Df testmanagerd[88342:c35c4e] [com.apple.dt.xctest:Default] Fetching AX parameterized attribute 91503, parameter (
        {
        X = 201;
        Y = 194;
    },
    2186709323,
    1
) for Device system-wide element
2026-09-30 23:13:30.049 Df testmanagerd[88342:c35c4e] [com.apple.dt.xctest:Default] Decoded {
    X = 201;
    Y = 194;
} to point
2026-09-30 23:13:30.049 Df testmanagerd[88342:c35c4e] [com.apple.dt.xctest:Default] Got AXElement for Device system-wide element: <AXUIElementRef 0x1046d0ed0> {pid=0} {uid=[ID:1 hash:0x0]}
2026-09-30 23:13:30.050 Df testmanagerd[88342:c35c4e] [com.apple.dt.xctest:Default] Value for parameterized attribute 91503: <AXValue 0x1046d1140> {value = x:201.000000 y:194.000000 type = kAXValueCGPointType}
2026-09-30 23:13:30.051 Df TextInsertSpike[88624:c363d9] [com.apple.dt.xctest:Default] Received attributes request for element: AX element pid: 88624, elementOrHash.elementID: 4420202848.52. Attributes: (
    "XC_kAXXCAttributeSystemAutomationProperties"
)
2026-09-30 23:13:30.051 Df TextInsertSpike[88624:c363d1] [com.apple.dt.xctest:Default] XCTPerformOnMainRunLoop[not MT]: about to CFRunLoopPerform
2026-09-30 23:13:30.051 Df TextInsertSpike[88624:c363d1] [com.apple.dt.xctest:Default] XCTPerformOnMainRunLoop[not MT]: waiting with 30.00s responsiveness timeout
2026-09-30 23:13:30.051 Df TextInsertSpike[88624:c36233] [com.apple.dt.xctest:Default] XCTPerformOnMainRunLoop[MT]: inside CFRunLoopPerform
2026-09-30 23:13:30.051 Df TextInsertSpike[88624:c36233] [com.apple.dt.xctest:Default] XCTPerformOnMainRunLoop[MT]: MT responded in time (won the race to the busy flag)
2026-09-30 23:13:30.051 Df TextInsertSpike[88624:c363d1] [com.apple.dt.xctest:Default] XCTPerformOnMainRunLoop[not MT]: waiting 60.00s for work to complete
2026-09-30 23:13:30.051 Df TextInsertSpike[88624:c36233] [com.apple.dt.xctest:Default] Fetching AX attributes XC_kAXXCAttributeSystemAutomationProperties for AX element pid: 88624, elementOrHash.elementID: 4420202848.52
2026-09-30 23:13:30.051 Df TextInsertSpike[88624:c36233] [com.apple.dt.xctest:Default] Got attributes, transferring to dictionary for return.
2026-09-30 23:13:30.051 Df TextInsertSpike[88624:c363d1] [com.apple.dt.xctest:Default] Replying with attribute values: {
}
2026-09-30 23:13:30.052 Df TextInsertSpike[88624:c363d1] [com.apple.dt.xctest:Default] Received attributes request for element: AX element pid: 88624, elementOrHash.elementID: 4373218304.4. Attributes: (
    "XC_kAXXCAttributeFrame",
    "XC_kAXXCAttributeWindowDisplayId",
    "XC_kAXXCAttributeWindowContextId"
)
2026-09-30 23:13:30.052 Df TextInsertSpike[88624:c363d1] [com.apple.dt.xctest:Default] XCTPerformOnMainRunLoop[not MT]: about to CFRunLoopPerform
2026-09-30 23:13:30.052 Df TextInsertSpike[88624:c363d1] [com.apple.dt.xctest:Default] XCTPerformOnMainRunLoop[not MT]: waiting with 30.00s responsiveness timeout
2026-09-30 23:13:30.052 Df TextInsertSpike[88624:c36233] [com.apple.dt.xctest:Default] XCTPerformOnMainRunLoop[MT]: inside CFRunLoopPerform
2026-09-30 23:13:30.052 Df TextInsertSpike[88624:c36233] [com.apple.dt.xctest:Default] XCTPerformOnMainRunLoop[MT]: MT responded in time (won the race to the busy flag)
2026-09-30 23:13:30.052 Df TextInsertSpike[88624:c363d1] [com.apple.dt.xctest:Default] XCTPerformOnMainRunLoop[not MT]: waiting 60.00s for work to complete
2026-09-30 23:13:30.052 Df TextInsertSpike[88624:c36233] [com.apple.dt.xctest:Default] Fetching AX attributes XC_kAXXCAttributeFrame, XC_kAXXCAttributeWindowDisplayId, XC_kAXXCAttributeWindowContextId for AX element pid: 88624, elementOrHash.elementID: 4373218304.4
2026-09-30 23:13:30.052 Df TextInsertSpike[88624:c36233] [com.apple.dt.xctest:Default] Got attributes, transferring to dictionary for return.
2026-09-30 23:13:30.052 Df TextInsertSpike[88624:c363d1] [com.apple.dt.xctest:Default] Replying with attribute values: {
    "XC_kAXXCAttributeFrame" =     {
        Height = 874;
        Width = 402;
        X = 0;
        Y = 0;
    };
    "XC_kAXXCAttributeWindowContextId" = 2186709323;
    "XC_kAXXCAttributeWindowDisplayId" = 1;
}
2026-09-30 23:13:30.053 Df testmanagerd[88342:c35c4e] [com.apple.dt.xctest:Default] Fetching AX parameterized attribute 91505, parameter (
        {
        Height = 874;
        Width = 402;
        X = 0;
        Y = 0;
    },
    2186709323,
    1
) for Device system-wide element
2026-09-30 23:13:30.053 Df testmanagerd[88342:c35c4e] [com.apple.dt.xctest:Default] Decoded {
    Height = 874;
    Width = 402;
    X = 0;
    Y = 0;
} to rect
2026-09-30 23:13:30.053 Df testmanagerd[88342:c35c4e] [com.apple.dt.xctest:Default] Got AXElement for Device system-wide element: <AXUIElementRef 0x1046d0ff0> {pid=0} {uid=[ID:1 hash:0x0]}
2026-09-30 23:13:30.053 Df testmanagerd[88342:c35c4e] [com.apple.dt.xctest:Default] Value for parameterized attribute 91505: <AXValue 0x10454c6c0> {value = x:0.000000 y:0.000000 w:402.000000 h:874.000000 type = kAXValueCGRectType}
2026-09-30 23:13:30.054 Df testmanagerd[88342:c35c4e] [com.apple.dt.xctest:Default] Synthesizing event with implicit confirmation interval 5: 
<XCSynthesizedEventRecord 'tap display 1'>
Path 1:
	Touch down at 201.0, 194.0, offset=0.00s
	Touch up at 201.0, 194.0, offset=0.05s
2026-09-30 23:13:30.056 Df testmanagerd[88342:c35c4e] [com.apple.dt.xctest:Default] Registering for user testing event TouchEventsCompleted
2026-09-30 23:13:30.056 Df testmanagerd[88342:c35c4e] [com.apple.dt.xctest:Default] current event time offset 0.000
2026-09-30 23:13:30.056 Df testmanagerd[88342:c35c4e] [com.apple.dt.xctest:Default] current: Touch down at 201.0, 194.0, offset=0.00s
2026-09-30 23:13:30.056 Df testmanagerd[88342:c35c4e] [com.apple.dt.xctest:Default] touch down {201, 194}
2026-09-30 23:13:30.056 Df testmanagerd[88342:c35c4e] [com.apple.dt.xctest:Default] Added action for event state <_XCSynthesizedTouchEventState: 0x1044e20c0> offset:0.000
down touch:{
    1 = "<_XCSynthesizedPointerEvent: 0x1045d1980> {201, 194}";
}
2026-09-30 23:13:30.056 Df testmanagerd[88342:c35c4e] [com.apple.dt.xctest:Default] current event time offset 0.050
2026-09-30 23:13:30.056 Df testmanagerd[88342:c35c4e] [com.apple.dt.xctest:Default] current: Touch up at 201.0, 194.0, offset=0.05s
2026-09-30 23:13:30.056 Df testmanagerd[88342:c35c4e] [com.apple.dt.xctest:Default] touch move {201, 194} with pressure 0.0000
2026-09-30 23:13:30.056 Df testmanagerd[88342:c35c4e] [com.apple.dt.xctest:Default] touch up {201, 194}
2026-09-30 23:13:30.056 Df testmanagerd[88342:c35c4e] [com.apple.dt.xctest:Default] Added action for event state <_XCSynthesizedTouchEventState: 0x1044e2040> offset:0.050
update touch:{
    1 = "<_XCSynthesizedPointerEvent: 0x1045d1a00> {201, 194}";
}
lift touch:{
    1 = "<_XCSynthesizedPointerEvent: 0x1045d1a20> {201, 194}";
}
2026-09-30 23:13:30.056 Df testmanagerd[88342:c35c4e] [com.apple.dt.xctest:Default] Using touch screen digitizer sender for main display (ID 1)
2026-09-30 23:13:30.062 Df testmanagerd[88342:c35c4e] [com.apple.FrontBoard:Common] [SBSSystemServiceClient:0x1044a2640] Activating service facility
2026-09-30 23:13:30.062 Df SpringBoard[86754:c35f97] [com.apple.FrontBoard:Common] [FBServiceFacilityServer] Client osservice<com.apple.testmanagerd>:88342 connected to service com.apple.springboardservices.system
2026-09-30 23:13:30.062 Df testmanagerd[88342:c35c50] [com.apple.FrontBoard:Common] [SBSSystemServiceClient:0x1044a2640] Service facility connection activation received.
2026-09-30 23:13:30.065 Df SpringBoard[86754:c35f97] [com.apple.SpringBoard:Common] [SBTestAutomationService] Received client request to get active display window scene display identifier
2026-09-30 23:13:30.065 Df testmanagerd[88342:c35c4e] [com.apple.recap:Playback] Updating properties for display returned as active BC6F68B5-CC6C-4F60-9C6E-3F8096AB8042
2026-09-30 23:13:30.065 Df testmanagerd[88342:c35c4e] [com.apple.dt.xctest:Default] Recap event action playback initiated
2026-09-30 23:13:30.065 Df testmanagerd[88342:c35c4e] [com.apple.recap:Playback] setSenderProperties: Looking for screen with displayUUID BC6F68B5-CC6C-4F60-9C6E-3F8096AB8042
2026-09-30 23:13:30.065 Df testmanagerd[88342:c35c4e] [com.apple.recap:Playback] setSenderProperties: Found matching screen with pointSize={402, 874}, scale=3.0
2026-09-30 23:13:30.065 Df testmanagerd[88342:c35c4e] [com.apple.recap:Playback] _normalizePoint: input={201.0, 194.0}, _gsScreenPointSize={1206, 2622}, scale=3.0, output={0.500000, 0.221968}
2026-09-30 23:13:30.065 Df testmanagerd[88342:c35c4e] [com.apple.recap:Playback] _normalizePoint: input={201.0, 194.0}, _gsScreenPointSize={1206, 2622}, scale=3.0, output={0.500000, 0.221968}
2026-09-30 23:13:30.068 Df testmanagerd[88342:c35c4e] [com.apple.recap:Playback] _normalizePoint: input={201.0, 194.0}, _gsScreenPointSize={1206, 2622}, scale=3.0, output={0.500000, 0.221968}
2026-09-30 23:13:30.068 Df testmanagerd[88342:c35c4e] [com.apple.recap:Playback] _normalizePoint: input={201.0, 194.0}, _gsScreenPointSize={1206, 2622}, scale=3.0, output={0.500000, 0.221968}
2026-09-30 23:13:30.068 Df testmanagerd[88342:c35c4e] [com.apple.recap:Playback] _normalizePoint: input={201.0, 194.0}, _gsScreenPointSize={1206, 2622}, scale=3.0, output={0.500000, 0.221968}
2026-09-30 23:13:30.068 Df testmanagerd[88342:c35c4e] [com.apple.recap:Playback] _normalizePoint: input={201.0, 194.0}, _gsScreenPointSize={1206, 2622}, scale=3.0, output={0.500000, 0.221968}
2026-09-30 23:13:30.068 Df testmanagerd[88342:c35c4e] [com.apple.recap:Playback] _normalizePoint: input={201.0, 194.0}, _gsScreenPointSize={1206, 2622}, scale=3.0, output={0.500000, 0.221968}
2026-09-30 23:13:30.068 Df testmanagerd[88342:c35c4e] [com.apple.recap:Playback] _normalizePoint: input={201.0, 194.0}, _gsScreenPointSize={1206, 2622}, scale=3.0, output={0.500000, 0.221968}
2026-09-30 23:13:30.068 Df testmanagerd[88342:c35c4e] [com.apple.recap:Playback] _normalizePoint: input={201.0, 194.0}, _gsScreenPointSize={1206, 2622}, scale=3.0, output={0.500000, 0.221968}
2026-09-30 23:13:30.068 Df testmanagerd[88342:c35c4e] [com.apple.recap:Playback] _normalizePoint: input={201.0, 194.0}, _gsScreenPointSize={1206, 2622}, scale=3.0, output={0.500000, 0.221968}
2026-09-30 23:13:30.068 Df testmanagerd[88342:c35c4e] [com.apple.recap:Playback] _normalizePoint: input={201.0, 194.0}, _gsScreenPointSize={1206, 2622}, scale=3.0, output={0.500000, 0.221968}
2026-09-30 23:13:30.068 Df testmanagerd[88342:c35c4e] [com.apple.recap:Playback] _normalizePoint: input={201.0, 194.0}, _gsScreenPointSize={1206, 2622}, scale=3.0, output={0.500000, 0.221968}
2026-09-30 23:13:30.068 Df testmanagerd[88342:c35c4e] [com.apple.recap:Playback] _normalizePoint: input={201.0, 194.0}, _gsScreenPointSize={1206, 2622}, scale=3.0, output={0.500000, 0.221968}
2026-09-30 23:13:30.068 Df testmanagerd[88342:c35c4e] [com.apple.recap:Playback] _normalizePoint: input={201.0, 194.0}, _gsScreenPointSize={1206, 2622}, scale=3.0, output={0.500000, 0.221968}
2026-09-30 23:13:30.068 Df testmanagerd[88342:c35c4e] [com.apple.recap:Playback] _normalizePoint: input={201.0, 194.0}, _gsScreenPointSize={1206, 2622}, scale=3.0, output={0.500000, 0.221968}
2026-09-30 23:13:30.068 Df testmanagerd[88342:c35c4e] [com.apple.recap:Playback] _normalizePoint: input={201.0, 194.0}, _gsScreenPointSize={1206, 2622}, scale=3.0, output={0.500000, 0.221968}
2026-09-30 23:13:30.068 Df testmanagerd[88342:c35c4e] [com.apple.recap:Playback] _normalizePoint: input={201.0, 194.0}, _gsScreenPointSize={1206, 2622}, scale=3.0, output={0.500000, 0.221968}
2026-09-30 23:13:30.164 A  runningboardd[86757:c35b22] (RunningBoard) invalidateAssertionWithIdentifier
2026-09-30 23:13:30.164 Df runningboardd[86757:c35b22] [com.apple.runningboard:ttl] Invalidating assertion 86757-88528-4978 (target:[app<com.tarunyadgirkar.prefill.spike.textinsert.uitests.xctrunner((null))>:88528]) from originator [app<com.tarunyadgirkar.prefill.spike.textinsert.uitests.xctrunner((null))>:88528]
2026-09-30 23:13:30.174 Df testmanagerd[88342:c35c50] [com.apple.recap:Playback] Creating virtual HID service with display UUID: BC6F68B5-CC6C-4F60-9C6E-3F8096AB8042, senderID: 0x0
2026-09-30 23:13:30.182 Df backboardd[86775:c34daf] [com.apple.iohid:default] Connection added: IOHIDEventSystemConnection uuid:9E16496F-BEA7-4DBB-BBD3-7C2924AF542D pid:88342 process:testmanagerd type:Simple entitlements:0x1c caller:HID: -[HIDEventSystemClient initWithType:andAttributes:] + 96 attributes:(null) state:0x0 events:0 mask:0x0 dropped:0 dropStatus:0 droppedMask:0x0 lastDroppedTime:NONE
2026-09-30 23:13:30.183 Df backboardd[86775:c34c9b] [com.apple.iohid:connection] 9E16496F-BEA7-4DBB-BBD3-7C2924AF542D: HIDVS ID:10b24c0000000 create
2026-09-30 23:13:30.183 Df backboardd[86775:c337ba] [com.apple.iohid:default] Add filter:IOHIDServiceFilter uuid:01756C3A-C29D-4538-B5E6-ABAED34F55CC name:com.apple.iokit.hid.IOHIDEventProcessorFilter  for service:0x10b24c0000000
2026-09-30 23:13:30.184 Df backboardd[86775:c337ba] [com.apple.iohid:default] Service added: IOHIDService name: id:0x10b24c0000000 primaryUsagePage:0xd primaryUsage:0x4 transport:Recap locationID:recap-bus-0 reportInterval:0 batchInterval:0 events:0 mask:0x0 sensorcontrols:7
2026-09-30 23:13:30.186 Df backboardd[86775:c337ba] [com.apple.BackBoard:HID] Services added: [<BKIOHIDService: 0x10b1dc8c0; senderID: 0x10B24C0000000; eventSource: verifiedExternalAccessory; primaryUsagePage: 0xD; primaryUsage: 0x4; transport: Recap; displayUUID: BC6F68B5-CC6C-4F60-9C6E-3F8096AB8042; authenticated>]
2026-09-30 23:13:30.186 Df backboardd[86775:c337ba] [com.apple.BackBoard:HID] cache sender info for senderID:10B24C0000000 -- BKIOHIDService
2026-09-30 23:13:30.186 Df backboardd[86775:c337ba] [com.apple.BackBoard:TouchEvents] digitizer attached (sender 10B24C0000000) service:<BKIOHIDService: 0x10b1dc8c0; senderID: 0x10B24C0000000; eventSource: verifiedExternalAccessory; primaryUsagePage: 0xD; primaryUsage: 0x4; transport: Recap; displayUUID: BC6F68B5-CC6C-4F60-9C6E-3F8096AB8042; authenticated; serviceStatus: matched>
2026-09-30 23:13:30.186 Df backboardd[86775:c337ba] [com.apple.BackBoard:TouchEvents] service 10B24C0000000 setProperty:480 forKey:QuantizationDPI
2026-09-30 23:13:30.186 Df backboardd[86775:c337ba] [com.apple.BackBoard:TouchEvents] service 10B24C0000000 restore persistent props {
    GraphicsOrientation = 1;
}
2026-09-30 23:13:30.187 Df backboardd[86775:c337ba] [com.apple.BackBoard:TouchEvents] init: <BKDirectTouchState: 0x10a795700; touchScreen; accessory; builtIn: NO; displayIntegrated: YES; authenticated: YES; displayUUID: BC6F68B5-CC6C-4F60-9C6E-3F8096AB8042; senderID: 0x10B24C0000000; contacts: contacts: []; destinations: []; latentSystemGestureDestinations: ()>
2026-09-30 23:13:30.188 Df testmanagerd[88342:c35c50] [com.apple.recap:Playback] new virtual service <RCPVirtualHIDService: 0x104628d70> (recapulon) 0x0D/0x04: (Recap) touchscreen digitizer
2026-09-30 23:13:30.188 E  backboardd[86775:c337ba] [com.apple.BackBoard:TouchEvents] [10B24C0000000] touch down without previous range event: 2
2026-09-30 23:13:30.188 Df backboardd[86775:c337ba] [com.apple.BackBoard:TouchEvents] [10B24C0000000] contact 2 presence: touching
2026-09-30 23:13:30.188 Df backboardd[86775:c337ba] [com.apple.BackBoard:TouchEvents] Touch entered (insideExclusive) <BKSHitTestRegion: 0x10a6dc0e0; {{0, 0}, {402, 874}}; exclusive: {{0, 0}, {402, 874}}>
2026-09-30 23:13:30.192 Df AutomationModeUI[88564:c36154] [com.apple.dt.AutomationModeUI:Default] Notifying delegate that user interaction (non-synthetic events) began.
2026-09-30 23:13:30.192 Df AutomationModeUI[88564:c36154] [com.apple.dt.AutomationModeUI:Default] User did become active, updating UI, fading overlay for main display
2026-09-30 23:13:30.193 Df backboardd[86775:c3357a] [com.apple.AttentionAwareness:AttentionAwareness]  515603.19613: notify client com.apple.siri.AttentionAwareness.Touch of <AWDigitizerButtonKeyboardAttentionEvent: 0x10b1f7d00> (timestamp:  515603.19120 sender 4481469088 displayUUID BC6F68B5-CC6C-4F60-9C6E-3F8096AB8042 tagIndex 0 (tag not present in server))
2026-09-30 23:13:30.193 Df backboardd[86775:c3357a] [com.apple.AttentionAwareness:AttentionAwareness]  515603.19638: notify client com.apple.SpringBoard.HomeGrabberView-1 of <AWDigitizerButtonKeyboardAttentionEvent: 0x10b1f65c0> (timestamp:  515603.19120 sender 4481469088 displayUUID BC6F68B5-CC6C-4F60-9C6E-3F8096AB8042 tagIndex 0 (tag not present in server))
2026-09-30 23:13:30.193 Df backboardd[86775:c3357a] [com.apple.AttentionAwareness:AttentionAwareness]  515603.19644: notify client com.apple.SpringBoard.AppSuggestionManager of <AWDigitizerButtonKeyboardAttentionEvent: 0x10b1f7bc0> (timestamp:  515603.19120 sender 4481469088 displayUUID BC6F68B5-CC6C-4F60-9C6E-3F8096AB8042 tagIndex 0 (tag not present in server))
2026-09-30 23:13:30.193 Df backboardd[86775:c3357a] [com.apple.AttentionAwareness:AttentionAwareness]  515603.19647: notify client com.apple.SpringBoard.HomeGrabberView-3 of <AWDigitizerButtonKeyboardAttentionEvent: 0x10b1f7c00> (timestamp:  515603.19120 sender 4481469088 displayUUID BC6F68B5-CC6C-4F60-9C6E-3F8096AB8042 tagIndex 0 (tag not present in server))
2026-09-30 23:13:30.193 Df backboardd[86775:c3357a] [com.apple.AttentionAwareness:AttentionAwareness]  515603.19649: notify client com.apple.SpringBoard.HomeGrabberView-4 of <AWDigitizerButtonKeyboardAttentionEvent: 0x10b1f6f80> (timestamp:  515603.19120 sender 4481469088 displayUUID BC6F68B5-CC6C-4F60-9C6E-3F8096AB8042 tagIndex 0 (tag not present in server))
2026-09-30 23:13:30.193 Df backboardd[86775:c3357a] [com.apple.AttentionAwareness:AttentionAwareness]  515603.19650: notify client com.apple.sharingd.attentionMonitor of <AWDigitizerButtonKeyboardAttentionEvent: 0x10b1f7b00> (timestamp:  515603.19120 sender 4481469088 displayUUID BC6F68B5-CC6C-4F60-9C6E-3F8096AB8042 tagIndex 0 (tag not present in server))
2026-09-30 23:13:30.193 Df TextInsertSpike[88624:c36233] [com.apple.UIKit:EventBus] Event Timing Profile for Touch: not found, path="/System/Library/EventTimingProfiles/Sim.Touch.plist"
2026-09-30 23:13:30.193 Df backboardd[86775:c3357a] [com.apple.AttentionAwareness:AttentionAwareness]  515603.19653: notify client com.apple.SpringBoard.HomeGrabberView-2 of <AWDigitizerButtonKeyboardAttentionEvent: 0x10b1f7d40> (timestamp:  515603.19120 sender 4481469088 displayUUID BC6F68B5-CC6C-4F60-9C6E-3F8096AB8042 tagIndex 0 (tag not present in server))
2026-09-30 23:13:30.193 Df backboardd[86775:c3357a] [com.apple.AttentionAwareness:AttentionAwareness]  515603.19655: notify client com.apple.SpringBoard.HomeGrabberView-5 of <AWDigitizerButtonKeyboardAttentionEvent: 0x10b1f5380> (timestamp:  515603.19120 sender 4481469088 displayUUID BC6F68B5-CC6C-4F60-9C6E-3F8096AB8042 tagIndex 0 (tag not present in server))
2026-09-30 23:13:30.193 Df backboardd[86775:c3357a] [com.apple.AttentionAwareness:AttentionAwareness]  515603.19657: notify client com.apple.SpringBoard.AppSuggestionManager of <AWAttentionLostEvent: 0x10b1f7c40> (timestamp:  515603.19656 attentionLostTimeout       0.00000 tagIndex 0 (tag not present in server))
2026-09-30 23:13:30.193 Df backboardd[86775:c3357a] [com.apple.AttentionAwareness:AttentionAwareness]  515603.19661: notify client com.apple.SpringBoard.AppSuggestionManager of <AWDigitizerButtonKeyboardAttentionEvent: 0x10b1f5480> (timestamp:  515603.19120 sender 4481469088 displayUUID BC6F68B5-CC6C-4F60-9C6E-3F8096AB8042 tagIndex 0 (tag not present in server))
2026-09-30 23:13:30.193 Df backboardd[86775:c3357a] [com.apple.AttentionAwareness:AttentionAwareness]  515603.19664: notify client com.apple.SpringBoard.AppSuggestionManager of <AWAttentionLostEvent: 0x10b1f7c40> (timestamp:  515603.19663 attentionLostTimeout       0.00000 tagIndex 0 (tag not present in server))
2026-09-30 23:13:30.193 Df backboardd[86775:c3357a] [com.apple.AttentionAwareness:AttentionAwareness]  515603.19666: notify client com.apple.SpringBoard.AppSuggestionManager of <AWDigitizerButtonKeyboardAttentionEvent: 0x10b1f5480> (timestamp:  515603.19120 sender 4481469088 displayUUID BC6F68B5-CC6C-4F60-9C6E-3F8096AB8042 tagIndex 0 (tag not present in server))
2026-09-30 23:13:30.193 Df backboardd[86775:c3357a] [com.apple.AttentionAwareness:AttentionAwareness]  515603.19668: notify client com.apple.SpringBoard.AppSuggestionManager of <AWAttentionLostEvent: 0x10b1f7c40> (timestamp:  515603.19668 attentionLostTimeout       0.00000 tagIndex 0 (tag not present in server))
2026-09-30 23:13:30.193 Df sharingd[86776:c33502] [com.apple.sharingd.SDAttentionMonitor:client] SDAttentionMonitorUtilities: event mask=0x8 ts=515603
2026-09-30 23:13:30.195 Df SpringBoard[86754:c334f8] [com.apple.UIKit:EventBus] Event Timing Profile for Touch: not found, path="/System/Library/EventTimingProfiles/Sim.Touch.plist"
2026-09-30 23:13:30.195 E  SpringBoard[86754:c334f8] [com.apple.SpringBoard:IdleTimer] attention client lost event tag is not a number: (null)
2026-09-30 23:13:30.195 E  SpringBoard[86754:c334f8] [com.apple.SpringBoard:IdleTimer] attention client lost event tag is not a number: (null)
2026-09-30 23:13:30.195 E  SpringBoard[86754:c334f8] [com.apple.SpringBoard:IdleTimer] attention client lost event tag is not a number: (null)
2026-09-30 23:13:30.195 Df SpringBoard[86754:c35fc4] [com.apple.SpringBoard:IdleTimer] attention client SUSPEND <AWAttentionAwarenessConfiguration: 0x115f63e40> (identifier: com.apple.SpringBoard.AppSuggestionManager samplingInterval:       0.00000, samplingDelay:       0.00000, sampleWhileAbsent: false, retroactiveTimeoutMode: false, pollingFilter: false, continuousFaceDetectMode: false, activateAttentionDetection: true, activateEyeRelief: false, activateMotionDetection: false, unityStream: false, useLenientPollingTimeout: false, lenientPollingTimeoutMarginMs: 0, attentionLostTimeouts:       0.00000 nonSampledAttentionLostTimeoutEnable: false nonSampledAttentionLostTimeout:       0.00000 notificationMask NONE mask AttentionLost|Button|Keyboard|Digitizer|Pointer|Remote|GameController|DigitalCrown|MesaTouch|RemoteProximity|GenericGesture attentionLostEventMask AttentionLost|Button|Keyboard|Digitizer|Pointer|Remote|GameController|DigitalCrown|MesaTouch|RemoteProximity|GenericGesture digitizerDisplayUUIDs (null) buttonDisplayUUIDs (null) keyboardDisplayUUIDs (null) tagIndex 0 (nil tag))
2026-09-30 23:13:30.195 Df backboardd[86775:c34daf] [com.apple.AttentionAwareness:AttentionAwareness]  515603.19832: AW SHARED MEM: closing index 8 for client with pid 86754
2026-09-30 23:13:30.195 Df backboardd[86775:c34daf] [com.apple.AttentionAwareness:AttentionAwareness]  515603.19833: Removing client: <AWRemoteClient: 0x10351fd00> (identifier: com.apple.SpringBoard.AppSuggestionManager samplingInterval:       0.00000 samplingDelay:       0.00000 sampleWhileAbsent: false retroactiveTimeoutMode: false pollingFilter: false continuousFaceDetectMode: false unityStream: false useLenientPollingTimeout: false activateEyeRelief: false activateAttentionDetection: false activateMotionDetection: false attentionLostTimeouts: 0 nonSampledAttentionLostTimeoutEnabled false nonSampledAttentionLostTimeout       0.00000 notificationMask NONE mask AttentionLost|Button|Keyboard|Digitizer|Pointer|Remote|GameController|DigitalCrown|MesaTouch|RemoteProximity|GenericGesture attentionLostEventMask AttentionLost|Button|Keyboard|Digitizer|Pointer|Remote|GameController|DigitalCrown|MesaTouch|RemoteProximity|GenericGesture digitizerDisplayUUIDs (null) buttonDisplayUUIDs (null) keyboardDisplayUUIDs (null) tagIndex 0)
2026-09-30 23:13:30.195 Df backboardd[86775:c34daf] [com.apple.AttentionAwareness:AttentionAwareness]  515603.19837: 8 total attention aware service clients
2026-09-30 23:13:30.201 Df TextInsertSpike[88624:c36233] [com.apple.UIKit:EventDispatch] Evaluating dispatch of UIEvent: 0x1076fb800; type: 0; subtype: 0; backing type: 11; tagged context: 0x8256894B; shouldSend: 1; ignoreInteractionEvents: 0, systemGestureStateChange: 0
2026-09-30 23:13:30.201 Df TextInsertSpike[88624:c36233] [com.apple.UIKit:EventDispatch] Sending UIEvent type: 0; subtype: 0; to windows: 1; dispatchLevel: 1
2026-09-30 23:13:30.201 Df TextInsertSpike[88624:c36233] [com.apple.UIKit:EventDispatch] Sending UIEvent type: 0; subtype: 0; to window: <UIWindow: 0x104aa0400>; contextId: 0x8256894B
2026-09-30 23:13:30.205 Df SpringBoard[86754:c334f8] [com.apple.UIKit:EventDispatch] Evaluating dispatch of UIEvent: 0x118eb9d00; type: 0; subtype: 0; backing type: 11; tagged context: 0x223470E1; shouldSend: 1; ignoreInteractionEvents: 0, systemGestureStateChange: 0
2026-09-30 23:13:30.205 Df SpringBoard[86754:c334f8] [com.apple.SpringBoard:ActiveDisplay] updating active display from: (null) to SB-main source: touch
2026-09-30 23:13:30.205 Df SpringBoard[86754:c334f8] [com.apple.SpringBoard:KeyboardFocus] [coordinator] updatedActiveWindowScene: requesting target <environment: keyboardFocus; target: <token: com.apple.frontboard.systemappservices/SSK.primary.root(mainDisplay):SB-main; pid: 86754>>
2026-09-30 23:13:30.205 Df SpringBoard[86754:c334f8] [com.apple.UIKit:EventDispatch] Sending UIEvent type: 0; subtype: 0; to windows: 1; dispatchLevel: 1
2026-09-30 23:13:30.205 Df SpringBoard[86754:c334f8] [com.apple.UIKit:EventDispatch] Sending UIEvent type: 0; subtype: 0; to window: <_UISystemGestureWindow: 0x11396e800>; contextId: 0x223470E1
2026-09-30 23:13:30.205 Df backboardd[86775:c34daf] [com.apple.BackBoard:MousePointer] setDesignatedMainDisplayUUID: BC6F68B5-CC6C-4F60-9C6E-3F8096AB8042
2026-09-30 23:13:30.206 Df backboardd[86775:c34daf] [com.apple.BackBoard:MousePointer] reevaluateDisplayArrangementForReason(designated main display changed)
2026-09-30 23:13:30.207 Df backboardd[86775:c34daf] [com.apple.BackBoard:MousePointer] new region arrangements:{main: <BKMousePointerRegionArrangement: 0x10b0843c0; main; baseTranslation: {0, 0}; globalBounds: {{0, 0}, {0, 0}}>{ regionToLayoutDescriptor: {}; regionToComputedFrame: {}}}
2026-09-30 23:13:30.207 Df backboardd[86775:c34daf] [com.apple.BackBoard:MousePointer] selected region arrangement:<BKMousePointerRegionArrangement: 0x10b086fd0; main; baseTranslation: {0, 0}; globalBounds: {{0, 0}, {0, 0}}> {
    regionToLayoutDescriptor: {};
    regionToComputedFrame: {};
}
2026-09-30 23:13:30.207 Df backboardd[86775:c34daf] [com.apple.BackBoard:MousePointer] reevaluateDisplayLink: wants:NO devices:NO eventsDisabled:YES eventsPaused:YES allowed:YES has:NO paused:NO -- pointer region/display change
2026-09-30 23:13:30.207 Df backboardd[86775:c34daf] [com.apple.BackBoard:MousePointer] reevaluateDisplayLink: no-op -- no display link
2026-09-30 23:13:30.207 Df backboardd[86775:c34daf] [com.apple.BackBoard:MousePointer] reevaluateDisplayLink: wants:NO devices:NO eventsDisabled:YES eventsPaused:YES allowed:YES has:NO paused:NO -- designated main display changed
2026-09-30 23:13:30.207 Df backboardd[86775:c34daf] [com.apple.BackBoard:MousePointer] reevaluateDisplayLink: no-op -- no display link
2026-09-30 23:13:30.207 Df TextInsertSpike[88624:c36233] [com.apple.UIKit:EventDispatch] Evaluating dispatch of UIEvent: 0x1076fb800; type: 0; subtype: 0; backing type: 11; tagged context: 0x8256894B; shouldSend: 0; ignoreInteractionEvents: 0, systemGestureStateChange: 0
2026-09-30 23:13:30.207 Df TextInsertSpike[88624:c36233] [com.apple.UIKit:EventDispatch] Evaluating dispatch of UIEvent: 0x1076fb800; type: 0; subtype: 0; backing type: 11; tagged context: 0x8256894B; shouldSend: 0; ignoreInteractionEvents: 0, systemGestureStateChange: 0
2026-09-30 23:13:30.209 A  SpringBoard[86754:c334f8] (UIKitCore) send gesture actions
2026-09-30 23:13:30.210 Df SpringBoard[86754:c334f8] [com.apple.UIKit:EventDispatch] Evaluating dispatch of UIEvent: 0x118eb9d00; type: 0; subtype: 0; backing type: 11; tagged context: 0x223470E1; shouldSend: 0; ignoreInteractionEvents: 0, systemGestureStateChange: 0
2026-09-30 23:13:30.210 Df backboardd[86775:c34daf] [com.apple.BackBoard:EventDelivery] [<keyboardFocus> 0x10a4c7f70] changeSelectionPath(primary) reason:selectionChange requestingPID:(86754) toNode:<[86754-6]; <keyboardFocus; com.apple.frontboard.systemappservices/SSK.primary.root(mainDisplay):SB-main> -> <token: com.apple.frontboard.systemappservices/FBSceneManager:sceneID%3Acom.tarunyadgirkar.prefill.spike.textinsert-85A7109D-B842-4933-8BBF-51C9DB391CCC; pid: 88624>; SB link>
2026-09-30 23:13:30.210 Df backboardd[86775:c34daf] [com.apple.BackBoard:EventDelivery] [<keyboardFocus> 0x10a4c7f70] changeSelectionPath(primary) reason:selectionChange  -> success generation: 114 -- <[86754-6]; <keyboardFocus; com.apple.frontboard.systemappservices/SSK.primary.root(mainDisplay):SB-main> -> <token: com.apple.frontboard.systemappservices/FBSceneManager:sceneID%3Acom.tarunyadgirkar.prefill.spike.textinsert-85A7109D-B842-4933-8BBF-51C9DB391CCC; pid: 88624>; SB link>
2026-09-30 23:13:30.210 Df backboardd[86775:c34daf] [com.apple.BackBoard:EventDelivery] [<keyboardFocus> 0x10a4c7f70] selected (pathIdentifier: everyPath; selectionTarget: <environment: keyboardFocus; target: <token: com.apple.frontboard.systemappservices/SSK.primary.root(mainDisplay):SB-main; pid: 86754>>; basis: <BKSHIDEventDeferringChangeBasis: 0x10b14ad80>; timestamp: 708903.02s; ignoreModalities: YES)
2026-09-30 23:13:30.210 Df backboardd[86775:c34daf] [com.apple.BackBoard:EventDelivery] [<keyboardFocus; builtin> 0x10a4c7e90] changeSelectionPath(primary) reason:selectionChange requestingPID:(86754) toNode:<[86754-6]; <keyboardFocus; com.apple.frontboard.systemappservices/SSK.primary.root(mainDisplay):SB-main> -> <token: com.apple.frontboard.systemappservices/FBSceneManager:sceneID%3Acom.tarunyadgirkar.prefill.spike.textinsert-85A7109D-B842-4933-8BBF-51C9DB391CCC; pid: 88624>; SB link>
2026-09-30 23:13:30.210 Df backboardd[86775:c34daf] [com.apple.BackBoard:EventDelivery] [<keyboardFocus; builtin> 0x10a4c7e90] changeSelectionPath(primary) reason:selectionChange  -> success generation: 114 -- <[86754-6]; <keyboardFocus; com.apple.frontboard.systemappservices/SSK.primary.root(mainDisplay):SB-main> -> <token: com.apple.frontboard.systemappservices/FBSceneManager:sceneID%3Acom.tarunyadgirkar.prefill.spike.textinsert-85A7109D-B842-4933-8BBF-51C9DB391CCC; pid: 88624>; SB link>
2026-09-30 23:13:30.210 Df backboardd[86775:c34daf] [com.apple.BackBoard:EventDelivery] [<keyboardFocus; builtin> 0x10a4c7e90] selected (pathIdentifier: everyPath; selectionTarget: <environment: keyboardFocus; target: <token: com.apple.frontboard.systemappservices/SSK.primary.root(mainDisplay):SB-main; pid: 86754>>; basis: <BKSHIDEventDeferringChangeBasis: 0x10b14ad80>; timestamp: 708903.02s; ignoreModalities: YES)
2026-09-30 23:13:30.214 Df SpringBoard[86754:c334f8] [com.apple.UIKit:EventDispatch] Evaluating dispatch of UIEvent: 0x118eb9d00; type: 0; subtype: 0; backing type: 11; tagged context: 0x223470E1; shouldSend: 0; ignoreInteractionEvents: 0, systemGestureStateChange: 0
2026-09-30 23:13:30.214 Df TextInsertSpike[88624:c36233] [com.apple.UIKit:EventDispatch] Evaluating dispatch of UIEvent: 0x1076fb800; type: 0; subtype: 0; backing type: 11; tagged context: 0x8256894B; shouldSend: 0; ignoreInteractionEvents: 0, systemGestureStateChange: 0
2026-09-30 23:13:30.230 Df SpringBoard[86754:c334f8] [com.apple.UIKit:EventDispatch] Evaluating dispatch of UIEvent: 0x118eb9d00; type: 0; subtype: 0; backing type: 11; tagged context: 0x223470E1; shouldSend: 0; ignoreInteractionEvents: 0, systemGestureStateChange: 0
2026-09-30 23:13:30.230 Df TextInsertSpike[88624:c36233] [com.apple.UIKit:EventDispatch] Evaluating dispatch of UIEvent: 0x1076fb800; type: 0; subtype: 0; backing type: 11; tagged context: 0x8256894B; shouldSend: 0; ignoreInteractionEvents: 0, systemGestureStateChange: 0
2026-09-30 23:13:30.247 Df SpringBoard[86754:c334f8] [com.apple.UIKit:EventDispatch] Evaluating dispatch of UIEvent: 0x118eb9d00; type: 0; subtype: 0; backing type: 11; tagged context: 0x223470E1; shouldSend: 0; ignoreInteractionEvents: 0, systemGestureStateChange: 0
2026-09-30 23:13:30.247 Df TextInsertSpike[88624:c36233] [com.apple.UIKit:EventDispatch] Evaluating dispatch of UIEvent: 0x1076fb800; type: 0; subtype: 0; backing type: 11; tagged context: 0x8256894B; shouldSend: 0; ignoreInteractionEvents: 0, systemGestureStateChange: 0
2026-09-30 23:13:30.258 Df testmanagerd[88342:c35c50] [com.apple.recap:Playback] sent analytics event
2026-09-30 23:13:30.259 Df backboardd[86775:c35c15] [com.apple.BackBoard:TouchEvents] [10B24C0000000] contact 2 presence: none
2026-09-30 23:13:30.259 Df testmanagerd[88342:c35c50] [com.apple.CoreAnalytics:client] No XPC connection in Simulator
2026-09-30 23:13:30.264 Df SpringBoard[86754:c334f8] [com.apple.UIKit:EventDispatch] Evaluating dispatch of UIEvent: 0x118eb9d00; type: 0; subtype: 0; backing type: 11; tagged context: 0x223470E1; shouldSend: 0; ignoreInteractionEvents: 0, systemGestureStateChange: 0
2026-09-30 23:13:30.264 Df TextInsertSpike[88624:c36233] [com.apple.UIKit:EventDispatch] Evaluating dispatch of UIEvent: 0x1076fb800; type: 0; subtype: 0; backing type: 11; tagged context: 0x8256894B; shouldSend: 0; ignoreInteractionEvents: 0, systemGestureStateChange: 0
2026-09-30 23:13:30.264 Df SpringBoard[86754:c334f8] [com.apple.UIKit:EventDispatch] Evaluating dispatch of UIEvent: 0x118eb9d00; type: 0; subtype: 0; backing type: 11; tagged context: 0x223470E1; shouldSend: 1; ignoreInteractionEvents: 0, systemGestureStateChange: 0
2026-09-30 23:13:30.264 Df SpringBoard[86754:c334f8] [com.apple.UIKit:EventDispatch] Sending UIEvent type: 0; subtype: 0; to windows: 1; dispatchLevel: 1
2026-09-30 23:13:30.264 Df TextInsertSpike[88624:c36233] [com.apple.UIKit:EventDispatch] Evaluating dispatch of UIEvent: 0x1076fb800; type: 0; subtype: 0; backing type: 11; tagged context: 0x8256894B; shouldSend: 1; ignoreInteractionEvents: 0, systemGestureStateChange: 0
2026-09-30 23:13:30.264 Df SpringBoard[86754:c334f8] [com.apple.UIKit:EventDispatch] Sending UIEvent type: 0; subtype: 0; to window: <_UISystemGestureWindow: 0x11396e800>; contextId: 0x223470E1
2026-09-30 23:13:30.264 Df TextInsertSpike[88624:c36233] [com.apple.UIKit:EventDispatch] Sending UIEvent type: 0; subtype: 0; to windows: 1; dispatchLevel: 1
2026-09-30 23:13:30.264 Df TextInsertSpike[88624:c36233] [com.apple.UIKit:EventDispatch] Sending UIEvent type: 0; subtype: 0; to window: <UIWindow: 0x104aa0400>; contextId: 0x8256894B
2026-09-30 23:13:30.264 A  SpringBoard[86754:c334f8] (UIKitCore) send gesture actions
2026-09-30 23:13:30.264 A  SpringBoard[86754:c334f8] (UIKitCore) send gesture actions
2026-09-30 23:13:30.264 Df backboardd[86775:c34daf] [com.apple.BackBoard:TouchStream] Updating touch stream with reference token 1 dispatchMode: sending ambiguityRecommendation: process
2026-09-30 23:13:30.265 Df testmanagerd[88342:c35c14] [com.apple.dt.xctest:Default] Handling kAXUserTestingNotification from AX element pid: 86754, elementOrHash.elementID: 0.1 (0x104628690)
2026-09-30 23:13:30.265 Df testmanagerd[88342:c35c4e] [com.apple.dt.xctest:Default] Calling handler for AX notification kAXUserTestingNotification from AX element pid: 86754, elementOrHash.elementID: 0.1 with payload {
    event = TouchEventsCompleted;
}
2026-09-30 23:13:30.265 Df testmanagerd[88342:c35c14] [com.apple.dt.xctest:Default] Got user testing notification with payload {
    event = TouchEventsCompleted;
}
2026-09-30 23:13:30.265 Df testmanagerd[88342:c35c4e] [com.apple.dt.xctest:Default] Event 
<XCSynthesizedEventRecord 'tap display 1'>
Path 1:
	Touch down at 201.0, 194.0, offset=0.00s
	Touch up at 201.0, 194.0, offset=0.05s confirmed by TouchEventsCompleted.
2026-09-30 23:13:30.272 A  runningboardd[86757:c35c1e] (RunningBoard) state update
2026-09-30 23:13:30.272 A  runningboardd[86757:c35c1e] (RunningBoard) state notification
2026-09-30 23:13:30.276 Df TextInsertSpike[88624:c36233] [com.apple.xpc:connection] [0x107716d00] activating connection: mach=true listener=false peer=false name=com.apple.AuthenticationServicesCore.AuthenticationServicesAgent
2026-09-30 23:13:30.276 Df launchd_sim[86751:c3617e] [user/502/com.apple.AuthenticationServicesCore.AuthenticationServicesAgent:] internal event: WILL_SPAWN, code = 0
2026-09-30 23:13:30.276 Df launchd_sim[86751:c3617e] [user/502/com.apple.AuthenticationServicesCore.AuthenticationServicesAgent:] service state: spawn scheduled
2026-09-30 23:13:30.276 Df launchd_sim[86751:c3617e] [user/502/com.apple.AuthenticationServicesCore.AuthenticationServicesAgent:] service state: spawning
2026-09-30 23:13:30.276 Df launchd_sim[86751:c3617e] [user/502/com.apple.AuthenticationServicesCore.AuthenticationServicesAgent:] launching: ipc (mach)
2026-09-30 23:13:30.276 Df testmanagerd[88342:c35c14] [com.apple.dt.xctest:Default] Handling kAXUserTestingNotification from AX element pid: 88624, elementOrHash.elementID: 0.1 (0x104628690)
2026-09-30 23:13:30.276 Df testmanagerd[88342:c35c14] [com.apple.dt.xctest:Default] Got user testing notification with payload {
    event = TouchEventsCompleted;
}
2026-09-30 23:13:30.276 Df testmanagerd[88342:c35c4e] [com.apple.dt.xctest:Default] Calling handler for AX notification kAXUserTestingNotification from AX element pid: 88624, elementOrHash.elementID: 0.1 with payload {
    event = TouchEventsCompleted;
}
2026-09-30 23:13:30.276 Df launchd_sim[86751:c3617e] [user/502/com.apple.AuthenticationServicesCore.AuthenticationServicesAgent [88774]:] xpcproxy_sim spawned with pid 88774
2026-09-30 23:13:30.276 Df launchd_sim[86751:c3617e] [user/502/com.apple.AuthenticationServicesCore.AuthenticationServicesAgent [88774]:] internal event: SPAWNED, code = 0
2026-09-30 23:13:30.276 Df launchd_sim[86751:c3617e] [user/502/com.apple.AuthenticationServicesCore.AuthenticationServicesAgent [88774]:] service state: xpcproxy
2026-09-30 23:13:30.276 Df launchd_sim[86751:c3617e] [user/502/com.apple.AuthenticationServicesCore.AuthenticationServicesAgent [88774]:] internal event: SOURCE_ATTACH, code = 0
2026-09-30 23:13:30.281 Df TextInsertSpike[88624:c36233] [com.apple.UIKit:EventDispatch] Evaluating dispatch of UIEvent: 0x1076fb800; type: 0; subtype: 0; backing type: 11; tagged context: 0x8256894B; shouldSend: 0; ignoreInteractionEvents: 0, systemGestureStateChange: 1
2026-09-30 23:13:30.293 Df wcd[86774:c33521] (libMobileGestalt.dylib) No persisted cache on this platform.
2026-09-30 23:13:30.296 Df launchd_sim[86751:c35aa6] [user/502/com.apple.AuthenticationServicesCore.AuthenticationServicesAgent [88774]:] service state: running
2026-09-30 23:13:30.296 Df launchd_sim[86751:c35aa6] [user/502/com.apple.AuthenticationServicesCore.AuthenticationServicesAgent [88774]:] internal event: INIT, code = 0
2026-09-30 23:13:30.296 Df launchd_sim[86751:c35aa6] [user/502/com.apple.AuthenticationServicesCore.AuthenticationServicesAgent [88774]:] Successfully spawned AuthenticationServicesAgent[88774] because ipc (mach)
2026-09-30 23:13:30.302 Df TextInsertSpike[88624:c36233] [com.apple.UIKit:KeyboardFocusAssistant] requestKeyboardFocusWithProvenance:<BKSHIDEventSimpleProvenance: 0x104af35d0> (token:<uq: 1; UIKit-localContainer>)
2026-09-30 23:13:30.303 Df backboardd[86775:c337ba] [com.apple.BackBoard:EventDelivery] [<keyboardFocus> 0x10a4c7f70] changeSelectionPath(primary) reason:selectionChange requestingPID:(88624) toNode:<[88624-1]; <keyboardFocus; com.apple.frontboard.systemappservices/FBSceneManager:sceneID%3Acom.tarunyadgirkar.prefill.spike.textinsert-85A7109D-B842-4933-8BBF-51C9DB391CCC> -> <token: <uq: 1; UIKit-localContainer>; pid: 88624>; UIKit-localContainer>
2026-09-30 23:13:30.303 Df backboardd[86775:c337ba] [com.apple.BackBoard:EventDelivery] [<keyboardFocus> 0x10a4c7f70] changeSelectionPath(primary) reason:selectionChange  -> success generation: 115 -- <[88624-1]; <keyboardFocus; com.apple.frontboard.systemappservices/FBSceneManager:sceneID%3Acom.tarunyadgirkar.prefill.spike.textinsert-85A7109D-B842-4933-8BBF-51C9DB391CCC> -> <token: <uq: 1; UIKit-localContainer>; pid: 88624>; UIKit-localContainer>
2026-09-30 23:13:30.303 Df backboardd[86775:c337ba] [com.apple.BackBoard:EventDelivery] [<keyboardFocus> 0x10a4c7f70] selected (pathIdentifier: primary; selectionTarget: <environment: keyboardFocus; target: <token: <uq: 1; UIKit-localContainer>; pid: 88624>>; basis: <BKSHIDEventDeferringChangeBasis: 0x10b14bbe0>; timestamp: 708903.12s; ignoreModalities: NO)
2026-09-30 23:13:30.303 Df backboardd[86775:c337ba] [com.apple.BackBoard:EventDelivery] [<keyboardFocus; builtin> 0x10a4c7e90] changeSelectionPath(primary) reason:selectionChange requestingPID:(88624) toNode:<[88624-1]; <keyboardFocus; com.apple.frontboard.systemappservices/FBSceneManager:sceneID%3Acom.tarunyadgirkar.prefill.spike.textinsert-85A7109D-B842-4933-8BBF-51C9DB391CCC> -> <token: <uq: 1; UIKit-localContainer>; pid: 88624>; UIKit-localContainer>
2026-09-30 23:13:30.303 Df backboardd[86775:c337ba] [com.apple.BackBoard:EventDelivery] [<keyboardFocus; builtin> 0x10a4c7e90] changeSelectionPath(primary) reason:selectionChange  -> success generation: 115 -- <[88624-1]; <keyboardFocus; com.apple.frontboard.systemappservices/FBSceneManager:sceneID%3Acom.tarunyadgirkar.prefill.spike.textinsert-85A7109D-B842-4933-8BBF-51C9DB391CCC> -> <token: <uq: 1; UIKit-localContainer>; pid: 88624>; UIKit-localContainer>
2026-09-30 23:13:30.303 Df backboardd[86775:c337ba] [com.apple.BackBoard:EventDelivery] [<keyboardFocus; builtin> 0x10a4c7e90] selected (pathIdentifier: primary; selectionTarget: <environment: keyboardFocus; target: <token: <uq: 1; UIKit-localContainer>; pid: 88624>>; basis: <BKSHIDEventDeferringChangeBasis: 0x10b14bbe0>; timestamp: 708903.12s; ignoreModalities: NO)
2026-09-30 23:13:30.356 Df backboardd[86775:c337ba] [com.apple.AttentionAwareness:AttentionAwareness]  515603.35991: notify client com.apple.siri.AttentionAwareness.Touch of <AWAttentionLostEvent: 0x10b1f7c40> (timestamp:  515603.35989 attentionLostTimeout       0.10000 tagIndex 0 (tag not present in server))
2026-09-30 23:13:30.356 Df backboardd[86775:c337ba] [com.apple.AttentionAwareness:AttentionAwareness]  515603.35998: notify client com.apple.sharingd.attentionMonitor of <AWAttentionLostEvent: 0x10b1f7d00> (timestamp:  515603.35989 attentionLostTimeout       0.10000 tagIndex 0 (tag not present in server))
2026-09-30 23:13:30.357 Df sharingd[86776:c33502] [com.apple.sharingd.SDAttentionMonitor:client] SDAttentionMonitorUtilities: event mask=0x1 ts=515603
2026-09-30 23:13:30.369 Df testmanagerd[88342:c35c50] [com.apple.recap:Playback] service canceled: (<RCPVirtualHIDService: 0x104628d70> (recapulon) 0x0D/0x04: (Recap) touchscreen digitizer)
2026-09-30 23:13:30.370 Df testmanagerd[88342:c35c50] [com.apple.iohid:oversized] Released connection: 9E16496F-BEA7-4DBB-BBD3-7C2924AF542D
{
    UUID = "9E16496F-BEA7-4DBB-BBD3-7C2924AF542D";
    caller = "HID: -[HIDEventSystemClient initWithType:andAttributes:] + 96";
    dispatchQueue = 1;
    eventCount = 0;
    eventMask = 0;
    eventQueue =     {
        active = 0;
        droppedEvents = 0;
        head = 0;
        lastNotifyEventTimeStamp = 0;
        lastNotifyTime = 0;
        notificationCount = 0;
        size = 32768;
        suspended = 0;
        tail = 0;
    };
    port = 18191;
    resetCount = 0;
    runloop = 0;
    services =     (
    );
    virtualServices =     (
        293727444664320
    );
}
2026-09-30 23:13:30.370 Df backboardd[86775:c34c9b] [com.apple.iohid:default] Connection removed: IOHIDEventSystemConnection uuid:9E16496F-BEA7-4DBB-BBD3-7C2924AF542D pid:88342 process:testmanagerd type:Simple entitlements:0x1c caller:HID: -[HIDEventSystemClient initWithType:andAttributes:] + 96 attributes:(null) state:0x3 events:0 mask:0x0 dropped:0 dropStatus:0 droppedMask:0x0 lastDroppedTime:NONE
2026-09-30 23:13:30.370 Df backboardd[86775:c337ba] [com.apple.BackBoard:TouchEvents] digitizer detached (sender 10B24C0000000) builtIn:0
2026-09-30 23:13:30.370 Df backboardd[86775:c33501] [com.apple.BackBoard:HID] purge sender info for senderID:10B24C0000000 -- BKIOHIDService
2026-09-30 23:13:30.370 E  backboardd[86775:c34daf] [com.apple.iohid:connection] 9E16496F-BEA7-4DBB-BBD3-7C2924AF542D: HIDVS ID:10b24c0000000 iohideventsystem_client_dispatch_virtual_service_notification:10000003
2026-09-30 23:13:30.370 E  backboardd[86775:c34daf] [com.apple.iohid:connection] 9E16496F-BEA7-4DBB-BBD3-7C2924AF542D: HIDVS ID:10b24c0000000 iohideventsystem_client_dispatch_virtual_service_notification:10000003
2026-09-30 23:13:30.370 Df backboardd[86775:c337ba] [com.apple.BackBoard:TouchEvents] cancel -- digitizer did disappear:<BKDirectTouchState: 0x10a795700; touchScreen; accessory; builtIn: NO; displayIntegrated: YES; authenticated: YES; displayUUID: BC6F68B5-CC6C-4F60-9C6E-3F8096AB8042; senderID: 0x10B24C0000000; contacts: contacts: []; destinations: []; latentSystemGestureDestinations: ()>
2026-09-30 23:13:30.370 Df backboardd[86775:c337ba] [com.apple.BackBoard:TouchEvents] invalidate: <BKDirectTouchState: 0x10a795700; touchScreen; accessory; builtIn: NO; displayIntegrated: YES; authenticated: YES; displayUUID: BC6F68B5-CC6C-4F60-9C6E-3F8096AB8042; senderID: 0x10B24C0000000; contacts: contacts: []; destinations: []; latentSystemGestureDestinations: ()>
2026-09-30 23:13:30.370 Df backboardd[86775:c34daf] [com.apple.iohid:default] Service removed: IOHIDService name: id:0x10b24c0000000 primaryUsagePage:0xd primaryUsage:0x4 transport:Recap locationID:recap-bus-0 reportInterval:0 batchInterval:0 events:9 mask:0x801 sensorcontrols:7 {
    Digitizer = 8;
    NULL = 1;
}
2026-09-30 23:13:30.370 Df backboardd[86775:c35c15] [com.apple.BackBoard:TouchEvents] touchstats 10B24C0000000-BC6F68B5-CC6C-4F60-9C6E-3F8096AB8042 events starting 0.182552s ago: [
    down: 1,
    up: 1,
    rangeIn: 1,
    rangeOut: 1,
    pathsSeen: 2,
    destinations: {
        TextInsertSpike.88624 targetID 8256894B: {
            touchIDs: 1;
        };
    },
    averageProcessingTime (µs): 617.00
]
2026-09-30 23:13:30.371 Df backboardd[86775:c34daf] (HIDAnalytics) HIDAnalytics Unregister Send event com.apple.hid.queueUsage
2026-09-30 23:13:30.371 Df backboardd[86775:c34daf] (HIDAnalytics) HIDAnalytics Unregister Send event com.apple.hid.analytics.service
2026-09-30 23:13:30.371 Df backboardd[86775:c34daf] (HIDAnalytics) HIDAnalytics Unregister Send event com.apple.hid.analytics.service.dispatchEvent
2026-09-30 23:13:30.469 Df testmanagerd[88342:c35c14] [com.apple.dt.xctest:Default] Recap event action playback completed
2026-09-30 23:13:30.469 Df testmanagerd[88342:c35c4e] [com.apple.dt.xctest:Default] Waiting up to 5.0s for TouchEventsCompleted to confirm 
<XCSynthesizedEventRecord 'tap display 1'>
Path 1:
	Touch down at 201.0, 194.0, offset=0.00s
	Touch up at 201.0, 194.0, offset=0.05s.
2026-09-30 23:13:30.471 Df TextInsertSpike[88624:c363d1] [com.apple.dt.xctest:Default] Received request to notify when the main run loop is idle
2026-09-30 23:13:30.471 Df TextInsertSpike[88624:c363d1] [com.apple.dt.xctest:Default] Idle notifier finished setting up run loop observer
2026-09-30 23:13:30.471 Df TextInsertSpike[88624:c36233] [com.apple.dt.xctest:Default] Idle notifier run loop observer fired
2026-09-30 23:13:30.471 Df TextInsertSpike[88624:c36233] [com.apple.dt.xctest:Default] Sending main run loop idle reply
2026-09-30 23:13:30.471 Df TextInsertSpike[88624:c363d1] [com.apple.dt.xctest:Default] Received request to notify when animations are idle
2026-09-30 23:13:30.478 Df launchd_sim[86751:c35aa6] [user/502/com.apple.managedappdistributiond:] service state: spawning
2026-09-30 23:13:30.478 Df launchd_sim[86751:c35aa6] [user/502/com.apple.managedappdistributiond:] launching: xpc event
2026-09-30 23:13:30.478 Df launchd_sim[86751:c35aa6] [user/502/com.apple.managedappdistributiond [88775]:] xpcproxy_sim spawned with pid 88775
2026-09-30 23:13:30.478 Df launchd_sim[86751:c35aa6] [user/502/com.apple.managedappdistributiond [88775]:] internal event: SPAWNED, code = 0
2026-09-30 23:13:30.478 Df launchd_sim[86751:c35aa6] [user/502/com.apple.managedappdistributiond [88775]:] service state: xpcproxy
2026-09-30 23:13:30.478 Df launchd_sim[86751:c35aa6] [user/502/com.apple.managedappdistributiond [88775]:] deferred event: domain spawn response: 0
2026-09-30 23:13:30.478 Df launchd_sim[86751:c35aa6] [user/502/com.apple.managedappdistributiond [88775]:] internal event: SOURCE_ATTACH, code = 0
2026-09-30 23:13:30.484 Df launchd_sim[86751:c3617e] [user/502/com.apple.managedappdistributiond [88775]:] service state: running
2026-09-30 23:13:30.484 Df launchd_sim[86751:c3617e] [user/502/com.apple.managedappdistributiond [88775]:] internal event: INIT, code = 0
2026-09-30 23:13:30.484 Df launchd_sim[86751:c3617e] [user/502/com.apple.managedappdistributiond [88775]:] Successfully spawned managedappdistributiond[88775] because xpc event
2026-09-30 23:13:30.486 Df lsd[86807:c35c39] [com.apple.launchservices:progress] Saving progress proportions: {
}
2026-09-30 23:13:30.486 Df appstored[86992:c35fbe] [com.apple.xpc:connection] [0x105d5b0c0] activating connection: mach=true listener=false peer=false name=com.apple.cache_delete
2026-09-30 23:13:30.486 Df launchd_sim[86751:c35aa6] [user/502:] failed lookup: name = com.apple.cache_delete, requestor = appstored[86992], error = 3: No such process
2026-09-30 23:13:30.486 Df appstored[86992:c35fbe] [com.apple.xpc:connection] [0x105d5b0c0] failed to do a bootstrap look-up: xpc_error=[3: No such process]
2026-09-30 23:13:30.486 Df appstored[86992:c35fbe] [com.apple.xpc:connection] [0x105d5b0c0] invalidated after a failed init
2026-09-30 23:13:30.667 Df launchd_sim[86751:c3617e] [pid/88775 [managedappdistr]:] uncorking exec source upfront
2026-09-30 23:13:30.667 Df launchd_sim[86751:c3617e] [pid/88775 [managedappdistr]:] created
2026-09-30 23:13:30.673 Df managedappdistributiond[88775:0] [com.apple.libsystem.libdispatch:] BUG in libdispatch: 26A428 24A434 - 612 - 0x4
2026-09-30 23:13:30.674 E  managedappdistributiond[88775:c366a5] [com.apple.ManagedAppDistribution:Daemon] Simulator is not supported
2026-09-30 23:13:30.677 Df launchd_sim[86751:c363b1] [user/502/com.apple.managedappdistributiond [88775]:] exited due to exit(0), ran for 196ms
2026-09-30 23:13:30.677 Df launchd_sim[86751:c363b1] [user/502/com.apple.managedappdistributiond [88775]:] service state: exited
2026-09-30 23:13:30.677 Df launchd_sim[86751:c363b1] [user/502/com.apple.managedappdistributiond [88775]:] internal event: EXITED, code = 0
2026-09-30 23:13:30.677 Df launchd_sim[86751:c363b1] [user/502:] service inactive: com.apple.managedappdistributiond
2026-09-30 23:13:30.677 Df launchd_sim[86751:c363b1] [user/502/com.apple.managedappdistributiond [88775]:] service state: not running
2026-09-30 23:13:30.677 Df launchd_sim[86751:c363b1] [pid/88775 [managedappdistr]:] shutting down
2026-09-30 23:13:30.677 Df launchd_sim[86751:c363b1] [pid/88775 [managedappdistr]:] cleaning up
2026-09-30 23:13:30.677 Df launchd_sim[86751:c363b1] [user/502/com.apple.managedappdistributiond:] Service only ran for 0 seconds. Pushing respawn out by 10 seconds.
2026-09-30 23:13:30.677 Df launchd_sim[86751:c363b1] [user/502/com.apple.managedappdistributiond:] internal event: WILL_SPAWN, code = 0
2026-09-30 23:13:30.677 Df launchd_sim[86751:c363b1] [user/502/com.apple.managedappdistributiond:] service state: spawn scheduled
2026-09-30 23:13:30.677 Df launchd_sim[86751:c363b1] [user/502/com.apple.managedappdistributiond:] service spawn deferred by 10 seconds due to throttle
2026-09-30 23:13:30.677 Df launchd_sim[86751:c363b1] [system:] removing child: pid/88775
2026-09-30 23:13:30.714 Df TextInsertSpike[88624:c36233] [com.apple.dt.xctest:Default] Sending animations idle reply with error: (null)
2026-09-30 23:13:30.909 Df apsd[86799:c3358f] [com.apple.apsd:courier] <APSUserCourier 0x1031a0280 development 0>: __processStoredIncomingMessageForConnection: <APSConnectionServer: 0x1032e4180; development/com.apple.aps.coreidvd/coreidvd 0>
2026-09-30 23:13:30.972 A  geoanalyticsd[87628:c34940] (CoreTime) TMGetReferenceTime
2026-09-30 23:13:30.973 Df geoanalyticsd[87628:c34940] [com.apple.xpc:connection] [0x1064c9b80] activating connection: mach=true listener=false peer=false name=com.apple.timed.xpc
2026-09-30 23:13:30.973 Df launchd_sim[86751:c3617e] [user/502:] failed lookup: name = com.apple.timed.xpc, requestor = geoanalyticsd[87628], error = 3: No such process
2026-09-30 23:13:30.973 Df geoanalyticsd[87628:c34940] [com.apple.xpc:connection] [0x1064c9b80] failed to do a bootstrap look-up: xpc_error=[3: No such process]
2026-09-30 23:13:30.973 Df geoanalyticsd[87628:c34940] [com.apple.xpc:connection] [0x1064c9b80] invalidated after a failed init
2026-09-30 23:13:30.973 Df geoanalyticsd[87628:c36782] (CoreTime) Error: Daemon connection invalidated
2026-09-30 23:13:30.973 E  geoanalyticsd[87628:c34940] [com.apple.GeoServices:ReferenceTimeManager] TMGetReferenceTime ( return code 0, reliable -1 )
2026-09-30 23:13:30.973 E  geoanalyticsd[87628:c34940] [com.apple.GeoServices:ReferenceTimeManager] will try again in 18 seconds
2026-09-30 23:13:31.195 Df backboardd[86775:c337ba] [com.apple.AttentionAwareness:AttentionAwareness]  515604.19866: 8 Digitizer since  515603.19661 (Wed Sep 30 23:13:30 2026)
2026-09-30 23:13:31.256 Df backboardd[86775:c337ba] [com.apple.AttentionAwareness:AttentionAwareness]  515604.25991: notify client com.apple.SpringBoard.HomeGrabberView-1 of <AWAttentionLostEvent: 0x10b1f7940> (timestamp:  515604.25989 attentionLostTimeout       1.00000 tagIndex 0 (tag not present in server))
2026-09-30 23:13:31.256 Df backboardd[86775:c337ba] [com.apple.AttentionAwareness:AttentionAwareness]  515604.25999: notify client com.apple.SpringBoard.HomeGrabberView-3 of <AWAttentionLostEvent: 0x10b1f65c0> (timestamp:  515604.25989 attentionLostTimeout       1.00000 tagIndex 0 (tag not present in server))
2026-09-30 23:13:31.256 Df backboardd[86775:c337ba] [com.apple.AttentionAwareness:AttentionAwareness]  515604.26001: notify client com.apple.SpringBoard.HomeGrabberView-4 of <AWAttentionLostEvent: 0x10b1f7c00> (timestamp:  515604.25989 attentionLostTimeout       1.00000 tagIndex 0 (tag not present in server))
2026-09-30 23:13:31.256 Df backboardd[86775:c337ba] [com.apple.AttentionAwareness:AttentionAwareness]  515604.26003: notify client com.apple.SpringBoard.HomeGrabberView-2 of <AWAttentionLostEvent: 0x10b1f6f80> (timestamp:  515604.25989 attentionLostTimeout       1.00000 tagIndex 0 (tag not present in server))
2026-09-30 23:13:31.256 Df backboardd[86775:c337ba] [com.apple.AttentionAwareness:AttentionAwareness]  515604.26004: notify client com.apple.SpringBoard.HomeGrabberView-5 of <AWAttentionLostEvent: 0x10b1f7d40> (timestamp:  515604.25989 attentionLostTimeout       1.00000 tagIndex 0 (tag not present in server))
2026-09-30 23:13:31.256 E  SpringBoard[86754:c334f8] [com.apple.SpringBoard:IdleTimer] attention client lost event tag is not a number: (null)
2026-09-30 23:13:31.257 E  SpringBoard[86754:c334f8] [com.apple.SpringBoard:IdleTimer] attention client lost event tag is not a number: (null)
2026-09-30 23:13:31.257 E  SpringBoard[86754:c334f8] [com.apple.SpringBoard:IdleTimer] attention client lost event tag is not a number: (null)
2026-09-30 23:13:31.257 E  SpringBoard[86754:c334f8] [com.apple.SpringBoard:IdleTimer] attention client lost event tag is not a number: (null)
2026-09-30 23:13:31.257 E  SpringBoard[86754:c334f8] [com.apple.SpringBoard:IdleTimer] attention client lost event tag is not a number: (null)
2026-09-30 23:13:31.274 Df containermanagerd_system[86802:c35625] [com.apple.xpc:connection] [0x1038f9540] invalidated because the client process (pid 88528) either cancelled the connection or exited
2026-09-30 23:13:31.569 Df corespeechd[87240:c3561f] [com.apple.siri:Speech] <CoreEmbeddedSpeechAnalyzer: 0x103c4ba50> cancelPreheatingTask:455 queue task enqueued
2026-09-30 23:13:31.570 Df corespeechd[87240:c3561f] [com.apple.siri:Speech] <CoreEmbeddedSpeechAnalyzer: 0x103c4ba50> cancelTaggerInitTask:456 queue task enqueued
2026-09-30 23:13:31.570 Df corespeechd[87240:c367cb] [com.apple.siri:Speech] <CoreEmbeddedSpeechAnalyzer: 0x103c4ba50> cancelPreheatingTask:458 queue task dequeued
2026-09-30 23:13:31.570 Df corespeechd[87240:c367cb] [com.apple.siri:Speech] <CoreEmbeddedSpeechAnalyzer: 0x103c4ba50> Discarding unused preheated analyzer
2026-09-30 23:13:31.571 Df corespeechd[87240:c367cb] [com.apple.siri:Speech] <CoreEmbeddedSpeechAnalyzer: 0x103c4ba50> cancelTaggerInitTask:470 queue task dequeued
2026-09-30 23:13:31.571 Df corespeechd[87240:c367cb] [com.apple.siri:Speech] <CoreEmbeddedSpeechAnalyzer: 0x103c4ba50> Discarding unused entity tagger
2026-09-30 23:13:31.571 Df corespeechd[87240:c367cb] [com.apple.siri:Speech] <CoreEmbeddedSpeechAnalyzer: 0x103c4ba50> cancelTaggerInitTask:471 queue task complete
2026-09-30 23:13:31.571 Df corespeechd[87240:c367cb] [com.apple.siri:Speech] <CoreEmbeddedSpeechAnalyzer: 0x103c4ba50> cancelPreheatingTask:459 queue task complete
2026-09-30 23:13:31.693 Df launchd_sim[86751:c363b1] [pid/88774 [AuthenticationS]:] uncorking exec source upfront
2026-09-30 23:13:31.693 Df launchd_sim[86751:c363b1] [pid/88774 [AuthenticationS]:] created
2026-09-30 23:13:31.699 A  AuthenticationServicesAgent[88774:c36691] (libsystem_containermanager.dylib) container_query_t
2026-09-30 23:13:31.699 Df AuthenticationServicesAgent[88774:0] [com.apple.libsystem.libdispatch:] BUG in libdispatch: 26A428 24A434 - 612 - 0x4
2026-09-30 23:13:31.701 Df AuthenticationServicesAgent[88774:c36691] [com.apple.containermanager:query] Query; personaid = 4294967295, type = NOPERSONA, name = <unknown>, origin [pid = 0, personaid = 0], proximate [pid = 0, personaid = 0], euid = 502, uid = 502, class = 2, identifier = [com.apple.mobilesafari](1), gidentifier = [(null)](0), flags = 100000002
2026-09-30 23:13:31.701 Df containermanagerd[86809:c336c9] [com.apple.xpc:connection] [0x1038f0f00] activating connection: mach=false listener=false peer=true name=com.apple.containermanagerd.peer[88774].0x1038f0f00
2026-09-30 23:13:31.701 E  containermanagerd[86809:c336c9] [com.apple.containermanager:persona] XPC message has no proximate persona
2026-09-30 23:13:31.702 Df containermanagerd[86809:c336c9] [com.apple.containermanager:query] Selected query plan; plan = <MCMCommandQueryPlanWithIdentities; identities = [<MCMContainerIdentity: 0x103869a80; userIdentity = <502/20/502/2/502>, identifier = com.apple.mobilesafari, class = (2)appData, platform = 0, ownership = {502:20:u+rwx,g+rx,o+rx}, transient = 0>]>
2026-09-30 23:13:31.704 Df AuthenticationServicesAgent[88774:c36691] [com.apple.xpc:connection] [0x1009c2ce0] activating connection: mach=true listener=false peer=false name=com.apple.security.kcsharing
2026-09-30 23:13:31.704 A  AuthenticationServicesAgent[88774:c36691] (Security) ksd/client/fetchCurrentUserIdentifierWithReply
2026-09-30 23:13:31.704 A  AuthenticationServicesAgent[88774:c36691] (Security) ksd/client/provisionWithReply
2026-09-30 23:13:31.704 Df AuthenticationServicesAgent[88774:c367d1] [com.apple.xpc:connection] [0x101530000] activating connection: mach=true listener=false peer=false name=com.apple.distributed_notifications@1v3
2026-09-30 23:13:31.704 Df distnoted[86782:c35631] [com.apple.distnoted:diagnostic] New connection from /private/var/run/com.apple.security.cryptexd/mnt/com.apple.iPhoneOS.SimulatorRuntime-v24.1.434.0.GOjTIm/Library/Developer/CoreSimulator/Profiles/Runtimes/iOS 27.0.simruntime/Contents/Resources/RuntimeRoot/System/Cryptexes/App/usr/libexec/AuthenticationServicesAgent (88774)
2026-09-30 23:13:31.704 Df AuthenticationServicesAgent[88774:c36691] [com.apple.xpc:connection] [0x1009c5070] activating connection: mach=true listener=true peer=false name=com.apple.AuthenticationServicesCore.AuthenticationServicesAgent
2026-09-30 23:13:31.704 Df distnoted[86782:c35631] [com.apple.xpc:connection] [0x103173700] activating connection: mach=false listener=false peer=true name=com.apple.distributed_notifications@1v3.peer[88774].0x103173700
2026-09-30 23:13:31.704 Df distnoted[86782:c35631] [com.apple.distnoted:diagnostic] register name: ACDAccountStoreDidChangeNotification object: kCFNotificationAnyObject token: 100000000 pid: 88774
2026-09-30 23:13:31.705 Df AuthenticationServicesAgent[88774:c36691] [com.apple.xpc:connection] [0x101530280] activating connection: mach=true listener=true peer=false name=com.apple.AuthenticationServices.AutoFill
2026-09-30 23:13:31.705 Df securityd[86804:c364a5] [com.apple.security.keychain.sharing:KCSharingXPCListenerDelegate] Accepted connection <NSXPCConnection: 0x1038d2a80> connection from pid 88774 on mach service named com.apple.security.kcsharing, allowed protocol KCSharingXPCServerProtocol
2026-09-30 23:13:31.705 A  AuthenticationServicesAgent[88774:c367d2] (AuthenticationServicesCore) ASCAgent request
2026-09-30 23:13:31.705 Df securityd[86804:c364a5] [com.apple.xpc:connection] [0x1039817c0] activating connection: mach=false listener=false peer=true name=com.apple.security.kcsharing.peer[88774].0x1039817c0
2026-09-30 23:13:31.705 A  securityd[86804:c364a5] (Security) SecItemCopyMatching_ios
2026-09-30 23:13:31.705 Df AuthenticationServicesAgent[88774:c367d2] [com.apple.mobilesafari:Authorization] Initializing ASCAgent 0x1015303c0.
2026-09-30 23:13:31.705 Df AuthenticationServicesAgent[88774:c367d2] [com.apple.mobilesafari:Authorization] Received connection from 5AKJYZ7USP.com.tarunyadgirkar.prefill.spike.textinsert
2026-09-30 23:13:31.705 Df AuthenticationServicesAgent[88774:c367d2] [com.apple.xpc:connection] [0x101530140] activating connection: mach=false listener=false peer=true name=com.apple.AuthenticationServicesCore.AuthenticationServicesAgent.peer[88624].0x101530140
2026-09-30 23:13:31.706 A  AuthenticationServicesAgent[88774:c367d1] (Accounts) accounts/register-types-to-monitor-sync
2026-09-30 23:13:31.706 Df AuthenticationServicesAgent[88774:c367d1] [com.apple.xpc:connection] [0x101530500] activating connection: mach=true listener=false peer=false name=com.apple.accountsd.accountmanager
2026-09-30 23:13:31.707 Df AuthenticationServicesAgent[88774:c367d3] [com.apple.xpc:connection] [0x101530780] activating connection: mach=true listener=false peer=false name=com.apple.cfprefsd.daemon
2026-09-30 23:13:31.707 Df cfprefsd[86798:c335b8] [com.apple.xpc:connection] [0x1057317c0] activating connection: mach=false listener=false peer=true name=com.apple.cfprefsd.daemon.peer[88774].0x1057317c0
2026-09-30 23:13:31.707 E  cfprefsd[86798:c335ba] [com.apple.defaults:cfprefsd] Couldn't open /Library/Managed Preferences/mobile/.GlobalPreferences.plist due to No such file or directory
2026-09-30 23:13:31.707 E  cfprefsd[86798:c335ba] [com.apple.defaults:cfprefsd] Couldn't open /Library/Managed Preferences/.GlobalPreferences.plist due to No such file or directory
2026-09-30 23:13:31.707 E  cfprefsd[86798:c335ba] [com.apple.defaults:cfprefsd] Couldn't open /Users/tarunyadgirkar/Library/Developer/CoreSimulator/Devices/CF361191-F960-4212-9B76-7C41256A11C9/data/Library/Preferences/ByHost/.GlobalPreferences..plist due to No such file or directory
2026-09-30 23:13:31.708 Df AuthenticationServicesAgent[88774:c367d3] [com.apple.extensionkit:NSExtension] Class EXGetExtensionClass(void) returning EXConcreteExtension
2026-09-30 23:13:31.708 Df AuthenticationServicesAgent[88774:c367d3] [com.apple.xpc:connection] [0x1015308c0] activating connection: mach=true listener=false peer=false name=com.apple.pluginkit.pkd
2026-09-30 23:13:31.708 A  AuthenticationServicesAgent[88774:c367d3] (PlugInKit) continuous-discovery
2026-09-30 23:13:31.709 Df AuthenticationServicesAgent[88774:c367d2] [com.apple.xpc:connection] [0x101530a00] activating connection: mach=true listener=false peer=false name=com.apple.lsd.mapdb
2026-09-30 23:13:31.709 Df AuthenticationServicesAgent[88774:c36691] [com.apple.UserNotifications:Connections] [com.apple.Passwords] Creating a user notification center
2026-09-30 23:13:31.709 Df AuthenticationServicesAgent[88774:c36691] [com.apple.xpc:connection] [0x101530b40] activating connection: mach=true listener=true peer=false name=com.apple.AuthenticationServices.CredentialSharingGroups
2026-09-30 23:13:31.709 Df AuthenticationServicesAgent[88774:c367d3] [com.apple.PlugInKit:discovery] <PKDiscoveryDriver:0x10147c2a0> created discovery driver
2026-09-30 23:13:31.709 Df AuthenticationServicesAgent[88774:c367d3] [com.apple.PlugInKit:discovery] [d 1A93E88E-04B1-46BF-9E07-426FA27491E7] <PKHost:0x1014ed200> Beginning discovery for flags: 0, point: com.apple.authentication-services-credential-provider-ui
2026-09-30 23:13:31.709 Df lsd[86807:c35c39] [com.apple.xpc:connection] [0x105b3da40] activating connection: mach=false listener=false peer=true name=com.apple.lsd.mapdb.peer[88774].0x105b3da40
2026-09-30 23:13:31.709 Df securityd[86804:c364a5] [com.apple.securityd:thread-local-client-debug] SecSecurityClientGet new thread!
2026-09-30 23:13:31.709 Df AuthenticationServicesAgent[88774:c36691] [com.apple.xpc.activity:Client] xpc_activity_register: com.apple.AuthenticationServicesCore.AuthenticationServicesAgent.PeriodicMaintenanceActivity, criteria: check-in
2026-09-30 23:13:31.709 Df AuthenticationServicesAgent[88774:c36691] [com.apple.xpc:connection] [0x101530c80] activating connection: mach=true listener=true peer=false name=com.apple.xpc.activity
2026-09-30 23:13:31.709 Df AuthenticationServicesAgent[88774:c36691] [com.apple.xpc.activity:Client] _xpc_activity_register: com.apple.AuthenticationServicesCore.AuthenticationServicesAgent.PeriodicMaintenanceActivity (0x101500dc0), 0
2026-09-30 23:13:31.709 Df AuthenticationServicesAgent[88774:c36691] [com.apple.xpc.activity:Client] xpc_activity_set_criteria: com.apple.AuthenticationServicesCore.AuthenticationServicesAgent.PeriodicMaintenanceActivity (0x101500dc0), check-in
2026-09-30 23:13:31.709 Df pkd[86982:c35903] [com.apple.xpc:connection] [0x1056e66c0] activating connection: mach=false listener=false peer=true name=com.apple.pluginkit.pkd.peer[88774].0x1056e66c0
2026-09-30 23:13:31.709 Df AuthenticationServicesAgent[88774:c367d3] [com.apple.xpc.activity:Client] xpc_activity_set_criteria, lower half: com.apple.AuthenticationServicesCore.AuthenticationServicesAgent.PeriodicMaintenanceActivity (0x101500dc0), check-in
2026-09-30 23:13:31.709 Df AuthenticationServicesAgent[88774:c36691] [com.apple.xpc:connection] [0x101530dc0] activating connection: mach=true listener=true peer=false name=com.apple.AuthenticationServicesCore.AuthenticationServicesAgent.CredentialExchange
2026-09-30 23:13:31.710 Df AuthenticationServicesAgent[88774:c367d3] [com.apple.xpc.activity:Client] _xpc_activity_set_criteria: com.apple.AuthenticationServicesCore.AuthenticationServicesAgent.PeriodicMaintenanceActivity (0x101500dc0), check-in
2026-09-30 23:13:31.710 Df AuthenticationServicesAgent[88774:c36691] [com.apple.xpc:connection] [0x101530f00] activating connection: mach=true listener=true peer=false name=com.apple.AuthenticationServices.AuthenticationServicesAgent.CredentialUpdate
2026-09-30 23:13:31.710 Df securityd[86804:c364a5] [com.apple.securityd:KCSharingSyncController] KCSharingCloudCoreAdoption is 0
2026-09-30 23:13:31.710 Df securityd[86804:c364a5] [com.apple.securityd:KCSharingSyncController] KCSharingCloudCoreAdoption FF value: 1
2026-09-30 23:13:31.710 E  securityd[86804:c364a5] [com.apple.security.keychain.sharing:KCSharingCloudCore] Missing CloudCore Session
2026-09-30 23:13:31.710 E  securityd[86804:c364a5] [com.apple.security.keychain.sharing:KCSharingSyncController] Failed to fetch current current identifier from Acquired Session: Error Domain=KCSharingErrorDomain Code=43 "Missing CloudCore Session"
2026-09-30 23:13:31.710 Df AuthenticationServicesAgent[88774:c367d3] [com.apple.xpc.activity:Client] xpc_activity_set_criteria: com.apple.AuthenticationServicesCore.AuthenticationServicesAgent.PeriodicMaintenanceActivity (0x101500dc0), setting state now to 0
2026-09-30 23:13:31.710 Df AuthenticationServicesAgent[88774:c367d3] [com.apple.xpc.activity:Client] _xpc_activity_set_state: com.apple.AuthenticationServicesCore.AuthenticationServicesAgent.PeriodicMaintenanceActivity (0x101500dc0), 0
2026-09-30 23:13:31.710 A  securityd[86804:c364a5] (Security) SecItemCopyMatching_ios
2026-09-30 23:13:31.710 Df AuthenticationServicesAgent[88774:c367d3] [com.apple.xpc.activity:Client] __XPC_ACTIVITY_CALLING_HANDLER__: com.apple.AuthenticationServicesCore.AuthenticationServicesAgent.PeriodicMaintenanceActivity (0x101500dc0), current state 0, pending state 0
2026-09-30 23:13:31.710 E  AuthenticationServicesAgent[88774:c367d4] [com.apple.security.keychain.sharing:KCSharingGroupManager] Failed to fetch current user identifier: Error Domain=KCSharingErrorDomain Code=43 "(null)"
2026-09-30 23:13:31.710 E  securityd[86804:c35628] [com.apple.security.keychain.sharing:KCSharingSyncController] Failed to provision user: Error Domain=KCSharingErrorDomain Code=33 "(null)" UserInfo={NSUnderlyingError=0x103ac4840 {Error Domain=KCSharingErrorDomain Code=35 "Can't complete operation because the keychain is locked"}}
2026-09-30 23:13:31.710 Df AuthenticationServicesAgent[88774:c367d3] [com.apple.xpc.activity:Client] __XPC_ACTIVITY_CALLING_HANDLER__ returned from handler: com.apple.AuthenticationServicesCore.AuthenticationServicesAgent.PeriodicMaintenanceActivity (0x101500dc0), current state 0, pending state 0
2026-09-30 23:13:31.710 Df pkd[86982:c35903] [com.apple.PlugInKit:discovery] [d 1A93E88E-04B1-46BF-9E07-426FA27491E7] [u A0B91EBE-90F2-424B-BEF3-A165E9507620] [com.tarunyadgirkar.prefill.spike.textinsert.provider(0.1)] Created plugin
2026-09-30 23:13:31.710 Df AuthenticationServicesAgent[88774:c367d3] [com.apple.xpc.activity:Client] _xpc_activity_set_state: com.apple.AuthenticationServicesCore.AuthenticationServicesAgent.PeriodicMaintenanceActivity (0x101500dc0), 1
2026-09-30 23:13:31.710 Df accountsd[86760:c3602c] [com.apple.accounts:core] "<NSXPCConnection: 0x103f0cd20> connection from pid 88774 on mach service named com.apple.accountsd.accountmanager (AuthenticationServicesAgent) received"
2026-09-30 23:13:31.710 E  AuthenticationServicesAgent[88774:c367d4] [com.apple.mobilesafari:Passwords] Failed to fetch current user participant ID with error: Error Domain=KCSharingErrorDomain Code=43 "(null)"
2026-09-30 23:13:31.710 Df accountsd[86760:c3602c] [com.apple.xpc:connection] [0x103f1c780] activating connection: mach=false listener=false peer=true name=com.apple.accountsd.accountmanager.peer[88774].0x103f1c780
2026-09-30 23:13:31.710 E  AuthenticationServicesAgent[88774:c367d4] [com.apple.mobilesafari:Passwords] Failed to provision for password sharing with error: Error Domain=KCSharingErrorDomain Code=33 "(null)" UserInfo={NSUnderlyingError=0x101484f60 {Error Domain=KCSharingErrorDomain Code=35 "(null)"}}
2026-09-30 23:13:31.711 Df pkd[86982:c35903] [com.apple.PlugInKit:discovery] [d 1A93E88E-04B1-46BF-9E07-426FA27491E7] Final plugin count: 1
2026-09-30 23:13:31.711 Df AuthenticationServicesAgent[88774:c367d4] [com.apple.PlugInKit:discovery] [d 1A93E88E-04B1-46BF-9E07-426FA27491E7] <PKHost:0x1014ed200> Completed discovery. Final # of matches: 1
2026-09-30 23:13:31.711 Df AuthenticationServicesAgent[88774:c367d3] [com.apple.PlugInKit:discovery] <PKDiscoveryDriver:0x10147c2a0> delivering update to host (1 plugins)
2026-09-30 23:13:31.711 A  AuthenticationServicesAgent[88774:c367d3] (ExtensionFoundation) discovering extensions
2026-09-30 23:13:31.711 A  AuthenticationServicesAgent[88774:c367d2] (libsystem_containermanager.dylib) container_system_group_path_for_identifier
2026-09-30 23:13:31.711 Df AuthenticationServicesAgent[88774:c367d2] [com.apple.containermanager:xpc] Requesting container lookup; class = 13, identifier = (null), group_identifier = systemgroup.com.apple.configurationprofiles, create = 1, temp = 0, euid = 502, uid = 502
2026-09-30 23:13:31.711 A  AuthenticationServicesAgent[88774:c367d2] (libsystem_containermanager.dylib) container_query_t
2026-09-30 23:13:31.711 Df AuthenticationServicesAgent[88774:c367d2] [com.apple.containermanager:xpc] Query; euid = 502, uid = 502, class = 13, identifier = [(null)](0), gidentifier = [systemgroup.com.apple.configurationprofiles](1), flags = 900000003
2026-09-30 23:13:31.711 Df containermanagerd_system[86802:c35625] [com.apple.xpc:connection] [0x1038f9540] activating connection: mach=false listener=false peer=true name=com.apple.containermanagerd.system.peer[88774].0x1038f9540
2026-09-30 23:13:31.711 E  containermanagerd_system[86802:c35625] [com.apple.containermanager:persona] XPC message has no proximate persona
2026-09-30 23:13:31.712 Df AuthenticationServicesAgent[88774:c36691] [com.apple.xpc:connection] [0x1015312c0] activating connection: mach=true listener=true peer=false name=com.apple.AuthenticationServices.AuthenticationServicesAgent.FileVaultRecoveryKeys
2026-09-30 23:13:31.712 Df AuthenticationServicesAgent[88774:c36691] [com.apple.xpc:connection] [0x101531540] activating connection: mach=true listener=true peer=false name=com.apple.AuthenticationServices.AuthenticationServicesAgent.VerificationCodes
2026-09-30 23:13:31.712 Df containermanagerd_system[86802:c35625] [com.apple.containermanager:query] Selected query plan; plan = <MCMCommandQueryPlanWithIdentities; identities = [<MCMContainerIdentity: 0x10385cbc0; userIdentity = <502/20/502/3/502>, identifier = systemgroup.com.apple.configurationprofiles, class = (13)systemGroup, platform = 7, ownership = {502:20:u+rwx,g+rx,o+rx}, transient = 0>]>
2026-09-30 23:13:31.712 Df AuthenticationServicesAgent[88774:c36691] [com.apple.xpc:connection] [0x101531680] activating connection: mach=true listener=true peer=false name=com.apple.AuthenticationServices.AuthenticationServicesAgent.AutomaticSecurityUpgrade
2026-09-30 23:13:31.712 E  cfprefsd[86798:c335ba] [com.apple.defaults:cfprefsd] Couldn't open /Library/Managed Preferences/mobile/com.apple.AuthenticationServicesCore.AuthenticationServicesAgent.plist due to No such file or directory
2026-09-30 23:13:31.712 E  cfprefsd[86798:c335ba] [com.apple.defaults:cfprefsd] Couldn't open /Library/Managed Preferences/com.apple.AuthenticationServicesCore.AuthenticationServicesAgent.plist due to No such file or directory
2026-09-30 23:13:31.712 E  cfprefsd[86798:c335ba] [com.apple.defaults:cfprefsd] Couldn't open /Users/tarunyadgirkar/Library/Developer/CoreSimulator/Devices/CF361191-F960-4212-9B76-7C41256A11C9/data/Library/Preferences/com.apple.AuthenticationServicesCore.AuthenticationServicesAgent.plist due to No such file or directory
2026-09-30 23:13:31.712 E  cfprefsd[86798:c335ba] [com.apple.defaults:cfprefsd] Couldn't open /Users/tarunyadgirkar/Library/Developer/CoreSimulator/Devices/CF361191-F960-4212-9B76-7C41256A11C9/data/Library/Preferences/com.apple.AuthenticationServicesCore.AuthenticationServicesAgent.plist due to No such file or directory
2026-09-30 23:13:31.712 E  cfprefsd[86798:c335ba] [com.apple.defaults:cfprefsd] Couldn't open /Users/tarunyadgirkar/Library/Developer/CoreSimulator/Devices/CF361191-F960-4212-9B76-7C41256A11C9/data/Library/Preferences/ByHost/com.apple.AuthenticationServicesCore.AuthenticationServicesAgent..plist due to No such file or directory
2026-09-30 23:13:31.712 A  AuthenticationServicesAgent[88774:c367d2] (libsystem_containermanager.dylib) container_copy_object
2026-09-30 23:13:31.712 A  AuthenticationServicesAgent[88774:c367d1] (Accounts) accounts/accounts-with-types-sync
2026-09-30 23:13:31.712 Df AuthenticationServicesAgent[88774:c367d2] [com.apple.containermanager:unspecified] container_system_group_path_for_identifier: success
2026-09-30 23:13:31.712 Df AuthenticationServicesAgent[88774:c367d2] [com.apple.ManagedConfiguration:MC] Got system group container path from MCM for systemgroup.com.apple.configurationprofiles: /Users/tarunyadgirkar/Library/Developer/CoreSimulator/Devices/CF361191-F960-4212-9B76-7C41256A11C9/data/Containers/Shared/SystemGroup/systemgroup.com.apple.configurationprofiles
2026-09-30 23:13:31.714 Df AuthenticationServicesAgent[88774:c367d4] [com.apple.mobilesafari:Keychain] Ongoing credential sharing is disabled because iCloud Keychain is disabled
2026-09-30 23:13:31.714 Df AuthenticationServicesAgent[88774:c367d4] [com.apple.mobilesafari:Passwords] Not fetching shared account groups because ongoing credential sharing is disabled
2026-09-30 23:13:31.714 Df AuthenticationServicesAgent[88774:c367d4] [com.apple.mobilesafari:Keychain] Ongoing credential sharing is disabled because iCloud Keychain is disabled
2026-09-30 23:13:31.714 Df AuthenticationServicesAgent[88774:c367d4] [com.apple.mobilesafari:Passwords] Not fetching shared account groups because ongoing credential sharing is disabled
2026-09-30 23:13:31.714 Df distnoted[86782:c35631] [com.apple.distnoted:diagnostic] register name: com.apple.LaunchServices.applicationRegistered object: kCFNotificationAnyObject token: 200000001 pid: 88774
2026-09-30 23:13:31.714 A  AuthenticationServicesAgent[88774:c367d2] (PlugInKit) discovery
2026-09-30 23:13:31.714 Df AuthenticationServicesAgent[88774:c367d2] [com.apple.PlugInKit:discovery] [d BAA5A762-3AA1-4212-A876-7627BC949DEE] <PKHost:0x1014ed200> Beginning discovery for flags: 1024, point: com.apple.authentication-services-credential-provider-ui
2026-09-30 23:13:31.714 Df distnoted[86782:c35631] [com.apple.distnoted:diagnostic] register name: com.apple.LaunchServices.applicationUnregistered object: kCFNotificationAnyObject token: 300000002 pid: 88774
2026-09-30 23:13:31.714 Df distnoted[86782:c35631] [com.apple.distnoted:diagnostic] register name: com.apple.LaunchServices.applicationStateChanged object: kCFNotificationAnyObject token: 400000003 pid: 88774
2026-09-30 23:13:31.714 Df AuthenticationServicesAgent[88774:c367d3] [com.apple.extensionkit:NSExtension] discovered extensions: attributes {
    NSExtensionPointName = "com.apple.authentication-services-credential-provider-ui";
}, extensionSet {(
    <EXConcreteExtension: 0x1009cd180> {id = com.tarunyadgirkar.prefill.spike.textinsert.provider}
)}
2026-09-30 23:13:31.714 Df AuthenticationServicesAgent[88774:c367d4] [com.apple.PlugInKit:discovery] <PKDiscoveryDriver:0x10147c2a0> installing watchers for continuous discovery
2026-09-30 23:13:31.714 Df AuthenticationServicesAgent[88774:c367d4] [com.apple.launchservices:appinstallation] registering for distributed notification com.apple.LaunchServices.pluginsregistered in this process
2026-09-30 23:13:31.714 Df AuthenticationServicesAgent[88774:c367d4] [com.apple.xpc:connection] [0x1015317c0] activating connection: mach=true listener=false peer=false name=com.apple.distributed_notifications@1v3
2026-09-30 23:13:31.714 Df AuthenticationServicesAgent[88774:c367d4] [com.apple.launchservices:appinstallation] registering for distributed notification com.apple.LaunchServices.pluginsunregistered in this process
2026-09-30 23:13:31.714 Df distnoted[86782:c35631] [com.apple.distnoted:diagnostic] New connection from /private/var/run/com.apple.security.cryptexd/mnt/com.apple.iPhoneOS.SimulatorRuntime-v24.1.434.0.GOjTIm/Library/Developer/CoreSimulator/Profiles/Runtimes/iOS 27.0.simruntime/Contents/Resources/RuntimeRoot/System/Cryptexes/App/usr/libexec/AuthenticationServicesAgent (88774)
2026-09-30 23:13:31.714 Df distnoted[86782:c35631] [com.apple.xpc:connection] [0x103173840] activating connection: mach=false listener=false peer=true name=com.apple.distributed_notifications@1v3.peer[88774].0x103173840
2026-09-30 23:13:31.714 Df distnoted[86782:c35631] [com.apple.distnoted:diagnostic] register name: com.apple.LaunchServices.pluginsregistered object: kCFNotificationAnyObject token: 100000000 pid: 88774
2026-09-30 23:13:31.714 Df distnoted[86782:c35631] [com.apple.distnoted:diagnostic] register name: com.apple.LaunchServices.pluginsunregistered object: kCFNotificationAnyObject token: 200000001 pid: 88774
2026-09-30 23:13:31.714 Df pkd[86982:c35903] [com.apple.PlugInKit:discovery] [d BAA5A762-3AA1-4212-A876-7627BC949DEE] Final plugin count: 0
2026-09-30 23:13:31.714 Df AuthenticationServicesAgent[88774:c367d2] [com.apple.PlugInKit:discovery] [d BAA5A762-3AA1-4212-A876-7627BC949DEE] <PKHost:0x1014ed200> Completed discovery. Final # of matches: 0
2026-09-30 23:13:31.715 Df AuthenticationServicesAgent[88774:c367d4] [com.apple.launchservices:progress] Establishing xpc connection to lsd
2026-09-30 23:13:31.715 Df AuthenticationServicesAgent[88774:c367d4] [com.apple.xpc:connection] [0x101531a40] activating connection: mach=true listener=false peer=false name=com.apple.lsd.xpc
2026-09-30 23:13:31.715 Df lsd[86807:c35c39] [com.apple.xpc:connection] [0x105b3de00] activating connection: mach=false listener=false peer=true name=com.apple.lsd.xpc.peer[88774].0x105b3de00
2026-09-30 23:13:31.715 Df AuthenticationServicesAgent[88774:c367d4] [com.apple.launchservices:progress] Received LSWorkspaceObserverPing, xpc connection established
2026-09-30 23:13:31.715 E  cfprefsd[86798:c335ba] [com.apple.defaults:cfprefsd] Couldn't open /Library/Managed Preferences/mobile/com.apple.mobilesafari.plist due to No such file or directory
2026-09-30 23:13:31.715 E  cfprefsd[86798:c335ba] [com.apple.defaults:cfprefsd] Couldn't open /Library/Managed Preferences/com.apple.mobilesafari.plist due to No such file or directory
2026-09-30 23:13:31.716 E  cfprefsd[86798:c335ba] [com.apple.defaults:cfprefsd] Couldn't open /Users/tarunyadgirkar/Library/Developer/CoreSimulator/Devices/CF361191-F960-4212-9B76-7C41256A11C9/data/Library/Preferences/com.apple.mobilesafari.plist due to No such file or directory
2026-09-30 23:13:31.716 E  cfprefsd[86798:c335ba] [com.apple.defaults:cfprefsd] Couldn't open /Users/tarunyadgirkar/Library/Developer/CoreSimulator/Devices/67D26F69-0444-498D-ADEE-F687E565B7CB/data/Containers/Data/Application/940B02CD-FEDE-4572-85D6-606628FAFAC9/Library/Preferences/.GlobalPreferences.plist due to No such file or directory
2026-09-30 23:13:31.716 E  cfprefsd[86798:c335ba] [com.apple.defaults:cfprefsd] Couldn't open /Users/tarunyadgirkar/Library/Developer/CoreSimulator/Devices/CF361191-F960-4212-9B76-7C41256A11C9/data/Library/Preferences/ByHost/com.apple.mobilesafari..plist due to No such file or directory
2026-09-30 23:13:31.716 Df TextInsertSpike[88624:c36442] [com.apple.xpc:connection] [0x107716d00] invalidated because the current process cancelled the connection by calling xpc_connection_cancel()
2026-09-30 23:13:31.716 Df AuthenticationServicesAgent[88774:c367d2] [com.apple.xpc:connection] [0x101530140] invalidated because the client process (pid 88624) either cancelled the connection or exited
2026-09-30 23:13:31.716 Df TextInsertSpike[88624:c36233] [com.tarunyadgirkar.prefill.spike.textinsert:app] SPIKE requestToTurnOnCredentialProviderExtension enabled=false
2026-09-30 23:13:31.716 Df AuthenticationServicesAgent[88774:c367d2] [com.apple.mobilesafari:Authorization] 5AKJYZ7USP.com.tarunyadgirkar.prefill.spike.textinsert disconnected.
2026-09-30 23:13:31.716 Df AuthenticationServicesAgent[88774:c367d2] [com.apple.mobilesafari:Authorization] Completing authorization: 0x1015303c0 (null) Error Domain=com.apple.AuthenticationServicesCore.AuthorizationError Code=2 "(null)" (null)
2026-09-30 23:13:31.716 Df AuthenticationServicesAgent[88774:c367d2] [com.apple.mobilesafari:Authorization] Dealloc for 0x1015303c0. Cancelling any outstanding requests.
2026-09-30 23:13:31.716 Df AuthenticationServicesAgent[88774:c367d4] [com.apple.PlugInKit:discovery] <PKDiscoveryDriver:0x10147c2a0> explicit cancellation for discovery
2026-09-30 23:13:31.716 Df AuthenticationServicesAgent[88774:c367d4] [com.apple.PlugInKit:discovery] <PKDiscoveryDriver:0x10147c2a0> removing watchers for continous discovery
2026-09-30 23:13:31.716 Df AuthenticationServicesAgent[88774:c367d4] [com.apple.launchservices:appinstallation] unregistering for distributed notification com.apple.LaunchServices.pluginsregistered in this process
2026-09-30 23:13:31.716 Df AuthenticationServicesAgent[88774:c367d4] [com.apple.launchservices:appinstallation] unregistering for distributed notification com.apple.LaunchServices.pluginsunregistered in this process
2026-09-30 23:13:31.716 Df distnoted[86782:c35631] [com.apple.distnoted:diagnostic] unregister token: 100000000 pid: 88774
2026-09-30 23:13:31.716 A  AuthenticationServicesAgent[88774:c367d4] (ExtensionFoundation) discovering extensions
2026-09-30 23:13:31.716 Df distnoted[86782:c35631] [com.apple.distnoted:diagnostic] unregister token: 200000001 pid: 88774
2026-09-30 23:13:31.716 E  AuthenticationServicesAgent[88774:c367d4] [com.apple.extensionkit:NSExtension] errors encountered while discovering extensions: Error Domain=PlugInKit Code=13 "query cancelled" UserInfo={NSLocalizedDescription=query cancelled}
2026-09-30 23:13:31.716 Df AuthenticationServicesAgent[88774:c367d4] [com.apple.PlugInKit:discovery] <PKDiscoveryDriver:0x10147c2a0> destroying discovery driver
2026-09-30 23:13:31.716 Df AuthenticationServicesAgent[88774:c367d4] [com.apple.PlugInKit:discovery] <PKDiscoveryDriver:0x10147c2a0> removing watchers for continous discovery
2026-09-30 23:13:31.977 Df calaccessd[87241:c34518] [com.apple.xpc:connection] [0x1026c1f40] activating connection: mach=false listener=false peer=false name=(anonymous)
2026-09-30 23:13:31.977 Df SpringBoard[86754:c35fc4] [com.apple.xpc:connection] [0x116e44f00] activating connection: mach=false listener=false peer=true name=com.apple.frontboard.systemappservices.peer[87241].0x116e44f00
2026-09-30 23:13:32.185 Df ExtragalacticPoster[87438:c344e4] [com.apple.Accessibility:AXCommon] Loading PDFKit
2026-09-30 23:13:33.014 E  videosubscriptionsd[88516:c35ff7] [com.apple.coredata:error] CoreData: error: Executing as effective user 502
2026-09-30 23:13:33.014 E  videosubscriptionsd[88516:c35ff7] [com.apple.coredata:error] CoreData: error:   Sandbox access to file-write-create denied
2026-09-30 23:13:33.016 E  videosubscriptionsd[88516:c35ff7] [com.apple.coredata:error] CoreData: error: Failed to statfs file; errno 2 / No such file or directory.
2026-09-30 23:13:33.017 E  videosubscriptionsd[88516:c35ff7] [com.apple.coredata:error] CoreData: error: Information for file system
2026-09-30 23:13:33.017 E  videosubscriptionsd[88516:c35ff7] [com.apple.coredata:error] CoreData: error: ---------------------------
2026-09-30 23:13:33.017 E  videosubscriptionsd[88516:c35ff7] [com.apple.coredata:error] CoreData: error:   File system type: 		0
2026-09-30 23:13:33.017 E  videosubscriptionsd[88516:c35ff7] [com.apple.coredata:error] CoreData: error:   File system flags: 		0
2026-09-30 23:13:33.020 E  videosubscriptionsd[88516:c35ff7] [com.apple.coredata:error] CoreData: error:   Total data blocks: 		0
2026-09-30 23:13:33.020 E  videosubscriptionsd[88516:c35ff7] [com.apple.coredata:error] CoreData: error:   Free data blocks: 		0
2026-09-30 23:13:33.021 E  videosubscriptionsd[88516:c35ff7] [com.apple.coredata:error] CoreData: error:   Free blocks for nonsuperuser:	0
2026-09-30 23:13:33.021 E  videosubscriptionsd[88516:c35ff7] [com.apple.coredata:error] CoreData: error:   Total i-nodes: 			0
2026-09-30 23:13:33.021 E  videosubscriptionsd[88516:c35ff7] [com.apple.coredata:error] CoreData: error:   File system ID: 		0, 0
2026-09-30 23:13:33.021 E  videosubscriptionsd[88516:c35ff7] [com.apple.coredata:error] CoreData: error:   Free i-nodes: 			0
2026-09-30 23:13:33.021 E  videosubscriptionsd[88516:c35ff7] [com.apple.coredata:error] CoreData: error:   Owner UID: 			0
2026-09-30 23:13:33.021 E  videosubscriptionsd[88516:c35ff7] [com.apple.coredata:error] CoreData: error:   Filesystem type name:
2026-09-30 23:13:33.021 E  videosubscriptionsd[88516:c35ff7] [com.apple.coredata:error] CoreData: error:   Mount on name:
2026-09-30 23:13:33.021 E  videosubscriptionsd[88516:c35ff7] [com.apple.coredata:error] CoreData: error:   Mount from name:
2026-09-30 23:13:33.021 E  videosubscriptionsd[88516:c35ff7] [com.apple.coredata:error] CoreData: error: Failed to stat path '/Users/tarunyadgirkar/Library/Developer/CoreSimulator/Devices/CF361191-F960-4212-9B76-7C41256A11C9/data/Library/Application Support/videosubscriptionsd', errno 2 / No such file or directory.
2026-09-30 23:13:33.022 E  videosubscriptionsd[88516:c35ff7] [com.apple.coredata:error] CoreData: error: Executing as effective user 502
2026-09-30 23:13:33.022 E  videosubscriptionsd[88516:c35ff7] [com.apple.coredata:error] CoreData: error:   Sandbox access to file-write-create denied
2026-09-30 23:13:33.022 E  videosubscriptionsd[88516:c35ff7] [com.apple.coredata:error] CoreData: error: Failed to statfs file; errno 2 / No such file or directory.
2026-09-30 23:13:33.022 E  videosubscriptionsd[88516:c35ff7] [com.apple.coredata:error] CoreData: error: Information for file system
2026-09-30 23:13:33.022 E  videosubscriptionsd[88516:c35ff7] [com.apple.coredata:error] CoreData: error: ---------------------------
2026-09-30 23:13:33.022 E  videosubscriptionsd[88516:c35ff7] [com.apple.coredata:error] CoreData: error:   File system type: 		0
2026-09-30 23:13:33.022 E  videosubscriptionsd[88516:c35ff7] [com.apple.coredata:error] CoreData: error:   File system flags: 		0
2026-09-30 23:13:33.023 E  videosubscriptionsd[88516:c35ff7] [com.apple.coredata:error] CoreData: error:   Total data blocks: 		0
2026-09-30 23:13:33.023 E  videosubscriptionsd[88516:c35ff7] [com.apple.coredata:error] CoreData: error:   Free data blocks: 		0
2026-09-30 23:13:33.023 E  videosubscriptionsd[88516:c35ff7] [com.apple.coredata:error] CoreData: error:   Free blocks for nonsuperuser:	0
2026-09-30 23:13:33.023 E  videosubscriptionsd[88516:c35ff7] [com.apple.coredata:error] CoreData: error:   Total i-nodes: 			0
2026-09-30 23:13:33.023 E  videosubscriptionsd[88516:c35ff7] [com.apple.coredata:error] CoreData: error:   File system ID: 		0, 0
2026-09-30 23:13:33.023 E  videosubscriptionsd[88516:c35ff7] [com.apple.coredata:error] CoreData: error:   Free i-nodes: 			0
2026-09-30 23:13:33.023 E  videosubscriptionsd[88516:c35ff7] [com.apple.coredata:error] CoreData: error:   Owner UID: 			0
2026-09-30 23:13:33.023 E  videosubscriptionsd[88516:c35ff7] [com.apple.coredata:error] CoreData: error:   Filesystem type name:
2026-09-30 23:13:33.024 E  videosubscriptionsd[88516:c35ff7] [com.apple.coredata:error] CoreData: error:   Mount on name:
2026-09-30 23:13:33.024 E  videosubscriptionsd[88516:c35ff7] [com.apple.coredata:error] CoreData: error:   Mount from name:
2026-09-30 23:13:33.024 E  videosubscriptionsd[88516:c35ff7] [com.apple.coredata:error] CoreData: error: Executing as effective user 502
2026-09-30 23:13:33.024 E  videosubscriptionsd[88516:c35ff7] [com.apple.coredata:error] CoreData: error: Information for /Users/tarunyadgirkar/Library/Developer/CoreSimulator/Devices/CF361191-F960-4212-9B76-7C41256A11C9/data/Library/Application Support
2026-09-30 23:13:33.025 E  videosubscriptionsd[88516:c35ff7] [com.apple.coredata:error] CoreData: error: ---------------------------
2026-09-30 23:13:33.025 E  videosubscriptionsd[88516:c35ff7] [com.apple.coredata:error] CoreData: error:   File Device ID: 	0
2026-09-30 23:13:33.025 E  videosubscriptionsd[88516:c35ff7] [com.apple.coredata:error] CoreData: error:   Device ID: 		16777229
2026-09-30 23:13:33.025 E  videosubscriptionsd[88516:c35ff7] [com.apple.coredata:error] CoreData: error:   File Size: 		576 bytes
2026-09-30 23:13:33.025 E  videosubscriptionsd[88516:c35ff7] [com.apple.coredata:error] CoreData: error:   File inode: 		27927942
2026-09-30 23:13:33.026 E  videosubscriptionsd[88516:c35ff7] [com.apple.coredata:error] CoreData: error:   File user ID: 		502
2026-09-30 23:13:33.026 E  videosubscriptionsd[88516:c35ff7] [com.apple.coredata:error] CoreData: error:   File group ID: 		20
2026-09-30 23:13:33.027 E  videosubscriptionsd[88516:c35ff7] [com.apple.coredata:error] CoreData: error:   File Permissions:
2026-09-30 23:13:33.027 E  videosubscriptionsd[88516:c35ff7] [com.apple.coredata:error] CoreData: error: d
2026-09-30 23:13:33.027 E  videosubscriptionsd[88516:c35ff7] [com.apple.coredata:error] CoreData: error:   755
2026-09-30 23:13:33.027 E  videosubscriptionsd[88516:c35ff7] [com.apple.coredata:error] CoreData: error:   file is not a symbolic link
2026-09-30 23:13:33.027 E  videosubscriptionsd[88516:c35ff7] [com.apple.coredata:error] CoreData: error:   Sandbox access to file-write-create allowed
2026-09-30 23:13:33.031 A  suggestd[86989:c34392] (Accounts) accounts/account-identifiers-enabled-for-dataclass
2026-09-30 23:13:33.039 E  swcd[87251:c35bbc] [com.apple.swc:1701] Error getting enterprise-managed associated domains data. If this device is not enterprise-managed, this is normal: Error Domain=SWCErrorDomain Code=1701 "Failed to get associated domain data from ManagedConfiguration framework." UserInfo={NSDebugDescription=Failed to get associated domain data from ManagedConfiguration framework., Line=298, Function=-[SWCEnterpriseContext(CPMCInterop) _loadEnterpriseData]}
2026-09-30 23:13:33.049 Df dataaccessd[86847:c35d3a] [com.apple.xpc:connection] [0x10153c140] invalidated because the current process cancelled the connection by calling xpc_connection_cancel()
2026-09-30 23:13:33.056 Df searchd[86947:c341ae] [com.apple.corespotlight:Drain] Disk commit observed for dataclass:Default
2026-09-30 23:13:33.057 E  triald[86830:c33a38] [com.apple.triald:_] TRIXPCCovariateFetcher: Timed out after 15s waiting for TrialArchivingService reply — returning to avoid wedging triald
2026-09-30 23:13:33.059 E  videosubscriptionsd[88516:c35ff7] [com.apple.coredata:error] CoreData: error: Information for file system
2026-09-30 23:13:33.060 Df companionappd[88268:c360b0] [com.apple.IDS:Registration] Suspend at connect 0x103504500
2026-09-30 23:13:33.061 E  assistantd[86756:c33d94] [com.apple.Biome:BiomeGeneral] Entitlement lists stream named 'Dormancy.Feature.UserInteraction' however no such stream was found
2026-09-30 23:13:33.065 Df apsd[86799:c36835] [com.apple.PersistentConnection:timer] SimpleTimer <PCSimpleTimer: 0x1030c92c0> has fired
2026-09-30 23:13:33.065 Df apsd[86799:c36835] [com.apple.PersistentConnection:timer] Invalidating simple timer <PCSimpleTimer: 0x1030c92c0>
2026-09-30 23:13:33.065 Df apsd[86799:c36199] [com.apple.PersistentConnection:timer] Disabling power monitoring for <PCSimpleTimer: 0x1030c92c0> - 2 timers
2026-09-30 23:13:33.071 Df calaccessd[87241:c34518] [com.apple.FrontBoard:Common] [FBSSystemService][0xad67] Sending request to open "com.apple.mobilecal"
2026-09-30 23:13:33.074 Df installd[87431:c35deb] (MobileSystemServices) 0x16f0a7000 -[MILaunchServicesOperationManager _onQueue_removePendingLaunchServicesOperationForUUID:dueToLSSave:]: Removing operation after LS save: <MILaunchServicesRegisterOperation: 84FF9535-E70A-4F40-AEEF-0C442DE379A5:3 com.tarunyadgirkar.prefill.spike.textinsert/MIInstallationDomainSystemShared personas:[com.apple.containermanager.primary-persona]>
2026-09-30 23:13:33.076 E  videosubscriptionsd[88516:c35ff7] [com.apple.coredata:error] CoreData: error: ---------------------------
2026-09-30 23:13:33.076 E  videosubscriptionsd[88516:c35ff7] [com.apple.coredata:error] CoreData: error:   File system type: 		0x1a
2026-09-30 23:13:33.082 Df installd[87431:c35deb] (MobileSystemServices) 0x16f0a7000 -[MILaunchServicesOperationManager _onQueue_removePendingLaunchServicesOperationForUUID:dueToLSSave:]: Removing operation after LS save: <MILaunchServicesRegisterOperation: AF2F1F9A-0165-4167-BEC1-45121EA4A5B9:4 com.tarunyadgirkar.prefill.spike.textinsert/MIInstallationDomainSystemShared personas:[com.apple.containermanager.primary-persona]>
2026-09-30 23:13:33.084 Df weatherd[86833:c338e7] [com.apple.UserNotifications:Connections] [com.apple.weather] Getting notification settings (sync)
2026-09-30 23:13:33.085 Df companionappd[88268:c360b0] [com.apple.IDS:Registration] Requesting connectionID 1 usingSync YES
2026-09-30 23:13:33.085 Df modelcatalogd[87399:c34458] (ModelCatalogRuntime) XPC connection for service(com.apple.modelcatalog.full-access) from 87173
2026-09-30 23:13:33.086 Df modelcatalogd[87399:c34458] (ModelCatalogRuntime) Delegate: clientApplicationIdentifier: com.apple.GenerativeFunctions.generativeexperiencesd
2026-09-30 23:13:33.087 Df nanoappregistryd[88561:c36101] [com.apple.companionsync:general] CompanionSync initializing new SYService com.apple.private.alloy.appregistrysync as Slave, low priority, generation 3EC9816A-B02D-4325-9CFD-7675CC45FB6B
2026-09-30 23:13:33.087 Df nanoappregistryd[88561:c36101] [com.apple.companionsync:general] Suspending CompanionSync.SYService.appregistrysync.SessionStartQueue.0x102028300
2026-09-30 23:13:33.088 Df calaccessd[87241:c34517] [com.apple.xpc:connection] [0x1026c0780] invalidated because the client process (pid 86847) either cancelled the connection or exited
2026-09-30 23:13:33.090 E  cfprefsd[86798:c335ba] [com.apple.defaults:cfprefsd] Couldn't open /Users/tarunyadgirkar/Library/Developer/CoreSimulator/Devices/CF361191-F960-4212-9B76-7C41256A11C9/data/Library/Preferences/ByHost/.GlobalPreferences..plist due to No such file or directory
2026-09-30 23:13:33.099 A  weatherd[86833:c35691] (SyncedDefaults) kvs/save-change-token
2026-09-30 23:13:33.100 Df wcd[86774:c33521] [com.apple.xpc:connection] [0x1012674a0] activating connection: mach=true listener=true peer=false name=com.apple.notifyd.matching
2026-09-30 23:13:33.103 Df companionappd[88268:c35a88] [com.apple.xpc:connection] [0x1034fc3c0] activating connection: mach=true listener=false peer=false name=com.apple.IDSSimulatorSupport
2026-09-30 23:13:33.104 Df calaccessd[87241:c34518] [com.apple.calendar.daemon:Daemon] Reloading widget timeline because focus configuration changed
2026-09-30 23:13:33.104 Df calaccessd[87241:c34518] [com.apple.calendar.daemon:CADServer] Forwarding darwin notifications to modules.
2026-09-30 23:13:33.104 Df SpringBoard[86754:c35fa3] [com.apple.FrontBoard:Process] Asked to bootstrap a new process for handle: [osservice<com.apple.calaccessd>:87241]
2026-09-30 23:13:33.104 Df SpringBoard[86754:c35fa3] [com.apple.FrontBoard:Process] Creating process (sync=true) for handle: [osservice<com.apple.calaccessd>:87241]
2026-09-30 23:13:33.104 Df SpringBoard[86754:c35fa3] [com.apple.FrontBoard:ProcessWorkspace] [osservice<com.apple.calaccessd>:87241] Registering event dispatcher at init
2026-09-30 23:13:33.105 Df SpringBoard[86754:c35fa3] [com.apple.FrontBoard:ProcessWorkspace] Registering Source for 87241 : <FBWorkspaceEventDispatcherSource: 0x11f6973c0>
2026-09-30 23:13:33.105 Df SpringBoard[86754:c35fa3] [com.apple.FrontBoard:ProcessWorkspace] Created <FBWorkspace: 0x1195a6940; <FBProcess: 0x1196c9c80; osservice<com.apple.calaccessd>:87241(v25EE5E)>>
2026-09-30 23:13:33.105 Df SpringBoard[86754:c35fa3] [com.apple.FrontBoard:Process] Bootstrapping osservice<com.apple.calaccessd>
2026-09-30 23:13:33.105 A  runningboardd[86757:c335e1] (RunningBoard) executeLaunchRequest
2026-09-30 23:13:33.105 Df runningboardd[86757:c35c1e] [com.apple.runningboard:ttl] Executing launch request for osservice<com.apple.calaccessd> (FBProcess) from requestor: [osservice<com.apple.SpringBoard>:86754]
2026-09-30 23:13:33.105 A  318EECA6-5C3A-356B-AEAD-DC3BDE74ECC1[86987:c35f5d] 
2026-09-30 23:13:33.106 Df SpringBoard[86754:c35fa3] [com.apple.FrontBoard:Process] [osservice<com.apple.calaccessd>:87241] Bootstrap success!
2026-09-30 23:13:33.106 A  runningboardd[86757:c35c1e] (RunningBoard) statesForPredicate
2026-09-30 23:13:33.106 Df SpringBoard[86754:c35fa3] [com.apple.runningboard:process] Starting death monitoring for handle [osservice<com.apple.calaccessd>:87241]
2026-09-30 23:13:33.106 A  runningboardd[86757:c335e1] (RunningBoard) subscribeToProcessDeath
2026-09-30 23:13:33.106 Df SpringBoard[86754:c35fa3] [com.apple.FrontBoard:Process] Adding: <FBProcess: 0x1196c9c80; osservice<com.apple.calaccessd>:87241(v25EE5E)>
2026-09-30 23:13:33.106 Df SpringBoard[86754:c35fa3] [com.apple.FrontBoard:Common] [FBSystemService][0xad67] Received request to open "com.apple.mobilecal" from calaccessd:87241.
2026-09-30 23:13:33.106 Df SpringBoard[86754:c35fc3] [com.apple.FrontBoard:Common] [FBSystemService][0xad67] Trusting entitled client calaccessd:87241.
2026-09-30 23:13:33.106 Df SpringBoard[86754:c334f8] [com.apple.SpringBoard:Workspace] Received trusted open application request for "com.apple.mobilecal" from <FBProcess: 0x1196c9c80; osservice<com.apple.calaccessd>:87241(v25EE5E)>.
2026-09-30 23:13:33.107 Df fitcored[86987:c35f5d] [com.apple.Seymour:trace] [0x0000000104fedda0] PersistenceStore::unlink begin footprint=15650.343750KB
2026-09-30 23:13:33.107 Df fitcored[86987:c35f5d] [com.apple.Seymour:trace] [0x0000000104fedda0] PersistenceStore::unlink ended in 0.000708s
2026-09-30 23:13:33.107 Df fitcored[86987:c35f5d] [com.apple.Seymour:database] [state] executing(pending=0) → activated(pending=0) reason=post-op
2026-09-30 23:13:33.107 Df SpringBoard[86754:c334f8] [com.apple.SplashBoard:FileManifest] com.apple.mobilecal Manifest is empty; purging everything at /Users/tarunyadgirkar/Library/Developer/CoreSimulator/Devices/67D26F69-0444-498D-ADEE-F687E565B7CB/data/Containers/Data/Application/C65A939E-5565-40A9-948A-596D738D592E/Library/SplashBoard/Snapshots
2026-09-30 23:13:33.108 Df SpringBoard[86754:c334f8] [com.apple.SpringBoard:Common] Executing request: <SBMainWorkspaceTransitionRequest: 0x1195a5b80; eventLabel: OpenApplication(sceneID:com.apple.mobilecal-17D17AFB-1E01-4B6C-8631-6BD0B1AA83C5)ForRequester(calaccessd.87241); display: Main; source: FBSystemService>
2026-09-30 23:13:33.108 Df SpringBoard[86754:c334f8] [com.apple.SpringBoard:Workspace] Executing suspended-activation immediately: OpenApplication(sceneID:com.apple.mobilecal-17D17AFB-1E01-4B6C-8631-6BD0B1AA83C5)ForRequester(calaccessd.87241)
2026-09-30 23:13:33.108 Df SpringBoard[86754:c334f8] [com.apple.FrontBoard:Common] [FBWorkspaceEvent] Executing: <FBWorkspaceEvent: 0x116f913c0; OpenApplication(sceneID:com.apple.mobilecal-17D17AFB-1E01-4B6C-8631-6BD0B1AA83C5)ForRequester(calaccessd.87241)>
2026-09-30 23:13:33.108 Df SpringBoard[86754:c334f8] [com.apple.FrontBoard:Common] [FBWorkspaceEvent] Executing: <FBWorkspaceEvent: 0x116f92ce0; OpenApplication(sceneID:com.apple.mobilecal-17D17AFB-1E01-4B6C-8631-6BD0B1AA83C5)ForRequester(calaccessd.87241)>
2026-09-30 23:13:33.108 Df SpringBoard[86754:c334f8] [com.apple.SpringBoard:Common] [92869424] unlockedEnvironmentMode: application
2026-09-30 23:13:33.108 Df SpringBoard[86754:c334f8] [com.apple.SpringBoard:TraitsArbiter] [SwitcherOrientation] transition source: FBSystemService
2026-09-30 23:13:33.108 Df SpringBoard[86754:c334f8] [com.apple.SpringBoard:TraitsArbiter] [SwitcherOrientation] switcherPolicy[Follow Primary Element primaryOverlaysPolicy[Device Orientation]
2026-09-30 23:13:33.109 Df SpringBoard[86754:c334f8] [com.apple.SpringBoard:Common] [SwitcherOrientation] _updateParticipantsAndPoliciesWithSwitcherPolicy:[Follow Primary Element] nonPrimaryOverlayPolicy:[Device Orientation]
2026-09-30 23:13:33.109 Df SpringBoard[86754:c334f8] [com.apple.SpringBoard:TraitsArbiter] [SwitcherOrientation] animation duration set to 0.00
2026-09-30 23:13:33.109 Df SpringBoard[86754:c334f8] [com.apple.SpringBoard:TraitsArbiter] [SwitcherOrientation] outSwitcherOrientation: portrait (1), outElementsOrientations: {
    "sceneID:com.tarunyadgirkar.prefill.spike.textinsert-85A7109D-B842-4933-8BBF-51C9DB391CCC" = 1;
}
2026-09-30 23:13:33.109 Df SpringBoard[86754:c334f8] [preflight:SceneHostedPreflight] [Source: TCCs] com.apple.mobilecal requires preflight: false
2026-09-30 23:13:33.110 Df SpringBoard[86754:c334f8] [preflight:SceneHostedPreflight] [Source: ScreenTime] com.apple.mobilecal requires preflight: false
2026-09-30 23:13:33.110 Df SpringBoard[86754:c334f8] [com.apple.SpringBoard:Common] [DeviceSceneHandle] sceneID:com.apple.mobilecal-17D17AFB-1E01-4B6C-8631-6BD0B1AA83C5 display=Main bounds={{0, 0}, {402, 874}} sceneFrame={{0, 0}, {402, 874}} capability=.None
2026-09-30 23:13:33.110 Df SpringBoard[86754:c334f8] [com.apple.SpringBoard:TraitsArbiter] [DeviceSceneHandle] Participant not found for scene identifier: sceneID:com.apple.mobilecal-17D17AFB-1E01-4B6C-8631-6BD0B1AA83C5
2026-09-30 23:13:33.110 Df SpringBoard[86754:c334f8] [com.apple.SpringBoard:ContinuitySession] modifying scene setting userInterfaceStyle to Light displayIdentity: Main forSceneManagers: Main <SBDeviceApplicationSceneHandle: 0x1260daa80; sceneID: sceneID:com.apple.mobilecal-17D17AFB-1E01-4B6C-8631-6BD0B1AA83C5; scenePointer: 0x0>
2026-09-30 23:13:33.111 Df SpringBoard[86754:c334f8] [preflight:SceneHostedPreflight] [Preflighter: TCCs] com.apple.mobilecal requires preflight: false
2026-09-30 23:13:33.111 Df SpringBoard[86754:c334f8] [preflight:SceneHostedPreflight] [Preflighter: ScreenTime] com.apple.mobilecal requires preflight: false
2026-09-30 23:13:33.111 Df SpringBoard[86754:c334f8] [preflight:PreflightSceneExtension] Updated activePreflightSource source: nil
2026-09-30 23:13:33.112 Df SpringBoard[86754:c334f8] [com.apple.UIKit:KBProxyForwarding] <StateMachine:0x119579ac0> Created with presentation environment: <0x118cb6c40:<_UISceneKeyboardProxyLayerForwardingPresentationScene: 0x118cb6c40> Tracking scene: <FBScene: 0x10ce1ac00; FBSceneManager:sceneID:com.apple.mobilecal-17D17AFB-1E01-4B6C-8631-6BD0B1AA83C5>>
2026-09-30 23:13:33.112 Df SpringBoard[86754:c334f8] [com.apple.SpringBoard:Common] No capture application found for the com.apple.mobilecal, launchCameraCapture: NO, isCaptureApplication: NO
2026-09-30 23:13:33.112 Df SpringBoard[86754:c334f8] [com.apple.network:activity] Create activity <nw_activity 50:1>
2026-09-30 23:13:33.112 Df SpringBoard[86754:c334f8] [com.apple.network:activity] Create activity <nw_activity 50:2>
2026-09-30 23:13:33.112 Df SpringBoard[86754:c334f8] [com.apple.network:activity] Activated <nw_activity 50:1 [623FAAC2-F6DD-4F5B-9982-9A7532F5E1CF] (reporting strategy default)>
2026-09-30 23:13:33.112 Df SpringBoard[86754:c334f8] [com.apple.network:activity] Activated <nw_activity 50:2 [CB40574A-3E5F-4DEB-9A86-9C904CFE744C] (reporting strategy default)>
2026-09-30 23:13:33.112 Df SpringBoard[86754:c334f8] [com.apple.FrontBoard:Process] Asked to bootstrap a new process with identity: app<com.apple.mobilecal((null))>
2026-09-30 23:13:33.112 Df SpringBoard[86754:c334f8] [com.apple.FrontBoard:Process] Creating process (sync=false) with identity: app<com.apple.mobilecal((null))>
2026-09-30 23:13:33.112 Df SpringBoard[86754:c334f8] [com.apple.FrontBoard:ProcessWorkspace] Created <FBWorkspace: 0x1195a5cc0; <FBApplicationProcess: 0x1196cb000; app<com.apple.mobilecal>:<invalid>>>
2026-09-30 23:13:33.113 Df SpringBoard[86754:c35fc3] [com.apple.FrontBoard:Process] Bootstrapping app<com.apple.mobilecal> with intent background
2026-09-30 23:13:33.113 Df SpringBoard[86754:c334f8] [com.apple.FrontBoard:ProcessScene] [0x10cd9be40:(FBSceneManager):sceneID:com.apple.mobilecal-17D17AFB-1E01-4B6C-8631-6BD0B1AA83C5] Initialized with connection: 0x118cb5470.
2026-09-30 23:13:33.113 Df SpringBoard[86754:c334f8] [com.apple.FrontBoard:ProcessWorkspace] [app<com.apple.mobilecal>:-1] Registered new scene: <FBWorkspaceScene: 0x10cd9be40; (FBSceneManager):sceneID:com.apple.mobilecal-17D17AFB-1E01-4B6C-8631-6BD0B1AA83C5> (fromRemnant = 0)
2026-09-30 23:13:33.113 Df SpringBoard[86754:c334f8] [com.apple.FrontBoard:Scene] [(FBSceneManager):sceneID:com.apple.mobilecal-17D17AFB-1E01-4B6C-8631-6BD0B1AA83C5][1] Scene activated.
2026-09-30 23:13:33.113 Df SpringBoard[86754:c35fa3] [com.apple.FrontBoard:Process] [app<com.apple.mobilecal>:-1] Setting process visibility to: Background
2026-09-30 23:13:33.113 A  runningboardd[86757:c335e1] (RunningBoard) executeLaunchRequest
2026-09-30 23:13:33.113 Df SpringBoard[86754:c334f8] [com.apple.FrontBoard:Scene] [(FBSceneManager):sceneID:com.apple.mobilecal-17D17AFB-1E01-4B6C-8631-6BD0B1AA83C5] Sending action(s) in update: <UIFetchContentInBackgroundAction: 0x152e2000c>
2026-09-30 23:13:33.113 Df runningboardd[86757:c335e1] [com.apple.runningboard:ttl] Acquiring assertion targeting app<com.apple.mobilecal((null))> from originator [osservice<com.apple.SpringBoard>:86754] with description <RBSAssertionDescriptor| "FBApplicationProcess" ID:86757-86754-4979 target:app<com.apple.mobilecal((null))> attributes:[
	<RBSDomainAttribute| domain:"com.apple.frontboard" name:"SuspendableLPRunReason-Suspend" sourceEnvironment:"(null)">,
	<RBSDomainAttribute| domain:"com.apple.frontboard" name:"SuspendableRole-NonUI" sourceEnvironment:"(null)">,
	<RBSDomainAttribute| domain:"com.apple.frontboard" name:"SuspendableJetsamPriority-Active" sourceEnvironment:"(null)">,
	<RBSDomainAttribute| domain:"com.apple.frontboard" name:"SuspendableBootstrapping" sourceEnvironment:"(null)">
	]>
2026-09-30 23:13:33.113 Df SpringBoard[86754:c35fa3] [com.apple.FrontBoard:ProcessScene] [0x10cd9be40:(FBSceneManager):sceneID:com.apple.mobilecal-17D17AFB-1E01-4B6C-8631-6BD0B1AA83C5] Scene lifecycle state did change: Background
2026-09-30 23:13:33.113 Df SpringBoard[86754:c35fa3] [com.apple.FrontBoard:ProcessScene] [0x10cd9be40:(FBSceneManager):sceneID:com.apple.mobilecal-17D17AFB-1E01-4B6C-8631-6BD0B1AA83C5] Scene state did change: BG-Active[40].
2026-09-30 23:13:33.113 Df runningboardd[86757:c335e1] [com.apple.runningboard:ttl] Assertion 86757-86754-4979 (target:app<com.apple.mobilecal((null))>) will be created as active
2026-09-30 23:13:33.113 Df SpringBoard[86754:c35fa3] [com.apple.FrontBoard:ProcessWorkspace] [app<com.apple.mobilecal>:-1] Workspace state did change: XX-None[0] --> BG-Active[40] (awaiting concrete target).
2026-09-30 23:13:33.113 Df runningboardd[86757:c335e6] [com.apple.runningboard:process] Checking PreventLaunch: global:0 exPath:(null) predicates:(null) allow:(null)
2026-09-30 23:13:33.113 A  runningboardd[86757:c35c1e] (RunningBoard) state update
2026-09-30 23:13:33.113 Df runningboardd[86757:c335e6] [com.apple.runningboard:job] Creating and launching job for: app<com.apple.mobilecal((null))>
2026-09-30 23:13:33.113 Df runningboardd[86757:c335e6] [com.apple.runningboard:general] _mutateContextIfNeeded called for com.apple.mobilecal
2026-09-30 23:13:33.113 Df runningboardd[86757:c335e6] [com.apple.runningboard:general] _mutateContextIfNeeded using proxy
2026-09-30 23:13:33.114 Df runningboardd[86757:c335e6] [com.apple.runningboard:job] app<com.apple.mobilecal((null))> Looking up container path with persona (null) using container identifier 'com.apple.mobilecal'
2026-09-30 23:13:33.114 Df runningboardd[86757:c335e6] [com.apple.runningboard:job] -[RBContainerManager containerPathForIdentity:context:persona:error:]: containermanager query required 0.000058 seconds wall clock time.
2026-09-30 23:13:33.114 Df runningboardd[86757:c3451d] [com.apple.runningboard:job_oversize] 'app<com.apple.mobilecal((null))>' Constructed job description:
<dictionary: 0x105a55980> { count = 20, transaction: 0, voucher = 0x0, contents =
	"ProcessType" => <string: 0x105b097a0> { string cache = 0x0, length = 9, contents = "SystemApp" }
	"EnableTransactions" => <bool: 0x222423a90>: false
	"_ManagedBy" => <string: 0x105b08cf0> { string cache = 0x0, length = 22, contents = "com.apple.runningboard" }
	"RootedSimulatorPath" => <bool: 0x222423a70>: true
	"CFBundleIdentifier" => <string: 0x105b0a280> { string cache = 0x0, length = 19, contents = "com.apple.mobilecal" }
	"_ResourceCoalition" => <string: 0x105b08f30> { string cache = 0x0, length = 32, contents = "app<com.apple.mobilecal((null))>" }
	"ThrottleInterval" => <int64: 0xbb83ceb962e831e7>: 2147483647
	"MachServices" => <dictionary: 0x105a57a20> { count = 0, transaction: 0, voucher = 0x0, contents =
	}
	"EnablePressuredExit" => <bool: 0x222423a90>: false
	"InitialTaskRole" => <int64: 0xbb83ceba9d17ce07>: 3
	"UserName" => <string: 0x105b0b540> { string cache = 0x0, length = 6, contents = "mobile" }
	"EnvironmentVariables" => <dictionary: 0x105a54a80> { count = 4, transaction: 0, voucher = 0x0, contents =
		"TMPDIR" => <string: 0x105b09500> { string cache = 0x0, length = 172, contents = "/Users/tarunyadgirkar/Library/Developer/CoreSimulator/Devices/67D26F69-0444-498D-ADEE-F687E565B7CB/data/Containers/Data/Application/C65A939E-5565-40A9-948A-596D738D592E/tmp" }
		"HOME" => <string: 0x105b0a910> { string cache = 0x0, length = 168, contents = "/Users/tarunyadgirkar/Library/Developer/CoreSimulator/Devices/67D26F69-0444-498D-ADEE-F687E565B7CB/data/Containers/Data/Application/C65A939E-5565-40A9-948A-596D738D592E" }
		"CFFIXED_USER_HOME" => <string: 0x105b08f60> { string cache = 0x0, length = 168, contents = "/Users/tarunyadgirkar/Library/Developer/CoreSimulator/Devices/67D26F69-0444-498D-ADEE-F687E565B7CB/data/Containers/Data/Application/C65A939E-5565-40A9-948A-596D738D592E" }
		"_DYLD_CLOSURE_HOME" => <string: 0x105b0b840> { string cache = 0x0, length = 168, contents = "/Users/tarunyadgirkar/Library/Developer/CoreSimulator/Devices/67D26F69-0444-498D-ADEE-F687E565B7CB/data/Containers/Data/Application/C65A939E-5565-40A9-948A-596D738D592E" }
	}
	"_AdditionalProperties" => <dictionary: 0x105a56820> { count = 1, transaction: 0, voucher = 0x0, contents =
		"RunningBoard" => <dictionary: 0x105a558c0> { count = 3, transaction: 0, voucher = 0x0, contents =
			"Managed" => <bool: 0x222423a70>: true
			"RunningBoardLaunchedIdentity" => <dictionary: 0x105a560a0> { count = 2, transaction: 0, voucher = 0x0, contents =
				"TYPE" => <int64: 0xbb83ceba9d17ce0f>: 2
				"EAI" => <string: 0x105b09fb0> { string cache = 0x0, length = 19, contents = "com.apple.mobilecal" }
			}
			"RunningBoardLaunched" => <bool: 0x222423a70>: true
		}
	}
	"ExitTimeOut" => <int64: 0xbb83ceba9d17ce17>: 1
	"Label" => <string: 0x105b08b40> { string cache = 0x0, length = 53, contents = "UIKitApplication:com.apple.mobilecal[d113][rb-legacy]" }
	"MaterializeDatalessFiles" => <bool: 0x222423a70>: true
	"SandboxContainer" => <string: 0x105b08780> { string cache = 0x0, length = 168, contents = "/Users/tarunyadgirkar/Library/Developer/CoreSimulator/Devices/67D26F69-0444-498D-ADEE-F687E565B7CB/data/Containers/Data/Application/C65A939E-5565-40A9-948A-596D738D592E" }
	"_LaunchType" => <int64: 0xbb83ceba9d17ce07>: 3
	"ProgramArguments" => <array: 0x105b09620> { count = 1, capacity = 10, contents =
		0: <string: 0x105b0b6c0> { string cache = 0x0, length = 233, contents = "/var/run/com.apple.security.cryptexd/mnt/com.apple.iPhoneOS.SimulatorRuntime-v24.1.434.0.GOjTIm/Library/Developer/CoreSimulator/Profiles/Runtimes/iOS 27.0.simruntime/Contents/Resources/RuntimeRoot/Applications/MobileCal.app/MobileCal" }
	}
	"Program" => <string: 0x105b0a700> { string cache = 0x0, length = 233, contents = "/var/run/com.apple.security.cryptexd/mnt/com.apple.iPhoneOS.SimulatorRuntime-v24.1.434.0.GOjTIm/Library/Developer/CoreSimulator/Profiles/Runtimes/iOS 27.0.simruntime/Contents/Resources/RuntimeRoot/Applications/MobileCal.app/MobileCal" }
}
2026-09-30 23:13:33.114 E  launchd_sim[86751:c3617e] [UIKitApplication:com.apple.mobilecal[d113][rb-legacy]:] Unknown key for plist importer (key: _ResourceCoalition type: string)
2026-09-30 23:13:33.114 Df launchd_sim[86751:c3617e] [user/502/UIKitApplication:com.apple.mobilecal[d113][rb-legacy]:] internal event: WILL_SPAWN, code = 0
2026-09-30 23:13:33.114 Df launchd_sim[86751:c3617e] [user/502/UIKitApplication:com.apple.mobilecal[d113][rb-legacy]:] service state: spawn scheduled
2026-09-30 23:13:33.114 Df launchd_sim[86751:c3617e] [user/502/UIKitApplication:com.apple.mobilecal[d113][rb-legacy]:] service state: spawning
2026-09-30 23:13:33.114 Df launchd_sim[86751:c3617e] [user/502/UIKitApplication:com.apple.mobilecal[d113][rb-legacy]:] launching: launch job demand
2026-09-30 23:13:33.114 Df promotedcontentd[87402:c3443c] [com.apple.CFNetwork:Summary] Task <BDE64DAE-F4BB-4E23-B242-B09AC7FBB896>.<1> summary for task failure {transaction_duration_ms=47074, response_status=200, connection=1, protocol="h3", domain_lookup_duration_ms=1, connect_duration_ms=26056, secure_connection_duration_ms=26054, private_relay=false, request_start_ms=26891, request_duration_ms=0, response_start_ms=0, response_duration_ms=0, request_bytes=0, request_throughput_kbps=0, response_bytes=0, response_throughput_kbps=0, cache_hit=true}
2026-09-30 23:13:33.114 Df launchd_sim[86751:c3617e] [user/502/UIKitApplication:com.apple.mobilecal[d113][rb-legacy] [88807]:] xpcproxy_sim spawned with pid 88807
2026-09-30 23:13:33.114 Df launchd_sim[86751:c3617e] [user/502/UIKitApplication:com.apple.mobilecal[d113][rb-legacy] [88807]:] internal event: SPAWNED, code = 0
2026-09-30 23:13:33.114 Df launchd_sim[86751:c3617e] [user/502/UIKitApplication:com.apple.mobilecal[d113][rb-legacy] [88807]:] service state: xpcproxy
2026-09-30 23:13:33.114 Df launchd_sim[86751:c3617e] [user/502/UIKitApplication:com.apple.mobilecal[d113][rb-legacy] [88807]:] internal event: SOURCE_ATTACH, code = 0
2026-09-30 23:13:33.115 E  videosubscriptionsd[88516:c35ff7] [com.apple.coredata:error] CoreData: error:   File system flags: 		0x4909080
2026-09-30 23:13:33.115 A  icloudmailagent[86998:c3561d] (Accounts) accounts/account-type-with-identifier-sync
2026-09-30 23:13:33.115 E  videosubscriptionsd[88516:c35ff7] [com.apple.coredata:error] CoreData: error:   MNT_JOURNALED
2026-09-30 23:13:33.115 E  videosubscriptionsd[88516:c35ff7] [com.apple.coredata:error] CoreData: error:   Total data blocks: 		242824745
2026-09-30 23:13:33.115 E  videosubscriptionsd[88516:c35ff7] [com.apple.coredata:error] CoreData: error:   Free data blocks: 		79893195
2026-09-30 23:13:33.116 E  videosubscriptionsd[88516:c35ff7] [com.apple.coredata:error] CoreData: error:   Free blocks for nonsuperuser:	79893195
2026-09-30 23:13:33.116 E  videosubscriptionsd[88516:c35ff7] [com.apple.coredata:error] CoreData: error:   Total i-nodes: 			3200814323
2026-09-30 23:13:33.116 E  videosubscriptionsd[88516:c35ff7] [com.apple.coredata:error] CoreData: error:   File system ID: 		0x100000d, 0x1a
2026-09-30 23:13:33.116 E  videosubscriptionsd[88516:c35ff7] [com.apple.coredata:error] CoreData: error:   Free i-nodes: 			3195727800
2026-09-30 23:13:33.116 E  videosubscriptionsd[88516:c35ff7] [com.apple.coredata:error] CoreData: error:   Owner UID: 			0
2026-09-30 23:13:33.116 E  videosubscriptionsd[88516:c35ff7] [com.apple.coredata:error] CoreData: error:   Filesystem type name: 		apfs
2026-09-30 23:13:33.116 E  videosubscriptionsd[88516:c35ff7] [com.apple.coredata:error] CoreData: error:   Mount on name: 			/System/Volumes/Data
2026-09-30 23:13:33.116 E  videosubscriptionsd[88516:c35ff7] [com.apple.coredata:error] CoreData: error:   Mount from name: 		/dev/disk3s5
2026-09-30 23:13:33.116 E  videosubscriptionsd[88516:c35ff7] [com.apple.coredata:error] CoreData: error: Executing as effective user 502
2026-09-30 23:13:33.116 E  videosubscriptionsd[88516:c35ff7] [com.apple.coredata:error] CoreData: error: Information for /Users/tarunyadgirkar/Library/Developer/CoreSimulator/Devices/CF361191-F960-4212-9B76-7C41256A11C9/data/Library
2026-09-30 23:13:33.116 E  videosubscriptionsd[88516:c35ff7] [com.apple.coredata:error] CoreData: error: ---------------------------
2026-09-30 23:13:33.116 E  videosubscriptionsd[88516:c35ff7] [com.apple.coredata:error] CoreData: error:   File Device ID: 	0
2026-09-30 23:13:33.116 E  videosubscriptionsd[88516:c35ff7] [com.apple.coredata:error] CoreData: error:   Device ID: 		16777229
2026-09-30 23:13:33.116 E  videosubscriptionsd[88516:c35ff7] [com.apple.coredata:error] CoreData: error:   File Size: 		3104 bytes
2026-09-30 23:13:33.116 E  videosubscriptionsd[88516:c35ff7] [com.apple.coredata:error] CoreData: error:   File inode: 		27927941
2026-09-30 23:13:33.116 E  videosubscriptionsd[88516:c35ff7] [com.apple.coredata:error] CoreData: error:   File user ID: 		502
2026-09-30 23:13:33.116 E  videosubscriptionsd[88516:c35ff7] [com.apple.coredata:error] CoreData: error:   File group ID: 		20
2026-09-30 23:13:33.116 E  videosubscriptionsd[88516:c35ff7] [com.apple.coredata:error] CoreData: error:   File Permissions:
2026-09-30 23:13:33.116 E  videosubscriptionsd[88516:c35ff7] [com.apple.coredata:error] CoreData: error: d
2026-09-30 23:13:33.116 E  videosubscriptionsd[88516:c35ff7] [com.apple.coredata:error] CoreData: error:   775
2026-09-30 23:13:33.116 Df icloudmailagent[86998:c3561d] [com.apple.xpc:connection] [0x10214cc80] activating connection: mach=true listener=false peer=false name=com.apple.accountsd.accountmanager
2026-09-30 23:13:33.117 Df featureaccessd[86843:c3386f] [com.apple.CloudSubscriptionFeatures:deviceProperties] Fetched CT device capability: false
2026-09-30 23:13:33.118 Df nanoappregistryd[88561:c36101] [com.apple.NanoRegistry:framework] Suspending registry operation queue.
2026-09-30 23:13:33.118 Df navd[86785:c3352a] [com.apple.xpc:connection] [0x1045766c0] activating connection: mach=true listener=true peer=false name=com.apple.navd.recentLocationsService
2026-09-30 23:13:33.119 E  cfprefsd[86798:c335ba] [com.apple.defaults:cfprefsd] Couldn't open /Users/tarunyadgirkar/Library/Developer/CoreSimulator/Devices/CF361191-F960-4212-9B76-7C41256A11C9/data/Library/Preferences/ByHost/.GlobalPreferences..plist due to No such file or directory
2026-09-30 23:13:33.121 E  cfprefsd[86798:c335ba] [com.apple.defaults:cfprefsd] Couldn't open /Users/tarunyadgirkar/Library/Developer/CoreSimulator/Devices/CF361191-F960-4212-9B76-7C41256A11C9/data/Library/Preferences/ByHost/.GlobalPreferences..plist due to No such file or directory
2026-09-30 23:13:33.124 Df launchd_sim[86751:c363b1] [user/502/UIKitApplication:com.apple.mobilecal[d113][rb-legacy] [88807]:] service state: running
2026-09-30 23:13:33.124 Df launchd_sim[86751:c363b1] [user/502/UIKitApplication:com.apple.mobilecal[d113][rb-legacy] [88807]:] internal event: INIT, code = 0
2026-09-30 23:13:33.124 Df launchd_sim[86751:c363b1] [user/502/UIKitApplication:com.apple.mobilecal[d113][rb-legacy] [88807]:] job state = running
2026-09-30 23:13:33.124 Df launchd_sim[86751:c363b1] [user/502/UIKitApplication:com.apple.mobilecal[d113][rb-legacy] [88807]:] Successfully spawned MobileCal[88807] because launch job demand
2026-09-30 23:13:33.124 Df runningboardd[86757:c335e6] [com.apple.libxpc.OSLaunchdJob:all] <OSLaunchdJob | handle=D0C49189-18C1-44E0-A6D4-BDF929BF231E>: submitAndStart completed, info=running, pid=88807
2026-09-30 23:13:33.125 Df runningboardd[86757:c335e6] [com.apple.runningboard:ttl] existingInstance is: (null)
2026-09-30 23:13:33.125 E  runningboardd[86757:c335e6] [com.apple.runningboard:jetsam] memorystatus_control error: MEMORYSTATUS_CMD_CONVERT_MEMLIMIT_MB(-1) returned -1 1 (Operation not permitted)
2026-09-30 23:13:33.125 E  runningboardd[86757:c335e6] [com.apple.runningboard:jetsam] memorystatus_control error: MEMORYSTATUS_CMD_CONVERT_MEMLIMIT_MB(0) returned -1 1 (Operation not permitted)
2026-09-30 23:13:33.125 Df runningboardd[86757:c335e6] [com.apple.runningboard:general] Full encoding handle [app<com.apple.mobilecal((null))>:88807], with data fc5d334600015ae7, and pid 88807
2026-09-30 23:13:33.125 Df runningboardd[86757:c335e6] [com.apple.runningboard:process] [app<com.apple.mobilecal((null))>:88807] Memory Limits: active 0 inactive 0
 <RBJetsamProperties| tasklimit=0
(null)>
2026-09-30 23:13:33.125 Df runningboardd[86757:c335e6] [com.apple.runningboard:process] [app<com.apple.mobilecal((null))>:88807] This process will be managed.
2026-09-30 23:13:33.125 E  runningboardd[86757:c335e6] [com.apple.runningboard:process] [app<com.apple.mobilecal((null))>:88807] Memorystatus failed with unexpected error: Operation not permitted (1)
2026-09-30 23:13:33.125 Df runningboardd[86757:c335e6] [com.apple.runningboard:process] [app<com.apple.mobilecal((null))>:88807] is not freezer eligible, disabling freezing.
2026-09-30 23:13:33.125 E  runningboardd[86757:c335e6] [com.apple.runningboard:process] [app<com.apple.mobilecal((null))>:88807] Memorystatus failed with unexpected error: Invalid argument (22)
2026-09-30 23:13:33.125 E  runningboardd[86757:c335e6] [com.apple.runningboard:process] [app<com.apple.mobilecal((null))>:88807] Memorystatus failed with unexpected error: Operation not permitted (1)
2026-09-30 23:13:33.125 Df runningboardd[86757:c335e6] [com.apple.runningboard:ttl] Now tracking process: [app<com.apple.mobilecal((null))>:88807]
2026-09-30 23:13:33.125 Df runningboardd[86757:c335e6] [com.apple.runningboard:ttl] Existing process in RBProcessIndex is: (null)
2026-09-30 23:13:33.125 Df runningboardd[86757:c335e6] [com.apple.runningboard:ttl] existingProcess in RBProcessManager is: (null)
2026-09-30 23:13:33.125 Df runningboardd[86757:c335e6] [com.apple.runningboard:ttl] Existing process in RBProcessIndex is: (null)
2026-09-30 23:13:33.125 Df runningboardd[86757:c335e6] [com.apple.runningboard:assertion] [app<com.apple.mobilecal((null))>:88807]: applying persistent assertion '86757-86754-4979 (target:app<com.apple.mobilecal((null))>)'
2026-09-30 23:13:33.125 Df runningboardd[86757:c35c1e] [com.apple.runningboard:ttl] Existing process in RBProcessIndex is: (null)
2026-09-30 23:13:33.125 A  runningboardd[86757:c335e6] (RunningBoard) state update
2026-09-30 23:13:33.125 Df runningboardd[86757:c35c1e] [com.apple.runningboard:monitor] Calculated state for app<com.apple.mobilecal((null))>: running-active (role: NonUserInteractive) (endowments: (null))
2026-09-30 23:13:33.125 A  runningboardd[86757:c335e6] (RunningBoard) state notification
2026-09-30 23:13:33.126 Df runningboardd[86757:c335e6] [com.apple.runningboard:assertion] Using default underlying assertion for app: [app<com.apple.mobilecal((null))>:88807]
2026-09-30 23:13:33.126 Df runningboardd[86757:c335e6] [com.apple.runningboard:ttl] Acquiring assertion targeting [app<com.apple.mobilecal((null))>:88807] from originator [app<com.apple.mobilecal((null))>:88807] with description <RBSAssertionDescriptor| "RB Underlying Assertion" ID:86757-86757-4980 target:88807 attributes:[
	<RBSDomainAttribute| domain:"com.apple.underlying" name:"defaultUnderlyingAppAssertion" sourceEnvironment:"(null)">,
	<RBSAcquisitionCompletionAttribute| policy:AfterApplication>
	]>
2026-09-30 23:13:33.127 A  SpringBoard[86754:c35fa3] (RunningBoardServices) observedProcessStatesDidChange
2026-09-30 23:13:33.127 A  runningboardd[86757:c35b22] (RunningBoard) lookupHandleForKey
2026-09-30 23:13:33.127 A  locationd[86778:c35d79] (RunningBoardServices) observedProcessStatesDidChange
2026-09-30 23:13:33.127 Df runningboardd[86757:c335e6] [com.apple.runningboard:ttl] Assertion 86757-86757-4980 (target:[app<com.apple.mobilecal((null))>:88807]) will be created as active
2026-09-30 23:13:33.127 Df runningboardd[86757:c335e6] [com.apple.runningboard:ttl] Existing process in RBProcessIndex is: (null)
2026-09-30 23:13:33.127 A  chronod[86850:c33c1d] (RunningBoardServices) observedProcessStatesDidChange
2026-09-30 23:13:33.127 Df SpringBoard[86754:c35fa3] [com.apple.runningboard:process] Hit the server for a process handle 1c5d334600015ae7 that resolved to: [app<com.apple.mobilecal((null))>:88807]
2026-09-30 23:13:33.127 Df runningboardd[86757:c3451d] [com.apple.runningboard:power] Acquired process power assertion with ID 65535 for pid 88807
2026-09-30 23:13:33.127 A  runningboardd[86757:c35c1e] (RunningBoard) lookupHandleForKey
2026-09-30 23:13:33.127 Df SpringBoard[86754:c35fa3] [com.apple.runningboard:monitor] Received state update for 88807 (app<com.apple.mobilecal((null))>, running-active-NotVisible
2026-09-30 23:13:33.127 A  runningboardd[86757:c335e6] (RunningBoard) state update
2026-09-30 23:13:33.127 Df runningboardd[86757:c35c22] [com.apple.runningboard:ttl] [app<com.apple.mobilecal((null))>:88807] Resuming task.
2026-09-30 23:13:33.127 Df runningboardd[86757:c35b22] [com.apple.libxpc.OSLaunchdJob:all] <OSLaunchdJob | handle=D0C49189-18C1-44E0-A6D4-BDF929BF231E>: monitor initial info is running, pid=88807
2026-09-30 23:13:33.127 Df SpringBoard[86754:c35fc3] [com.apple.FrontBoard:Process] [app<com.apple.mobilecal>:88807] Bootstrap success!
2026-09-30 23:13:33.127 A  runningboardd[86757:c35c1e] (RunningBoard) statesForPredicate
2026-09-30 23:13:33.127 Df locationd[86778:c35d79] [com.apple.runningboard:process] Hit the server for a process handle 1c5d334600015ae7 that resolved to: [app<com.apple.mobilecal((null))>:88807]
2026-09-30 23:13:33.127 A  mediaremoted[86761:c34009] (RunningBoardServices) observedProcessStatesDidChange
2026-09-30 23:13:33.127 Df locationd[86778:c35d79] [com.apple.runningboard:monitor] Received state update for 88807 (app<com.apple.mobilecal((null))>, running-active-NotVisible
2026-09-30 23:13:33.127 Df locationd[86778:c35329] [com.apple.locationd.Core:Core] {"msg":"RBS #AppMonitor process monitor update handler invoked", "pid":88807, "bundleID":com.apple.mobilecal, "state":4}
2026-09-30 23:13:33.127 Df locationd[86778:c35d79] [com.apple.locationd.Core:Core] {"msg":"RBS #AppMonitor Post Application State Change Notification", "notification":BackgroundRunning, "pid":88807, "bundleId":com.apple.mobilecal}
2026-09-30 23:13:33.127 A  runningboardd[86757:c35c1e] (RunningBoard) statesForPredicate
2026-09-30 23:13:33.127 Df locationd[86778:c35d79] [com.apple.locationd.Core:Core] {"msg":"#CLIUA AppMonitor notification", "notification":3, "pid":88807, "bundleId":com.apple.mobilecal, "ClientKey":icom.apple.mobilecal:}
2026-09-30 23:13:33.127 Df calaccessd[87241:c367f9] [com.apple.calendar.database:WidgetReload] Reloading widget timeline because of database change notification
2026-09-30 23:13:33.128 Df SpringBoard[86754:c35fc3] [com.apple.FrontBoard:Process] [app<com.apple.mobilecal>:88807] Setting process task state to: Running
2026-09-30 23:13:33.128 A  runningboardd[86757:c35c1e] (RunningBoard) lookupHandleForKey
2026-09-30 23:13:33.128 Df SpringBoard[86754:c35fa3] [com.apple.UserNotifications:RemoteNotifications] [com.apple.mobilecal] com.apple.mobilecal application state changed to <RBSProcessState| task:running-active debug:none>
2026-09-30 23:13:33.128 Df testmanagerd[88342:c35c14] [com.apple.dt.xctest:Default] Handling kAXPidStatusChangedNotification from AX element pid: 86754, elementOrHash.elementID: 0.0 (0x104628690)
2026-09-30 23:13:33.128 Df testmanagerd[88342:c35c4e] [com.apple.dt.xctest:Default] Calling handler for AX notification kAXPidStatusChangedNotification from AX element pid: 86754, elementOrHash.elementID: 0.0 with payload {
    "display-type" = 0;
    pid = 88807;
    "suspended-status" = resumed;
}
2026-09-30 23:13:33.128 Df SpringBoard[86754:c35fc3] [com.apple.FrontBoard:ProcessWorkspace] [app<com.apple.mobilecal>:88807] Registering event dispatcher after bootstrap
2026-09-30 23:13:33.128 Df SpringBoard[86754:c35fc3] [com.apple.FrontBoard:ProcessWorkspace] Registering Source for 88807 : <FBWorkspaceEventDispatcherSource: 0x11f696be0>
2026-09-30 23:13:33.128 Df SpringBoard[86754:c35fc3] [com.apple.FrontBoard:ProcessWorkspace] [app<com.apple.mobilecal>:88807] Initial launch state: BG-Active[40].
2026-09-30 23:13:33.128 Df runningboardd[86757:c335e1] [com.apple.runningboard:monitor] Calculated state for app<com.apple.mobilecal((null))>: running-active (role: NonUserInteractive) (endowments: (null))
2026-09-30 23:13:33.128 Df runningboardd[86757:c35b22] [com.apple.runningboard:general] [app<com.apple.mobilecal((null))>:88807] reported to RB as running
2026-09-30 23:13:33.128 Df runningboardd[86757:c35b22] [com.apple.libxpc.OSLaunchdJob:all] <OSLaunchdJob | handle=D0C49189-18C1-44E0-A6D4-BDF929BF231E>: starting monitoring
2026-09-30 23:13:33.128 Df chronod[86850:c33c1d] [com.apple.runningboard:process] Hit the server for a process handle 1c5d334600015ae7 that resolved to: [app<com.apple.mobilecal((null))>:88807]
2026-09-30 23:13:33.128 A  runningboardd[86757:c35c1e] (RunningBoard) lookupHandleForKey
2026-09-30 23:13:33.128 Df chronod[86850:c33c1d] [com.apple.runningboard:monitor] Received state update for 88807 (app<com.apple.mobilecal((null))>, running-active-NotVisible
2026-09-30 23:13:33.129 Df chronod[86850:c3683d] [com.apple.chrono:processmonitor] Observed com.apple.mobilecal began running
2026-09-30 23:13:33.129 A  runningboardd[86757:c35c1e] (RunningBoard) acquireAssertionWithDescriptor
2026-09-30 23:13:33.129 Df runningboardd[86757:c35c1e] [com.apple.runningboard:ttl] Acquiring assertion targeting [app<com.apple.mobilecal((null))>:88807] from originator [osservice<com.apple.SpringBoard>:86754] with description <RBSAssertionDescriptor| "FBWorkspace (BG-Active[40])" ID:86757-86754-4981 target:88807 attributes:[
	<RBSDomainAttribute| domain:"com.apple.frontboard" name:"SuspendableLPRunReason-Suspend" sourceEnvironment:"(null)">,
	<RBSDomainAttribute| domain:"com.apple.frontboard" name:"SuspendableRole-NonUI" sourceEnvironment:"(null)">,
	<RBSDomainAttribute| domain:"com.apple.frontboard" name:"SuspendableJetsamPriority-Active" sourceEnvironment:"(null)">
	]>
2026-09-30 23:13:33.129 Df mediaremoted[86761:c34009] [com.apple.runningboard:process] Hit the server for a process handle 1c5d334600015ae7 that resolved to: [app<com.apple.mobilecal((null))>:88807]
2026-09-30 23:13:33.129 Df runningboardd[86757:c35c1e] [com.apple.runningboard:ttl] Assertion 86757-86754-4981 (target:[app<com.apple.mobilecal((null))>:88807]) will be created as active
2026-09-30 23:13:33.129 Df mediaremoted[86761:c34009] [com.apple.runningboard:monitor] Received state update for 88807 (app<com.apple.mobilecal((null))>, running-active-NotVisible
2026-09-30 23:13:33.129 Df SpringBoard[86754:c35fc3] [com.apple.FrontBoard:ProcessWorkspace] [app<com.apple.mobilecal>:88807] Workspace state did change: XX-None[0] --> BG-Active[40] (assertion acquired).
2026-09-30 23:13:33.129 Df SpringBoard[86754:c35fc3] [com.apple.FrontBoard:ProcessWorkspace] [app<com.apple.mobilecal>:88807] Workspace interruption policy did change: reconnect
2026-09-30 23:13:33.129 A  runningboardd[86757:c35c1e] (RunningBoard) acquireAssertionWithDescriptor
2026-09-30 23:13:33.130 A  runningboardd[86757:c3683c] (RunningBoard) state update
2026-09-30 23:13:33.130 Df runningboardd[86757:c35c1e] [com.apple.runningboard:ttl] Acquiring assertion targeting [app<com.apple.mobilecal((null))>:88807] from originator [osservice<com.apple.SpringBoard>:86754] with description <RBSAssertionDescriptor| "com.apple.frontboard.after-life.interrupted" ID:86757-86754-4982 target:88807 attributes:[
	<RBSDomainAttribute| domain:"com.apple.frontboard" name:"AfterLife-Interrupted" sourceEnvironment:"(null)">
	]>
2026-09-30 23:13:33.130 Df runningboardd[86757:c335e6] [com.apple.runningboard:monitor] Calculated state for app<com.apple.mobilecal((null))>: running-active (role: NonUserInteractive) (endowments: (null))
2026-09-30 23:13:33.130 Df runningboardd[86757:c35c1e] [com.apple.runningboard:ttl] Assertion 86757-86754-4982 (target:[app<com.apple.mobilecal((null))>:88807]) will be created as inactive as originator process has not exited
2026-09-30 23:13:33.130 Df SpringBoard[86754:c35fc3] [com.apple.runningboard:process] Starting death monitoring for handle [app<com.apple.mobilecal((null))>:88807]
2026-09-30 23:13:33.130 A  runningboardd[86757:c335e6] (RunningBoard) state update
2026-09-30 23:13:33.130 A  runningboardd[86757:c3683c] (RunningBoard) subscribeToProcessDeath
2026-09-30 23:13:33.130 Df SpringBoard[86754:c35fc3] [com.apple.FrontBoard:Process] Adding: <FBApplicationProcess: 0x1196cb000; app<com.apple.mobilecal>:88807(v25FACE)>
2026-09-30 23:13:33.130 Df SpringBoard[86754:c334f8] [com.apple.FrontBoard:Common] [FBSystemService][0xad67] Request complete; no error reported.
2026-09-30 23:13:33.130 Df SpringBoard[86754:c334f8] [com.apple.SpringBoard:Common] Executing <SBBackgroundFetchTask: app<com.apple.mobilecal((null))>; seq: 2>
2026-09-30 23:13:33.130 Df SpringBoard[86754:c334f8] [com.apple.runningboard:assertion] RBSCPUAccessGrant with role: 4
2026-09-30 23:13:33.130 A  runningboardd[86757:c3683c] (RunningBoard) acquireAssertionWithDescriptor
2026-09-30 23:13:33.131 Df runningboardd[86757:c3683c] [com.apple.runningboard:ttl] Acquiring assertion targeting [app<com.apple.mobilecal((null))>:88807] from originator [osservice<com.apple.SpringBoard>:86754] with description <RBSAssertionDescriptor| "Background Content Fetching (2)" ID:86757-86754-4983 target:app<com.apple.mobilecal((null))> attributes:[
	<RBSRunningReasonAttribute| runningReason:10006>,
	<RBSCPUAccessGrant| role:NonUserInteractive>,
	<RBSGPUAccessGrant| role:Background>,
	<RBSPreventIdleSleepGrant>,
	<RBSJetsamPriorityGrant| band:40>,
	<RBSResistTerminationGrant| terminationResistance:NonInteractive>,
	<RBSDurationAttribute| invalidationDuration:30.00 warningDuration:0.00 startPolicy:Fixed endPolicy:InvalidateAndTerminateProcess>
	]>
2026-09-30 23:13:33.131 Df runningboardd[86757:c3683c] [com.apple.runningboard:ttl] Assertion 86757-86754-4983 (target:[app<com.apple.mobilecal((null))>:88807]) will be created as active
2026-09-30 23:13:33.131 A  runningboardd[86757:c35c1e] (RunningBoard) state update
2026-09-30 23:13:33.131 Df runningboardd[86757:c35c1e] [com.apple.runningboard:ttl] Attempting to rename power assertion 65535 for target app<com.apple.mobilecal((null))> to app<com.apple.mobilecal((null))>;86757-86754-4979:FBApplicationProcess;86757-86754-4983:Background Content Fetching (2)
2026-09-30 23:13:33.131 Df runningboardd[86757:c35b22] [com.apple.runningboard:monitor] Calculated state for app<com.apple.mobilecal((null))>: running-active (role: NonUserInteractive) (endowments: (null))
2026-09-30 23:13:33.131 Df SpringBoard[86754:c334f8] [com.apple.SpringBoard:Common] Application process state changed for com.apple.mobilecal: <SBApplicationProcessState: 0x1138dee20; pid: 88807; taskState: Running; visibility: Background>
2026-09-30 23:13:33.131 Df SpringBoard[86754:c334f8] [com.apple.SpringBoard:Common] Generating initialization context on main thread for: com.apple.mobilecal
2026-09-30 23:13:33.133 Df fitcored[86987:c35f65] [com.apple.Seymour:triage] [footprint-measurement] grace-compaction phys_footprint beforeDrop=16025952 afterHandlers=16025952 afterRelief=16025952 dropReclaimedBytes=0 reliefReclaimedBytes=0
2026-09-30 23:13:33.133 Df tccd[86766:c3351b] [com.apple.TCC:access] Handling Application Installed event for {
    bundleIDs =     (
        "com.tarunyadgirkar.prefill.spike.textinsert"
    );
    isPlaceholder = 1;
}.
2026-09-30 23:13:33.134 E  videosubscriptionsd[88516:c35ff7] [com.apple.coredata:error] CoreData: error:   file is not a symbolic link
2026-09-30 23:13:33.134 E  videosubscriptionsd[88516:c35ff7] [com.apple.coredata:error] CoreData: error:   Sandbox access to file-write-create allowed
2026-09-30 23:13:33.134 E  videosubscriptionsd[88516:c35ff7] [com.apple.coredata:error] CoreData: error: Executing as effective user 502
2026-09-30 23:13:33.134 E  videosubscriptionsd[88516:c35ff7] [com.apple.coredata:error] CoreData: error: Information for /Users/tarunyadgirkar/Library/Developer/CoreSimulator/Devices/CF361191-F960-4212-9B76-7C41256A11C9/data
2026-09-30 23:13:33.134 E  videosubscriptionsd[88516:c35ff7] [com.apple.coredata:error] CoreData: error: ---------------------------
2026-09-30 23:13:33.134 E  videosubscriptionsd[88516:c35ff7] [com.apple.coredata:error] CoreData: error:   File Device ID: 	0
2026-09-30 23:13:33.134 E  videosubscriptionsd[88516:c35ff7] [com.apple.coredata:error] CoreData: error:   Device ID: 		16777229
2026-09-30 23:13:33.134 E  videosubscriptionsd[88516:c35ff7] [com.apple.coredata:error] CoreData: error:   File Size: 		416 bytes
2026-09-30 23:13:33.134 E  videosubscriptionsd[88516:c35ff7] [com.apple.coredata:error] CoreData: error:   File inode: 		27926355
2026-09-30 23:13:33.134 E  videosubscriptionsd[88516:c35ff7] [com.apple.coredata:error] CoreData: error:   File user ID: 		502
2026-09-30 23:13:33.134 E  videosubscriptionsd[88516:c35ff7] [com.apple.coredata:error] CoreData: error:   File group ID: 		20
2026-09-30 23:13:33.134 E  videosubscriptionsd[88516:c35ff7] [com.apple.coredata:error] CoreData: error:   File Permissions:
2026-09-30 23:13:33.134 E  suggestd[86989:c33da3] [com.apple.coreduet:knowledge] XPC error: Error Domain=NSCocoaErrorDomain Code=4099 "The connection to service named com.apple.coreduetd.knowledge was invalidated: Connection init failed at lookup with error 3 - No such process." UserInfo={NSDebugDescription=The connection to service named com.apple.coreduetd.knowledge was invalidated: Connection init failed at lookup with error 3 - No such process.}
2026-09-30 23:13:33.134 Df featureaccessd[86843:c35a4b] [com.apple.xpc:connection] [0x101d18280] activating connection: mach=true listener=false peer=false name=com.apple.commcenter.coretelephony.xpc
2026-09-30 23:13:33.134 E  suggestd[86989:c33da3] [com.apple.proactive.PersonalizationPortrait:Default] Error while iterating through _DKEvents during importDuetEventsWithLimit: Error Domain=NSCocoaErrorDomain Code=4099 "The connection to service named com.apple.coreduetd.knowledge was invalidated: Connection init failed at lookup with error 3 - No such process." UserInfo={NSDebugDescription=The connection to service named com.apple.coreduetd.knowledge was invalidated: Connection init failed at lookup with error 3 - No such process.}
2026-09-30 23:13:33.134 Df launchd_sim[86751:c363b1] [user/502:] failed lookup: name = com.apple.commcenter.coretelephony.xpc, requestor = featureaccessd[86843], error = 3: No such process
2026-09-30 23:13:33.135 A  suggestd[86989:c34392] (Accounts) accounts/account-identifiers-enabled-for-dataclass
2026-09-30 23:13:33.136 Df runningboardd[86757:c35c22] [com.apple.runningboard:ttl] [app<com.apple.mobilecal((null))>:88807] Set darwin role to: NonUserInteractive
2026-09-30 23:13:33.136 E  runningboardd[86757:c35c22] [com.apple.runningboard:process] 88807 Error setting Darwin GPU to "Backgrounds" (3): Operation not permitted
2026-09-30 23:13:33.136 E  runningboardd[86757:c35c22] [com.apple.runningboard:process] [app<com.apple.mobilecal((null))>:88807] Error 1 setting Carplay mode to 0: Operation not permitted
2026-09-30 23:13:33.136 Df runningboardd[86757:c3451d] [com.apple.runningboard:assertion] Successfully acquired underlying assertion for [app<com.apple.mobilecal((null))>:88807]
2026-09-30 23:13:33.146 A  dataaccessd[86847:c361a3] (RunningBoardServices) observedProcessStatesDidChange
2026-09-30 23:13:33.147 Df dataaccessd[86847:c361a3] [com.apple.runningboard:connection] Creating side-channel connection to com.apple.runningboard
2026-09-30 23:13:33.147 Df dataaccessd[86847:c361a3] [com.apple.xpc:connection] [0x10153c640] activating connection: mach=true listener=false peer=false name=com.apple.runningboard
2026-09-30 23:13:33.147 Df ids_simd[86765:c35681] [com.apple.IDS_SIMD:DEFAULT] Adding local connection <NSXPCConnection: 0x103482a80> connection from pid 88268 on mach service named com.apple.IDSSimulatorSupport for key 88268
2026-09-30 23:13:33.147 Df ids_simd[86765:c35681] [com.apple.xpc:connection] [0x1034ca080] activating connection: mach=false listener=false peer=true name=com.apple.IDSSimulatorSupport.peer[88268].0x1034ca080
2026-09-30 23:13:33.147 Df ids_simd[86765:c35681] [com.apple.IDS_SIMD:DEFAULT] Explicitly set restrictions state 0 for service "com.apple.private.alloy.sockpuppet.classd"from paired device
2026-09-30 23:13:33.148 Df PosterBoard[87072:c34ba9] [com.apple.launchservices:db] NotifyToken::RegisterDispatch(com.apple.LaunchServices.database) fired for session key LSSessionKey(system: 0 uid: 502)
2026-09-30 23:13:33.148 E  ids_simd[86765:c35681] [com.apple.IDS_SIMD:DEFAULT] message send of data {
    ControlCmd = SetNetSimulationEnabledCmd;
    Enabled = 0;
    ServiceName = "com.apple.private.alloy.sockpuppet.classd";
} failed with error Error Domain=com.apple.idssimualtorsupport.errors Code=3 "No pair is active." UserInfo={NSLocalizedDescription=No pair is active.}
2026-09-30 23:13:33.148 E  cfprefsd[86798:c335ba] [com.apple.defaults:cfprefsd] Couldn't open /Users/tarunyadgirkar/Library/Developer/CoreSimulator/Devices/CF361191-F960-4212-9B76-7C41256A11C9/data/Library/Preferences/ByHost/.GlobalPreferences..plist due to No such file or directory
2026-09-30 23:13:33.148 E  cfprefsd[86798:c335ba] [com.apple.defaults:cfprefsd] Couldn't open /Library/Managed Preferences/mobile/com.apple.NanoPreferencesSync.plist due to No such file or directory
2026-09-30 23:13:33.148 E  cfprefsd[86798:c335ba] [com.apple.defaults:cfprefsd] Couldn't open /Library/Managed Preferences/com.apple.NanoPreferencesSync.plist due to No such file or directory
2026-09-30 23:13:33.149 E  cfprefsd[86798:c335ba] [com.apple.defaults:cfprefsd] Couldn't open /Users/tarunyadgirkar/Library/Developer/CoreSimulator/Devices/CF361191-F960-4212-9B76-7C41256A11C9/data/Library/Preferences/com.apple.NanoPreferencesSync.plist due to No such file or directory
2026-09-30 23:13:33.149 E  cfprefsd[86798:c335ba] [com.apple.defaults:cfprefsd] Couldn't open /Users/tarunyadgirkar/Library/Developer/CoreSimulator/Devices/CF361191-F960-4212-9B76-7C41256A11C9/data/Library/Preferences/com.apple.NanoPreferencesSync.plist due to No such file or directory
2026-09-30 23:13:33.150 E  cfprefsd[86798:c335ba] [com.apple.defaults:cfprefsd] Couldn't open /Users/tarunyadgirkar/Library/Developer/CoreSimulator/Devices/CF361191-F960-4212-9B76-7C41256A11C9/data/Library/Preferences/ByHost/com.apple.NanoPreferencesSync..plist due to No such file or directory
2026-09-30 23:13:33.150 E  cfprefsd[86798:c335ba] [com.apple.defaults:cfprefsd] Couldn't open /Library/Managed Preferences/mobile/com.apple.ids.plist due to No such file or directory
2026-09-30 23:13:33.150 E  cfprefsd[86798:c335ba] [com.apple.defaults:cfprefsd] Couldn't open /Library/Managed Preferences/com.apple.ids.plist due to No such file or directory
2026-09-30 23:13:33.150 E  cfprefsd[86798:c335ba] [com.apple.defaults:cfprefsd] Couldn't open /Users/tarunyadgirkar/Library/Developer/CoreSimulator/Devices/CF361191-F960-4212-9B76-7C41256A11C9/data/Library/Preferences/com.apple.ids.plist due to No such file or directory
2026-09-30 23:13:33.151 E  videosubscriptionsd[88516:c35ff7] [com.apple.coredata:error] CoreData: error: d
2026-09-30 23:13:33.151 E  videosubscriptionsd[88516:c35ff7] [com.apple.coredata:error] CoreData: error:   775
2026-09-30 23:13:33.151 E  videosubscriptionsd[88516:c35ff7] [com.apple.coredata:error] CoreData: error:   file is not a symbolic link
2026-09-30 23:13:33.151 Df featureaccessd[86843:c35a4b] [com.apple.xpc:connection] [0x101d18280] failed to do a bootstrap look-up: xpc_error=[3: No such process]
2026-09-30 23:13:33.151 Df featureaccessd[86843:c35a4b] [com.apple.xpc:connection] [0x101d18280] invalidated after a failed init
2026-09-30 23:13:33.151 Df accountsd[86760:c3602f] [com.apple.accounts:core] "<NSXPCConnection: 0x103f0caa0> connection from pid 86998 on mach service named com.apple.accountsd.accountmanager (icloudmailagent) received"
2026-09-30 23:13:33.151 Df featureaccessd[86843:c35a4b] [com.apple.CoreTelephony:Client] Sending selectors to server: (null)
2026-09-30 23:13:33.151 Df accountsd[86760:c3602f] [com.apple.xpc:connection] [0x103f1c500] activating connection: mach=false listener=false peer=true name=com.apple.accountsd.accountmanager.peer[86998].0x103f1c500
2026-09-30 23:13:33.151 Df featureaccessd[86843:c35a4b] [com.apple.CoreTelephony:Client] Sending selectors to server: (null)
2026-09-30 23:13:33.151 E  featureaccessd[86843:c35a4b] [com.apple.CoreTelephony:Client] Updating selectors failed with: Error Domain=NSCocoaErrorDomain Code=4099 "The connection to service named com.apple.commcenter.coretelephony.xpc was invalidated from this process." UserInfo={NSDebugDescription=The connection to service named com.apple.commcenter.coretelephony.xpc was invalidated from this process.}
2026-09-30 23:13:33.151 E  featureaccessd[86843:c35a4b] [com.apple.CoreTelephony:Client] Updating selectors after delegate removal failed with: Error Domain=NSCocoaErrorDomain Code=4099 "The connection to service named com.apple.commcenter.coretelephony.xpc was invalidated from this process." UserInfo={NSDebugDescription=The connection to service named com.apple.commcenter.coretelephony.xpc was invalidated from this process.}
2026-09-30 23:13:33.162 Df tccd[86766:c3351b] [com.apple.TCC:access] Handling Application Installed event for {
    bundleIDs =     (
        "com.tarunyadgirkar.prefill.spike.textinsert"
    );
    isPlaceholder = 0;
}.
2026-09-30 23:13:33.162 A  runningboardd[86757:c3451d] (RunningBoard) incoming connection
2026-09-30 23:13:33.162 Df runningboardd[86757:c3451d] [com.apple.runningboard:connection] Incoming connection from 86847, user 502/502
2026-09-30 23:13:33.162 Df runningboardd[86757:c3451d] [com.apple.xpc:connection] [0x105af6bc0] activating connection: mach=false listener=false peer=true name=com.apple.runningboard.peer[86847].0x105af6bc0
2026-09-30 23:13:33.162 A  runningboardd[86757:c3451d] (RunningBoard) lookupHandleForKey
2026-09-30 23:13:33.163 E  cfprefsd[86798:c335ba] [com.apple.defaults:cfprefsd] Couldn't open /Users/tarunyadgirkar/Library/Developer/CoreSimulator/Devices/CF361191-F960-4212-9B76-7C41256A11C9/data/Library/Preferences/com.apple.ids.plist due to No such file or directory
2026-09-30 23:13:33.163 E  cfprefsd[86798:c335ba] [com.apple.defaults:cfprefsd] Couldn't open /Users/tarunyadgirkar/Library/Developer/CoreSimulator/Devices/CF361191-F960-4212-9B76-7C41256A11C9/data/Library/Preferences/ByHost/com.apple.ids..plist due to No such file or directory
2026-09-30 23:13:33.165 E  videosubscriptionsd[88516:c35ff7] [com.apple.coredata:error] CoreData: error:   Sandbox access to file-write-create allowed
2026-09-30 23:13:33.165 E  videosubscriptionsd[88516:c35ff7] [com.apple.coredata:error] CoreData: error: Executing as effective user 502
2026-09-30 23:13:33.165 E  videosubscriptionsd[88516:c35ff7] [com.apple.coredata:error] CoreData: error: Information for /Users/tarunyadgirkar/Library/Developer/CoreSimulator/Devices/CF361191-F960-4212-9B76-7C41256A11C9
2026-09-30 23:13:33.165 E  videosubscriptionsd[88516:c35ff7] [com.apple.coredata:error] CoreData: error: ---------------------------
2026-09-30 23:13:33.165 E  videosubscriptionsd[88516:c35ff7] [com.apple.coredata:error] CoreData: error:   File Device ID: 	0
2026-09-30 23:13:33.165 E  videosubscriptionsd[88516:c35ff7] [com.apple.coredata:error] CoreData: error:   Device ID: 		16777229
2026-09-30 23:13:33.165 E  videosubscriptionsd[88516:c35ff7] [com.apple.coredata:error] CoreData: error:   File Size: 		160 bytes
2026-09-30 23:13:33.165 E  videosubscriptionsd[88516:c35ff7] [com.apple.coredata:error] CoreData: error:   File inode: 		27926354
2026-09-30 23:13:33.165 E  videosubscriptionsd[88516:c35ff7] [com.apple.coredata:error] CoreData: error:   File user ID: 		502
2026-09-30 23:13:33.165 E  videosubscriptionsd[88516:c35ff7] [com.apple.coredata:error] CoreData: error:   File group ID: 		20
2026-09-30 23:13:33.165 E  videosubscriptionsd[88516:c35ff7] [com.apple.coredata:error] CoreData: error:   File Permissions:
2026-09-30 23:13:33.165 E  videosubscriptionsd[88516:c35ff7] [com.apple.coredata:error] CoreData: error: d
2026-09-30 23:13:33.166 E  videosubscriptionsd[88516:c35ff7] [com.apple.coredata:error] CoreData: error:   755
2026-09-30 23:13:33.167 E  videosubscriptionsd[88516:c35ff7] [com.apple.coredata:error] CoreData: error:   file is not a symbolic link
2026-09-30 23:13:33.167 E  videosubscriptionsd[88516:c35ff7] [com.apple.coredata:error] CoreData: error:   Sandbox access to file-write-create allowed
2026-09-30 23:13:33.167 E  videosubscriptionsd[88516:c35ff7] [com.apple.coredata:error] CoreData: error: Executing as effective user 502
2026-09-30 23:13:33.167 E  videosubscriptionsd[88516:c35ff7] [com.apple.coredata:error] CoreData: error: Information for /Users/tarunyadgirkar/Library/Developer/CoreSimulator/Devices
2026-09-30 23:13:33.167 E  videosubscriptionsd[88516:c35ff7] [com.apple.coredata:error] CoreData: error: ---------------------------
2026-09-30 23:13:33.167 Df suggestd[86989:c34392] [com.apple.xpc:connection] [0x1077a2580] invalidated because the current process cancelled the connection by calling xpc_connection_cancel()
2026-09-30 23:13:33.167 Df suggestd[86989:c34392] [com.apple.xpc:connection] [0x1077a3c00] activating connection: mach=true listener=false peer=false name=com.apple.tccd
2026-09-30 23:13:33.167 E  videosubscriptionsd[88516:c35ff7] [com.apple.coredata:error] CoreData: error:   File Device ID: 	0
2026-09-30 23:13:33.167 E  videosubscriptionsd[88516:c35ff7] [com.apple.coredata:error] CoreData: error:   Device ID: 		16777229
2026-09-30 23:13:33.167 E  videosubscriptionsd[88516:c35ff7] [com.apple.coredata:error] CoreData: error:   File Size: 		1056 bytes
2026-09-30 23:13:33.167 E  videosubscriptionsd[88516:c35ff7] [com.apple.coredata:error] CoreData: error:   File inode: 		3904013
2026-09-30 23:13:33.167 E  videosubscriptionsd[88516:c35ff7] [com.apple.coredata:error] CoreData: error:   File user ID: 		502
2026-09-30 23:13:33.167 E  videosubscriptionsd[88516:c35ff7] [com.apple.coredata:error] CoreData: error:   File group ID: 		20
2026-09-30 23:13:33.167 E  videosubscriptionsd[88516:c35ff7] [com.apple.coredata:error] CoreData: error:   File Permissions:
2026-09-30 23:13:33.167 E  videosubscriptionsd[88516:c35ff7] [com.apple.coredata:error] CoreData: error: d
2026-09-30 23:13:33.167 A  icloudmailagent[86998:c3561d] (Accounts) accounts/accounts-with-type-sync
2026-09-30 23:13:33.176 Df dataaccessd[86847:c361a3] [com.apple.runningboard:process] Hit the server for a process handle 1c5d334600015ae7 that resolved to: [app<com.apple.mobilecal((null))>:88807]
2026-09-30 23:13:33.177 Df companionappd[88268:c360b6] [com.apple.IDS:XPC] Created connection to com.apple.identityservicesd.desktop.auth service: 0x1034fc500
2026-09-30 23:13:33.180 A  suggestd[86989:c34392] (TCC) TCCAccessCopyBundleIdentifiersDisabledForService() IPC
2026-09-30 23:13:33.180 E  videosubscriptionsd[88516:c35ff7] [com.apple.coredata:error] CoreData: error:   755
2026-09-30 23:13:33.180 E  videosubscriptionsd[88516:c35ff7] [com.apple.coredata:error] CoreData: error:   file is not a symbolic link
2026-09-30 23:13:33.180 E  videosubscriptionsd[88516:c35ff7] [com.apple.coredata:error] CoreData: error:   Sandbox access to file-write-create allowed
2026-09-30 23:13:33.180 E  videosubscriptionsd[88516:c35ff7] [com.apple.coredata:error] CoreData: error: Executing as effective user 502
2026-09-30 23:13:33.180 E  videosubscriptionsd[88516:c35ff7] [com.apple.coredata:error] CoreData: error: Information for /Users/tarunyadgirkar/Library/Developer/CoreSimulator
2026-09-30 23:13:33.180 E  videosubscriptionsd[88516:c35ff7] [com.apple.coredata:error] CoreData: error: ---------------------------
2026-09-30 23:13:33.180 E  videosubscriptionsd[88516:c35ff7] [com.apple.coredata:error] CoreData: error:   File Device ID: 	0
2026-09-30 23:13:33.180 E  videosubscriptionsd[88516:c35ff7] [com.apple.coredata:error] CoreData: error:   Device ID: 		16777229
2026-09-30 23:13:33.180 E  videosubscriptionsd[88516:c35ff7] [com.apple.coredata:error] CoreData: error:   File Size: 		160 bytes
2026-09-30 23:13:33.182 Df WidgetRenderer_Default[87237:c35ff9] [com.apple.BackBoard:EventDelivery] will update observations for 0 observers
2026-09-30 23:13:33.189 Df dataaccessd[86847:c361a3] [com.apple.runningboard:monitor] Received state update for 88807 (app<com.apple.mobilecal((null))>, running-active-NotVisible
2026-09-30 23:13:33.189 Df MercuryPosterExtension[87267:c35bd1] [com.apple.BackBoard:EventDelivery] will update observations for 0 observers
2026-09-30 23:13:33.190 Df accountsd[86760:c3602c] [com.apple.xpc:connection] [0x103f1cf00] invalidated because the client process (pid 86989) either cancelled the connection or exited
2026-09-30 23:13:33.190 E  videosubscriptionsd[88516:c35ff7] [com.apple.coredata:error] CoreData: error:   File inode: 		3903990
2026-09-30 23:13:33.190 Df tccd[86766:c35fed] [com.apple.xpc:connection] [0x1054f9180] activating connection: mach=false listener=false peer=true name=com.apple.tccd.peer[86989].0x1054f9180
2026-09-30 23:13:33.190 E  videosubscriptionsd[88516:c35ff7] [com.apple.coredata:error] CoreData: error:   File user ID: 		502
2026-09-30 23:13:33.190 E  videosubscriptionsd[88516:c35ff7] [com.apple.coredata:error] CoreData: error:   File group ID: 		20
2026-09-30 23:13:33.190 E  videosubscriptionsd[88516:c35ff7] [com.apple.coredata:error] CoreData: error:   File Permissions:
2026-09-30 23:13:33.190 E  videosubscriptionsd[88516:c35ff7] [com.apple.coredata:error] CoreData: error: d
2026-09-30 23:13:33.190 E  videosubscriptionsd[88516:c35ff7] [com.apple.coredata:error] CoreData: error:   755
2026-09-30 23:13:33.190 E  videosubscriptionsd[88516:c35ff7] [com.apple.coredata:error] CoreData: error:   file is not a symbolic link
2026-09-30 23:13:33.190 Df tccd[86766:c35fed] [com.apple.TCC:access] REQUEST: tccd_uid=502, sender_pid=86989, sender_uid=502, sender_auid=502, function=TCCAccessCopyBundleIdentifiersDisabledForService, msgID=86989.7
2026-09-30 23:13:33.190 E  videosubscriptionsd[88516:c35ff7] [com.apple.coredata:error] CoreData: error:   Sandbox access to file-write-create allowed
2026-09-30 23:13:33.190 E  videosubscriptionsd[88516:c35ff7] [com.apple.coredata:error] CoreData: error: Executing as effective user 502
2026-09-30 23:13:33.191 Df WidgetRenderer_Default[87237:c35ff9] [com.apple.BackBoard:EventDelivery] will update observations for 0 observers
2026-09-30 23:13:33.193 Df modelmanagerd[87636:c35639] [com.apple.launchservices:db] NotifyToken::RegisterDispatch(com.apple.LaunchServices.database) fired for session key LSSessionKey(system: 0 uid: 502)
2026-09-30 23:13:33.196 E  videosubscriptionsd[88516:c35ff7] [com.apple.coredata:error] CoreData: error: Information for /Users/tarunyadgirkar/Library/Developer
2026-09-30 23:13:33.196 Df MercuryPosterExtension[87267:c35bd1] [com.apple.BackBoard:EventDelivery] will update observations for 0 observers
2026-09-30 23:13:33.196 E  videosubscriptionsd[88516:c35ff7] [com.apple.coredata:error] CoreData: error: ---------------------------
2026-09-30 23:13:33.196 E  videosubscriptionsd[88516:c35ff7] [com.apple.coredata:error] CoreData: error:   File Device ID: 	0
2026-09-30 23:13:33.196 E  videosubscriptionsd[88516:c35ff7] [com.apple.coredata:error] CoreData: error:   Device ID: 		16777229
2026-09-30 23:13:33.196 E  videosubscriptionsd[88516:c35ff7] [com.apple.coredata:error] CoreData: error:   File Size: 		256 bytes
2026-09-30 23:13:33.196 E  videosubscriptionsd[88516:c35ff7] [com.apple.coredata:error] CoreData: error:   File inode: 		3900316
2026-09-30 23:13:33.196 E  videosubscriptionsd[88516:c35ff7] [com.apple.coredata:error] CoreData: error:   File user ID: 		502
2026-09-30 23:13:33.196 E  videosubscriptionsd[88516:c35ff7] [com.apple.coredata:error] CoreData: error:   File group ID: 		20
2026-09-30 23:13:33.196 E  videosubscriptionsd[88516:c35ff7] [com.apple.coredata:error] CoreData: error:   File Permissions:
2026-09-30 23:13:33.199 A  icloudmailagent[86998:c3561d] (Accounts) accounts/account-type-with-identifier-sync
2026-09-30 23:13:33.200 E  videosubscriptionsd[88516:c35ff7] [com.apple.coredata:error] CoreData: error: d
2026-09-30 23:13:33.200 E  videosubscriptionsd[88516:c35ff7] [com.apple.coredata:error] CoreData: error:   755
2026-09-30 23:13:33.200 E  videosubscriptionsd[88516:c35ff7] [com.apple.coredata:error] CoreData: error:   file is not a symbolic link
2026-09-30 23:13:33.200 E  videosubscriptionsd[88516:c35ff7] [com.apple.coredata:error] CoreData: error:   Sandbox access to file-write-create allowed
2026-09-30 23:13:33.200 E  videosubscriptionsd[88516:c35ff7] [com.apple.coredata:error] CoreData: error: Executing as effective user 502
2026-09-30 23:13:33.200 E  videosubscriptionsd[88516:c35ff7] [com.apple.coredata:error] CoreData: error: Information for /Users/tarunyadgirkar/Library
2026-09-30 23:13:33.200 E  videosubscriptionsd[88516:c35ff7] [com.apple.coredata:error] CoreData: error: ---------------------------
2026-09-30 23:13:33.200 E  videosubscriptionsd[88516:c35ff7] [com.apple.coredata:error] CoreData: error:   File Device ID: 	0
2026-09-30 23:13:33.200 E  videosubscriptionsd[88516:c35ff7] [com.apple.coredata:error] CoreData: error:   Device ID: 		16777229
2026-09-30 23:13:33.200 E  videosubscriptionsd[88516:c35ff7] [com.apple.coredata:error] CoreData: error:   File Size: 		3968 bytes
2026-09-30 23:13:33.200 E  videosubscriptionsd[88516:c35ff7] [com.apple.coredata:error] CoreData: error:   File inode: 		696241
2026-09-30 23:13:33.200 E  videosubscriptionsd[88516:c35ff7] [com.apple.coredata:error] CoreData: error:   File user ID: 		502
2026-09-30 23:13:33.200 E  videosubscriptionsd[88516:c35ff7] [com.apple.coredata:error] CoreData: error:   File group ID: 		20
2026-09-30 23:13:33.200 E  videosubscriptionsd[88516:c35ff7] [com.apple.coredata:error] CoreData: error:   File Permissions:
2026-09-30 23:13:33.200 E  videosubscriptionsd[88516:c35ff7] [com.apple.coredata:error] CoreData: error: d
2026-09-30 23:13:33.200 E  videosubscriptionsd[88516:c35ff7] [com.apple.coredata:error] CoreData: error:   700
2026-09-30 23:13:33.200 E  videosubscriptionsd[88516:c35ff7] [com.apple.coredata:error] CoreData: error:   file is not a symbolic link
2026-09-30 23:13:33.200 E  videosubscriptionsd[88516:c35ff7] [com.apple.coredata:error] CoreData: error:   Sandbox access to file-write-create allowed
2026-09-30 23:13:33.200 E  videosubscriptionsd[88516:c35ff7] [com.apple.coredata:error] CoreData: error: Executing as effective user 502
2026-09-30 23:13:33.200 E  videosubscriptionsd[88516:c35ff7] [com.apple.coredata:error] CoreData: error: Information for /Users/tarunyadgirkar
2026-09-30 23:13:33.200 E  videosubscriptionsd[88516:c35ff7] [com.apple.coredata:error] CoreData: error: ---------------------------
2026-09-30 23:13:33.200 E  videosubscriptionsd[88516:c35ff7] [com.apple.coredata:error] CoreData: error:   File Device ID: 	0
2026-09-30 23:13:33.200 E  videosubscriptionsd[88516:c35ff7] [com.apple.coredata:error] CoreData: error:   Device ID: 		16777229
2026-09-30 23:13:33.201 E  videosubscriptionsd[88516:c35ff7] [com.apple.coredata:error] CoreData: error:   File Size: 		3840 bytes
2026-09-30 23:13:33.201 E  videosubscriptionsd[88516:c35ff7] [com.apple.coredata:error] CoreData: error:   File inode: 		373273
2026-09-30 23:13:33.201 E  videosubscriptionsd[88516:c35ff7] [com.apple.coredata:error] CoreData: error:   File user ID: 		502
2026-09-30 23:13:33.201 E  videosubscriptionsd[88516:c35ff7] [com.apple.coredata:error] CoreData: error:   File group ID: 		20
2026-09-30 23:13:33.201 E  videosubscriptionsd[88516:c35ff7] [com.apple.coredata:error] CoreData: error:   File Permissions:
2026-09-30 23:13:33.201 E  videosubscriptionsd[88516:c35ff7] [com.apple.coredata:error] CoreData: error: d
2026-09-30 23:13:33.201 E  videosubscriptionsd[88516:c35ff7] [com.apple.coredata:error] CoreData: error:   755
2026-09-30 23:13:33.201 E  videosubscriptionsd[88516:c35ff7] [com.apple.coredata:error] CoreData: error:   file is not a symbolic link
2026-09-30 23:13:33.201 E  videosubscriptionsd[88516:c35ff7] [com.apple.coredata:error] CoreData: error:   Sandbox access to file-write-create allowed
2026-09-30 23:13:33.201 E  videosubscriptionsd[88516:c35ff7] [com.apple.coredata:error] CoreData: error: Executing as effective user 502
2026-09-30 23:13:33.201 E  videosubscriptionsd[88516:c35ff7] [com.apple.coredata:error] CoreData: error: Information for /Users
2026-09-30 23:13:33.201 E  videosubscriptionsd[88516:c35ff7] [com.apple.coredata:error] CoreData: error: ---------------------------
2026-09-30 23:13:33.201 E  videosubscriptionsd[88516:c35ff7] [com.apple.coredata:error] CoreData: error:   File Device ID: 	0
2026-09-30 23:13:33.201 E  videosubscriptionsd[88516:c35ff7] [com.apple.coredata:error] CoreData: error:   Device ID: 		16777229
2026-09-30 23:13:33.201 E  videosubscriptionsd[88516:c35ff7] [com.apple.coredata:error] CoreData: error:   File Size: 		160 bytes
2026-09-30 23:13:33.201 E  videosubscriptionsd[88516:c35ff7] [com.apple.coredata:error] CoreData: error:   File inode: 		18488
2026-09-30 23:13:33.201 E  videosubscriptionsd[88516:c35ff7] [com.apple.coredata:error] CoreData: error:   File user ID: 		0
2026-09-30 23:13:33.201 E  videosubscriptionsd[88516:c35ff7] [com.apple.coredata:error] CoreData: error:   File group ID: 		80
2026-09-30 23:13:33.201 E  videosubscriptionsd[88516:c35ff7] [com.apple.coredata:error] CoreData: error:   File Permissions:
2026-09-30 23:13:33.201 E  videosubscriptionsd[88516:c35ff7] [com.apple.coredata:error] CoreData: error: d
2026-09-30 23:13:33.201 E  videosubscriptionsd[88516:c35ff7] [com.apple.coredata:error] CoreData: error:   755
2026-09-30 23:13:33.201 E  videosubscriptionsd[88516:c35ff7] [com.apple.coredata:error] CoreData: error:   file is not a symbolic link
2026-09-30 23:13:33.209 E  videosubscriptionsd[88516:c35ff7] [com.apple.coredata:error] CoreData: error:   Sandbox access to file-write-create denied
2026-09-30 23:13:33.209 E  videosubscriptionsd[88516:c35ff7] [com.apple.coredata:error] CoreData: error: Executing as effective user 502
2026-09-30 23:13:33.209 E  videosubscriptionsd[88516:c35ff7] [com.apple.coredata:error] CoreData: error: Information for /
2026-09-30 23:13:33.209 E  videosubscriptionsd[88516:c35ff7] [com.apple.coredata:error] CoreData: error: ---------------------------
2026-09-30 23:13:33.209 E  videosubscriptionsd[88516:c35ff7] [com.apple.coredata:error] CoreData: error:   File Device ID: 	0
2026-09-30 23:13:33.209 E  videosubscriptionsd[88516:c35ff7] [com.apple.coredata:error] CoreData: error:   Device ID: 		16777229
2026-09-30 23:13:33.209 E  videosubscriptionsd[88516:c35ff7] [com.apple.coredata:error] CoreData: error:   File Size: 		736 bytes
2026-09-30 23:13:33.209 E  videosubscriptionsd[88516:c35ff7] [com.apple.coredata:error] CoreData: error:   File inode: 		2
2026-09-30 23:13:33.209 E  videosubscriptionsd[88516:c35ff7] [com.apple.coredata:error] CoreData: error:   File user ID: 		0
2026-09-30 23:13:33.209 E  videosubscriptionsd[88516:c35ff7] [com.apple.coredata:error] CoreData: error:   File group ID: 		0
2026-09-30 23:13:33.209 E  videosubscriptionsd[88516:c35ff7] [com.apple.coredata:error] CoreData: error:   File Permissions:
2026-09-30 23:13:33.209 E  videosubscriptionsd[88516:c35ff7] [com.apple.coredata:error] CoreData: error: d
2026-09-30 23:13:33.209 E  videosubscriptionsd[88516:c35ff7] [com.apple.coredata:error] CoreData: error:   755
2026-09-30 23:13:33.219 E  videosubscriptionsd[88516:c35ff7] [com.apple.coredata:error] CoreData: error:   file is not a symbolic link
2026-09-30 23:13:33.219 E  videosubscriptionsd[88516:c35ff7] [com.apple.coredata:error] CoreData: error:   Sandbox access to file-write-create denied
2026-09-30 23:13:33.219 E  videosubscriptionsd[88516:c35ff7] [com.apple.coredata:error] CoreData: error: Logging status information for directory path: /Users/tarunyadgirkar/Library/Developer/CoreSimulator/Devices/CF361191-F960-4212-9B76-7C41256A11C9/data/Library/Application Support/videosubscriptionsd
2026-09-30 23:13:33.219 E  videosubscriptionsd[88516:c35ff7] [com.apple.coredata:error] CoreData: error: Executing as effective user 502
2026-09-30 23:13:33.220 E  videosubscriptionsd[88516:c35ff7] [com.apple.coredata:error] CoreData: error: Information for /
2026-09-30 23:13:33.220 E  videosubscriptionsd[88516:c35ff7] [com.apple.coredata:error] CoreData: error:   File Device ID: 	0
2026-09-30 23:13:33.220 E  videosubscriptionsd[88516:c35ff7] [com.apple.coredata:error] CoreData: error:   Device ID: 		16777229
2026-09-30 23:13:33.220 E  videosubscriptionsd[88516:c35ff7] [com.apple.coredata:error] CoreData: error:   File Size: 		736 bytes
2026-09-30 23:13:33.220 E  videosubscriptionsd[88516:c35ff7] [com.apple.coredata:error] CoreData: error:   File inode: 		2
2026-09-30 23:13:33.220 E  videosubscriptionsd[88516:c35ff7] [com.apple.coredata:error] CoreData: error:   File user ID: 		0
2026-09-30 23:13:33.220 E  videosubscriptionsd[88516:c35ff7] [com.apple.coredata:error] CoreData: error:   File group ID: 		0
2026-09-30 23:13:33.220 E  videosubscriptionsd[88516:c35ff7] [com.apple.coredata:error] CoreData: error:   File Permissions:
2026-09-30 23:13:33.220 E  videosubscriptionsd[88516:c35ff7] [com.apple.coredata:error] CoreData: error: d
2026-09-30 23:13:33.220 E  videosubscriptionsd[88516:c35ff7] [com.apple.coredata:error] CoreData: error:   755
2026-09-30 23:13:33.220 E  videosubscriptionsd[88516:c35ff7] [com.apple.coredata:error] CoreData: error:   component is not a symbolic link
2026-09-30 23:13:33.220 E  videosubscriptionsd[88516:c35ff7] [com.apple.coredata:error] CoreData: error:   component is readable
2026-09-30 23:13:33.220 E  videosubscriptionsd[88516:c35ff7] [com.apple.coredata:error] CoreData: error:   component is not writeable with errno 30
2026-09-30 23:13:33.220 E  videosubscriptionsd[88516:c35ff7] [com.apple.coredata:error] CoreData: error: Information for /Users
2026-09-30 23:13:33.220 E  videosubscriptionsd[88516:c35ff7] [com.apple.coredata:error] CoreData: error:   File Device ID: 	0
2026-09-30 23:13:33.220 E  videosubscriptionsd[88516:c35ff7] [com.apple.coredata:error] CoreData: error:   Device ID: 		16777229
2026-09-30 23:13:33.227 E  videosubscriptionsd[88516:c35ff7] [com.apple.coredata:error] CoreData: error:   File Size: 		160 bytes
2026-09-30 23:13:33.227 E  videosubscriptionsd[88516:c35ff7] [com.apple.coredata:error] CoreData: error:   File inode: 		18488
2026-09-30 23:13:33.227 E  videosubscriptionsd[88516:c35ff7] [com.apple.coredata:error] CoreData: error:   File user ID: 		0
2026-09-30 23:13:33.227 E  videosubscriptionsd[88516:c35ff7] [com.apple.coredata:error] CoreData: error:   File group ID: 		80
2026-09-30 23:13:33.227 E  videosubscriptionsd[88516:c35ff7] [com.apple.coredata:error] CoreData: error:   File Permissions:
2026-09-30 23:13:33.227 E  videosubscriptionsd[88516:c35ff7] [com.apple.coredata:error] CoreData: error: d
2026-09-30 23:13:33.227 E  videosubscriptionsd[88516:c35ff7] [com.apple.coredata:error] CoreData: error:   755
2026-09-30 23:13:33.227 E  videosubscriptionsd[88516:c35ff7] [com.apple.coredata:error] CoreData: error:   component is not a symbolic link
2026-09-30 23:13:33.227 E  videosubscriptionsd[88516:c35ff7] [com.apple.coredata:error] CoreData: error:   component is readable
2026-09-30 23:13:33.227 E  videosubscriptionsd[88516:c35ff7] [com.apple.coredata:error] CoreData: error:   component is not writeable with errno 13
2026-09-30 23:13:33.227 E  videosubscriptionsd[88516:c35ff7] [com.apple.coredata:error] CoreData: error: Information for /Users/tarunyadgirkar
2026-09-30 23:13:33.227 E  videosubscriptionsd[88516:c35ff7] [com.apple.coredata:error] CoreData: error:   File Device ID: 	0
2026-09-30 23:13:33.227 E  videosubscriptionsd[88516:c35ff7] [com.apple.coredata:error] CoreData: error:   Device ID: 		16777229
2026-09-30 23:13:33.227 E  videosubscriptionsd[88516:c35ff7] [com.apple.coredata:error] CoreData: error:   File Size: 		3840 bytes
2026-09-30 23:13:33.227 E  videosubscriptionsd[88516:c35ff7] [com.apple.coredata:error] CoreData: error:   File inode: 		373273
2026-09-30 23:13:33.227 E  videosubscriptionsd[88516:c35ff7] [com.apple.coredata:error] CoreData: error:   File user ID: 		502
2026-09-30 23:13:33.227 E  videosubscriptionsd[88516:c35ff7] [com.apple.coredata:error] CoreData: error:   File group ID: 		20
2026-09-30 23:13:33.227 E  videosubscriptionsd[88516:c35ff7] [com.apple.coredata:error] CoreData: error:   File Permissions:
2026-09-30 23:13:33.227 E  videosubscriptionsd[88516:c35ff7] [com.apple.coredata:error] CoreData: error: d
2026-09-30 23:13:33.227 E  videosubscriptionsd[88516:c35ff7] [com.apple.coredata:error] CoreData: error:   755
2026-09-30 23:13:33.227 E  videosubscriptionsd[88516:c35ff7] [com.apple.coredata:error] CoreData: error:   component is not a symbolic link
2026-09-30 23:13:33.227 E  videosubscriptionsd[88516:c35ff7] [com.apple.coredata:error] CoreData: error:   component is readable
2026-09-30 23:13:33.227 E  videosubscriptionsd[88516:c35ff7] [com.apple.coredata:error] CoreData: error:   component is writeable
2026-09-30 23:13:33.227 E  videosubscriptionsd[88516:c35ff7] [com.apple.coredata:error] CoreData: error: Information for /Users/tarunyadgirkar/Library
2026-09-30 23:13:33.227 E  videosubscriptionsd[88516:c35ff7] [com.apple.coredata:error] CoreData: error:   File Device ID: 	0
2026-09-30 23:13:33.227 E  videosubscriptionsd[88516:c35ff7] [com.apple.coredata:error] CoreData: error:   Device ID: 		16777229
2026-09-30 23:13:33.227 E  videosubscriptionsd[88516:c35ff7] [com.apple.coredata:error] CoreData: error:   File Size: 		3968 bytes
2026-09-30 23:13:33.227 E  videosubscriptionsd[88516:c35ff7] [com.apple.coredata:error] CoreData: error:   File inode: 		696241
2026-09-30 23:13:33.233 Df nanoappregistryd[88561:c36138] [com.apple.NanoRegistry:framework] -[NRPairedDeviceRegistry initWithBoost:disconnected:]_block_invoke_3: status(2) compatibilityState (0)
2026-09-30 23:13:33.233 Df nanoappregistryd[88561:c36138] [com.apple.NanoRegistry:framework] Resuming registry operation queue.
2026-09-30 23:13:33.235 A  SpringBoard[86754:c35fa3] (RunningBoardServices) observedProcessStatesDidChange
2026-09-30 23:13:33.235 A  chronod[86850:c3683d] (RunningBoardServices) observedProcessStatesDidChange
2026-09-30 23:13:33.235 Df SpringBoard[86754:c35fa3] [com.apple.runningboard:monitor] Received state update for 88807 (app<com.apple.mobilecal((null))>, running-active-NotVisible
2026-09-30 23:13:33.235 A  locationd[86778:c35d79] (RunningBoardServices) observedProcessStatesDidChange
2026-09-30 23:13:33.235 Df chronod[86850:c3683d] [com.apple.runningboard:monitor] Received state update for 88807 (app<com.apple.mobilecal((null))>, running-active-NotVisible
2026-09-30 23:13:33.235 Df locationd[86778:c35d79] [com.apple.runningboard:monitor] Received state update for 88807 (app<com.apple.mobilecal((null))>, running-active-NotVisible
2026-09-30 23:13:33.236 A  mediaremoted[86761:c3400c] (RunningBoardServices) observedProcessStatesDidChange
2026-09-30 23:13:33.236 Df mediaremoted[86761:c3400c] [com.apple.runningboard:monitor] Received state update for 88807 (app<com.apple.mobilecal((null))>, running-active-NotVisible
2026-09-30 23:13:33.237 E  videosubscriptionsd[88516:c35ff7] [com.apple.coredata:error] CoreData: error:   File user ID: 		502
2026-09-30 23:13:33.237 E  videosubscriptionsd[88516:c35ff7] [com.apple.coredata:error] CoreData: error:   File group ID: 		20
2026-09-30 23:13:33.237 E  videosubscriptionsd[88516:c35ff7] [com.apple.coredata:error] CoreData: error:   File Permissions:
2026-09-30 23:13:33.237 E  videosubscriptionsd[88516:c35ff7] [com.apple.coredata:error] CoreData: error: d
2026-09-30 23:13:33.237 E  videosubscriptionsd[88516:c35ff7] [com.apple.coredata:error] CoreData: error:   700
2026-09-30 23:13:33.237 E  videosubscriptionsd[88516:c35ff7] [com.apple.coredata:error] CoreData: error:   component is not a symbolic link
2026-09-30 23:13:33.237 E  videosubscriptionsd[88516:c35ff7] [com.apple.coredata:error] CoreData: error:   component is readable
2026-09-30 23:13:33.237 E  videosubscriptionsd[88516:c35ff7] [com.apple.coredata:error] CoreData: error:   component is writeable
2026-09-30 23:13:33.237 E  videosubscriptionsd[88516:c35ff7] [com.apple.coredata:error] CoreData: error: Information for /Users/tarunyadgirkar/Library/Developer
2026-09-30 23:13:33.237 E  videosubscriptionsd[88516:c35ff7] [com.apple.coredata:error] CoreData: error:   File Device ID: 	0
2026-09-30 23:13:33.237 E  videosubscriptionsd[88516:c35ff7] [com.apple.coredata:error] CoreData: error:   Device ID: 		16777229
2026-09-30 23:13:33.237 E  videosubscriptionsd[88516:c35ff7] [com.apple.coredata:error] CoreData: error:   File Size: 		256 bytes
2026-09-30 23:13:33.237 E  videosubscriptionsd[88516:c35ff7] [com.apple.coredata:error] CoreData: error:   File inode: 		3900316
2026-09-30 23:13:33.237 E  videosubscriptionsd[88516:c35ff7] [com.apple.coredata:error] CoreData: error:   File user ID: 		502
2026-09-30 23:13:33.237 E  videosubscriptionsd[88516:c35ff7] [com.apple.coredata:error] CoreData: error:   File group ID: 		20
2026-09-30 23:13:33.237 E  videosubscriptionsd[88516:c35ff7] [com.apple.coredata:error] CoreData: error:   File Permissions:
2026-09-30 23:13:33.237 E  videosubscriptionsd[88516:c35ff7] [com.apple.coredata:error] CoreData: error: d
2026-09-30 23:13:33.237 E  videosubscriptionsd[88516:c35ff7] [com.apple.coredata:error] CoreData: error:   755
2026-09-30 23:13:33.240 Df locationd[86778:c3532a] [com.apple.locationd.Core:Core] #ClearClient installation check found 0 uninstalled apps (amongst 10 bundle IDs)
2026-09-30 23:13:33.240 Df locationd[86778:c3532a] [com.apple.locationd.Core:Core] {"msg":"#AuthorizationDatabase holdOSTransactionUntilNextPersist"}
2026-09-30 23:13:33.240 Df locationd[86778:c3532a] [com.apple.locationd.Utility:QA] {"msg":"os_transaction created: ", "fTransaction":"0x16e076680", "fDescription":CLPersistentDictionary saving to file}
2026-09-30 23:13:33.241 A  dataaccessd[86847:c364f5] (RunningBoardServices) observedProcessStatesDidChange
2026-09-30 23:13:33.241 Df dataaccessd[86847:c364f5] [com.apple.runningboard:monitor] Received state update for 88807 (app<com.apple.mobilecal((null))>, running-active-NotVisible
2026-09-30 23:13:33.241 Df locationd[86778:c3532a] [com.apple.locationd.Utility:QA] {"msg":"os_transaction releasing:", "fTransaction":"0x16e076680", "fDescription":CLPersistentDictionary saving to file}
2026-09-30 23:13:33.241 Df locationd[86778:c3532a] [com.apple.locationd.Core:Core] {"msg":"#AuthorizationDatabase releasePersistTransaction"}
2026-09-30 23:13:33.242 E  videosubscriptionsd[88516:c35ff7] [com.apple.coredata:error] CoreData: error:   component is not a symbolic link
2026-09-30 23:13:33.242 E  videosubscriptionsd[88516:c35ff7] [com.apple.coredata:error] CoreData: error:   component is readable
2026-09-30 23:13:33.242 E  videosubscriptionsd[88516:c35ff7] [com.apple.coredata:error] CoreData: error:   component is writeable
2026-09-30 23:13:33.242 E  videosubscriptionsd[88516:c35ff7] [com.apple.coredata:error] CoreData: error: Information for /Users/tarunyadgirkar/Library/Developer/CoreSimulator
2026-09-30 23:13:33.242 E  videosubscriptionsd[88516:c35ff7] [com.apple.coredata:error] CoreData: error:   File Device ID: 	0
2026-09-30 23:13:33.242 E  videosubscriptionsd[88516:c35ff7] [com.apple.coredata:error] CoreData: error:   Device ID: 		16777229
2026-09-30 23:13:33.242 E  videosubscriptionsd[88516:c35ff7] [com.apple.coredata:error] CoreData: error:   File Size: 		160 bytes
2026-09-30 23:13:33.242 E  videosubscriptionsd[88516:c35ff7] [com.apple.coredata:error] CoreData: error:   File inode: 		3903990
2026-09-30 23:13:33.242 E  videosubscriptionsd[88516:c35ff7] [com.apple.coredata:error] CoreData: error:   File user ID: 		502
2026-09-30 23:13:33.242 E  videosubscriptionsd[88516:c35ff7] [com.apple.coredata:error] CoreData: error:   File group ID: 		20
2026-09-30 23:13:33.242 E  videosubscriptionsd[88516:c35ff7] [com.apple.coredata:error] CoreData: error:   File Permissions:
2026-09-30 23:13:33.242 E  videosubscriptionsd[88516:c35ff7] [com.apple.coredata:error] CoreData: error: d
2026-09-30 23:13:33.242 E  videosubscriptionsd[88516:c35ff7] [com.apple.coredata:error] CoreData: error:   755
2026-09-30 23:13:33.242 E  videosubscriptionsd[88516:c35ff7] [com.apple.coredata:error] CoreData: error:   component is not a symbolic link
2026-09-30 23:13:33.243 E  videosubscriptionsd[88516:c35ff7] [com.apple.coredata:error] CoreData: error:   component is readable
2026-09-30 23:13:33.243 E  videosubscriptionsd[88516:c35ff7] [com.apple.coredata:error] CoreData: error:   component is writeable
2026-09-30 23:13:33.243 E  videosubscriptionsd[88516:c35ff7] [com.apple.coredata:error] CoreData: error: Information for /Users/tarunyadgirkar/Library/Developer/CoreSimulator/Devices
2026-09-30 23:13:33.243 E  videosubscriptionsd[88516:c35ff7] [com.apple.coredata:error] CoreData: error:   File Device ID: 	0
2026-09-30 23:13:33.243 E  videosubscriptionsd[88516:c35ff7] [com.apple.coredata:error] CoreData: error:   Device ID: 		16777229
2026-09-30 23:13:33.243 E  videosubscriptionsd[88516:c35ff7] [com.apple.coredata:error] CoreData: error:   File Size: 		1056 bytes
2026-09-30 23:13:33.243 E  videosubscriptionsd[88516:c35ff7] [com.apple.coredata:error] CoreData: error:   File inode: 		3904013
2026-09-30 23:13:33.243 E  videosubscriptionsd[88516:c35ff7] [com.apple.coredata:error] CoreData: error:   File user ID: 		502
2026-09-30 23:13:33.243 E  videosubscriptionsd[88516:c35ff7] [com.apple.coredata:error] CoreData: error:   File group ID: 		20
2026-09-30 23:13:33.243 E  videosubscriptionsd[88516:c35ff7] [com.apple.coredata:error] CoreData: error:   File Permissions:
2026-09-30 23:13:33.243 E  videosubscriptionsd[88516:c35ff7] [com.apple.coredata:error] CoreData: error: d
2026-09-30 23:13:33.243 E  videosubscriptionsd[88516:c35ff7] [com.apple.coredata:error] CoreData: error:   755
2026-09-30 23:13:33.243 E  videosubscriptionsd[88516:c35ff7] [com.apple.coredata:error] CoreData: error:   component is not a symbolic link
2026-09-30 23:13:33.243 E  videosubscriptionsd[88516:c35ff7] [com.apple.coredata:error] CoreData: error:   component is readable
2026-09-30 23:13:33.243 E  videosubscriptionsd[88516:c35ff7] [com.apple.coredata:error] CoreData: error:   component is writeable
2026-09-30 23:13:33.243 E  videosubscriptionsd[88516:c35ff7] [com.apple.coredata:error] CoreData: error: Information for /Users/tarunyadgirkar/Library/Developer/CoreSimulator/Devices/CF361191-F960-4212-9B76-7C41256A11C9
2026-09-30 23:13:33.243 E  videosubscriptionsd[88516:c35ff7] [com.apple.coredata:error] CoreData: error:   File Device ID: 	0
2026-09-30 23:13:33.243 E  videosubscriptionsd[88516:c35ff7] [com.apple.coredata:error] CoreData: error:   Device ID: 		16777229
2026-09-30 23:13:33.243 E  videosubscriptionsd[88516:c35ff7] [com.apple.coredata:error] CoreData: error:   File Size: 		160 bytes
2026-09-30 23:13:33.243 E  videosubscriptionsd[88516:c35ff7] [com.apple.coredata:error] CoreData: error:   File inode: 		27926354
2026-09-30 23:13:33.243 E  videosubscriptionsd[88516:c35ff7] [com.apple.coredata:error] CoreData: error:   File user ID: 		502
2026-09-30 23:13:33.243 E  videosubscriptionsd[88516:c35ff7] [com.apple.coredata:error] CoreData: error:   File group ID: 		20
2026-09-30 23:13:33.243 E  videosubscriptionsd[88516:c35ff7] [com.apple.coredata:error] CoreData: error:   File Permissions:
2026-09-30 23:13:33.243 E  videosubscriptionsd[88516:c35ff7] [com.apple.coredata:error] CoreData: error: d
2026-09-30 23:13:33.243 E  videosubscriptionsd[88516:c35ff7] [com.apple.coredata:error] CoreData: error:   755
2026-09-30 23:13:33.243 E  videosubscriptionsd[88516:c35ff7] [com.apple.coredata:error] CoreData: error:   component is not a symbolic link
2026-09-30 23:13:33.243 E  videosubscriptionsd[88516:c35ff7] [com.apple.coredata:error] CoreData: error:   component is readable
2026-09-30 23:13:33.243 E  videosubscriptionsd[88516:c35ff7] [com.apple.coredata:error] CoreData: error:   component is writeable
2026-09-30 23:13:33.243 E  videosubscriptionsd[88516:c35ff7] [com.apple.coredata:error] CoreData: error: Information for /Users/tarunyadgirkar/Library/Developer/CoreSimulator/Devices/CF361191-F960-4212-9B76-7C41256A11C9/data
2026-09-30 23:13:33.243 E  videosubscriptionsd[88516:c35ff7] [com.apple.coredata:error] CoreData: error:   File Device ID: 	0
2026-09-30 23:13:33.243 E  videosubscriptionsd[88516:c35ff7] [com.apple.coredata:error] CoreData: error:   Device ID: 		16777229
2026-09-30 23:13:33.243 E  videosubscriptionsd[88516:c35ff7] [com.apple.coredata:error] CoreData: error:   File Size: 		416 bytes
2026-09-30 23:13:33.243 E  videosubscriptionsd[88516:c35ff7] [com.apple.coredata:error] CoreData: error:   File inode: 		27926355
2026-09-30 23:13:33.243 E  videosubscriptionsd[88516:c35ff7] [com.apple.coredata:error] CoreData: error:   File user ID: 		502
2026-09-30 23:13:33.245 Df nanoappregistryd[88561:c36101] [NanoAppRegistry:sync] NADSyncController initialized with application store: <NADApplicationStore 0x101402b30; path=file:///Users/tarunyadgirkar/Library/Developer/CoreSimulator/Devices/CF361191-F960-4212-9B76-7C41256A11C9/data/tmp/NanoAppRegistry/Applications/>; UUID=(null); sequenceNumber=(null); applicationCount=0
2026-09-30 23:13:33.249 E  videosubscriptionsd[88516:c35ff7] [com.apple.coredata:error] CoreData: error:   File group ID: 		20
2026-09-30 23:13:33.249 E  videosubscriptionsd[88516:c35ff7] [com.apple.coredata:error] CoreData: error:   File Permissions:
2026-09-30 23:13:33.249 E  videosubscriptionsd[88516:c35ff7] [com.apple.coredata:error] CoreData: error: d
2026-09-30 23:13:33.249 E  videosubscriptionsd[88516:c35ff7] [com.apple.coredata:error] CoreData: error:   775
2026-09-30 23:13:33.250 E  videosubscriptionsd[88516:c35ff7] [com.apple.coredata:error] CoreData: error:   component is not a symbolic link
2026-09-30 23:13:33.250 E  videosubscriptionsd[88516:c35ff7] [com.apple.coredata:error] CoreData: error:   component is readable
2026-09-30 23:13:33.250 E  videosubscriptionsd[88516:c35ff7] [com.apple.coredata:error] CoreData: error:   component is writeable
2026-09-30 23:13:33.250 E  videosubscriptionsd[88516:c35ff7] [com.apple.coredata:error] CoreData: error: Information for /Users/tarunyadgirkar/Library/Developer/CoreSimulator/Devices/CF361191-F960-4212-9B76-7C41256A11C9/data/Library
2026-09-30 23:13:33.253 A  axassetsd[86763:c349fb] (PlugInKit) discovery
2026-09-30 23:13:33.254 Df axassetsd[86763:c349fb] [com.apple.PlugInKit:discovery] [d 97861776-E83B-4C5A-9C8F-CD00AD059351] <PKHost:0x101dff4c0> Beginning discovery for flags: 0, point: multiple
2026-09-30 23:13:33.257 Df pkd[86982:c35903] [com.apple.PlugInKit:discovery] [d 97861776-E83B-4C5A-9C8F-CD00AD059351] Final plugin count: 3
2026-09-30 23:13:33.258 Df axassetsd[86763:c349fb] [com.apple.Accessibility:VoiceDB] Executing voice load for loader: ausp_mctk_appl
2026-09-30 23:13:33.259 E  videosubscriptionsd[88516:c35ff7] [com.apple.coredata:error] CoreData: error:   File Device ID: 	0
2026-09-30 23:13:33.259 E  videosubscriptionsd[88516:c35ff7] [com.apple.coredata:error] CoreData: error:   Device ID: 		16777229
2026-09-30 23:13:33.259 E  videosubscriptionsd[88516:c35ff7] [com.apple.coredata:error] CoreData: error:   File Size: 		3104 bytes
2026-09-30 23:13:33.259 E  videosubscriptionsd[88516:c35ff7] [com.apple.coredata:error] CoreData: error:   File inode: 		27927941
2026-09-30 23:13:33.259 E  videosubscriptionsd[88516:c35ff7] [com.apple.coredata:error] CoreData: error:   File user ID: 		502
2026-09-30 23:13:33.259 E  videosubscriptionsd[88516:c35ff7] [com.apple.coredata:error] CoreData: error:   File group ID: 		20
2026-09-30 23:13:33.259 E  videosubscriptionsd[88516:c35ff7] [com.apple.coredata:error] CoreData: error:   File Permissions:
2026-09-30 23:13:33.259 E  videosubscriptionsd[88516:c35ff7] [com.apple.coredata:error] CoreData: error: d
2026-09-30 23:13:33.259 E  videosubscriptionsd[88516:c35ff7] [com.apple.coredata:error] CoreData: error:   775
2026-09-30 23:13:33.259 E  videosubscriptionsd[88516:c35ff7] [com.apple.coredata:error] CoreData: error:   component is not a symbolic link
2026-09-30 23:13:33.259 E  videosubscriptionsd[88516:c35ff7] [com.apple.coredata:error] CoreData: error:   component is readable
2026-09-30 23:13:33.259 E  videosubscriptionsd[88516:c35ff7] [com.apple.coredata:error] CoreData: error:   component is writeable
2026-09-30 23:13:33.259 E  videosubscriptionsd[88516:c35ff7] [com.apple.coredata:error] CoreData: error: Information for /Users/tarunyadgirkar/Library/Developer/CoreSimulator/Devices/CF361191-F960-4212-9B76-7C41256A11C9/data/Library/Application Support
2026-09-30 23:13:33.259 E  videosubscriptionsd[88516:c35ff7] [com.apple.coredata:error] CoreData: error:   File Device ID: 	0
2026-09-30 23:13:33.259 E  videosubscriptionsd[88516:c35ff7] [com.apple.coredata:error] CoreData: error:   Device ID: 		16777229
2026-09-30 23:13:33.259 E  videosubscriptionsd[88516:c35ff7] [com.apple.coredata:error] CoreData: error:   File Size: 		576 bytes
2026-09-30 23:13:33.260 E  videosubscriptionsd[88516:c35ff7] [com.apple.coredata:error] CoreData: error:   File inode: 		27927942
2026-09-30 23:13:33.260 E  videosubscriptionsd[88516:c35ff7] [com.apple.coredata:error] CoreData: error:   File user ID: 		502
2026-09-30 23:13:33.260 E  videosubscriptionsd[88516:c35ff7] [com.apple.coredata:error] CoreData: error:   File group ID: 		20
2026-09-30 23:13:33.260 E  videosubscriptionsd[88516:c35ff7] [com.apple.coredata:error] CoreData: error:   File Permissions:
2026-09-30 23:13:33.260 E  videosubscriptionsd[88516:c35ff7] [com.apple.coredata:error] CoreData: error: d
2026-09-30 23:13:33.260 E  videosubscriptionsd[88516:c35ff7] [com.apple.coredata:error] CoreData: error:   755
2026-09-30 23:13:33.260 E  videosubscriptionsd[88516:c35ff7] [com.apple.coredata:error] CoreData: error:   component is not a symbolic link
2026-09-30 23:13:33.260 E  videosubscriptionsd[88516:c35ff7] [com.apple.coredata:error] CoreData: error:   component is readable
2026-09-30 23:13:33.260 E  videosubscriptionsd[88516:c35ff7] [com.apple.coredata:error] CoreData: error:   component is writeable
2026-09-30 23:13:33.260 E  videosubscriptionsd[88516:c35ff7] [com.apple.coredata:error] CoreData: error: Failed to stat path '/Users/tarunyadgirkar/Library/Developer/CoreSimulator/Devices/CF361191-F960-4212-9B76-7C41256A11C9/data/Library/Application Support/videosubscriptionsd', errno 2 / No such file or directory.
2026-09-30 23:13:33.260 Df siriknowledged[87223:c34088] (libMobileGestalt.dylib) No persisted cache on this platform.
2026-09-30 23:13:33.260 E  videosubscriptionsd[88516:c35ff7] [com.apple.coredata:error] CoreData: error:   Sandbox access to file-write-create denied
2026-09-30 23:13:33.261 Df axassetsd[86763:c349fb] [com.apple.Accessibility:VoiceDB] Executing voice load for loader: ausp_axsr_appl
2026-09-30 23:13:33.261 Df axassetsd[86763:c349fb] [com.apple.Accessibility:VoiceDB] Executing voice load for loader: ausp_crnc_appl
2026-09-30 23:13:33.261 Df axassetsd[86763:c349fb] [com.apple.PlugInKit:discovery] [d 97861776-E83B-4C5A-9C8F-CD00AD059351] <PKHost:0x101dff4c0> Completed discovery. Final # of matches: 3
2026-09-30 23:13:33.261 Df nanoappregistryd[88561:c36101] [com.apple.pairedsync:framework] -[PSYSyncCoordinator initWithServiceName:serviceLookupPath:]: com.apple.pairedsync.nanoappregistry
2026-09-30 23:13:33.263 E  cfprefsd[86798:c335ba] [com.apple.defaults:cfprefsd] Couldn't open /Library/Managed Preferences/mobile/com.apple.parsecd.plist due to No such file or directory
2026-09-30 23:13:33.263 E  cfprefsd[86798:c335ba] [com.apple.defaults:cfprefsd] Couldn't open /Library/Managed Preferences/com.apple.parsecd.plist due to No such file or directory
2026-09-30 23:13:33.263 E  cfprefsd[86798:c335ba] [com.apple.defaults:cfprefsd] Couldn't open /Users/tarunyadgirkar/Library/Developer/CoreSimulator/Devices/CF361191-F960-4212-9B76-7C41256A11C9/data/Library/Preferences/ByHost/com.apple.parsecd..plist due to No such file or directory
2026-09-30 23:13:33.264 Df axassetsd[86763:c349fb] [com.apple.Accessibility:VoiceDB] Executing voice load for loader: ausp_axsr_appl
2026-09-30 23:13:33.264 Df axassetsd[86763:c349fb] [com.apple.Accessibility:VoiceDB] Executing voice load for loader: ausp_mctk_appl
2026-09-30 23:13:33.264 Df axassetsd[86763:c349fb] [com.apple.Accessibility:VoiceDB] Executing voice load for loader: ausp_crnc_appl
2026-09-30 23:13:33.265 Df nanoappregistryd[88561:c36101] (PairedSync) Error: Could not create service from plist at path: file:///private/var/run/com.apple.security.cryptexd/mnt/com.apple.iPhoneOS.SimulatorRuntime-v24.1.434.0.GOjTIm/Library/Developer/CoreSimulator/Profiles/Runtimes/iOS%2027.0.simruntime/Contents/Resources/RuntimeRoot/System/Library/PairedSyncServices/com.apple.pairedsync.nanoappregistry.plist. Returning nil PSYSyncCoordinator for service name com.apple.pairedsync.nanoappregistry.  Please check that your plist exists and is in the correct format.
2026-09-30 23:13:33.265 A  dataaccessd[86847:c33756] (Accounts) accounts/accounts-with-types-sync
2026-09-30 23:13:33.265 Df AutomationModeUI[88564:c36154] [com.apple.dt.AutomationModeUI:Default] Timer fired, notifying delegate that there's been no user interaction for 3.000000 seconds.
2026-09-30 23:13:33.265 Df AutomationModeUI[88564:c36154] [com.apple.dt.AutomationModeUI:Default] User did become inactive, updating UI, darkening overlay for main display
2026-09-30 23:13:33.267 Df swcd[87251:c35bbc] [com.apple.swc:manager] Developer mode enabled: YES
2026-09-30 23:13:33.267 A  storekitd[86997:c3566b] StoreKit/AppInstall
2026-09-30 23:13:33.270 Df storekitd[86997:c3566b] [com.apple.storekit:Default] [storekitd.LaunchServicesObserver] Handling installed event for ["com.tarunyadgirkar.prefill.spike.textinsert.uitests.xctrunner"]
2026-09-30 23:13:33.271 Df ScreenTimeAgent[87395:c34399] [com.apple.screentime.core:coreDataObserver] Using last token to process persistent history transactions.
2026-09-30 23:13:33.271 Df searchd[86947:c341ae] [com.apple.corespotlight:Drain] Disk commit observed for dataclass:Priority
2026-09-30 23:13:33.272 E  suggestd[86989:c34405] [com.apple.coreduet:knowledge] XPC error: Error Domain=NSCocoaErrorDomain Code=4099 "The connection to service named com.apple.coreduetd.knowledge was invalidated: Connection init failed at lookup with error 3 - No such process." UserInfo={NSDebugDescription=The connection to service named com.apple.coreduetd.knowledge was invalidated: Connection init failed at lookup with error 3 - No such process.}
2026-09-30 23:13:33.272 E  suggestd[86989:c34405] [com.apple.proactive.PersonalizationPortrait:Default] Error while iterating through _DKEvents during importDuetEventsWithLimit: Error Domain=NSCocoaErrorDomain Code=4099 "The connection to service named com.apple.coreduetd.knowledge was invalidated: Connection init failed at lookup with error 3 - No such process." UserInfo={NSDebugDescription=The connection to service named com.apple.coreduetd.knowledge was invalidated: Connection init failed at lookup with error 3 - No such process.}
2026-09-30 23:13:33.273 Df bird[88514:c36028] [com.apple.xpc:connection] [0x101d28f00] activating connection: mach=true listener=false peer=false name=com.apple.FileProvider
2026-09-30 23:13:33.274 A  companionappd[88268:c360b0] (IDS) Framework init with service, commands
2026-09-30 23:13:33.274 Df companionappd[88268:c360b0] [com.apple.IDS:_IDSService] _IDSService - initing {self: 0x102adf900, service: com.apple.private.alloy.sockpuppet.classd, commands: (null), manualAck: NO}
2026-09-30 23:13:33.275 Df tccd[86766:c35fed] [com.apple.TCC:access] REPLY: (502) function=TCCAccessCopyBundleIdentifiersDisabledForService, msgID=86989.7
2026-09-30 23:13:33.275 A  icloudmailagent[86998:c3561d] (Accounts) accounts/accounts-with-type-sync
2026-09-30 23:13:33.276 A  storekitd[86997:c36194] StoreKit/AppInstall
2026-09-30 23:13:33.276 Df storekitd[86997:c36194] [com.apple.storekit:Default] [storekitd.LaunchServicesObserver] Handling installed event for ["com.tarunyadgirkar.prefill.spike.textinsert"]
2026-09-30 23:13:33.276 E  videosubscriptionsd[88516:c35ff7] [com.apple.coredata:error] CoreData: error: addPersistentStoreWithType:configuration:URL:options:error: returned error NSCocoaErrorDomain (512)
2026-09-30 23:13:33.276 E  nanoappregistryd[88561:c36101] [com.apple.companionsync:general] SYService resumed with no pairing store
2026-09-30 23:13:33.276 E  nanoappregistryd[88561:c36101] [NanoAppRegistry:sync] Service failed to resume: Error Domain=SYErrorDomain Code=2003 "This operation cannot complete until pairing is completed." UserInfo={NSLocalizedDescription=This operation cannot complete until pairing is completed.}
2026-09-30 23:13:33.276 Df nanoappregistryd[88561:c36101] [com.apple.xpc:connection] [0x101409060] activating connection: mach=true listener=true peer=false name=com.apple.nanoappregistry.workspace
2026-09-30 23:13:33.281 Df triald[86830:c33a38] [com.apple.xpc:connection] [0x1041303c0] invalidated because the current process cancelled the connection by calling xpc_connection_cancel()
2026-09-30 23:13:33.281 Df triald[86830:c33a38] [com.apple.xpc:connection] [0x104131180] activating connection: mach=false listener=false peer=false name=com.apple.trial.TrialArchivingService
2026-09-30 23:13:33.281 F  passd[86783:c33ecc] [com.apple.defaults:User Defaults] Could not resolve UID for user "mobile".
2026-09-30 23:13:33.281 A  passd[86783:c33ecc] (libsystem_trace.dylib) Activity for state dumps
2026-09-30 23:13:33.285 Df fitcored[86987:c35f5d] [com.apple.Seymour:database] [unlink] before-remove store=seymour_c db=1552384 wal=0 shm=32768
2026-09-30 23:13:33.285 E  cfprefsd[86798:c335ba] [com.apple.defaults:cfprefsd] Couldn't open /Library/Managed Preferences/mobile/companionappd.plist due to No such file or directory
2026-09-30 23:13:33.285 E  cfprefsd[86798:c335ba] [com.apple.defaults:cfprefsd] Couldn't open /Library/Managed Preferences/companionappd.plist due to No such file or directory
2026-09-30 23:13:33.285 E  cfprefsd[86798:c335ba] [com.apple.defaults:cfprefsd] Couldn't open /Users/tarunyadgirkar/Library/Developer/CoreSimulator/Devices/CF361191-F960-4212-9B76-7C41256A11C9/data/Library/Preferences/companionappd.plist due to No such file or directory
2026-09-30 23:13:33.286 E  cfprefsd[86798:c335ba] [com.apple.defaults:cfprefsd] Couldn't open /Users/tarunyadgirkar/Library/Developer/CoreSimulator/Devices/CF361191-F960-4212-9B76-7C41256A11C9/data/Library/Preferences/companionappd.plist due to No such file or directory
2026-09-30 23:13:33.286 E  cfprefsd[86798:c335ba] [com.apple.defaults:cfprefsd] Couldn't open /Users/tarunyadgirkar/Library/Developer/CoreSimulator/Devices/CF361191-F960-4212-9B76-7C41256A11C9/data/Library/Preferences/ByHost/companionappd..plist due to No such file or directory
2026-09-30 23:13:33.286 Df siriactionsd[86842:c36176] [com.apple.shortcuts:ToolKitDatabase] Attempting to take out shared lock on file:///Users/tarunyadgirkar/Library/Developer/CoreSimulator/Devices/67D26F69-0444-498D-ADEE-F687E565B7CB/data/Library/Shortcuts/ToolKit/Tools-prod.v79-5B349786-A170-4DAD-AC46-26564AE263B9.sqlite.lock
2026-09-30 23:13:33.287 Df passd[86783:c35a03] [com.apple.passkit:CloudStore] [PDPassCloudStore(Sync)] processing pending changes requested: perodic check-in
2026-09-30 23:13:33.288 Df suggestd[86989:c34392] [com.apple.xpc:connection] [0x1077a3c00] invalidated after the last release of the connection object
2026-09-30 23:13:33.288 A  axassetsd[86763:c358f8] (ExtensionFoundation) begin using plugin
2026-09-30 23:13:33.288 Df suggestd[86989:c34392] [com.apple.xpc:connection] [0x1077a2580] activating connection: mach=true listener=false peer=false name=com.apple.tccd
2026-09-30 23:13:33.289 A  storekitd[86997:c36194] (libsystem_containermanager.dylib) container_create_or_lookup_app_group_path_by_app_group_identifier
2026-09-30 23:13:33.289 A  runningboardd[86757:c35c22] (RunningBoard) acquireAssertionWithDescriptor
2026-09-30 23:13:33.289 Df runningboardd[86757:c35c22] [com.apple.runningboard:ttl] Acquiring assertion targeting [xpcservice<com.apple.speech.MacinTalkFramework.MacinTalkAUSP([osservice<com.apple.accessibility.axassetsd>:86763])>{vt hash: 0}{definition:com.apple.speech.MacinTalkFramework.MacinTalkAUSP[extension][client]}:87667] from originator [osservice<com.apple.accessibility.axassetsd>:86763] with description <RBSAssertionDescriptor| "com.apple.extension.session" ID:86757-86763-4984 target:87667 attributes:[
	<RBSLegacyAttribute| requestedReason:ViewService reason:ViewService flags:( AllowIdleSleep PreventTaskSuspend PreventTaskThrottleDown WantsForegroundResourcePriority )>,
	<RBSAcquisitionCompletionAttribute| policy:AfterValidation>
	]>
2026-09-30 23:13:33.289 Df runningboardd[86757:c35c22] [com.apple.runningboard:assertion] Mutating assertion 86757-86763-4984 reason from ViewService to Extension because it targets an xpc service.
2026-09-30 23:13:33.289 Df runningboardd[86757:c35c22] [com.apple.runningboard:ttl] Assertion 86757-86763-4984 (target:[xpcservice<com.apple.speech.MacinTalkFramework.MacinTalkAUSP([osservice<com.apple.accessibility.axassetsd>:86763])>{vt hash: 0}{definition:com.apple.speech.MacinTalkFramework.MacinTalkAUSP[extension][client]}:87667]) will be created as active
2026-09-30 23:13:33.289 A  runningboardd[86757:c3451d] (RunningBoard) state update
2026-09-30 23:13:33.289 Df storekitd[86997:c36194] [com.apple.containermanager:unspecified] container_create_or_lookup_app_group_path_by_app_group_identifier: success
2026-09-30 23:13:33.289 Df runningboardd[86757:c35c22] [com.apple.runningboard:ttl] [xpcservice<com.apple.speech.MacinTalkFramework.MacinTalkAUSP([osservice<com.apple.accessibility.axassetsd>:86763])>{vt hash: 0}{definition:com.apple.speech.MacinTalkFramework.MacinTalkAUSP[extension][client]}:87667] Resuming task.
2026-09-30 23:13:33.289 Df runningboardd[86757:c3451d] [com.apple.runningboard:monitor] Calculated state for xpcservice<com.apple.speech.MacinTalkFramework.MacinTalkAUSP([osservice<com.apple.accessibility.axassetsd>:86763])>{vt hash: 0}{definition:com.apple.speech.MacinTalkFramework.MacinTalkAUSP[extension][client]}: running-active (role: UserInteractiveNonFocal) (endowments: (null))
2026-09-30 23:13:33.289 A  SpringBoard[86754:c35fc3] (RunningBoardServices) observedProcessStatesDidChange
2026-09-30 23:13:33.289 Df SpringBoard[86754:c35fc3] [com.apple.runningboard:monitor] Received state update for 87667 (xpcservice<com.apple.speech.MacinTalkFramework.MacinTalkAUSP([osservice<com.apple.accessibility.axassetsd>:86763])>{vt hash: 0}{definition:com.apple.speech.MacinTalkFramework.MacinTalkAUSP[extension][client]}, running-active-NotVisible
2026-09-30 23:13:33.290 A  mediaremoted[86761:c34009] (RunningBoardServices) observedProcessStatesDidChange
2026-09-30 23:13:33.290 Df mediaremoted[86761:c34009] [com.apple.runningboard:monitor] Received state update for 87667 (xpcservice<com.apple.speech.MacinTalkFramework.MacinTalkAUSP([osservice<com.apple.accessibility.axassetsd>:86763])>{vt hash: 0}{definition:com.apple.speech.MacinTalkFramework.MacinTalkAUSP[extension][client]}, running-active-NotVisible
2026-09-30 23:13:33.290 A  runningboardd[86757:c35c1e] (RunningBoard) statesForPredicate
2026-09-30 23:13:33.290 Df testmanagerd[88342:c35c14] [com.apple.dt.xctest:Default] Handling kAXPidStatusChangedNotification from AX element pid: 86754, elementOrHash.elementID: 0.0 (0x104628690)
2026-09-30 23:13:33.290 Df testmanagerd[88342:c35c4e] [com.apple.dt.xctest:Default] Calling handler for AX notification kAXPidStatusChangedNotification from AX element pid: 86754, elementOrHash.elementID: 0.0 with payload {
    "display-type" = 0;
    pid = 87667;
    "suspended-status" = resumed;
}
2026-09-30 23:13:33.292 A  storekitd[86997:c36846] (libsystem_containermanager.dylib) container_create_or_lookup_app_group_path_by_app_group_identifier
2026-09-30 23:13:33.292 Df storekitd[86997:c36846] [com.apple.containermanager:unspecified] container_create_or_lookup_app_group_path_by_app_group_identifier: success
2026-09-30 23:13:33.297 E  runningboardd[86757:c35c22] [com.apple.runningboard:process] [xpcservice<com.apple.speech.MacinTalkFramework.MacinTalkAUSP([osservice<com.apple.accessibility.axassetsd>:86763])>{vt hash: 0}{definition:com.apple.speech.MacinTalkFramework.MacinTalkAUSP[extension][client]}:87667] pid_resume() returned error 1: Operation not permitted
2026-09-30 23:13:33.297 Df runningboardd[86757:c35c22] [com.apple.runningboard:process] [xpcservice<com.apple.speech.MacinTalkFramework.MacinTalkAUSP([osservice<com.apple.accessibility.axassetsd>:86763])>{vt hash: 0}{definition:com.apple.speech.MacinTalkFramework.MacinTalkAUSP[extension][client]}:87667] Result 45 setting darwin role to UserInteractiveNonFocal: Operation not supported, falling back to setting priority
2026-09-30 23:13:33.297 Df runningboardd[86757:c35c22] [com.apple.runningboard:ttl] [xpcservice<com.apple.speech.MacinTalkFramework.MacinTalkAUSP([osservice<com.apple.accessibility.axassetsd>:86763])>{vt hash: 0}{definition:com.apple.speech.MacinTalkFramework.MacinTalkAUSP[extension][client]}:87667] Set darwin priority to: PRIO_DEFAULT
2026-09-30 23:13:33.297 E  runningboardd[86757:c35c22] [com.apple.runningboard:process] 87667 Error setting Darwin GPU to "Backgrounds" (3): Operation not permitted
2026-09-30 23:13:33.297 Df axassetsd[86763:c358f8] [com.apple.extensionkit:NSExtension] Aquired asertion <BKSProcessAssertion: 0x1069c5310> for running extension with pid 87667
2026-09-30 23:13:33.297 A  axassetsd[86763:c358f8] (ExtensionFoundation) begin using plugin
2026-09-30 23:13:33.298 A  runningboardd[86757:c35b22] (RunningBoard) acquireAssertionWithDescriptor
2026-09-30 23:13:33.298 A  assistantd[86756:c33d94] (BiomeFoundation) _BMXPCFileManager._fileHandleForFileAtPath:flags:protection:error:
2026-09-30 23:13:33.298 Df runningboardd[86757:c35b22] [com.apple.runningboard:ttl] Acquiring assertion targeting [xpcservice<com.apple.texttospeech.SiriAUSP([osservice<com.apple.accessibility.axassetsd>:86763])>{vt hash: 0}{definition:com.apple.texttospeech.SiriAUSP[extension][client]}:87641] from originator [osservice<com.apple.accessibility.axassetsd>:86763] with description <RBSAssertionDescriptor| "com.apple.extension.session" ID:86757-86763-4985 target:87641 attributes:[
	<RBSLegacyAttribute| requestedReason:ViewService reason:ViewService flags:( AllowIdleSleep PreventTaskSuspend PreventTaskThrottleDown WantsForegroundResourcePriority )>,
	<RBSAcquisitionCompletionAttribute| policy:AfterValidation>
	]>
2026-09-30 23:13:33.298 Df runningboardd[86757:c35b22] [com.apple.runningboard:assertion] Mutating assertion 86757-86763-4985 reason from ViewService to Extension because it targets an xpc service.
2026-09-30 23:13:33.298 Df runningboardd[86757:c35b22] [com.apple.runningboard:ttl] Assertion 86757-86763-4985 (target:[xpcservice<com.apple.texttospeech.SiriAUSP([osservice<com.apple.accessibility.axassetsd>:86763])>{vt hash: 0}{definition:com.apple.texttospeech.SiriAUSP[extension][client]}:87641]) will be created as active
2026-09-30 23:13:33.298 A  runningboardd[86757:c35c1e] (RunningBoard) state update
2026-09-30 23:13:33.298 Df runningboardd[86757:c3683c] [com.apple.runningboard:monitor] Calculated state for xpcservice<com.apple.texttospeech.SiriAUSP([osservice<com.apple.accessibility.axassetsd>:86763])>{vt hash: 0}{definition:com.apple.texttospeech.SiriAUSP[extension][client]}: running-active (role: UserInteractiveNonFocal) (endowments: (null))
2026-09-30 23:13:33.298 Df runningboardd[86757:c35c22] [com.apple.runningboard:ttl] [xpcservice<com.apple.texttospeech.SiriAUSP([osservice<com.apple.accessibility.axassetsd>:86763])>{vt hash: 0}{definition:com.apple.texttospeech.SiriAUSP[extension][client]}:87641] Resuming task.
2026-09-30 23:13:33.298 A  SpringBoard[86754:c35fc3] (RunningBoardServices) observedProcessStatesDidChange
2026-09-30 23:13:33.298 Df SpringBoard[86754:c35fc3] [com.apple.runningboard:monitor] Received state update for 87641 (xpcservice<com.apple.texttospeech.SiriAUSP([osservice<com.apple.accessibility.axassetsd>:86763])>{vt hash: 0}{definition:com.apple.texttospeech.SiriAUSP[extension][client]}, running-active-NotVisible
2026-09-30 23:13:33.298 A  mediaremoted[86761:c34009] (RunningBoardServices) observedProcessStatesDidChange
2026-09-30 23:13:33.298 Df mediaremoted[86761:c34009] [com.apple.runningboard:monitor] Received state update for 87641 (xpcservice<com.apple.texttospeech.SiriAUSP([osservice<com.apple.accessibility.axassetsd>:86763])>{vt hash: 0}{definition:com.apple.texttospeech.SiriAUSP[extension][client]}, running-active-NotVisible
2026-09-30 23:13:33.298 A  runningboardd[86757:c35b22] (RunningBoard) statesForPredicate
2026-09-30 23:13:33.299 Df testmanagerd[88342:c35c14] [com.apple.dt.xctest:Default] Handling kAXPidStatusChangedNotification from AX element pid: 86754, elementOrHash.elementID: 0.0 (0x104628690)
2026-09-30 23:13:33.299 Df testmanagerd[88342:c35c4e] [com.apple.dt.xctest:Default] Calling handler for AX notification kAXPidStatusChangedNotification from AX element pid: 86754, elementOrHash.elementID: 0.0 with payload {
    "display-type" = 0;
    pid = 87641;
    "suspended-status" = resumed;
}
2026-09-30 23:13:33.299 Df promotedcontentd[87402:c3443c] [com.apple.CoreAnalytics:client] No XPC connection in Simulator
2026-09-30 23:13:33.300 Df siriknowledged[87223:c33e9c] [com.apple.SiriAssetUtilities:SAUAssetUtilities] -[SAUAssetUtilitiesService suspend] #settings service suspended
2026-09-30 23:13:33.300 Df fitnesscoachingd[86835:c33c92] [com.apple.FitnessCoaching:default] [5379] SleepObserver::activate
2026-09-30 23:13:33.300 A  fitnesscoachingd[86835:c33c92] (CoreDuetContext) CoreDuet: ClientContext setupXPCConnection:
2026-09-30 23:13:33.301 Df fitnesscoachingd[86835:c33c92] [com.apple.coreduet:context] Setting up XPC connection with com.apple.coreduetd.context
2026-09-30 23:13:33.301 Df siriknowledged[87223:c33e9c] [com.apple.xpc.activity:Client] xpc_activity_register: com.apple.siri.xpc_activity.uaf-post-upgrade, criteria: check-in
2026-09-30 23:13:33.301 Df siriknowledged[87223:c33e9c] [com.apple.xpc.activity:Client] _xpc_activity_register: com.apple.siri.xpc_activity.uaf-post-upgrade (0x101ca5540), 0
2026-09-30 23:13:33.301 Df siriknowledged[87223:c33e9c] [com.apple.xpc.activity:Client] xpc_activity_set_criteria: com.apple.siri.xpc_activity.uaf-post-upgrade (0x101ca5540), check-in
2026-09-30 23:13:33.302 Df siriknowledged[87223:c33e9c] [com.apple.UnifiedAssetFramework:XPCActivity] _RegisterPeriodicUAFSubscriptionActivity XPC: Registering the Periodic UAF Subscription XPC Activity
2026-09-30 23:13:33.302 Df siriknowledged[87223:c33e9c] [com.apple.xpc.activity:Client] xpc_activity_register: com.apple.siri.xpc_activity.uaf-subscription-maintenance, criteria: check-in
2026-09-30 23:13:33.302 Df siriknowledged[87223:c33e9c] [com.apple.xpc.activity:Client] _xpc_activity_register: com.apple.siri.xpc_activity.uaf-subscription-maintenance (0x101ca5720), 0
2026-09-30 23:13:33.302 Df siriknowledged[87223:c33e9c] [com.apple.xpc.activity:Client] xpc_activity_set_criteria: com.apple.siri.xpc_activity.uaf-subscription-maintenance (0x101ca5720), check-in
2026-09-30 23:13:33.302 E  runningboardd[86757:c35c22] [com.apple.runningboard:process] [xpcservice<com.apple.texttospeech.SiriAUSP([osservice<com.apple.accessibility.axassetsd>:86763])>{vt hash: 0}{definition:com.apple.texttospeech.SiriAUSP[extension][client]}:87641] pid_resume() returned error 1: Operation not permitted
2026-09-30 23:13:33.302 Df runningboardd[86757:c35c22] [com.apple.runningboard:process] [xpcservice<com.apple.texttospeech.SiriAUSP([osservice<com.apple.accessibility.axassetsd>:86763])>{vt hash: 0}{definition:com.apple.texttospeech.SiriAUSP[extension][client]}:87641] Result 45 setting darwin role to UserInteractiveNonFocal: Operation not supported, falling back to setting priority
2026-09-30 23:13:33.302 Df runningboardd[86757:c35c22] [com.apple.runningboard:ttl] [xpcservice<com.apple.texttospeech.SiriAUSP([osservice<com.apple.accessibility.axassetsd>:86763])>{vt hash: 0}{definition:com.apple.texttospeech.SiriAUSP[extension][client]}:87641] Set darwin priority to: PRIO_DEFAULT
2026-09-30 23:13:33.302 E  runningboardd[86757:c35c22] [com.apple.runningboard:process] 87641 Error setting Darwin GPU to "Backgrounds" (3): Operation not permitted
2026-09-30 23:13:33.302 Df axassetsd[86763:c358f8] [com.apple.extensionkit:NSExtension] Aquired asertion <BKSProcessAssertion: 0x1069c5900> for running extension with pid 87641
2026-09-30 23:13:33.302 A  axassetsd[86763:c358f8] (ExtensionFoundation) begin using plugin
2026-09-30 23:13:33.303 A  runningboardd[86757:c35c1e] (RunningBoard) acquireAssertionWithDescriptor
2026-09-30 23:13:33.303 Df triald[86830:c3386b] [com.apple.triald:_] Covariate fetch connection to TrialArchivingService was invalidated.
2026-09-30 23:13:33.303 Df runningboardd[86757:c35c1e] [com.apple.runningboard:ttl] Acquiring assertion targeting [xpcservice<com.apple.ax.MauiTTSSupport.MauiAUSP([osservice<com.apple.accessibility.axassetsd>:86763])>{vt hash: 0}{definition:com.apple.ax.MauiTTSSupport.MauiAUSP[extension][client]}:87645] from originator [osservice<com.apple.accessibility.axassetsd>:86763] with description <RBSAssertionDescriptor| "com.apple.extension.session" ID:86757-86763-4986 target:87645 attributes:[
	<RBSLegacyAttribute| requestedReason:ViewService reason:ViewService flags:( AllowIdleSleep PreventTaskSuspend PreventTaskThrottleDown WantsForegroundResourcePriority )>,
	<RBSAcquisitionCompletionAttribute| policy:AfterValidation>
	]>
2026-09-30 23:13:33.303 Df runningboardd[86757:c35c1e] [com.apple.runningboard:assertion] Mutating assertion 86757-86763-4986 reason from ViewService to Extension because it targets an xpc service.
2026-09-30 23:13:33.303 Df runningboardd[86757:c35c1e] [com.apple.runningboard:ttl] Assertion 86757-86763-4986 (target:[xpcservice<com.apple.ax.MauiTTSSupport.MauiAUSP([osservice<com.apple.accessibility.axassetsd>:86763])>{vt hash: 0}{definition:com.apple.ax.MauiTTSSupport.MauiAUSP[extension][client]}:87645]) will be created as active
2026-09-30 23:13:33.303 A  runningboardd[86757:c35c1e] (RunningBoard) state update
2026-09-30 23:13:33.303 Df runningboardd[86757:c35c1e] [com.apple.runningboard:monitor] Calculated state for xpcservice<com.apple.ax.MauiTTSSupport.MauiAUSP([osservice<com.apple.accessibility.axassetsd>:86763])>{vt hash: 0}{definition:com.apple.ax.MauiTTSSupport.MauiAUSP[extension][client]}: running-active (role: UserInteractiveNonFocal) (endowments: (null))
2026-09-30 23:13:33.303 Df runningboardd[86757:c3683c] [com.apple.runningboard:ttl] [xpcservice<com.apple.ax.MauiTTSSupport.MauiAUSP([osservice<com.apple.accessibility.axassetsd>:86763])>{vt hash: 0}{definition:com.apple.ax.MauiTTSSupport.MauiAUSP[extension][client]}:87645] Resuming task.
2026-09-30 23:13:33.303 A  SpringBoard[86754:c35fa3] (RunningBoardServices) observedProcessStatesDidChange
2026-09-30 23:13:33.303 Df SpringBoard[86754:c35fa3] [com.apple.runningboard:monitor] Received state update for 87645 (xpcservice<com.apple.ax.MauiTTSSupport.MauiAUSP([osservice<com.apple.accessibility.axassetsd>:86763])>{vt hash: 0}{definition:com.apple.ax.MauiTTSSupport.MauiAUSP[extension][client]}, running-active-NotVisible
2026-09-30 23:13:33.303 A  mediaremoted[86761:c3400c] (RunningBoardServices) observedProcessStatesDidChange
2026-09-30 23:13:33.303 A  runningboardd[86757:c3451d] (RunningBoard) statesForPredicate
2026-09-30 23:13:33.303 Df mediaremoted[86761:c3400c] [com.apple.runningboard:monitor] Received state update for 87645 (xpcservice<com.apple.ax.MauiTTSSupport.MauiAUSP([osservice<com.apple.accessibility.axassetsd>:86763])>{vt hash: 0}{definition:com.apple.ax.MauiTTSSupport.MauiAUSP[extension][client]}, running-active-NotVisible
2026-09-30 23:13:33.304 Df testmanagerd[88342:c35c14] [com.apple.dt.xctest:Default] Handling kAXPidStatusChangedNotification from AX element pid: 86754, elementOrHash.elementID: 0.0 (0x104628690)
2026-09-30 23:13:33.304 Df testmanagerd[88342:c35c4e] [com.apple.dt.xctest:Default] Calling handler for AX notification kAXPidStatusChangedNotification from AX element pid: 86754, elementOrHash.elementID: 0.0 with payload {
    "display-type" = 0;
    pid = 87645;
    "suspended-status" = resumed;
}
2026-09-30 23:13:33.309 E  runningboardd[86757:c3683c] [com.apple.runningboard:process] [xpcservice<com.apple.ax.MauiTTSSupport.MauiAUSP([osservice<com.apple.accessibility.axassetsd>:86763])>{vt hash: 0}{definition:com.apple.ax.MauiTTSSupport.MauiAUSP[extension][client]}:87645] pid_resume() returned error 1: Operation not permitted
2026-09-30 23:13:33.309 Df runningboardd[86757:c3683c] [com.apple.runningboard:process] [xpcservice<com.apple.ax.MauiTTSSupport.MauiAUSP([osservice<com.apple.accessibility.axassetsd>:86763])>{vt hash: 0}{definition:com.apple.ax.MauiTTSSupport.MauiAUSP[extension][client]}:87645] Result 45 setting darwin role to UserInteractiveNonFocal: Operation not supported, falling back to setting priority
2026-09-30 23:13:33.309 Df runningboardd[86757:c3683c] [com.apple.runningboard:ttl] [xpcservice<com.apple.ax.MauiTTSSupport.MauiAUSP([osservice<com.apple.accessibility.axassetsd>:86763])>{vt hash: 0}{definition:com.apple.ax.MauiTTSSupport.MauiAUSP[extension][client]}:87645] Set darwin priority to: PRIO_DEFAULT
2026-09-30 23:13:33.309 E  runningboardd[86757:c3683c] [com.apple.runningboard:process] 87645 Error setting Darwin GPU to "Backgrounds" (3): Operation not permitted
2026-09-30 23:13:33.309 Df axassetsd[86763:c358f8] [com.apple.extensionkit:NSExtension] Aquired asertion <BKSProcessAssertion: 0x1069c6e90> for running extension with pid 87645
2026-09-30 23:13:33.309 A  axassetsd[86763:c358f8] (ExtensionFoundation) begin using plugin
2026-09-30 23:13:33.310 A  runningboardd[86757:c35b22] (RunningBoard) acquireAssertionWithDescriptor
2026-09-30 23:13:33.310 Df runningboardd[86757:c35b22] [com.apple.runningboard:ttl] Acquiring assertion targeting [xpcservice<com.apple.ax.MauiTTSSupport.MauiAUSP([osservice<com.apple.accessibility.axassetsd>:86763])>{vt hash: 0}{definition:com.apple.ax.MauiTTSSupport.MauiAUSP[extension][client]}:87645] from originator [osservice<com.apple.accessibility.axassetsd>:86763] with description <RBSAssertionDescriptor| "com.apple.extension.session" ID:86757-86763-4987 target:87645 attributes:[
	<RBSLegacyAttribute| requestedReason:ViewService reason:ViewService flags:( AllowIdleSleep PreventTaskSuspend PreventTaskThrottleDown WantsForegroundResourcePriority )>,
	<RBSAcquisitionCompletionAttribute| policy:AfterValidation>
	]>
2026-09-30 23:13:33.310 Df runningboardd[86757:c35b22] [com.apple.runningboard:assertion] Mutating assertion 86757-86763-4987 reason from ViewService to Extension because it targets an xpc service.
2026-09-30 23:13:33.310 Df runningboardd[86757:c35b22] [com.apple.runningboard:ttl] Assertion 86757-86763-4987 (target:[xpcservice<com.apple.ax.MauiTTSSupport.MauiAUSP([osservice<com.apple.accessibility.axassetsd>:86763])>{vt hash: 0}{definition:com.apple.ax.MauiTTSSupport.MauiAUSP[extension][client]}:87645]) will be created as active
2026-09-30 23:13:33.310 A  runningboardd[86757:c3683c] (RunningBoard) state update
2026-09-30 23:13:33.310 Df axassetsd[86763:c358f8] [com.apple.extensionkit:NSExtension] Aquired asertion <BKSProcessAssertion: 0x1069c7110> for running extension with pid 87645
2026-09-30 23:13:33.310 A  axassetsd[86763:c358f8] (ExtensionFoundation) begin using plugin
2026-09-30 23:13:33.310 Df calaccessd[87241:c34517] [com.apple.FrontBoard:Common] [FBSSystemService][0xad67] Request successful: <BSProcessHandle: 0x1026e3c90; MobileCal:88807; valid: YES>
2026-09-30 23:13:33.310 Df searchd[86947:c341ae] [com.apple.spotlightindex:SDB] Write cache 0x101a78000: slot 3 page changed from 0x101580000 to 0x0 after flush — clearing stale mprotect guard
2026-09-30 23:13:33.310 A  runningboardd[86757:c35c22] (RunningBoard) acquireAssertionWithDescriptor
2026-09-30 23:13:33.310 Df runningboardd[86757:c35c22] [com.apple.runningboard:ttl] Acquiring assertion targeting [xpcservice<com.apple.speech.MacinTalkFramework.MacinTalkAUSP([osservice<com.apple.accessibility.axassetsd>:86763])>{vt hash: 0}{definition:com.apple.speech.MacinTalkFramework.MacinTalkAUSP[extension][client]}:87667] from originator [osservice<com.apple.accessibility.axassetsd>:86763] with description <RBSAssertionDescriptor| "com.apple.extension.session" ID:86757-86763-4988 target:87667 attributes:[
	<RBSLegacyAttribute| requestedReason:ViewService reason:ViewService flags:( AllowIdleSleep PreventTaskSuspend PreventTaskThrottleDown WantsForegroundResourcePriority )>,
	<RBSAcquisitionCompletionAttribute| policy:AfterValidation>
	]>
2026-09-30 23:13:33.310 Df runningboardd[86757:c35c22] [com.apple.runningboard:assertion] Mutating assertion 86757-86763-4988 reason from ViewService to Extension because it targets an xpc service.
2026-09-30 23:13:33.310 Df runningboardd[86757:c35c22] [com.apple.runningboard:ttl] Assertion 86757-86763-4988 (target:[xpcservice<com.apple.speech.MacinTalkFramework.MacinTalkAUSP([osservice<com.apple.accessibility.axassetsd>:86763])>{vt hash: 0}{definition:com.apple.speech.MacinTalkFramework.MacinTalkAUSP[extension][client]}:87667]) will be created as active
2026-09-30 23:13:33.310 A  runningboardd[86757:c35b22] (RunningBoard) state update
2026-09-30 23:13:33.311 Df axassetsd[86763:c358f8] [com.apple.extensionkit:NSExtension] Aquired asertion <BKSProcessAssertion: 0x1069c5630> for running extension with pid 87667
2026-09-30 23:13:33.311 A  axassetsd[86763:c358f8] (ExtensionFoundation) begin using plugin
2026-09-30 23:13:33.311 A  runningboardd[86757:c3683c] (RunningBoard) acquireAssertionWithDescriptor
2026-09-30 23:13:33.311 Df runningboardd[86757:c3683c] [com.apple.runningboard:ttl] Acquiring assertion targeting [xpcservice<com.apple.texttospeech.SiriAUSP([osservice<com.apple.accessibility.axassetsd>:86763])>{vt hash: 0}{definition:com.apple.texttospeech.SiriAUSP[extension][client]}:87641] from originator [osservice<com.apple.accessibility.axassetsd>:86763] with description <RBSAssertionDescriptor| "com.apple.extension.session" ID:86757-86763-4989 target:87641 attributes:[
	<RBSLegacyAttribute| requestedReason:ViewService reason:ViewService flags:( AllowIdleSleep PreventTaskSuspend PreventTaskThrottleDown WantsForegroundResourcePriority )>,
	<RBSAcquisitionCompletionAttribute| policy:AfterValidation>
	]>
2026-09-30 23:13:33.311 Df runningboardd[86757:c3683c] [com.apple.runningboard:assertion] Mutating assertion 86757-86763-4989 reason from ViewService to Extension because it targets an xpc service.
2026-09-30 23:13:33.311 Df runningboardd[86757:c3683c] [com.apple.runningboard:ttl] Assertion 86757-86763-4989 (target:[xpcservice<com.apple.texttospeech.SiriAUSP([osservice<com.apple.accessibility.axassetsd>:86763])>{vt hash: 0}{definition:com.apple.texttospeech.SiriAUSP[extension][client]}:87641]) will be created as active
2026-09-30 23:13:33.311 A  runningboardd[86757:c35b22] (RunningBoard) state update
2026-09-30 23:13:33.311 Df axassetsd[86763:c358f8] [com.apple.extensionkit:NSExtension] Aquired asertion <BKSProcessAssertion: 0x1069c7200> for running extension with pid 87641
2026-09-30 23:13:33.312 Df axassetsd[86763:c358f8] [com.apple.PlugInKit:lifecycle] [u 63D70AFA-FC0C-4585-83F7-EF3426163F87:m (null)] [com.apple.speech.MacinTalkFramework.MacinTalkAUSP(1.0)] Ready plugins sent as euid = 502, uid = 502, (persona not available)
2026-09-30 23:13:33.313 E  cfprefsd[86798:c335ba] [com.apple.defaults:cfprefsd] Couldn't open /Library/Managed Preferences/mobile/com.apple.accessibility.axassetsd.plist due to No such file or directory
2026-09-30 23:13:33.313 E  cfprefsd[86798:c335ba] [com.apple.defaults:cfprefsd] Couldn't open /Library/Managed Preferences/com.apple.accessibility.axassetsd.plist due to No such file or directory
2026-09-30 23:13:33.313 E  cfprefsd[86798:c335ba] [com.apple.defaults:cfprefsd] Couldn't open /Users/tarunyadgirkar/Library/Developer/CoreSimulator/Devices/CF361191-F960-4212-9B76-7C41256A11C9/data/Library/Preferences/com.apple.accessibility.axassetsd.plist due to No such file or directory
2026-09-30 23:13:33.313 Df fitcored[86987:c35f5d] [com.apple.Seymour:database] [unlink] after-remove store=seymour_c db=1552384 wal=0 shm=32768
2026-09-30 23:13:33.314 E  cfprefsd[86798:c335ba] [com.apple.defaults:cfprefsd] Couldn't open /Users/tarunyadgirkar/Library/Developer/CoreSimulator/Devices/CF361191-F960-4212-9B76-7C41256A11C9/data/Library/Preferences/com.apple.accessibility.axassetsd.plist due to No such file or directory
2026-09-30 23:13:33.314 E  cfprefsd[86798:c335ba] [com.apple.defaults:cfprefsd] Couldn't open /Users/tarunyadgirkar/Library/Developer/CoreSimulator/Devices/CF361191-F960-4212-9B76-7C41256A11C9/data/Library/Preferences/ByHost/com.apple.accessibility.axassetsd..plist due to No such file or directory
2026-09-30 23:13:33.314 Df pkd[86982:c35903] [com.apple.PlugInKit:lifecycle] Ready plugins received as euid = 502, uid = 502, (persona not available)
2026-09-30 23:13:33.314 Df axassetsd[86763:c358f8] [com.apple.PlugInKit:lifecycle] [u 89B49AE2-8C0D-4EF9-80E2-D94710A99F83:m (null)] [com.apple.ax.MauiTTSSupport.MauiAUSP(1.0)] Ready plugins sent as euid = 502, uid = 502, (persona not available)
2026-09-30 23:13:33.314 Df pkd[86982:c35903] [com.apple.PlugInKit:lifecycle] [u 63D70AFA-FC0C-4585-83F7-EF3426163F87] [com.apple.speech.MacinTalkFramework.MacinTalkAUSP(1.0)] will be managed by runningboard
2026-09-30 23:13:33.315 Df pkd[86982:c35903] [com.apple.PlugInKit:lifecycle] [u 63D70AFA-FC0C-4585-83F7-EF3426163F87] [com.apple.speech.MacinTalkFramework.MacinTalkAUSP(1.0)] Allowing host pid 86763 to use plugin [/private/var/run/com.apple.security.cryptexd/mnt/com.apple.iPhoneOS.SimulatorRuntime-v24.1.434.0.GOjTIm/Library/Developer/CoreSimulator/Profiles/Runtimes/iOS 27.0.simruntime/Contents/Resources/RuntimeRoot/System/Library/ExtensionKit/Extensions/MacinTalkAUSP.appex]
2026-09-30 23:13:33.315 Df axassetsd[86763:c358f8] [com.apple.PlugInKit:lifecycle] [u F4BF39B8-47AA-446E-8A8F-EB3685A3D146:m (null)] [com.apple.texttospeech.SiriAUSP(1.0)] Ready plugins sent as euid = 502, uid = 502, (persona not available)
2026-09-30 23:13:33.315 Df runningboardd[86757:c35c22] [com.apple.runningboard:message] PERF: Received lookupHandleForPredicate request from [osservice<com.apple.pluginkit.pkd>:86982] (euid 502, auid 502) (persona (null))
2026-09-30 23:13:33.315 A  runningboardd[86757:c35c22] (RunningBoard) lookupHandleForPredicate
2026-09-30 23:13:33.316 A  runningboardd[86757:c35c22] (RunningBoard) executeLaunchRequest
2026-09-30 23:13:33.316 Df runningboardd[86757:c35c22] [com.apple.runningboard:ttl] Executing launch request for xpcservice<com.apple.speech.MacinTalkFramework.MacinTalkAUSP([osservice<com.apple.accessibility.axassetsd>:86763])>{vt hash: 0}{definition:com.apple.speech.MacinTalkFramework.MacinTalkAUSP[extension][client]} (Launching extension com.apple.speech.MacinTalkFramework.MacinTalkAUSP(63D70AFA-FC0C-4585-83F7-EF3426163F87) for host 86763) from requestor: [osservice<com.apple.pluginkit.pkd>:86982]
2026-09-30 23:13:33.316 Df runningboardd[86757:c35c22] [com.apple.runningboard:process] Checking PreventLaunch: global:0 exPath:(null) predicates:(null) allow:(null)
2026-09-30 23:13:33.316 Df runningboardd[86757:c35c22] [com.apple.runningboard:job] Creating and launching job for: xpcservice<com.apple.speech.MacinTalkFramework.MacinTalkAUSP([osservice<com.apple.accessibility.axassetsd>:86763])>{vt hash: 0}{definition:com.apple.speech.MacinTalkFramework.MacinTalkAUSP[extension][client]}
2026-09-30 23:13:33.316 A  runningboardd[86757:c35c22] (libsystem_containermanager.dylib) container_query_t
2026-09-30 23:13:33.316 Df companionappd[88268:c360b6] [com.apple.xpc:connection] [0x1034fc500] activating connection: mach=true listener=false peer=false name=com.apple.identityservicesd.desktop.auth
2026-09-30 23:13:33.316 Df runningboardd[86757:c35c22] [com.apple.containermanager:query] Query; personaid = 4294967295, type = NOPERSONA, name = <unknown>, origin [pid = 0, personaid = 0], proximate [pid = 0, personaid = 0], euid = 502, uid = 502, class = 4, identifier = [com.apple.speech.MacinTalkFramework.MacinTalkAUSP](1), gidentifier = [(null)](0), flags = 100000003
2026-09-30 23:13:33.316 Df launchd_sim[86751:c363b1] [user/502:] failed lookup: name = com.apple.identityservicesd.desktop.auth, requestor = companionappd[88268], error = 3: No such process
2026-09-30 23:13:33.316 Df containermanagerd[86809:c336c9] [com.apple.xpc:connection] [0x1038f1040] activating connection: mach=false listener=false peer=true name=com.apple.containermanagerd.peer[86757].0x1038f1040
2026-09-30 23:13:33.316 E  containermanagerd[86809:c336c9] [com.apple.containermanager:persona] XPC message has no proximate persona
2026-09-30 23:13:33.316 Df containermanagerd[86809:c336c9] [com.apple.containermanager:query] Selected query plan; plan = <MCMCommandQueryPlanWithIdentities; identities = [<MCMContainerIdentity: 0x103869a80; userIdentity = <502/20/502/2/502>, identifier = com.apple.speech.MacinTalkFramework.MacinTalkAUSP, class = (4)pluginData, platform = 7, ownership = {502:20:u+rwx,g+rx,o+rx}, transient = 0>]>
2026-09-30 23:13:33.316 E  videosubscriptionsd[88516:c35ff7] [com.apple.coredata:error] CoreData: error: userInfo:
2026-09-30 23:13:33.316 E  videosubscriptionsd[88516:c35ff7] [com.apple.coredata:error] CoreData: error: 	reason : Failed to create file; code = 2
2026-09-30 23:13:33.316 E  videosubscriptionsd[88516:c35ff7] [com.apple.coredata:error] CoreData: error: storeType: SQLite
2026-09-30 23:13:33.316 E  videosubscriptionsd[88516:c35ff7] [com.apple.coredata:error] CoreData: error: configuration: (null)
2026-09-30 23:13:33.316 E  videosubscriptionsd[88516:c35ff7] [com.apple.coredata:error] CoreData: error: URL: file:///Users/tarunyadgirkar/Library/Developer/CoreSimulator/Devices/CF361191-F960-4212-9B76-7C41256A11C9/data/Library/Application%20Support/videosubscriptionsd/VSUserAccounts.sqlite
2026-09-30 23:13:33.317 Df videosubscriptionsd[88516:c35ff7] [com.apple.coredata:annotation] CoreData: annotation: options:
2026-09-30 23:13:33.317 Df runningboardd[86757:c3683c] [com.apple.runningboard:job_oversize] '(null)' Submitting extension overlay (host PID 86763, path /private/var/run/com.apple.security.cryptexd/mnt/com.apple.iPhoneOS.SimulatorRuntime-v24.1.434.0.GOjTIm/Library/Developer/CoreSimulator/Profiles/Runtimes/iOS 27.0.simruntime/Contents/Resources/RuntimeRoot/System/Library/ExtensionKit/Extensions/MacinTalkAUSP.appex/MacinTalkAUSP):
<dictionary: 0x105b1ba20> { count = 3, transaction: 0, voucher = 0x0, contents =
	"XPCService" => <dictionary: 0x105b1ac40> { count = 11, transaction: 0, voucher = 0x0, contents =
		"_ManagedBy" => <string: 0x105b08b40> { string cache = 0x0, length = 22, contents = "com.apple.runningboard" }
		"Platform" => <int64: 0xbb83ceba9d17ce27>: 7
		"RunLoopType" => <string: 0x105b08d20> { string cache = 0x0, length = 9, contents = "NSRunLoop" }
		"_SandboxProfile" => <string: 0x105b08510> { string cache = 0x0, length = 8, contents = "keyboard" }
		"_AdditionalSubServices" => <dictionary: 0x105b1abe0> { count = 1, transaction: 0, voucher = 0x0, contents =
			"apple-extension-service" => <bool: 0x222423a70>: true
		}
		"EnvironmentVariables" => <dictionary: 0x105b18c60> { count = 3, transaction: 0, voucher = 0x0, contents =
			"TMPDIR" => <string: 0x105b09110> { string cache = 0x0, length = 176, contents = "/Users/tarunyadgirkar/Library/Developer/CoreSimulator/Devices/CF361191-F960-4212-9B76-7C41256A11C9/data/Containers/Data/PluginKitPlugin/058E5013-A633-481B-A526-C0FF072A13A1/tmp" }
			"HOME" => <string: 0x105b0bcf0> { string cache = 0x0, length = 172, contents = "/Users/tarunyadgirkar/Library/Developer/CoreSimulator/Devices/CF361191-F960-4212-9B76-7C41256A11C9/data/Containers/Data/PluginKitPlugin/058E5013-A633-481B-A526-C0FF072A13A1" }
			"CFFIXED_USER_HOME" => <string: 0x105b0b120> { string cache = 0x0, length = 172, contents = "/Users/tarunyadgirkar/Library/Developer/CoreSimulator/Devices/CF361191-F960-4212-9B76-7C41256A11C9/data/Containers/Data/PluginKitPlugin/058E5013-A633-481B-A526-C0FF072A13A1" }
		}
		"_AdditionalProperties" => <dictionary: 0x105b18d80> { count = 1, transaction: 0, voucher = 0x0, contents =
			"RunningBoard" => <dictionary: 0x105b1af40> { count = 2, transaction: 0, voucher = 0x0, contents =
				"RunningBoardLaunchedIdentity" => <dictionary: 0x105b1ab20> { count = 5, transaction: 0, voucher = 0x0, contents =
					"TYPE" => <int64: 0xbb83ceba9d17ce3f>: 4
					"h" => <int64: 0xbb83ceba9d1d5947>: 86763
					"i" => <string: 0x105b0a2b0> { string cache = 0x0, length = 49, contents = "com.apple.speech.MacinTalkFramework.MacinTalkAUSP" }
					"r" => <int64: 0xbb83ceba9d17ce0f>: 2
					"H" => <dictionary: 0x105b18de0> { count = 4, transaction: 0, voucher = 0x0, contents =
						"l" => <string: 0x105b0b690> { string cache = 0x0, length = 33, contents = "com.apple.accessibility.axassetsd" }
						"t" => <int64: 0xbb83ceba9d17ce0f>: 2
						"TYPE" => <int64: 0xbb83ceba9d17ce2f>: 6
						"p" => <int64: 0xbb83ceba9d17ce1f>: 0
					}
				}
				"RunningBoardLaunched" => <bool: 0x222423a70>: true
			}
		}
		"_OmitSandboxParameters" => <bool: 0x222423a70>: true
		"ServiceType" => <string: 0x105b0a640> { string cache = 0x0, length = 11, contents = "Application" }
		"_SandboxContainer" => <string: 0x105b09620> { string cache = 0x0, length = 172, contents = "/Users/tarunyadgirkar/Library/Developer/CoreSimulator/Devices/CF361191-F960-4212-9B76-7C41256A11C9/data/Containers/Data/PluginKitPlugin/058E5013-A633-481B-A526-C0FF072A13A1" }
		"ProgramArguments" => <array: 0x105b0ae80> { count = 3, capacity = 10, contents =
			0: <string: 0x105b0a280> { string cache = 0x0, length = 277, contents = "/private/var/run/com.apple.security.cryptexd/mnt/com.apple.iPhoneOS.SimulatorRuntime-v24.1.434.0.GOjTIm/Library/Developer/CoreSimulator/Profiles/Runtimes/iOS 27.0.simruntime/Contents/Resources/RuntimeRoot/System/Library/ExtensionKit/Extensions/MacinTalkAUSP.appex/MacinTalkAUSP" }
			1: <string: 0x105b08f30> { string cache = 0x0, length = 15, contents = "-AppleLanguages" }
			2: <string: 0x105b08780> { string cache = 0x0, length = 9, contents = "("en-US")" }
		}
	}
	"RunningBoard" => <dictionary: 0x105b1bd20> { count = 1, transaction: 0, voucher = 0x0, contents =
		"Managed" => <bool: 0x222423a70>: true
	}
	"CFBundlePackageType" => <string: 0x105b08210> { string cache = 0x0, length = 4, contents = "XPC!" }
}
2026-09-30 23:13:33.317 Df videosubscriptionsd[88516:c35ff7] [com.apple.coredata:annotation] CoreData: annotation: 	NSMigratePersistentStoresAutomaticallyOption : 1
2026-09-30 23:13:33.317 Df runningboardd[86757:c35c22] [com.apple.libxpc.OSLaunchdJob:all] <OSLaunchdJob | handle=509414A3-7A3D-46F2-8860-4D82B1FAC4A5>: submitExtension created a job
2026-09-30 23:13:33.317 Df videosubscriptionsd[88516:c35ff7] [com.apple.coredata:annotation] CoreData: annotation: 	NSPersistentStoreMirroringOptionsKey : {
    NSPersistentStoreMirroringDelegateOptionKey = "<NSCloudKitMirroringDelegate: 0x102ef1040>";
}
2026-09-30 23:13:33.317 Df videosubscriptionsd[88516:c35ff7] [com.apple.coredata:annotation] CoreData: annotation: 	NSInferMappingModelAutomaticallyOption : 1
2026-09-30 23:13:33.317 Df runningboardd[86757:c35c22] [com.apple.libxpc.OSLaunchdJob:all] <OSLaunchdJob | handle=509414A3-7A3D-46F2-8860-4D82B1FAC4A5>: start succeeded, info=running, pid=87667
2026-09-30 23:13:33.318 A  suggestd[86989:c34392] (TCC) TCCAccessCopyBundleIdentifiersDisabledForService() IPC
2026-09-30 23:13:33.318 Df pkd[86982:c35903] [com.apple.PlugInKit:lifecycle] Ready plugins received as euid = 502, uid = 502, (persona not available)
2026-09-30 23:13:33.318 Df pkd[86982:c35903] [com.apple.PlugInKit:lifecycle] [u 89B49AE2-8C0D-4EF9-80E2-D94710A99F83] [com.apple.ax.MauiTTSSupport.MauiAUSP(1.0)] will be managed by runningboard
2026-09-30 23:13:33.319 Df pkd[86982:c35903] [com.apple.PlugInKit:lifecycle] [u 89B49AE2-8C0D-4EF9-80E2-D94710A99F83] [com.apple.ax.MauiTTSSupport.MauiAUSP(1.0)] Allowing host pid 86763 to use plugin [/private/var/run/com.apple.security.cryptexd/mnt/com.apple.iPhoneOS.SimulatorRuntime-v24.1.434.0.GOjTIm/Library/Developer/CoreSimulator/Profiles/Runtimes/iOS 27.0.simruntime/Contents/Resources/RuntimeRoot/System/Library/ExtensionKit/Extensions/MauiAUSP.appex]
2026-09-30 23:13:33.320 A  runningboardd[86757:c35c22] (RunningBoard) executeLaunchRequest
2026-09-30 23:13:33.320 Df runningboardd[86757:c35c22] [com.apple.runningboard:ttl] Executing launch request for xpcservice<com.apple.ax.MauiTTSSupport.MauiAUSP([osservice<com.apple.accessibility.axassetsd>:86763])>{vt hash: 0}{definition:com.apple.ax.MauiTTSSupport.MauiAUSP[extension][client]} (Launching extension com.apple.ax.MauiTTSSupport.MauiAUSP(89B49AE2-8C0D-4EF9-80E2-D94710A99F83) for host 86763) from requestor: [osservice<com.apple.pluginkit.pkd>:86982]
2026-09-30 23:13:33.320 Df runningboardd[86757:c35c22] [com.apple.runningboard:process] Checking PreventLaunch: global:0 exPath:(null) predicates:(null) allow:(null)
2026-09-30 23:13:33.320 Df runningboardd[86757:c35c22] [com.apple.runningboard:job] Creating and launching job for: xpcservice<com.apple.ax.MauiTTSSupport.MauiAUSP([osservice<com.apple.accessibility.axassetsd>:86763])>{vt hash: 0}{definition:com.apple.ax.MauiTTSSupport.MauiAUSP[extension][client]}
2026-09-30 23:13:33.320 A  runningboardd[86757:c35c22] (libsystem_containermanager.dylib) container_query_t
2026-09-30 23:13:33.320 Df runningboardd[86757:c35c22] [com.apple.containermanager:query] Query; personaid = 4294967295, type = NOPERSONA, name = <unknown>, origin [pid = 0, personaid = 0], proximate [pid = 0, personaid = 0], euid = 502, uid = 502, class = 4, identifier = [com.apple.ax.MauiTTSSupport.MauiAUSP](1), gidentifier = [(null)](0), flags = 100000003
2026-09-30 23:13:33.320 E  containermanagerd[86809:c336c9] [com.apple.containermanager:persona] XPC message has no proximate persona
2026-09-30 23:13:33.320 Df containermanagerd[86809:c336c9] [com.apple.containermanager:query] Selected query plan; plan = <MCMCommandQueryPlanWithIdentities; identities = [<MCMContainerIdentity: 0x103869a80; userIdentity = <502/20/502/2/502>, identifier = com.apple.ax.MauiTTSSupport.MauiAUSP, class = (4)pluginData, platform = 7, ownership = {502:20:u+rwx,g+rx,o+rx}, transient = 0>]>
2026-09-30 23:13:33.321 Df runningboardd[86757:c3683c] [com.apple.runningboard:job_oversize] '(null)' Submitting extension overlay (host PID 86763, path /private/var/run/com.apple.security.cryptexd/mnt/com.apple.iPhoneOS.SimulatorRuntime-v24.1.434.0.GOjTIm/Library/Developer/CoreSimulator/Profiles/Runtimes/iOS 27.0.simruntime/Contents/Resources/RuntimeRoot/System/Library/ExtensionKit/Extensions/MauiAUSP.appex/MauiAUSP):
<dictionary: 0x105b1ac40> { count = 3, transaction: 0, voucher = 0x0, contents =
	"XPCService" => <dictionary: 0x105b1af40> { count = 11, transaction: 0, voucher = 0x0, contents =
		"_ManagedBy" => <string: 0x105b09620> { string cache = 0x0, length = 22, contents = "com.apple.runningboard" }
		"Platform" => <int64: 0xbb83ceba9d17ce27>: 7
		"RunLoopType" => <string: 0x105b0a2b0> { string cache = 0x0, length = 9, contents = "NSRunLoop" }
		"_SandboxProfile" => <string: 0x105b08780> { string cache = 0x0, length = 8, contents = "keyboard" }
		"_AdditionalSubServices" => <dictionary: 0x105b1bd20> { count = 1, transaction: 0, voucher = 0x0, contents =
			"apple-extension-service" => <bool: 0x222423a70>: true
		}
		"EnvironmentVariables" => <dictionary: 0x105b19620> { count = 3, transaction: 0, voucher = 0x0, contents =
			"TMPDIR" => <string: 0x105b0b870> { string cache = 0x0, length = 176, contents = "/Users/tarunyadgirkar/Library/Developer/CoreSimulator/Devices/CF361191-F960-4212-9B76-7C41256A11C9/data/Containers/Data/PluginKitPlugin/7A74B367-C0FC-40A4-B21F-DD67231DAC81/tmp" }
			"HOME" => <string: 0x105b08ff0> { string cache = 0x0, length = 172, contents = "/Users/tarunyadgirkar/Library/Developer/CoreSimulator/Devices/CF361191-F960-4212-9B76-7C41256A11C9/data/Containers/Data/PluginKitPlugin/7A74B367-C0FC-40A4-B21F-DD67231DAC81" }
			"CFFIXED_USER_HOME" => <string: 0x105b091d0> { string cache = 0x0, length = 172, contents = "/Users/tarunyadgirkar/Library/Developer/CoreSimulator/Devices/CF361191-F960-4212-9B76-7C41256A11C9/data/Containers/Data/PluginKitPlugin/7A74B367-C0FC-40A4-B21F-DD67231DAC81" }
		}
		"_AdditionalProperties" => <dictionary: 0x105b1ab20> { count = 1, transaction: 0, voucher = 0x0, contents =
			"RunningBoard" => <dictionary: 0x105b1ba20> { count = 2, transaction: 0, voucher = 0x0, contents =
				"RunningBoardLaunchedIdentity" => <dictionary: 0x105b18de0> { count = 5, transaction: 0, voucher = 0x0, contents =
					"TYPE" => <int64: 0xbb83ceba9d17ce3f>: 4
					"h" => <int64: 0xbb83ceba9d1d5947>: 86763
					"i" => <string: 0x105b08f30> { string cache = 0x0, length = 36, contents = "com.apple.ax.MauiTTSSupport.MauiAUSP" }
					"r" => <int64: 0xbb83ceba9d17ce0f>: 2
					"H" => <dictionary: 0x105b18c60> { count = 4, transaction: 0, voucher = 0x0, contents =
						"l" => <string: 0x105b0a280> { string cache = 0x0, length = 33, contents = "com.apple.accessibility.axassetsd" }
						"t" => <int64: 0xbb83ceba9d17ce0f>: 2
						"TYPE" => <int64: 0xbb83ceba9d17ce2f>: 6
						"p" => <int64: 0xbb83ceba9d17ce1f>: 0
					}
				}
				"RunningBoardLaunched" => <bool: 0x222423a70>: true
			}
		}
		"_OmitSandboxParameters" => <bool: 0x222423a70>: true
		"ServiceType" => <string: 0x105b0a130> { string cache = 0x0, length = 11, contents = "Application" }
		"_SandboxContainer" => <string: 0x105b08510> { string cache = 0x0, length = 172, contents = "/Users/tarunyadgirkar/Library/Developer/CoreSimulator/Devices/CF361191-F960-4212-9B76-7C41256A11C9/data/Containers/Data/PluginKitPlugin/7A74B367-C0FC-40A4-B21F-DD67231DAC81" }
		"ProgramArguments" => <array: 0x105b08210> { count = 3, capacity = 10, contents =
			0: <string: 0x105b0bcf0> { string cache = 0x0, length = 267, contents = "/private/var/run/com.apple.security.cryptexd/mnt/com.apple.iPhoneOS.SimulatorRuntime-v24.1.434.0.GOjTIm/Library/Developer/CoreSimulator/Profiles/Runtimes/iOS 27.0.simruntime/Contents/Resources/RuntimeRoot/System/Library/ExtensionKit/Extensions/MauiAUSP.appex/MauiAUSP" }
			1: <string: 0x105b0a640> { string cache = 0x0, length = 15, contents = "-AppleLanguages" }
			2: <string: 0x105b0b120> { string cache = 0x0, length = 9, contents = "("en-US")" }
		}
	}
	"RunningBoard" => <dictionary: 0x105b18d80> { count = 1, transaction: 0, voucher = 0x0, contents =
		"Managed" => <bool: 0x222423a70>: true
	}
	"CFBundlePackageType" => <string: 0x105b0b690> { string cache = 0x0, length = 4, contents = "XPC!" }
}
2026-09-30 23:13:33.321 Df runningboardd[86757:c35c22] [com.apple.libxpc.OSLaunchdJob:all] <OSLaunchdJob | handle=C374EF5D-26B7-41F4-B949-9FF274C6219E>: submitExtension created a job
2026-09-30 23:13:33.321 A  passd[86783:c33ecc] (CoreFoundation) Loading Preferences From User Session CFPrefsD
2026-09-30 23:13:33.321 Df runningboardd[86757:c35c22] [com.apple.libxpc.OSLaunchdJob:all] <OSLaunchdJob | handle=C374EF5D-26B7-41F4-B949-9FF274C6219E>: start succeeded, info=running, pid=87645
2026-09-30 23:13:33.321 Df pkd[86982:c35903] [com.apple.PlugInKit:lifecycle] Ready plugins received as euid = 502, uid = 502, (persona not available)
2026-09-30 23:13:33.321 Df pkd[86982:c35903] [com.apple.PlugInKit:lifecycle] [u F4BF39B8-47AA-446E-8A8F-EB3685A3D146] [com.apple.texttospeech.SiriAUSP(1.0)] will be managed by runningboard
2026-09-30 23:13:33.322 Df pkd[86982:c35903] [com.apple.PlugInKit:lifecycle] [u F4BF39B8-47AA-446E-8A8F-EB3685A3D146] [com.apple.texttospeech.SiriAUSP(1.0)] Allowing host pid 86763 to use plugin [/private/var/run/com.apple.security.cryptexd/mnt/com.apple.iPhoneOS.SimulatorRuntime-v24.1.434.0.GOjTIm/Library/Developer/CoreSimulator/Profiles/Runtimes/iOS 27.0.simruntime/Contents/Resources/RuntimeRoot/System/Library/ExtensionKit/Extensions/SiriAUSP.appex]
2026-09-30 23:13:33.324 A  runningboardd[86757:c35c22] (RunningBoard) executeLaunchRequest
2026-09-30 23:13:33.324 Df runningboardd[86757:c35c22] [com.apple.runningboard:ttl] Executing launch request for xpcservice<com.apple.texttospeech.SiriAUSP([osservice<com.apple.accessibility.axassetsd>:86763])>{vt hash: 0}{definition:com.apple.texttospeech.SiriAUSP[extension][client]} (Launching extension com.apple.texttospeech.SiriAUSP(F4BF39B8-47AA-446E-8A8F-EB3685A3D146) for host 86763) from requestor: [osservice<com.apple.pluginkit.pkd>:86982]
2026-09-30 23:13:33.324 Df runningboardd[86757:c35c22] [com.apple.runningboard:process] Checking PreventLaunch: global:0 exPath:(null) predicates:(null) allow:(null)
2026-09-30 23:13:33.324 Df runningboardd[86757:c35c22] [com.apple.runningboard:job] Creating and launching job for: xpcservice<com.apple.texttospeech.SiriAUSP([osservice<com.apple.accessibility.axassetsd>:86763])>{vt hash: 0}{definition:com.apple.texttospeech.SiriAUSP[extension][client]}
2026-09-30 23:13:33.324 A  runningboardd[86757:c35c22] (libsystem_containermanager.dylib) container_query_t
2026-09-30 23:13:33.324 Df runningboardd[86757:c35c22] [com.apple.containermanager:query] Query; personaid = 4294967295, type = NOPERSONA, name = <unknown>, origin [pid = 0, personaid = 0], proximate [pid = 0, personaid = 0], euid = 502, uid = 502, class = 4, identifier = [com.apple.texttospeech.SiriAUSP](1), gidentifier = [(null)](0), flags = 100000003
2026-09-30 23:13:33.324 E  containermanagerd[86809:c336c9] [com.apple.containermanager:persona] XPC message has no proximate persona
2026-09-30 23:13:33.324 Df containermanagerd[86809:c336c9] [com.apple.containermanager:query] Selected query plan; plan = <MCMCommandQueryPlanWithIdentities; identities = [<MCMContainerIdentity: 0x103869a80; userIdentity = <502/20/502/2/502>, identifier = com.apple.texttospeech.SiriAUSP, class = (4)pluginData, platform = 7, ownership = {502:20:u+rwx,g+rx,o+rx}, transient = 0>]>
2026-09-30 23:13:33.325 Df runningboardd[86757:c3683c] [com.apple.runningboard:job_oversize] '(null)' Submitting extension overlay (host PID 86763, path /private/var/run/com.apple.security.cryptexd/mnt/com.apple.iPhoneOS.SimulatorRuntime-v24.1.434.0.GOjTIm/Library/Developer/CoreSimulator/Profiles/Runtimes/iOS 27.0.simruntime/Contents/Resources/RuntimeRoot/System/Library/ExtensionKit/Extensions/SiriAUSP.appex/SiriAUSP):
<dictionary: 0x105b1af40> { count = 3, transaction: 0, voucher = 0x0, contents =
	"XPCService" => <dictionary: 0x105b1ba20> { count = 11, transaction: 0, voucher = 0x0, contents =
		"_ManagedBy" => <string: 0x105b08510> { string cache = 0x0, length = 22, contents = "com.apple.runningboard" }
		"Platform" => <int64: 0xbb83ceba9d17ce27>: 7
		"RunLoopType" => <string: 0x105b08f30> { string cache = 0x0, length = 9, contents = "NSRunLoop" }
		"_SandboxProfile" => <string: 0x105b0b120> { string cache = 0x0, length = 8, contents = "keyboard" }
		"_AdditionalSubServices" => <dictionary: 0x105b18d80> { count = 1, transaction: 0, voucher = 0x0, contents =
			"apple-extension-service" => <bool: 0x222423a70>: true
		}
		"EnvironmentVariables" => <dictionary: 0x105b1abe0> { count = 3, transaction: 0, voucher = 0x0, contents =
			"TMPDIR" => <string: 0x105b08d20> { string cache = 0x0, length = 176, contents = "/Users/tarunyadgirkar/Library/Developer/CoreSimulator/Devices/CF361191-F960-4212-9B76-7C41256A11C9/data/Containers/Data/PluginKitPlugin/CDDE3CA8-6930-46F0-A0A4-43DED0231715/tmp" }
			"HOME" => <string: 0x105b09110> { string cache = 0x0, length = 172, contents = "/Users/tarunyadgirkar/Library/Developer/CoreSimulator/Devices/CF361191-F960-4212-9B76-7C41256A11C9/data/Containers/Data/PluginKitPlugin/CDDE3CA8-6930-46F0-A0A4-43DED0231715" }
			"CFFIXED_USER_HOME" => <string: 0x105b08b40> { string cache = 0x0, length = 172, contents = "/Users/tarunyadgirkar/Library/Developer/CoreSimulator/Devices/CF361191-F960-4212-9B76-7C41256A11C9/data/Containers/Data/PluginKitPlugin/CDDE3CA8-6930-46F0-A0A4-43DED0231715" }
		}
		"_AdditionalProperties" => <dictionary: 0x105b18de0> { count = 1, transaction: 0, voucher = 0x0, contents =
			"RunningBoard" => <dictionary: 0x105b1ac40> { count = 2, transaction: 0, voucher = 0x0, contents =
				"RunningBoardLaunchedIdentity" => <dictionary: 0x105b18c60> { count = 5, transaction: 0, voucher = 0x0, contents =
					"TYPE" => <int64: 0xbb83ceba9d17ce3f>: 4
					"h" => <int64: 0xbb83ceba9d1d5947>: 86763
					"i" => <string: 0x105b0a640> { string cache = 0x0, length = 31, contents = "com.apple.texttospeech.SiriAUSP" }
					"r" => <int64: 0xbb83ceba9d17ce0f>: 2
					"H" => <dictionary: 0x105b19620> { count = 4, transaction: 0, voucher = 0x0, contents =
						"l" => <string: 0x105b0bcf0> { string cache = 0x0, length = 33, contents = "com.apple.accessibility.axassetsd" }
						"t" => <int64: 0xbb83ceba9d17ce0f>: 2
						"TYPE" => <int64: 0xbb83ceba9d17ce2f>: 6
						"p" => <int64: 0xbb83ceba9d17ce1f>: 0
					}
				}
				"RunningBoardLaunched" => <bool: 0x222423a70>: true
			}
		}
		"_OmitSandboxParameters" => <bool: 0x222423a70>: true
		"ServiceType" => <string: 0x105b0ae80> { string cache = 0x0, length = 11, contents = "Application" }
		"_SandboxContainer" => <string: 0x105b08780> { string cache = 0x0, length = 172, contents = "/Users/tarunyadgirkar/Library/Developer/CoreSimulator/Devices/CF361191-F960-4212-9B76-7C41256A11C9/data/Containers/Data/PluginKitPlugin/CDDE3CA8-6930-46F0-A0A4-43DED0231715" }
		"ProgramArguments" => <array: 0x105b0b690> { count = 3, capacity = 10, contents =
			0: <string: 0x105b08ff0> { string cache = 0x0, length = 267, contents = "/private/var/run/com.apple.security.cryptexd/mnt/com.apple.iPhoneOS.SimulatorRuntime-v24.1.434.0.GOjTIm/Library/Developer/CoreSimulator/Profiles/Runtimes/iOS 27.0.simruntime/Contents/Resources/RuntimeRoot/System/Library/ExtensionKit/Extensions/SiriAUSP.appex/SiriAUSP" }
			1: <string: 0x105b0a130> { string cache = 0x0, length = 15, contents = "-AppleLanguages" }
			2: <string: 0x105b091d0> { string cache = 0x0, length = 9, contents = "("en-US")" }
		}
	}
	"RunningBoard" => <dictionary: 0x105b1ab20> { count = 1, transaction: 0, voucher = 0x0, contents =
		"Managed" => <bool: 0x222423a70>: true
	}
	"CFBundlePackageType" => <string: 0x105b0a280> { string cache = 0x0, length = 4, contents = "XPC!" }
}
2026-09-30 23:13:33.325 Df runningboardd[86757:c35c22] [com.apple.libxpc.OSLaunchdJob:all] <OSLaunchdJob | handle=BA3734A0-6063-42AE-A33E-9D2798EFEE6B>: submitExtension created a job
2026-09-30 23:13:33.325 Df runningboardd[86757:c35c22] [com.apple.libxpc.OSLaunchdJob:all] <OSLaunchdJob | handle=BA3734A0-6063-42AE-A33E-9D2798EFEE6B>: start succeeded, info=running, pid=87641
2026-09-30 23:13:33.329 Df dataaccessd[86847:c33756] [com.apple.xpc:connection] [0x10153c780] activating connection: mach=true listener=false peer=false name=com.apple.accountsd.accountmanager
2026-09-30 23:13:33.329 Df axassetsd[86763:c35921] [com.apple.PlugInKit:lifecycle] [u 63D70AFA-FC0C-4585-83F7-EF3426163F87:m (null)] [com.apple.speech.MacinTalkFramework.MacinTalkAUSP(1.0)] got pid from ready request: 87667
2026-09-30 23:13:33.331 A  runningboardd[86757:c35c22] (RunningBoard) acquireAssertionWithDescriptor
2026-09-30 23:13:33.331 Df runningboardd[86757:c35c22] [com.apple.runningboard:ttl] Acquiring assertion targeting [xpcservice<com.apple.speech.MacinTalkFramework.MacinTalkAUSP([osservice<com.apple.accessibility.axassetsd>:86763])>{vt hash: 0}{definition:com.apple.speech.MacinTalkFramework.MacinTalkAUSP[extension][client]}:87667] from originator [osservice<com.apple.accessibility.axassetsd>:86763] with description <RBSAssertionDescriptor| "com.apple.extension.session" ID:86757-86763-4990 target:87667 attributes:[
	<RBSLegacyAttribute| requestedReason:ViewService reason:ViewService flags:( AllowIdleSleep PreventTaskSuspend PreventTaskThrottleDown )>,
	<RBSAcquisitionCompletionAttribute| policy:AfterValidation>
	]>
2026-09-30 23:13:33.331 Df runningboardd[86757:c35c22] [com.apple.runningboard:assertion] Mutating assertion 86757-86763-4990 reason from ViewService to Extension because it targets an xpc service.
2026-09-30 23:13:33.331 Df runningboardd[86757:c35c22] [com.apple.runningboard:ttl] Assertion 86757-86763-4990 (target:[xpcservice<com.apple.speech.MacinTalkFramework.MacinTalkAUSP([osservice<com.apple.accessibility.axassetsd>:86763])>{vt hash: 0}{definition:com.apple.speech.MacinTalkFramework.MacinTalkAUSP[extension][client]}:87667]) will be created as active
2026-09-30 23:13:33.331 A  runningboardd[86757:c3683c] (RunningBoard) state update
2026-09-30 23:13:33.332 Df axassetsd[86763:c35921] [com.apple.PlugInKit:lifecycle] [u 63D70AFA-FC0C-4585-83F7-EF3426163F87:m (null)] [com.apple.speech.MacinTalkFramework.MacinTalkAUSP(1.0)] acquired startup assertion
2026-09-30 23:13:33.332 A  runningboardd[86757:c35b22] (RunningBoard) statesForPredicate
2026-09-30 23:13:33.332 A  runningboardd[86757:c35c22] (RunningBoard) lookupHandleForKey
2026-09-30 23:13:33.332 Df fitnesscoachingd[86835:c33c92] [com.apple.xpc:connection] [0x105971040] activating connection: mach=true listener=false peer=false name=com.apple.coreduetd.context
2026-09-30 23:13:33.332 Df axassetsd[86763:c35921] [com.apple.runningboard:process] Hit the server for a process handle 1dfc971600015673 that resolved to: [xpcservice<com.apple.speech.MacinTalkFramework.MacinTalkAUSP([osservice<com.apple.accessibility.axassetsd>:86763])>{vt hash: 0}{definition:com.apple.speech.MacinTalkFramework.MacinTalkAUSP[extension][client]}:87667]
2026-09-30 23:13:33.332 Df launchd_sim[86751:c363b1] [user/502:] failed lookup: name = com.apple.coreduetd.context, requestor = fitnesscoaching[86835], error = 3: No such process
2026-09-30 23:13:33.333 Df TrialArchivingService[87163:c3565d] [com.apple.xpc:connection] [0x1018e8140] invalidated because the client process (pid 86830) either cancelled the connection or exited
2026-09-30 23:13:33.333 Df axassetsd[86763:c35921] [com.apple.xpc:connection] [0x106aa0780] activating connection: mach=false listener=false peer=false name=com.apple.speech.MacinTalkFramework.MacinTalkAUSP
2026-09-30 23:13:33.333 Df axassetsd[86763:c35921] [com.apple.PlugInKit:lifecycle] [u 63D70AFA-FC0C-4585-83F7-EF3426163F87:m (null)] [com.apple.speech.MacinTalkFramework.MacinTalkAUSP(1.0)] Prepare using sent as euid = 502, uid = 502, (persona not available)
2026-09-30 23:13:33.333 Df axassetsd[86763:c35921] [com.apple.PlugInKit:lifecycle] [u 63D70AFA-FC0C-4585-83F7-EF3426163F87] [com.apple.speech.MacinTalkFramework.MacinTalkAUSP(1.0)] Sending prepareUsing to managed extension; this should launch it if not already running.
2026-09-30 23:13:33.333 Df axassetsd[86763:c35921] [com.apple.PlugInKit:lifecycle] [u 89B49AE2-8C0D-4EF9-80E2-D94710A99F83:m (null)] [com.apple.ax.MauiTTSSupport.MauiAUSP(1.0)] got pid from ready request: 87645
2026-09-30 23:13:33.333 A  runningboardd[86757:c35c22] (RunningBoard) acquireAssertionWithDescriptor
2026-09-30 23:13:33.333 Sd passd[86783:0] (9EB5D46E-9905-3F42-B357-8CD693BE42EC) CLLocationManagerStateTracker

2026-09-30 23:13:33.333 Df runningboardd[86757:c35c22] [com.apple.runningboard:ttl] Acquiring assertion targeting [xpcservice<com.apple.ax.MauiTTSSupport.MauiAUSP([osservice<com.apple.accessibility.axassetsd>:86763])>{vt hash: 0}{definition:com.apple.ax.MauiTTSSupport.MauiAUSP[extension][client]}:87645] from originator [osservice<com.apple.accessibility.axassetsd>:86763] with description <RBSAssertionDescriptor| "com.apple.extension.session" ID:86757-86763-4991 target:87645 attributes:[
	<RBSLegacyAttribute| requestedReason:ViewService reason:ViewService flags:( AllowIdleSleep PreventTaskSuspend PreventTaskThrottleDown )>,
	<RBSAcquisitionCompletionAttribute| policy:AfterValidation>
	]>
2026-09-30 23:13:33.333 Df runningboardd[86757:c35c22] [com.apple.runningboard:assertion] Mutating assertion 86757-86763-4991 reason from ViewService to Extension because it targets an xpc service.
2026-09-30 23:13:33.333 Df MacinTalkAUSP[87667:c36235] [com.apple.xpc:connection] [0x1041452c0] activating connection: mach=false listener=false peer=true name=com.apple.speech.MacinTalkFramework.MacinTalkAUSP.peer[86763].0x1041452c0
2026-09-30 23:13:33.333 Df runningboardd[86757:c35c22] [com.apple.runningboard:ttl] Assertion 86757-86763-4991 (target:[xpcservice<com.apple.ax.MauiTTSSupport.MauiAUSP([osservice<com.apple.accessibility.axassetsd>:86763])>{vt hash: 0}{definition:com.apple.ax.MauiTTSSupport.MauiAUSP[extension][client]}:87645]) will be created as active
2026-09-30 23:13:33.333 A  runningboardd[86757:c35b22] (RunningBoard) state update
2026-09-30 23:13:33.333 Df siriknowledged[87223:c3684c] [com.apple.SiriAssetUtilities:XPCService] -[SAUXPCService doStartupItems] Running subscription update
2026-09-30 23:13:33.333 Df siriknowledged[87223:c3684c] [com.apple.SiriAssetUtilities:XPCService] -[SAUXPCService _startObservers] Starting observers
2026-09-30 23:13:33.333 Df axassetsd[86763:c35921] [com.apple.PlugInKit:lifecycle] [u 89B49AE2-8C0D-4EF9-80E2-D94710A99F83:m (null)] [com.apple.ax.MauiTTSSupport.MauiAUSP(1.0)] acquired startup assertion
2026-09-30 23:13:33.334 Df MacinTalkAUSP[87667:c36235] [com.apple.PlugInKit:lifecycle] [u 63D70AFA-FC0C-4585-83F7-EF3426163F87] [(null)((null))] Prepare received as euid = 502, uid = 502, (persona not available)
2026-09-30 23:13:33.334 A  runningboardd[86757:c3683c] (RunningBoard) statesForPredicate
2026-09-30 23:13:33.334 A  runningboardd[86757:c3683c] (RunningBoard) lookupHandleForKey
2026-09-30 23:13:33.334 Df axassetsd[86763:c35921] [com.apple.runningboard:process] Hit the server for a process handle 16a2fc3f0001565d that resolved to: [xpcservice<com.apple.ax.MauiTTSSupport.MauiAUSP([osservice<com.apple.accessibility.axassetsd>:86763])>{vt hash: 0}{definition:com.apple.ax.MauiTTSSupport.MauiAUSP[extension][client]}:87645]
2026-09-30 23:13:33.334 Df axassetsd[86763:c35921] [com.apple.xpc:connection] [0x106aa0dc0] activating connection: mach=false listener=false peer=false name=com.apple.ax.MauiTTSSupport.MauiAUSP
2026-09-30 23:13:33.334 Df axassetsd[86763:c35921] [com.apple.PlugInKit:lifecycle] [u 89B49AE2-8C0D-4EF9-80E2-D94710A99F83:m (null)] [com.apple.ax.MauiTTSSupport.MauiAUSP(1.0)] Prepare using sent as euid = 502, uid = 502, (persona not available)
2026-09-30 23:13:33.334 Df MacinTalkAUSP[87667:c36235] [com.apple.PlugInKit:lifecycle] [u A2A491B2-5F34-425A-911C-04991B0E0EB2] [com.apple.speech.MacinTalkFramework.MacinTalkAUSP(1.0)] Set sole personality.
2026-09-30 23:13:33.334 Df axassetsd[86763:c35921] [com.apple.PlugInKit:lifecycle] [u 89B49AE2-8C0D-4EF9-80E2-D94710A99F83] [com.apple.ax.MauiTTSSupport.MauiAUSP(1.0)] Sending prepareUsing to managed extension; this should launch it if not already running.
2026-09-30 23:13:33.334 Df axassetsd[86763:c35921] [com.apple.PlugInKit:lifecycle] [u F4BF39B8-47AA-446E-8A8F-EB3685A3D146:m (null)] [com.apple.texttospeech.SiriAUSP(1.0)] got pid from ready request: 87641
2026-09-30 23:13:33.334 A  runningboardd[86757:c3683c] (RunningBoard) acquireAssertionWithDescriptor
2026-09-30 23:13:33.334 Df runningboardd[86757:c3683c] [com.apple.runningboard:ttl] Acquiring assertion targeting [xpcservice<com.apple.texttospeech.SiriAUSP([osservice<com.apple.accessibility.axassetsd>:86763])>{vt hash: 0}{definition:com.apple.texttospeech.SiriAUSP[extension][client]}:87641] from originator [osservice<com.apple.accessibility.axassetsd>:86763] with description <RBSAssertionDescriptor| "com.apple.extension.session" ID:86757-86763-4992 target:87641 attributes:[
	<RBSLegacyAttribute| requestedReason:ViewService reason:ViewService flags:( AllowIdleSleep PreventTaskSuspend PreventTaskThrottleDown )>,
	<RBSAcquisitionCompletionAttribute| policy:AfterValidation>
	]>
2026-09-30 23:13:33.334 Df MauiAUSP[87645:c35908] [com.apple.xpc:connection] [0x106544640] activating connection: mach=false listener=false peer=true name=com.apple.ax.MauiTTSSupport.MauiAUSP.peer[86763].0x106544640
2026-09-30 23:13:33.334 Df runningboardd[86757:c3683c] [com.apple.runningboard:assertion] Mutating assertion 86757-86763-4992 reason from ViewService to Extension because it targets an xpc service.
2026-09-30 23:13:33.335 Df runningboardd[86757:c3683c] [com.apple.runningboard:ttl] Assertion 86757-86763-4992 (target:[xpcservice<com.apple.texttospeech.SiriAUSP([osservice<com.apple.accessibility.axassetsd>:86763])>{vt hash: 0}{definition:com.apple.texttospeech.SiriAUSP[extension][client]}:87641]) will be created as active
2026-09-30 23:13:33.335 A  runningboardd[86757:c35c22] (RunningBoard) state update
2026-09-30 23:13:33.335 Df MauiAUSP[87645:c35908] [com.apple.PlugInKit:lifecycle] [u 89B49AE2-8C0D-4EF9-80E2-D94710A99F83] [(null)((null))] Prepare received as euid = 502, uid = 502, (persona not available)
2026-09-30 23:13:33.335 Df axassetsd[86763:c35921] [com.apple.PlugInKit:lifecycle] [u F4BF39B8-47AA-446E-8A8F-EB3685A3D146:m (null)] [com.apple.texttospeech.SiriAUSP(1.0)] acquired startup assertion
2026-09-30 23:13:33.335 Df MauiAUSP[87645:c35908] [com.apple.PlugInKit:lifecycle] [u 0E096D7B-97FD-478B-8845-9817D4555EE9] [com.apple.ax.MauiTTSSupport.MauiAUSP(1.0)] Set sole personality.
2026-09-30 23:13:33.335 A  runningboardd[86757:c35c1e] (RunningBoard) statesForPredicate
2026-09-30 23:13:33.335 A  runningboardd[86757:c35c1e] (RunningBoard) lookupHandleForKey
2026-09-30 23:13:33.336 Df axassetsd[86763:c35921] [com.apple.runningboard:process] Hit the server for a process handle c8f40d700015659 that resolved to: [xpcservice<com.apple.texttospeech.SiriAUSP([osservice<com.apple.accessibility.axassetsd>:86763])>{vt hash: 0}{definition:com.apple.texttospeech.SiriAUSP[extension][client]}:87641]
2026-09-30 23:13:33.336 Df axassetsd[86763:c35921] [com.apple.xpc:connection] [0x106aa0000] activating connection: mach=false listener=false peer=false name=com.apple.texttospeech.SiriAUSP
2026-09-30 23:13:33.336 Df axassetsd[86763:c35921] [com.apple.PlugInKit:lifecycle] [u F4BF39B8-47AA-446E-8A8F-EB3685A3D146:m (null)] [com.apple.texttospeech.SiriAUSP(1.0)] Prepare using sent as euid = 502, uid = 502, (persona not available)
2026-09-30 23:13:33.336 Df axassetsd[86763:c35921] [com.apple.PlugInKit:lifecycle] [u F4BF39B8-47AA-446E-8A8F-EB3685A3D146] [com.apple.texttospeech.SiriAUSP(1.0)] Sending prepareUsing to managed extension; this should launch it if not already running.
2026-09-30 23:13:33.336 Df axassetsd[86763:c35921] [com.apple.PlugInKit:lifecycle] [u 63D70AFA-FC0C-4585-83F7-EF3426163F87:m (null)] [com.apple.speech.MacinTalkFramework.MacinTalkAUSP(1.0)] Begin using sent as euid = 502, uid = 502, (persona not available)
2026-09-30 23:13:33.336 Df MacinTalkAUSP[87667:c36235] [com.apple.PlugInKit:lifecycle] [u A2A491B2-5F34-425A-911C-04991B0E0EB2] [com.apple.speech.MacinTalkFramework.MacinTalkAUSP(1.0)] Begin using received as euid = 502, uid = 502, (persona not available)
2026-09-30 23:13:33.336 Df axassetsd[86763:c35921] [com.apple.PlugInKit:lifecycle] [u 89B49AE2-8C0D-4EF9-80E2-D94710A99F83:m (null)] [com.apple.ax.MauiTTSSupport.MauiAUSP(1.0)] Begin using sent as euid = 502, uid = 502, (persona not available)
2026-09-30 23:13:33.336 Df SiriAUSP[87641:c35901] [com.apple.xpc:connection] [0x1029492c0] activating connection: mach=false listener=false peer=true name=com.apple.texttospeech.SiriAUSP.peer[86763].0x1029492c0
2026-09-30 23:13:33.336 Df MauiAUSP[87645:c35908] [com.apple.PlugInKit:lifecycle] [u 0E096D7B-97FD-478B-8845-9817D4555EE9] [com.apple.ax.MauiTTSSupport.MauiAUSP(1.0)] Begin using received as euid = 502, uid = 502, (persona not available)
2026-09-30 23:13:33.337 Df SiriAUSP[87641:c35901] [com.apple.PlugInKit:lifecycle] [u F4BF39B8-47AA-446E-8A8F-EB3685A3D146] [(null)((null))] Prepare received as euid = 502, uid = 502, (persona not available)
2026-09-30 23:13:33.337 Df SiriAUSP[87641:c35901] [com.apple.PlugInKit:lifecycle] [u 8650B2E2-3EDA-4B29-AA0B-6E78CF00F6EC] [com.apple.texttospeech.SiriAUSP(1.0)] Set sole personality.
2026-09-30 23:13:33.338 E  icloudmailagent[86998:c3561d] [com.apple.icloudMCCKit:sync] Account is nil, unable to get dsid
2026-09-30 23:13:33.338 E  icloudmailagent[86998:c3561d] [com.apple.icloudMCCKit:sync] PDSUser is nil
2026-09-30 23:13:33.338 Df icloudmailagent[86998:c3561d] [com.apple.apsd:connection] Initializing APSConnection <APSConnection: 0x102144200>: env=production port=com.apple.aps.icloud.mcc queue=<OS_dispatch_queue_main: com.apple.main-thread>
2026-09-30 23:13:33.342 Df fitcored[86987:c35f5d] [com.apple.Seymour:database] [unlink] before-remove store=seymour_catalog db=1552384 wal=0 shm=32768
2026-09-30 23:13:33.342 Df companionappd[88268:c360b6] [com.apple.xpc:connection] [0x1034fc500] failed to do a bootstrap look-up: xpc_error=[3: No such process]
2026-09-30 23:13:33.342 Df companionappd[88268:c360b6] [com.apple.xpc:connection] [0x1034fc500] invalidated after a failed init
2026-09-30 23:13:33.342 Df tccd[86766:c35fed] [com.apple.xpc:connection] [0x1054f9180] invalidated because the client process (pid 86989) either cancelled the connection or exited
2026-09-30 23:13:33.342 Df videosubscriptionsd[88516:c35ff7] [com.apple.coredata:annotation] CoreData: annotation: 	NSPersistentCloudKitContainerOptionsKey : <NSPersistentCloudKitContainerOptions: 0x1034446c0>
2026-09-30 23:13:33.342 Df tccd[86766:c35fed] [com.apple.xpc:connection] [0x1054f9180] activating connection: mach=false listener=false peer=true name=com.apple.tccd.peer[86989].0x1054f9180
2026-09-30 23:13:33.342 Df tccd[86766:c35fed] [com.apple.TCC:access] REQUEST: tccd_uid=502, sender_pid=86989, sender_uid=502, sender_auid=502, function=TCCAccessCopyBundleIdentifiersDisabledForService, msgID=86989.8
2026-09-30 23:13:33.342 Df videosubscriptionsd[88516:c35ff7] [com.apple.coredata:annotation] CoreData: annotation: 	NSAddStoreAsynchronouslyOption : 1
2026-09-30 23:13:33.342 Df videosubscriptionsd[88516:c35ff7] [com.apple.coredata:annotation] CoreData: annotation: 	NSPersistentHistoryTrackingKey : 1
2026-09-30 23:13:33.343 Df tccd[86766:c35fed] [com.apple.TCC:access] REPLY: (502) function=TCCAccessCopyBundleIdentifiersDisabledForService, msgID=86989.8
2026-09-30 23:13:33.346 Df accountsd[86760:c3602c] [com.apple.accounts:core] "<NSXPCConnection: 0x103f0c3c0> connection from pid 86847 on mach service named com.apple.accountsd.accountmanager (dataaccessd) received"
2026-09-30 23:13:33.346 Df accountsd[86760:c3602c] [com.apple.xpc:connection] [0x103f1cf00] activating connection: mach=false listener=false peer=true name=com.apple.accountsd.accountmanager.peer[86847].0x103f1cf00
2026-09-30 23:13:33.348 Df fitnesscoachingd[86835:c33c92] [com.apple.xpc:connection] [0x105971040] failed to do a bootstrap look-up: xpc_error=[3: No such process]
2026-09-30 23:13:33.348 Df fitnesscoachingd[86835:c33c92] [com.apple.xpc:connection] [0x105971040] invalidated after a failed init
2026-09-30 23:13:33.348 Df fitnesscoachingd[86835:c33c92] [com.apple.xpc:connection] [0x105971180] activating connection: mach=true listener=true peer=false name=com.apple.coreduetcontext.mdcs_events
2026-09-30 23:13:33.349 Sd passd[86783:0] (9EB5D46E-9905-3F42-B357-8CD693BE42EC) CLLocationManagerStateTracker

2026-09-30 23:13:33.349 Sd passd[86783:0] (CDF4E24A-4A9C-3FB3-8B3A-DD6CDC678FBA) TCC Authorization Cache
{
}
2026-09-30 23:13:33.350 Df siriknowledged[87223:c3684d] [com.apple.xpc.activity:Client] xpc_activity_set_criteria, lower half: com.apple.siri.xpc_activity.uaf-post-upgrade (0x101ca5540), check-in
2026-09-30 23:13:33.350 Df TrialArchivingService[87163:c35b6c] [com.apple.triald:archiving] accepting connection from pid 86830
2026-09-30 23:13:33.350 Df TrialArchivingService[87163:c35b6c] [com.apple.xpc:connection] [0x1018e8140] activating connection: mach=false listener=false peer=true name=com.apple.trial.TrialArchivingService.peer[86830].0x1018e8140
2026-09-30 23:13:33.350 Df suggestd[86989:c34405] [com.apple.proactive.PersonalizationPortrait:Entities] Completed initial _DKEvent named entity import. Database now contains 0 named entity records.
2026-09-30 23:13:33.351 Df axassetsd[86763:c358f8] [com.apple.PlugInKit:lifecycle] [u 63D70AFA-FC0C-4585-83F7-EF3426163F87:m (null)] [com.apple.speech.MacinTalkFramework.MacinTalkAUSP(1.0)] plugin loaded and ready for host
2026-09-30 23:13:33.351 Df axassetsd[86763:c358f8] [com.apple.PlugInKit:lifecycle] [u 63D70AFA-FC0C-4585-83F7-EF3426163F87:m (null)] [com.apple.speech.MacinTalkFramework.MacinTalkAUSP(1.0)] invalidating startup assertion
2026-09-30 23:13:33.351 A  runningboardd[86757:c35c1e] (RunningBoard) invalidateAssertionWithIdentifier
2026-09-30 23:13:33.351 Df runningboardd[86757:c35c1e] [com.apple.runningboard:ttl] Invalidating assertion 86757-86763-4990 (target:[xpcservice<com.apple.speech.MacinTalkFramework.MacinTalkAUSP([osservice<com.apple.accessibility.axassetsd>:86763])>{vt hash: 0}{definition:com.apple.speech.MacinTalkFramework.MacinTalkAUSP[extension][client]}:87667]) from originator [osservice<com.apple.accessibility.axassetsd>:86763]
2026-09-30 23:13:33.351 Df axassetsd[86763:c358f8] [com.apple.PlugInKit:lifecycle] [u 63D70AFA-FC0C-4585-83F7-EF3426163F87:m (null)] [com.apple.speech.MacinTalkFramework.MacinTalkAUSP(1.0)] plugin reference count incremented to 2, and ready for host.
2026-09-30 23:13:33.351 Df axassetsd[86763:c358f8] [com.apple.xpc:connection] [0x106aa0a00] activating connection: mach=false listener=true peer=false name=(anonymous)
2026-09-30 23:13:33.352 Df axassetsd[86763:c358f8] [com.apple.xpc:connection] [0x106aa0140] activating connection: mach=false listener=false peer=false name=com.apple.speech.MacinTalkFramework.MacinTalkAUSP.apple-extension-service
2026-09-30 23:13:33.352 Df axassetsd[86763:c358f8] [com.apple.xpc:connection] [0x106aa0a00] Connection returned listener port: 0x213f
2026-09-30 23:13:33.352 Df axassetsd[86763:c358f8] [com.apple.xpc:connection] [0x106aa0640] activating connection: mach=false listener=true peer=false name=(anonymous)
2026-09-30 23:13:33.352 Df axassetsd[86763:c358f8] [com.apple.xpc:connection] [0x106aa0c80] activating connection: mach=false listener=false peer=false name=com.apple.speech.MacinTalkFramework.MacinTalkAUSP.apple-extension-service
2026-09-30 23:13:33.352 Df MacinTalkAUSP[87667:c36235] [com.apple.xpc:connection] [0x104144500] activating connection: mach=false listener=false peer=true name=com.apple.speech.MacinTalkFramework.MacinTalkAUSP.apple-extension-service.peer[86763].0x104144500
2026-09-30 23:13:33.352 Df axassetsd[86763:c358f8] [com.apple.xpc:connection] [0x106aa0640] Connection returned listener port: 0x843f
2026-09-30 23:13:33.352 A  MacinTalkAUSP[87667:c36235] (ExtensionFoundation) beginning extension request
2026-09-30 23:13:33.352 Df MacinTalkAUSP[87667:c3684e] [com.apple.xpc:connection] [0x1041443c0] activating connection: mach=false listener=false peer=false name=(anonymous)
2026-09-30 23:13:33.352 Df MacinTalkAUSP[87667:c3684e] [com.apple.xpc:connection] [0x104145400] activating connection: mach=false listener=false peer=true name=com.apple.speech.MacinTalkFramework.MacinTalkAUSP.apple-extension-service.peer[86763].0x104145400
2026-09-30 23:13:33.352 Df axassetsd[86763:c35921] [com.apple.xpc:connection] [0x106aa0280] activating connection: mach=false listener=false peer=true name=com.apple.xpc.anonymous.0x106aa0a00.peer[87667].0x106aa0280
2026-09-30 23:13:33.352 A  MacinTalkAUSP[87667:c3684e] (ExtensionFoundation) beginning extension request
2026-09-30 23:13:33.352 Df axassetsd[86763:c358f8] [com.apple.PlugInKit:lifecycle] [u F4BF39B8-47AA-446E-8A8F-EB3685A3D146:m (null)] [com.apple.texttospeech.SiriAUSP(1.0)] Begin using sent as euid = 502, uid = 502, (persona not available)
2026-09-30 23:13:33.352 Df MacinTalkAUSP[87667:c3684e] [com.apple.extensionkit:NSExtension] in _willPerformHostCallback: block ( UUID: 462FB646-4C87-4B0A-BD85-CC0F4F16902A error: (null) )
2026-09-30 23:13:33.352 Df MacinTalkAUSP[87667:c36235] [com.apple.xpc:connection] [0x104145540] activating connection: mach=false listener=false peer=false name=(anonymous)
2026-09-30 23:13:33.352 Df SiriAUSP[87641:c35901] [com.apple.PlugInKit:lifecycle] [u 8650B2E2-3EDA-4B29-AA0B-6E78CF00F6EC] [com.apple.texttospeech.SiriAUSP(1.0)] Begin using received as euid = 502, uid = 502, (persona not available)
2026-09-30 23:13:33.352 Df axassetsd[86763:c36853] [com.apple.PlugInKit:lifecycle] [u 89B49AE2-8C0D-4EF9-80E2-D94710A99F83:m (null)] [com.apple.ax.MauiTTSSupport.MauiAUSP(1.0)] plugin loaded and ready for host
2026-09-30 23:13:33.352 Df axassetsd[86763:c349fb] [com.apple.xpc:connection] [0x106aa08c0] activating connection: mach=false listener=false peer=true name=com.apple.xpc.anonymous.0x106aa0640.peer[87667].0x106aa08c0
2026-09-30 23:13:33.352 Df axassetsd[86763:c36853] [com.apple.PlugInKit:lifecycle] [u 89B49AE2-8C0D-4EF9-80E2-D94710A99F83:m (null)] [com.apple.ax.MauiTTSSupport.MauiAUSP(1.0)] invalidating startup assertion
2026-09-30 23:13:33.352 Df axassetsd[86763:c35921] [com.apple.PlugInKit:lifecycle] [u 89B49AE2-8C0D-4EF9-80E2-D94710A99F83:m (null)] [com.apple.ax.MauiTTSSupport.MauiAUSP(1.0)] plugin reference count incremented to 2, and ready for host.
2026-09-30 23:13:33.352 A  runningboardd[86757:c3683c] (RunningBoard) invalidateAssertionWithIdentifier
2026-09-30 23:13:33.352 Df MacinTalkAUSP[87667:c36235] [com.apple.extensionkit:NSExtension] in _willPerformHostCallback: block ( UUID: DDBB9A6F-16F9-4C1B-BC9A-DCDACC740734 error: (null) )
2026-09-30 23:13:33.352 Df runningboardd[86757:c3683c] [com.apple.runningboard:ttl] Invalidating assertion 86757-86763-4991 (target:[xpcservice<com.apple.ax.MauiTTSSupport.MauiAUSP([osservice<com.apple.accessibility.axassetsd>:86763])>{vt hash: 0}{definition:com.apple.ax.MauiTTSSupport.MauiAUSP[extension][client]}:87645]) from originator [osservice<com.apple.accessibility.axassetsd>:86763]
2026-09-30 23:13:33.356 Df companionappd[88268:c3683f] [com.apple.IDS:IMLocalObject] peer(0) received XPC_ERROR_CONNECTION_INVALID
2026-09-30 23:13:33.357 Df suggestd[86989:c34392] [com.apple.xpc:connection] [0x1077a2580] invalidated after the last release of the connection object
2026-09-30 23:13:33.357 Df suggestd[86989:c34392] [com.apple.proactive.PersonalizationPortrait:Default] PPSettings loaded 15 disabled bundleIds from CloudKit prefs.
2026-09-30 23:13:33.358 Df fitcored[86987:c35f5d] [com.apple.Seymour:database] [unlink] after-remove store=seymour_catalog db=1552384 wal=0 shm=32768
2026-09-30 23:13:33.359 Df fitcored[86987:c35f5d] [com.apple.Seymour:database] [unlink] before-remove store=seymour_d db=1552384 wal=0 shm=32768
2026-09-30 23:13:33.360 Df fitnesscoachingd[86835:c33c92] [com.apple.xpc:connection] [0x1059712c0] activating connection: mach=true listener=true peer=false name=com.apple.coreduetcontext.client_event_stream
2026-09-30 23:13:33.362 Sd passd[86783:0] (9EB5D46E-9905-3F42-B357-8CD693BE42EC) CLLocationManagerStateTracker

2026-09-30 23:13:33.362 Df siriknowledged[87223:c36851] [com.apple.xpc.activity:Client] xpc_activity_set_criteria, lower half: com.apple.siri.xpc_activity.uaf-subscription-maintenance (0x101ca5720), check-in
2026-09-30 23:13:33.362 Df siriknowledged[87223:c36851] [com.apple.xpc.activity:Client] _xpc_activity_set_criteria: com.apple.siri.xpc_activity.uaf-subscription-maintenance (0x101ca5720), check-in
2026-09-30 23:13:33.362 Df suggestd[86989:c33da3] [com.apple.proactive.PersonalizationPortrait:Entities] Completed initial _DKEvent named entity import. Database now contains 0 named entity records.
2026-09-30 23:13:33.363 Df siriknowledged[87223:c36851] [com.apple.xpc.activity:Client] xpc_activity_set_criteria: com.apple.siri.xpc_activity.uaf-subscription-maintenance (0x101ca5720), setting state now to 0
2026-09-30 23:13:33.363 Df siriknowledged[87223:c36851] [com.apple.xpc.activity:Client] _xpc_activity_set_state: com.apple.siri.xpc_activity.uaf-subscription-maintenance (0x101ca5720), 0
2026-09-30 23:13:33.363 Df siriknowledged[87223:c36851] [com.apple.xpc.activity:Client] __XPC_ACTIVITY_CALLING_HANDLER__: com.apple.siri.xpc_activity.uaf-subscription-maintenance (0x101ca5720), current state 0, pending state 0
2026-09-30 23:13:33.363 Df axassetsd[86763:c36853] [com.apple.PlugInKit:lifecycle] [u F4BF39B8-47AA-446E-8A8F-EB3685A3D146:m (null)] [com.apple.texttospeech.SiriAUSP(1.0)] plugin loaded and ready for host
2026-09-30 23:13:33.363 Df axassetsd[86763:c36853] [com.apple.PlugInKit:lifecycle] [u F4BF39B8-47AA-446E-8A8F-EB3685A3D146:m (null)] [com.apple.texttospeech.SiriAUSP(1.0)] invalidating startup assertion
2026-09-30 23:13:33.364 A  runningboardd[86757:c3683c] (RunningBoard) invalidateAssertionWithIdentifier
2026-09-30 23:13:33.364 Df runningboardd[86757:c3683c] [com.apple.runningboard:ttl] Invalidating assertion 86757-86763-4992 (target:[xpcservice<com.apple.texttospeech.SiriAUSP([osservice<com.apple.accessibility.axassetsd>:86763])>{vt hash: 0}{definition:com.apple.texttospeech.SiriAUSP[extension][client]}:87641]) from originator [osservice<com.apple.accessibility.axassetsd>:86763]
2026-09-30 23:13:33.364 Df axassetsd[86763:c36853] [com.apple.PlugInKit:lifecycle] [u F4BF39B8-47AA-446E-8A8F-EB3685A3D146:m (null)] [com.apple.texttospeech.SiriAUSP(1.0)] plugin reference count incremented to 2, and ready for host.
2026-09-30 23:13:33.365 Df tccd[86766:c35fed] [com.apple.xpc:connection] [0x1054f9180] invalidated because the client process (pid 86989) either cancelled the connection or exited
2026-09-30 23:13:33.367 Sd passd[86783:0] (9EB5D46E-9905-3F42-B357-8CD693BE42EC) CLLocationManagerStateTracker

2026-09-30 23:13:33.368 Df triald[86830:c33a38] [com.apple.xpc:connection] [0x104131180] invalidated because the current process cancelled the connection by calling xpc_connection_cancel()
2026-09-30 23:13:33.368 Df triald[86830:c33a38] [com.apple.xpc:connection] [0x104130500] activating connection: mach=false listener=false peer=false name=com.apple.trial.TrialArchivingService
2026-09-30 23:13:33.369 Df siriknowledged[87223:c3684d] [com.apple.xpc.activity:Client] _xpc_activity_set_criteria: com.apple.siri.xpc_activity.uaf-post-upgrade (0x101ca5540), check-in
2026-09-30 23:13:33.370 Df siriknowledged[87223:c3684d] [com.apple.xpc.activity:Client] xpc_activity_set_criteria: com.apple.siri.xpc_activity.uaf-post-upgrade (0x101ca5540), setting state now to 0
2026-09-30 23:13:33.370 Df siriknowledged[87223:c3684d] [com.apple.xpc.activity:Client] _xpc_activity_set_state: com.apple.siri.xpc_activity.uaf-post-upgrade (0x101ca5540), 0
2026-09-30 23:13:33.370 Df siriknowledged[87223:c3684d] [com.apple.xpc.activity:Client] __XPC_ACTIVITY_CALLING_HANDLER__: com.apple.siri.xpc_activity.uaf-post-upgrade (0x101ca5540), current state 0, pending state 0
2026-09-30 23:13:33.370 E  siriknowledged[87223:c36851] [com.apple.UnifiedAssetFramework:XPCActivity] _RegisterXPCActivity_block_invoke Deferring activity:com.apple.siri.xpc_activity.uaf-subscription-maintenance deferred:No
2026-09-30 23:13:33.370 Df siriknowledged[87223:c36851] [com.apple.xpc.activity:Client] __XPC_ACTIVITY_CALLING_HANDLER__ returned from handler: com.apple.siri.xpc_activity.uaf-subscription-maintenance (0x101ca5720), current state 0, pending state 0
2026-09-30 23:13:33.370 Df siriknowledged[87223:c36851] [com.apple.xpc.activity:Client] _xpc_activity_set_state: com.apple.siri.xpc_activity.uaf-subscription-maintenance (0x101ca5720), 1
2026-09-30 23:13:33.370 E  cfprefsd[86798:c335ba] [com.apple.defaults:cfprefsd] Couldn't open /Library/Managed Preferences/.GlobalPreferences.plist due to No such file or directory
2026-09-30 23:13:33.373 Df fitcored[86987:c35f5d] [com.apple.Seymour:database] [unlink] after-remove store=seymour_d db=1552384 wal=0 shm=32768
2026-09-30 23:13:33.374 Sd passd[86783:0] (9EB5D46E-9905-3F42-B357-8CD693BE42EC) CLLocationManagerStateTracker

2026-09-30 23:13:33.374 Df triald[86830:c3386b] [com.apple.triald:_] Covariate fetch connection to TrialArchivingService was invalidated.
2026-09-30 23:13:33.374 Df fitcored[86987:c35f5d] [com.apple.Seymour:database] [unlink] before-remove store=seymour_b db=1552384 wal=0 shm=32768
2026-09-30 23:13:33.374 E  siriknowledged[87223:c3684d] [com.apple.UnifiedAssetFramework:XPCActivity] _RegisterXPCActivity_block_invoke Deferring activity:com.apple.siri.xpc_activity.uaf-post-upgrade deferred:No
2026-09-30 23:13:33.374 Df siriknowledged[87223:c3684d] [com.apple.xpc.activity:Client] __XPC_ACTIVITY_CALLING_HANDLER__ returned from handler: com.apple.siri.xpc_activity.uaf-post-upgrade (0x101ca5540), current state 0, pending state 0
2026-09-30 23:13:33.374 Df siriknowledged[87223:c3684d] [com.apple.xpc.activity:Client] _xpc_activity_set_state: com.apple.siri.xpc_activity.uaf-post-upgrade (0x101ca5540), 1
2026-09-30 23:13:33.377 Df siriknowledged[87223:c3684c] [com.apple.GenerativeModels:availability] isOkayToHaveAsset: True
2026-09-30 23:13:33.379 Df mapssyncd[88511:c35ffa] [com.apple.FileURL:default] kExcludedFromCloudBackupName set on path: /Users/tarunyadgirkar/Library/Developer/CoreSimulator/Devices/CF361191-F960-4212-9B76-7C41256A11C9/data/Library/Maps
2026-09-30 23:13:33.379 Df mapssyncd[88511:c35ffa] [com.apple.FileURL:default] kExcludedFromUnencryptedBackupName set on path: /Users/tarunyadgirkar/Library/Developer/CoreSimulator/Devices/CF361191-F960-4212-9B76-7C41256A11C9/data/Library/Maps
2026-09-30 23:13:33.380 Df TrialArchivingService[87163:c3565d] [com.apple.xpc:connection] [0x1018e8140] invalidated because the client process (pid 86830) either cancelled the connection or exited
2026-09-30 23:13:33.382 Df fitcored[86987:c35f5d] [com.apple.Seymour:database] [unlink] after-remove store=seymour_b db=1552384 wal=0 shm=32768
2026-09-30 23:13:33.383 Df TrialArchivingService[87163:c35b6c] [com.apple.triald:archiving] accepting connection from pid 86830
2026-09-30 23:13:33.383 Df TrialArchivingService[87163:c35b6c] [com.apple.xpc:connection] [0x1018e8140] activating connection: mach=false listener=false peer=true name=com.apple.trial.TrialArchivingService.peer[86830].0x1018e8140
2026-09-30 23:13:33.386 Df triald[86830:c33a38] [com.apple.xpc:connection] [0x104130500] invalidated because the current process cancelled the connection by calling xpc_connection_cancel()
2026-09-30 23:13:33.386 Df triald[86830:c33a38] [com.apple.xpc:connection] [0x1041303c0] activating connection: mach=false listener=false peer=false name=com.apple.trial.TrialArchivingService
2026-09-30 23:13:33.386 Df triald[86830:c3386b] [com.apple.triald:_] Covariate fetch connection to TrialArchivingService was invalidated.
2026-09-30 23:13:33.387 Df TrialArchivingService[87163:c3565d] [com.apple.xpc:connection] [0x1018e8140] invalidated because the client process (pid 86830) either cancelled the connection or exited
2026-09-30 23:13:33.388 Df TrialArchivingService[87163:c35b6c] [com.apple.triald:archiving] accepting connection from pid 86830
2026-09-30 23:13:33.388 Df TrialArchivingService[87163:c35b6c] [com.apple.xpc:connection] [0x1018e8140] activating connection: mach=false listener=false peer=true name=com.apple.trial.TrialArchivingService.peer[86830].0x1018e8140
2026-09-30 23:13:33.388 Df TrialArchivingService[87163:c35b6c] [com.apple.triald.archiving:archiving] Fetching Ads bucket ID: APPSTORE
2026-09-30 23:13:33.391 Df mapssyncd[88511:c35ffa] [com.apple.xpc:connection] [0x1040dc3c0] activating connection: mach=true listener=false peer=false name=com.apple.lsd.mapdb
2026-09-30 23:13:33.391 Df lsd[86807:c35c39] [com.apple.xpc:connection] [0x105b3df40] activating connection: mach=false listener=false peer=true name=com.apple.lsd.mapdb.peer[88511].0x105b3df40
2026-09-30 23:13:33.457 E  videosubscriptionsd[88516:c35ff7] [com.apple.coredata:error] CoreData: error: <NSPersistentStoreCoordinator: 0x1034cd880>: Attempting recovery from error encountered during addPersistentStore: 0x10344d140 Error Domain=NSCocoaErrorDomain Code=512 "The file couldn’t be saved." UserInfo={reason=Failed to create file; code = 2}
2026-09-30 23:13:33.457 E  videosubscriptionsd[88516:c35ff7] [com.apple.coredata:error] CoreData: error: During recovery, parent directory path reported as missing
2026-09-30 23:13:33.461 Df storekitd[86997:c36194] [com.apple.storekit:Default] [c8947a72] Clearing app transactions for ["com.tarunyadgirkar.prefill.spike.textinsert"]
2026-09-30 23:13:33.461 A  runningboardd[86757:c3683c] (RunningBoard) state update
2026-09-30 23:13:33.461 Df storekitd[86997:c36846] [com.apple.storekit:Default] [eb56dc0f] Clearing app transactions for ["com.tarunyadgirkar.prefill.spike.textinsert.uitests.xctrunner"]
2026-09-30 23:13:33.462 A  runningboardd[86757:c3683c] (RunningBoard) state notification
2026-09-30 23:13:33.463 Df axassetsd[86763:c358f8] [com.apple.xpc:connection] [0x106aa0500] activating connection: mach=false listener=true peer=false name=(anonymous)
2026-09-30 23:13:33.463 Df axassetsd[86763:c358f8] [com.apple.xpc:connection] [0x106aa0f00] activating connection: mach=false listener=false peer=false name=com.apple.ax.MauiTTSSupport.MauiAUSP.apple-extension-service
2026-09-30 23:13:33.464 Df axassetsd[86763:c358f8] [com.apple.xpc:connection] [0x106aa0500] Connection returned listener port: 0x9013
2026-09-30 23:13:33.464 Df MauiAUSP[87645:c35908] [com.apple.xpc:connection] [0x106545400] activating connection: mach=false listener=false peer=true name=com.apple.ax.MauiTTSSupport.MauiAUSP.apple-extension-service.peer[86763].0x106545400
2026-09-30 23:13:33.464 A  MauiAUSP[87645:c35908] (ExtensionFoundation) beginning extension request
2026-09-30 23:13:33.464 Df MauiAUSP[87645:c3684f] [com.apple.xpc:connection] [0x106544b40] activating connection: mach=false listener=false peer=false name=(anonymous)
2026-09-30 23:13:33.464 Df axassetsd[86763:c349fb] [com.apple.xpc:connection] [0x106aa0b40] activating connection: mach=false listener=false peer=true name=com.apple.xpc.anonymous.0x106aa0500.peer[87645].0x106aa0b40
2026-09-30 23:13:33.465 Df MauiAUSP[87645:c35908] [com.apple.extensionkit:NSExtension] in _willPerformHostCallback: block ( UUID: B268198C-681E-43B4-B453-4091CF700318 error: (null) )
2026-09-30 23:13:33.465 Df axassetsd[86763:c358f8] [com.apple.xpc:connection] [0x106aa12c0] activating connection: mach=false listener=true peer=false name=(anonymous)
2026-09-30 23:13:33.465 Df axassetsd[86763:c358f8] [com.apple.xpc:connection] [0x106aa1900] activating connection: mach=false listener=false peer=false name=com.apple.ax.MauiTTSSupport.MauiAUSP.apple-extension-service
2026-09-30 23:13:33.465 Df axassetsd[86763:c358f8] [com.apple.xpc:connection] [0x106aa12c0] Connection returned listener port: 0x8e0b
2026-09-30 23:13:33.465 Df axassetsd[86763:c358f8] [com.apple.xpc:connection] [0x106aa1040] activating connection: mach=false listener=true peer=false name=(anonymous)
2026-09-30 23:13:33.465 Df MauiAUSP[87645:c35908] [com.apple.xpc:connection] [0x106544280] activating connection: mach=false listener=false peer=true name=com.apple.ax.MauiTTSSupport.MauiAUSP.apple-extension-service.peer[86763].0x106544280
2026-09-30 23:13:33.465 Df axassetsd[86763:c358f8] [com.apple.xpc:connection] [0x106aa17c0] activating connection: mach=false listener=false peer=false name=com.apple.texttospeech.SiriAUSP.apple-extension-service
2026-09-30 23:13:33.465 A  MauiAUSP[87645:c3684f] (ExtensionFoundation) beginning extension request
2026-09-30 23:13:33.466 Df MauiAUSP[87645:c35908] [com.apple.xpc:connection] [0x1065443c0] activating connection: mach=false listener=false peer=false name=(anonymous)
2026-09-30 23:13:33.466 Df axassetsd[86763:c358f8] [com.apple.xpc:connection] [0x106aa1040] Connection returned listener port: 0xfc03
2026-09-30 23:13:33.466 Df axassetsd[86763:c35921] [com.apple.xpc:connection] [0x106aa1b80] activating connection: mach=false listener=false peer=true name=com.apple.xpc.anonymous.0x106aa12c0.peer[87645].0x106aa1b80
2026-09-30 23:13:33.466 Df axassetsd[86763:c358f8] [com.apple.xpc:connection] [0x106aa1a40] activating connection: mach=false listener=true peer=false name=(anonymous)
2026-09-30 23:13:33.466 Df axassetsd[86763:c358f8] [com.apple.xpc:connection] [0x106aa1cc0] activating connection: mach=false listener=false peer=false name=com.apple.texttospeech.SiriAUSP.apple-extension-service
2026-09-30 23:13:33.466 Df MauiAUSP[87645:c3684f] [com.apple.extensionkit:NSExtension] in _willPerformHostCallback: block ( UUID: BB087C5F-7DD1-4802-81CE-0557FE818078 error: (null) )
2026-09-30 23:13:33.466 Df SiriAUSP[87641:c35901] [com.apple.xpc:connection] [0x102948500] activating connection: mach=false listener=false peer=true name=com.apple.texttospeech.SiriAUSP.apple-extension-service.peer[86763].0x102948500
2026-09-30 23:13:33.466 A  SiriAUSP[87641:c36232] (ExtensionFoundation) beginning extension request
2026-09-30 23:13:33.466 Df SiriAUSP[87641:c35901] [com.apple.xpc:connection] [0x1029483c0] activating connection: mach=false listener=false peer=false name=(anonymous)
2026-09-30 23:13:33.466 Df axassetsd[86763:c358f8] [com.apple.xpc:connection] [0x106aa1a40] Connection returned listener port: 0x9257
2026-09-30 23:13:33.466 Df SiriAUSP[87641:c35901] [com.apple.xpc:connection] [0x102949400] activating connection: mach=false listener=false peer=true name=com.apple.texttospeech.SiriAUSP.apple-extension-service.peer[86763].0x102949400
2026-09-30 23:13:33.466 Df axassetsd[86763:c35921] [com.apple.xpc:connection] [0x106aa1e00] activating connection: mach=false listener=false peer=true name=com.apple.xpc.anonymous.0x106aa1040.peer[87641].0x106aa1e00
2026-09-30 23:13:33.466 Df MacinTalkAUSP[87667:c36235] [com.apple.xpc:connection] [0x104144b40] activating connection: mach=false listener=true peer=false name=(anonymous)
2026-09-30 23:13:33.466 Df MacinTalkAUSP[87667:c3684e] [com.apple.xpc:connection] [0x104145680] activating connection: mach=false listener=true peer=false name=(anonymous)
2026-09-30 23:13:33.466 A  SiriAUSP[87641:c35901] (ExtensionFoundation) beginning extension request
2026-09-30 23:13:33.466 Df MacinTalkAUSP[87667:c36235] [com.apple.xpc:connection] [0x104144b40] Connection returned listener port: 0x4a03
2026-09-30 23:13:33.466 Df MacinTalkAUSP[87667:c3684e] [com.apple.xpc:connection] [0x104145680] Connection returned listener port: 0x4c0f
2026-09-30 23:13:33.466 Df SiriAUSP[87641:c36232] [com.apple.extensionkit:NSExtension] in _willPerformHostCallback: block ( UUID: C65B9704-E672-4A19-A646-AEB713DFEFFD error: (null) )
2026-09-30 23:13:33.466 Df SiriAUSP[87641:c3685b] [com.apple.xpc:connection] [0x102949540] activating connection: mach=false listener=false peer=false name=(anonymous)
2026-09-30 23:13:33.467 Df axassetsd[86763:c36853] [com.apple.xpc:connection] [0x106aa1f40] activating connection: mach=false listener=false peer=false name=(anonymous)
2026-09-30 23:13:33.467 Df axassetsd[86763:c349fb] [com.apple.xpc:connection] [0x106aa2080] activating connection: mach=false listener=false peer=false name=(anonymous)
2026-09-30 23:13:33.467 Df axassetsd[86763:c35921] [com.apple.xpc:connection] [0x106aa2300] activating connection: mach=false listener=false peer=true name=com.apple.xpc.anonymous.0x106aa1a40.peer[87641].0x106aa2300
2026-09-30 23:13:33.467 Df SiriAUSP[87641:c36232] [com.apple.extensionkit:NSExtension] in _willPerformHostCallback: block ( UUID: E8CE5677-8A15-4577-9BE6-251EFFC6C1A5 error: (null) )
2026-09-30 23:13:33.467 Df MacinTalkAUSP[87667:c3684e] [com.apple.xpc:connection] [0x1041457c0] activating connection: mach=false listener=false peer=true name=com.apple.xpc.anonymous.0x104145680.peer[86763].0x1041457c0
2026-09-30 23:13:33.467 Df MacinTalkAUSP[87667:c36235] [com.apple.xpc:connection] [0x104145900] activating connection: mach=false listener=false peer=true name=com.apple.xpc.anonymous.0x104144b40.peer[86763].0x104145900
2026-09-30 23:13:33.470 Df axassetsd[86763:c358f8] [com.apple.extensionkit:NSExtension] tearing down extension request DDBB9A6F-16F9-4C1B-BC9A-DCDACC740734 to extension <EXConcreteExtension: 0x101e0c1c0> {id = com.apple.speech.MacinTalkFramework.MacinTalkAUSP} (last known pid 87667)
2026-09-30 23:13:33.470 Df axassetsd[86763:c358f8] [com.apple.xpc:connection] [0x106aa08c0] invalidated because the current process cancelled the connection by calling xpc_connection_cancel()
2026-09-30 23:13:33.471 Df axassetsd[86763:c358f8] [com.apple.xpc:connection] [0x106aa0640] invalidated because the current process cancelled the connection by calling xpc_connection_cancel()
2026-09-30 23:13:33.471 Df axassetsd[86763:c358f8] [com.apple.xpc:connection] [0x106aa0c80] invalidated because the current process cancelled the connection by calling xpc_connection_cancel()
2026-09-30 23:13:33.471 Df axassetsd[86763:c358f8] [com.apple.extensionkit:NSExtension] tearing down extension request 462FB646-4C87-4B0A-BD85-CC0F4F16902A to extension <EXConcreteExtension: 0x101e0c1c0> {id = com.apple.speech.MacinTalkFramework.MacinTalkAUSP} (last known pid 87667)
2026-09-30 23:13:33.471 Df axassetsd[86763:c358f8] [com.apple.xpc:connection] [0x106aa0280] invalidated because the current process cancelled the connection by calling xpc_connection_cancel()
2026-09-30 23:13:33.471 Df axassetsd[86763:c358f8] [com.apple.xpc:connection] [0x106aa0a00] invalidated because the current process cancelled the connection by calling xpc_connection_cancel()
2026-09-30 23:13:33.471 Df axassetsd[86763:c358f8] [com.apple.xpc:connection] [0x106aa0140] invalidated because the current process cancelled the connection by calling xpc_connection_cancel()
2026-09-30 23:13:33.472 Df MauiAUSP[87645:c3684f] [com.apple.xpc:connection] [0x106545540] activating connection: mach=false listener=true peer=false name=(anonymous)
2026-09-30 23:13:33.472 E  axassetsd[86763:c36853] [com.apple.Accessibility:VoiceDB] Failed to execute load with error You don’t have permission to save the file “Accessibility” in the folder “Library”.
2026-09-30 23:13:33.472 Df MauiAUSP[87645:c3684f] [com.apple.xpc:connection] [0x106545540] Connection returned listener port: 0x1363
2026-09-30 23:13:33.472 Df axassetsd[86763:c358f8] [com.apple.xpc:connection] [0x106aa2440] activating connection: mach=false listener=false peer=false name=(anonymous)
2026-09-30 23:13:33.472 Df MauiAUSP[87645:c3684f] [com.apple.xpc:connection] [0x106545680] activating connection: mach=false listener=false peer=true name=com.apple.xpc.anonymous.0x106545540.peer[86763].0x106545680
2026-09-30 23:13:33.473 Df SiriAUSP[87641:c3685b] [com.apple.xpc:connection] [0x102948b40] activating connection: mach=false listener=true peer=false name=(anonymous)
2026-09-30 23:13:33.473 Df SiriAUSP[87641:c3685b] [com.apple.xpc:connection] [0x102948b40] Connection returned listener port: 0x4803
2026-09-30 23:13:33.473 Df axassetsd[86763:c358f8] [com.apple.xpc:connection] [0x106aa21c0] activating connection: mach=false listener=false peer=false name=(anonymous)
2026-09-30 23:13:33.473 Df SiriAUSP[87641:c3685b] [com.apple.xpc:connection] [0x102949680] activating connection: mach=false listener=false peer=true name=com.apple.xpc.anonymous.0x102948b40.peer[86763].0x102949680
2026-09-30 23:13:33.474 Df MauiAUSP[87645:c3684f] [com.apple.xpc:connection] [0x1065457c0] activating connection: mach=false listener=true peer=false name=(anonymous)
2026-09-30 23:13:33.474 Df MauiAUSP[87645:c3684f] [com.apple.xpc:connection] [0x1065457c0] Connection returned listener port: 0x4a03
2026-09-30 23:13:33.474 Df axassetsd[86763:c358f8] [com.apple.xpc:connection] [0x106aa2580] activating connection: mach=false listener=false peer=false name=(anonymous)
2026-09-30 23:13:33.474 Df MauiAUSP[87645:c3684f] [com.apple.xpc:connection] [0x106545900] activating connection: mach=false listener=false peer=true name=com.apple.xpc.anonymous.0x1065457c0.peer[86763].0x106545900
2026-09-30 23:13:33.475 Df axassetsd[86763:c358f8] [com.apple.extensionkit:NSExtension] tearing down extension request B268198C-681E-43B4-B453-4091CF700318 to extension <EXConcreteExtension: 0x101e0ca80> {id = com.apple.ax.MauiTTSSupport.MauiAUSP} (last known pid 87645)
2026-09-30 23:13:33.475 Df axassetsd[86763:c358f8] [com.apple.xpc:connection] [0x106aa0b40] invalidated because the current process cancelled the connection by calling xpc_connection_cancel()
2026-09-30 23:13:33.475 Df axassetsd[86763:c358f8] [com.apple.xpc:connection] [0x106aa0500] invalidated because the current process cancelled the connection by calling xpc_connection_cancel()
2026-09-30 23:13:33.475 Df axassetsd[86763:c358f8] [com.apple.xpc:connection] [0x106aa0f00] invalidated because the current process cancelled the connection by calling xpc_connection_cancel()
2026-09-30 23:13:33.475 Df axassetsd[86763:c358f8] [com.apple.extensionkit:NSExtension] tearing down extension request C65B9704-E672-4A19-A646-AEB713DFEFFD to extension <EXConcreteExtension: 0x101e0c9a0> {id = com.apple.texttospeech.SiriAUSP} (last known pid 87641)
2026-09-30 23:13:33.475 Df axassetsd[86763:c358f8] [com.apple.xpc:connection] [0x106aa1e00] invalidated because the current process cancelled the connection by calling xpc_connection_cancel()
2026-09-30 23:13:33.475 Df axassetsd[86763:c358f8] [com.apple.xpc:connection] [0x106aa1040] invalidated because the current process cancelled the connection by calling xpc_connection_cancel()
2026-09-30 23:13:33.475 Df axassetsd[86763:c358f8] [com.apple.xpc:connection] [0x106aa17c0] invalidated because the current process cancelled the connection by calling xpc_connection_cancel()
2026-09-30 23:13:33.475 Df axassetsd[86763:c358f8] [com.apple.extensionkit:NSExtension] tearing down extension request BB087C5F-7DD1-4802-81CE-0557FE818078 to extension <EXConcreteExtension: 0x101e0ca80> {id = com.apple.ax.MauiTTSSupport.MauiAUSP} (last known pid 87645)
2026-09-30 23:13:33.475 Df axassetsd[86763:c358f8] [com.apple.xpc:connection] [0x106aa1b80] invalidated because the current process cancelled the connection by calling xpc_connection_cancel()
2026-09-30 23:13:33.475 Df axassetsd[86763:c358f8] [com.apple.xpc:connection] [0x106aa12c0] invalidated because the current process cancelled the connection by calling xpc_connection_cancel()
2026-09-30 23:13:33.475 Df axassetsd[86763:c358f8] [com.apple.xpc:connection] [0x106aa1900] invalidated because the current process cancelled the connection by calling xpc_connection_cancel()
2026-09-30 23:13:33.477 Df SiriAUSP[87641:c3685b] [com.apple.xpc:connection] [0x1029497c0] activating connection: mach=false listener=true peer=false name=(anonymous)
2026-09-30 23:13:33.477 Df SiriAUSP[87641:c3685b] [com.apple.xpc:connection] [0x1029497c0] Connection returned listener port: 0x7f03
2026-09-30 23:13:33.477 Df axassetsd[86763:c358f8] [com.apple.xpc:connection] [0x106aa26c0] activating connection: mach=false listener=false peer=false name=(anonymous)
2026-09-30 23:13:33.477 Df SiriAUSP[87641:c3685b] [com.apple.xpc:connection] [0x102949900] activating connection: mach=false listener=false peer=true name=com.apple.xpc.anonymous.0x1029497c0.peer[86763].0x102949900
2026-09-30 23:13:33.477 Df axassetsd[86763:c358f8] [com.apple.extensionkit:NSExtension] tearing down extension request E8CE5677-8A15-4577-9BE6-251EFFC6C1A5 to extension <EXConcreteExtension: 0x101e0c9a0> {id = com.apple.texttospeech.SiriAUSP} (last known pid 87641)
2026-09-30 23:13:33.477 Df axassetsd[86763:c358f8] [com.apple.xpc:connection] [0x106aa2300] invalidated because the current process cancelled the connection by calling xpc_connection_cancel()
2026-09-30 23:13:33.477 Df axassetsd[86763:c358f8] [com.apple.xpc:connection] [0x106aa1a40] invalidated because the current process cancelled the connection by calling xpc_connection_cancel()
2026-09-30 23:13:33.478 Df axassetsd[86763:c358f8] [com.apple.xpc:connection] [0x106aa1cc0] invalidated because the current process cancelled the connection by calling xpc_connection_cancel()
2026-09-30 23:13:33.478 Df MacinTalkAUSP[87667:c3684e] [com.apple.xpc:connection] [0x1041443c0] Re-initialization successful; calling out to event handler with XPC_ERROR_CONNECTION_INTERRUPTED
2026-09-30 23:13:33.478 Df MacinTalkAUSP[87667:c3684e] [com.apple.xpc:connection] [0x104145540] Re-initialization successful; calling out to event handler with XPC_ERROR_CONNECTION_INTERRUPTED
2026-09-30 23:13:33.478 Df MauiAUSP[87645:c3684f] [com.apple.xpc:connection] [0x1065443c0] Re-initialization successful; calling out to event handler with XPC_ERROR_CONNECTION_INTERRUPTED
2026-09-30 23:13:33.478 Df MauiAUSP[87645:c3684f] [com.apple.xpc:connection] [0x106544b40] Re-initialization successful; calling out to event handler with XPC_ERROR_CONNECTION_INTERRUPTED
2026-09-30 23:13:33.478 Df SiriAUSP[87641:c3685b] [com.apple.xpc:connection] [0x102949540] Re-initialization successful; calling out to event handler with XPC_ERROR_CONNECTION_INTERRUPTED
2026-09-30 23:13:33.478 A  runningboardd[86757:c3451d] (RunningBoard) invalidateAssertionWithIdentifier
2026-09-30 23:13:33.478 Df runningboardd[86757:c3451d] [com.apple.runningboard:ttl] Invalidating assertion 86757-86763-4988 (target:[xpcservice<com.apple.speech.MacinTalkFramework.MacinTalkAUSP([osservice<com.apple.accessibility.axassetsd>:86763])>{vt hash: 0}{definition:com.apple.speech.MacinTalkFramework.MacinTalkAUSP[extension][client]}:87667]) from originator [osservice<com.apple.accessibility.axassetsd>:86763]
2026-09-30 23:13:33.479 Df axassetsd[86763:c358f8] [com.apple.PlugInKit:lifecycle] [u 63D70AFA-FC0C-4585-83F7-EF3426163F87:m (null)] [com.apple.speech.MacinTalkFramework.MacinTalkAUSP(1.0)] all extension sessions ended
2026-09-30 23:13:33.480 Df MacinTalkAUSP[87667:c3684e] [com.apple.PlugInKit:lifecycle] [u A2A491B2-5F34-425A-911C-04991B0E0EB2] [com.apple.speech.MacinTalkFramework.MacinTalkAUSP(1.0)] Removed sole personality.
2026-09-30 23:13:33.480 Df axassetsd[86763:c358f8] [com.apple.xpc:connection] [0x106aa0780] invalidated because the current process cancelled the connection by calling xpc_connection_cancel()
2026-09-30 23:13:33.480 A  runningboardd[86757:c3451d] (RunningBoard) invalidateAssertionWithIdentifier
2026-09-30 23:13:33.480 Df runningboardd[86757:c3451d] [com.apple.runningboard:ttl] Invalidating assertion 86757-86763-4984 (target:[xpcservice<com.apple.speech.MacinTalkFramework.MacinTalkAUSP([osservice<com.apple.accessibility.axassetsd>:86763])>{vt hash: 0}{definition:com.apple.speech.MacinTalkFramework.MacinTalkAUSP[extension][client]}:87667]) from originator [osservice<com.apple.accessibility.axassetsd>:86763]
2026-09-30 23:13:33.481 A  runningboardd[86757:c3451d] (RunningBoard) invalidateAssertionWithIdentifier
2026-09-30 23:13:33.481 Df runningboardd[86757:c3451d] [com.apple.runningboard:ttl] Invalidating assertion 86757-86763-4986 (target:[xpcservice<com.apple.ax.MauiTTSSupport.MauiAUSP([osservice<com.apple.accessibility.axassetsd>:86763])>{vt hash: 0}{definition:com.apple.ax.MauiTTSSupport.MauiAUSP[extension][client]}:87645]) from originator [osservice<com.apple.accessibility.axassetsd>:86763]
2026-09-30 23:13:33.481 A  runningboardd[86757:c3451d] (RunningBoard) invalidateAssertionWithIdentifier
2026-09-30 23:13:33.481 Df runningboardd[86757:c3451d] [com.apple.runningboard:ttl] Invalidating assertion 86757-86763-4985 (target:[xpcservice<com.apple.texttospeech.SiriAUSP([osservice<com.apple.accessibility.axassetsd>:86763])>{vt hash: 0}{definition:com.apple.texttospeech.SiriAUSP[extension][client]}:87641]) from originator [osservice<com.apple.accessibility.axassetsd>:86763]
2026-09-30 23:13:33.481 Df axassetsd[86763:c358f8] [com.apple.PlugInKit:lifecycle] [u 89B49AE2-8C0D-4EF9-80E2-D94710A99F83:m (null)] [com.apple.ax.MauiTTSSupport.MauiAUSP(1.0)] all extension sessions ended
2026-09-30 23:13:33.481 Df MauiAUSP[87645:c3684f] [com.apple.PlugInKit:lifecycle] [u 0E096D7B-97FD-478B-8845-9817D4555EE9] [com.apple.ax.MauiTTSSupport.MauiAUSP(1.0)] Removed sole personality.
2026-09-30 23:13:33.482 Df axassetsd[86763:c358f8] [com.apple.xpc:connection] [0x106aa0dc0] invalidated because the current process cancelled the connection by calling xpc_connection_cancel()
2026-09-30 23:13:33.482 A  runningboardd[86757:c3451d] (RunningBoard) invalidateAssertionWithIdentifier
2026-09-30 23:13:33.482 Df runningboardd[86757:c3451d] [com.apple.runningboard:ttl] Invalidating assertion 86757-86763-4987 (target:[xpcservice<com.apple.ax.MauiTTSSupport.MauiAUSP([osservice<com.apple.accessibility.axassetsd>:86763])>{vt hash: 0}{definition:com.apple.ax.MauiTTSSupport.MauiAUSP[extension][client]}:87645]) from originator [osservice<com.apple.accessibility.axassetsd>:86763]
2026-09-30 23:13:33.483 Df axassetsd[86763:c358f8] [com.apple.PlugInKit:lifecycle] [u F4BF39B8-47AA-446E-8A8F-EB3685A3D146:m (null)] [com.apple.texttospeech.SiriAUSP(1.0)] all extension sessions ended
2026-09-30 23:13:33.483 Df SiriAUSP[87641:c3685b] [com.apple.PlugInKit:lifecycle] [u 8650B2E2-3EDA-4B29-AA0B-6E78CF00F6EC] [com.apple.texttospeech.SiriAUSP(1.0)] Removed sole personality.
2026-09-30 23:13:33.483 Df axassetsd[86763:c358f8] [com.apple.xpc:connection] [0x106aa0000] invalidated because the current process cancelled the connection by calling xpc_connection_cancel()
2026-09-30 23:13:33.483 A  runningboardd[86757:c3451d] (RunningBoard) invalidateAssertionWithIdentifier
2026-09-30 23:13:33.483 Df runningboardd[86757:c3451d] [com.apple.runningboard:ttl] Invalidating assertion 86757-86763-4989 (target:[xpcservice<com.apple.texttospeech.SiriAUSP([osservice<com.apple.accessibility.axassetsd>:86763])>{vt hash: 0}{definition:com.apple.texttospeech.SiriAUSP[extension][client]}:87641]) from originator [osservice<com.apple.accessibility.axassetsd>:86763]
2026-09-30 23:13:33.484 Df SiriAUSP[87641:c3685b] [com.apple.xpc:connection] [0x1029483c0] Re-initialization successful; calling out to event handler with XPC_ERROR_CONNECTION_INTERRUPTED
2026-09-30 23:13:33.484 Df MacinTalkAUSP[87667:c3684e] [com.apple.xpc:connection] [0x104145400] invalidated because the client process (pid 86763) either cancelled the connection or exited
2026-09-30 23:13:33.484 Df MacinTalkAUSP[87667:c36235] [com.apple.xpc:connection] [0x104144500] invalidated because the client process (pid 86763) either cancelled the connection or exited
2026-09-30 23:13:33.484 Df MacinTalkAUSP[87667:c3684e] [com.apple.extensionkit:NSExtension] tearing down context in extension due to invalidation
2026-09-30 23:13:33.484 Df SiriAUSP[87641:c3685b] [com.apple.xpc:connection] [0x1029492c0] invalidated because the client process (pid 86763) either cancelled the connection or exited
2026-09-30 23:13:33.484 Df axassetsd[86763:c358f8] [com.apple.PlugInKit:lifecycle] [u F4BF39B8-47AA-446E-8A8F-EB3685A3D146:m (null)] [com.apple.texttospeech.SiriAUSP(1.0)] Emptying requests set
2026-09-30 23:13:33.484 Df MacinTalkAUSP[87667:c36235] [com.apple.extensionkit:NSExtension] tearing down context in extension due to invalidation
2026-09-30 23:13:33.484 A  MacinTalkAUSP[87667:c36854] (ExtensionFoundation) tearing down extension context
2026-09-30 23:13:33.484 Df MacinTalkAUSP[87667:c36854] [com.apple.xpc:connection] [0x104145540] invalidated because the current process cancelled the connection by calling xpc_connection_cancel()
2026-09-30 23:13:33.484 Df SiriAUSP[87641:c3685b] [com.apple.PlugInKit:xpc] [u 8650B2E2-3EDA-4B29-AA0B-6E78CF00F6EC] [com.apple.texttospeech.SiriAUSP(1.0)] host connection from pid 86763 invalidated
2026-09-30 23:13:33.484 A  MacinTalkAUSP[87667:c36854] (ExtensionFoundation) tearing down extension context
2026-09-30 23:13:33.484 Df MacinTalkAUSP[87667:c36854] [com.apple.xpc:connection] [0x1041443c0] invalidated because the current process cancelled the connection by calling xpc_connection_cancel()
2026-09-30 23:13:33.484 Df MauiAUSP[87645:c3684f] [com.apple.xpc:connection] [0x106544640] invalidated because the client process (pid 86763) either cancelled the connection or exited
2026-09-30 23:13:33.484 Df MauiAUSP[87645:c3684f] [com.apple.PlugInKit:xpc] [u 0E096D7B-97FD-478B-8845-9817D4555EE9] [com.apple.ax.MauiTTSSupport.MauiAUSP(1.0)] host connection from pid 86763 invalidated
2026-09-30 23:13:33.484 Df axassetsd[86763:c358f8] [com.apple.PlugInKit:lifecycle] [u 89B49AE2-8C0D-4EF9-80E2-D94710A99F83:m (null)] [com.apple.ax.MauiTTSSupport.MauiAUSP(1.0)] Emptying requests set
2026-09-30 23:13:33.484 Df MauiAUSP[87645:c3684f] [com.apple.xpc:connection] [0x106545400] invalidated because the client process (pid 86763) either cancelled the connection or exited
2026-09-30 23:13:33.484 Df MauiAUSP[87645:c3684f] [com.apple.extensionkit:NSExtension] tearing down context in extension due to invalidation
2026-09-30 23:13:33.484 Df MacinTalkAUSP[87667:c36854] [com.apple.xpc:connection] [0x1041452c0] invalidated because the client process (pid 86763) either cancelled the connection or exited
2026-09-30 23:13:33.485 A  MauiAUSP[87645:c35908] (ExtensionFoundation) tearing down extension context
2026-09-30 23:13:33.485 Df axassetsd[86763:c358f8] [com.apple.PlugInKit:lifecycle] [u 63D70AFA-FC0C-4585-83F7-EF3426163F87:m (null)] [com.apple.speech.MacinTalkFramework.MacinTalkAUSP(1.0)] Emptying requests set
2026-09-30 23:13:33.485 Df MacinTalkAUSP[87667:c36854] [com.apple.PlugInKit:xpc] [u A2A491B2-5F34-425A-911C-04991B0E0EB2] [com.apple.speech.MacinTalkFramework.MacinTalkAUSP(1.0)] host connection from pid 86763 invalidated
2026-09-30 23:13:33.485 Df MauiAUSP[87645:c35908] [com.apple.xpc:connection] [0x106544b40] invalidated because the current process cancelled the connection by calling xpc_connection_cancel()
2026-09-30 23:13:33.485 Df SiriAUSP[87641:c3685b] [com.apple.xpc:connection] [0x102949400] invalidated because the client process (pid 86763) either cancelled the connection or exited
2026-09-30 23:13:33.485 Df SiriAUSP[87641:c3685b] [com.apple.extensionkit:NSExtension] tearing down context in extension due to invalidation
2026-09-30 23:13:33.485 Df MauiAUSP[87645:c3684f] [com.apple.xpc:connection] [0x106544280] invalidated because the client process (pid 86763) either cancelled the connection or exited
2026-09-30 23:13:33.485 A  SiriAUSP[87641:c35901] (ExtensionFoundation) tearing down extension context
2026-09-30 23:13:33.485 Df MauiAUSP[87645:c3684f] [com.apple.extensionkit:NSExtension] tearing down context in extension due to invalidation
2026-09-30 23:13:33.485 Df SiriAUSP[87641:c35901] [com.apple.xpc:connection] [0x102949540] invalidated because the current process cancelled the connection by calling xpc_connection_cancel()
2026-09-30 23:13:33.485 A  MauiAUSP[87645:c3684f] (ExtensionFoundation) tearing down extension context
2026-09-30 23:13:33.485 Df MauiAUSP[87645:c3684f] [com.apple.xpc:connection] [0x1065443c0] invalidated because the current process cancelled the connection by calling xpc_connection_cancel()
2026-09-30 23:13:33.485 Df SiriAUSP[87641:c35901] [com.apple.xpc:connection] [0x102948500] invalidated because the client process (pid 86763) either cancelled the connection or exited
2026-09-30 23:13:33.485 Df SiriAUSP[87641:c35901] [com.apple.extensionkit:NSExtension] tearing down context in extension due to invalidation
2026-09-30 23:13:33.485 A  SiriAUSP[87641:c36232] (ExtensionFoundation) tearing down extension context
2026-09-30 23:13:33.485 Df SiriAUSP[87641:c36232] [com.apple.xpc:connection] [0x1029483c0] invalidated because the current process cancelled the connection by calling xpc_connection_cancel()
2026-09-30 23:13:33.498 E  cfprefsd[86798:c335ba] [com.apple.defaults:cfprefsd] Couldn't open /Library/Managed Preferences/mobile/com.apple.siriknowledged.plist due to No such file or directory
2026-09-30 23:13:33.499 E  cfprefsd[86798:c335ba] [com.apple.defaults:cfprefsd] Couldn't open /Library/Managed Preferences/com.apple.siriknowledged.plist due to No such file or directory
2026-09-30 23:13:33.499 Df UserEventAgent[86753:c35a7a] [com.apple.xpc.activity:Activities] Initiating: SpendingSummariesNotificationCoordinator.ScheduleSpendingSummariesNotification (0x103e60f00)
2026-09-30 23:13:33.499 Df UserEventAgent[86753:c35a7a] [com.apple.xpc:connection] [0x103e11680] activating connection: mach=false listener=true peer=false name=(anonymous)
2026-09-30 23:13:33.499 Df UserEventAgent[86753:c35a7a] [com.apple.xpc:connection] [0x103e11680] Connection returned listener port: 0xb327
2026-09-30 23:13:33.499 E  cfprefsd[86798:c335ba] [com.apple.defaults:cfprefsd] Couldn't open /Users/tarunyadgirkar/Library/Developer/CoreSimulator/Devices/CF361191-F960-4212-9B76-7C41256A11C9/data/Library/Preferences/com.apple.siriknowledged.plist due to No such file or directory
2026-09-30 23:13:33.499 Df UserEventAgent[86753:c35a7a] [com.apple.xpc:connection] [0x103e11400] activating connection: name=com.apple.xpc.activity publishToken=1489
2026-09-30 23:13:33.499 E  cfprefsd[86798:c335ba] [com.apple.defaults:cfprefsd] Couldn't open /Users/tarunyadgirkar/Library/Developer/CoreSimulator/Devices/CF361191-F960-4212-9B76-7C41256A11C9/data/Library/Preferences/com.apple.siriknowledged.plist due to No such file or directory
2026-09-30 23:13:33.499 E  cfprefsd[86798:c335ba] [com.apple.defaults:cfprefsd] Couldn't open /Users/tarunyadgirkar/Library/Developer/CoreSimulator/Devices/CF361191-F960-4212-9B76-7C41256A11C9/data/Library/Preferences/ByHost/com.apple.siriknowledged..plist due to No such file or directory
2026-09-30 23:13:33.499 Df passd[86783:c36847] [com.apple.xpc:connection] [0x10b3870c0] activating connection: mach=false listener=false peer=true name=com.apple.xpc.activity.peer[86753].0x10b3870c0
2026-09-30 23:13:33.520 Df passd[86783:c3685e] [com.apple.xpc.activity:Client] _xpc_activity_dispatch: beginning dispatch, activity name SpendingSummariesNotificationCoordinator.ScheduleSpendingSummariesNotification, seqno 3
2026-09-30 23:13:33.521 Df passd[86783:c3685e] [com.apple.xpc.activity:Client] _xpc_activity_dispatch: SpendingSummariesNotificationCoordinator.ScheduleSpendingSummariesNotification (0x10750f480): found an activity with seqno 2 older than the event's seqno 3. Unregistering it.
2026-09-30 23:13:33.521 Df passd[86783:c3685e] [com.apple.xpc.activity:Client] __xpc_activity_unregister: SpendingSummariesNotificationCoordinator.ScheduleSpendingSummariesNotification (0x10750f480) seqno: 2, (is registered)
2026-09-30 23:13:33.521 Df passd[86783:c3685e] [com.apple.xpc.activity:Client] _xpc_activity_dispose: SpendingSummariesNotificationCoordinator.ScheduleSpendingSummariesNotification (0x10750f480) seqno: 2, (not running)
2026-09-30 23:13:33.579 Df siriknowledged[87223:c3684c] [com.apple.runningboard:connection] Initializing connection
2026-09-30 23:13:33.580 Df siriknowledged[87223:c3684c] [com.apple.runningboard:process] Removing all cached process handles
2026-09-30 23:13:33.585 Df runningboardd[86757:c3451d] [com.apple.runningboard:assertion] Removed last relative-start-date-defining assertion for process xpcservice<com.apple.speech.MacinTalkFramework.MacinTalkAUSP([osservice<com.apple.accessibility.axassetsd>:86763])>{vt hash: 0}{definition:com.apple.speech.MacinTalkFramework.MacinTalkAUSP[extension][client]}
2026-09-30 23:13:33.585 Df runningboardd[86757:c3451d] [com.apple.runningboard:assertion] Removed last relative-start-date-defining assertion for process xpcservice<com.apple.texttospeech.SiriAUSP([osservice<com.apple.accessibility.axassetsd>:86763])>{vt hash: 0}{definition:com.apple.texttospeech.SiriAUSP[extension][client]}
2026-09-30 23:13:33.585 Df runningboardd[86757:c3451d] [com.apple.runningboard:assertion] Removed last relative-start-date-defining assertion for process xpcservice<com.apple.ax.MauiTTSSupport.MauiAUSP([osservice<com.apple.accessibility.axassetsd>:86763])>{vt hash: 0}{definition:com.apple.ax.MauiTTSSupport.MauiAUSP[extension][client]}
2026-09-30 23:13:33.585 A  runningboardd[86757:c3451d] (RunningBoard) state update
2026-09-30 23:13:33.586 A  runningboardd[86757:c3451d] (RunningBoard) state notification
2026-09-30 23:13:33.586 Df runningboardd[86757:c3451d] [com.apple.runningboard:ttl] [xpcservice<com.apple.ax.MauiTTSSupport.MauiAUSP([osservice<com.apple.accessibility.axassetsd>:86763])>{vt hash: 0}{definition:com.apple.ax.MauiTTSSupport.MauiAUSP[extension][client]}:87645] Suspending task.
2026-09-30 23:13:33.586 Df runningboardd[86757:c35b22] [com.apple.runningboard:monitor] Calculated state for xpcservice<com.apple.ax.MauiTTSSupport.MauiAUSP([osservice<com.apple.accessibility.axassetsd>:86763])>{vt hash: 0}{definition:com.apple.ax.MauiTTSSupport.MauiAUSP[extension][client]}: running-suspended (role: None) (endowments: (null))
2026-09-30 23:13:33.586 Df runningboardd[86757:c35b22] [com.apple.runningboard:monitor] Calculated state for xpcservice<com.apple.speech.MacinTalkFramework.MacinTalkAUSP([osservice<com.apple.accessibility.axassetsd>:86763])>{vt hash: 0}{definition:com.apple.speech.MacinTalkFramework.MacinTalkAUSP[extension][client]}: running-suspended (role: None) (endowments: (null))
2026-09-30 23:13:33.586 A  SpringBoard[86754:c35fa3] (RunningBoardServices) observedProcessStatesDidChange
2026-09-30 23:13:33.586 Df runningboardd[86757:c35b22] [com.apple.runningboard:monitor] Calculated state for xpcservice<com.apple.texttospeech.SiriAUSP([osservice<com.apple.accessibility.axassetsd>:86763])>{vt hash: 0}{definition:com.apple.texttospeech.SiriAUSP[extension][client]}: running-suspended (role: None) (endowments: (null))
2026-09-30 23:13:33.586 Df SpringBoard[86754:c35fa3] [com.apple.runningboard:monitor] Received state update for 87645 (xpcservice<com.apple.ax.MauiTTSSupport.MauiAUSP([osservice<com.apple.accessibility.axassetsd>:86763])>{vt hash: 0}{definition:com.apple.ax.MauiTTSSupport.MauiAUSP[extension][client]}, running-suspended-NotVisible
2026-09-30 23:13:33.586 A  runningboardd[86757:c35b22] (RunningBoard) statesForPredicate
2026-09-30 23:13:33.586 A  SpringBoard[86754:c35fa3] (RunningBoardServices) observedProcessStatesDidChange
2026-09-30 23:13:33.586 Df SpringBoard[86754:c35fa3] [com.apple.runningboard:monitor] Received state update for 87641 (xpcservice<com.apple.texttospeech.SiriAUSP([osservice<com.apple.accessibility.axassetsd>:86763])>{vt hash: 0}{definition:com.apple.texttospeech.SiriAUSP[extension][client]}, running-suspended-NotVisible
2026-09-30 23:13:33.586 Df SpringBoard[86754:c35fa3] [com.apple.runningboard:monitor] Received state update for 87667 (xpcservice<com.apple.speech.MacinTalkFramework.MacinTalkAUSP([osservice<com.apple.accessibility.axassetsd>:86763])>{vt hash: 0}{definition:com.apple.speech.MacinTalkFramework.MacinTalkAUSP[extension][client]}, running-suspended-NotVisible
2026-09-30 23:13:33.587 A  mediaremoted[86761:c34009] (RunningBoardServices) observedProcessStatesDidChange
2026-09-30 23:13:33.587 Df mediaremoted[86761:c34009] [com.apple.runningboard:monitor] Received state update for 87645 (xpcservice<com.apple.ax.MauiTTSSupport.MauiAUSP([osservice<com.apple.accessibility.axassetsd>:86763])>{vt hash: 0}{definition:com.apple.ax.MauiTTSSupport.MauiAUSP[extension][client]}, running-suspended-NotVisible
2026-09-30 23:13:33.587 A  runningboardd[86757:c35c22] (RunningBoard) statesForPredicate
2026-09-30 23:13:33.587 A  runningboardd[86757:c35c22] (RunningBoard) statesForPredicate
2026-09-30 23:13:33.587 A  mediaremoted[86761:c3400c] (RunningBoardServices) observedProcessStatesDidChange
2026-09-30 23:13:33.587 Df mediaremoted[86761:c3400c] [com.apple.runningboard:monitor] Received state update for 87641 (xpcservice<com.apple.texttospeech.SiriAUSP([osservice<com.apple.accessibility.axassetsd>:86763])>{vt hash: 0}{definition:com.apple.texttospeech.SiriAUSP[extension][client]}, running-suspended-NotVisible
2026-09-30 23:13:33.587 Df mediaremoted[86761:c3400c] [com.apple.runningboard:monitor] Received state update for 87667 (xpcservice<com.apple.speech.MacinTalkFramework.MacinTalkAUSP([osservice<com.apple.accessibility.axassetsd>:86763])>{vt hash: 0}{definition:com.apple.speech.MacinTalkFramework.MacinTalkAUSP[extension][client]}, running-suspended-NotVisible
2026-09-30 23:13:33.587 Df testmanagerd[88342:c35c14] [com.apple.dt.xctest:Default] Handling kAXPidStatusChangedNotification from AX element pid: 86754, elementOrHash.elementID: 0.0 (0x104628690)
2026-09-30 23:13:33.587 Df testmanagerd[88342:c35c4e] [com.apple.dt.xctest:Default] Calling handler for AX notification kAXPidStatusChangedNotification from AX element pid: 86754, elementOrHash.elementID: 0.0 with payload {
    "display-type" = 0;
    pid = 87645;
    "suspended-status" = suspended;
}
2026-09-30 23:13:33.588 Df testmanagerd[88342:c35c14] [com.apple.dt.xctest:Default] Handling kAXPidStatusChangedNotification from AX element pid: 86754, elementOrHash.elementID: 0.0 (0x104628690)
2026-09-30 23:13:33.588 Df testmanagerd[88342:c35c4e] [com.apple.dt.xctest:Default] Calling handler for AX notification kAXPidStatusChangedNotification from AX element pid: 86754, elementOrHash.elementID: 0.0 with payload {
    "display-type" = 0;
    pid = 87641;
    "suspended-status" = suspended;
}
2026-09-30 23:13:33.589 Df testmanagerd[88342:c35c14] [com.apple.dt.xctest:Default] Handling kAXPidStatusChangedNotification from AX element pid: 86754, elementOrHash.elementID: 0.0 (0x104628690)
2026-09-30 23:13:33.589 Df testmanagerd[88342:c35c4e] [com.apple.dt.xctest:Default] Calling handler for AX notification kAXPidStatusChangedNotification from AX element pid: 86754, elementOrHash.elementID: 0.0 with payload {
    "display-type" = 0;
    pid = 87667;
    "suspended-status" = suspended;
}
2026-09-30 23:13:33.590 E  runningboardd[86757:c3451d] [com.apple.runningboard:process] [xpcservice<com.apple.ax.MauiTTSSupport.MauiAUSP([osservice<com.apple.accessibility.axassetsd>:86763])>{vt hash: 0}{definition:com.apple.ax.MauiTTSSupport.MauiAUSP[extension][client]}:87645] pid_suspend() failed with error 1: Operation not permitted
2026-09-30 23:13:33.590 Df runningboardd[86757:c3451d] [com.apple.runningboard:process] [xpcservice<com.apple.ax.MauiTTSSupport.MauiAUSP([osservice<com.apple.accessibility.axassetsd>:86763])>{vt hash: 0}{definition:com.apple.ax.MauiTTSSupport.MauiAUSP[extension][client]}:87645] Result 45 setting darwin role to None: Operation not supported, falling back to setting priority
2026-09-30 23:13:33.590 Df runningboardd[86757:c3451d] [com.apple.runningboard:ttl] [xpcservice<com.apple.ax.MauiTTSSupport.MauiAUSP([osservice<com.apple.accessibility.axassetsd>:86763])>{vt hash: 0}{definition:com.apple.ax.MauiTTSSupport.MauiAUSP[extension][client]}:87645] Set darwin priority to: PRIO_DARWIN_BG
2026-09-30 23:13:33.590 E  runningboardd[86757:c3451d] [com.apple.runningboard:process] 87645 Error setting Darwin GPU to "Denys" (2): Operation not permitted
2026-09-30 23:13:33.590 Df runningboardd[86757:c3451d] [com.apple.runningboard:ttl] [xpcservice<com.apple.speech.MacinTalkFramework.MacinTalkAUSP([osservice<com.apple.accessibility.axassetsd>:86763])>{vt hash: 0}{definition:com.apple.speech.MacinTalkFramework.MacinTalkAUSP[extension][client]}:87667] Suspending task.
2026-09-30 23:13:33.594 E  runningboardd[86757:c3451d] [com.apple.runningboard:process] [xpcservice<com.apple.speech.MacinTalkFramework.MacinTalkAUSP([osservice<com.apple.accessibility.axassetsd>:86763])>{vt hash: 0}{definition:com.apple.speech.MacinTalkFramework.MacinTalkAUSP[extension][client]}:87667] pid_suspend() failed with error 1: Operation not permitted
2026-09-30 23:13:33.594 Df runningboardd[86757:c3451d] [com.apple.runningboard:process] [xpcservice<com.apple.speech.MacinTalkFramework.MacinTalkAUSP([osservice<com.apple.accessibility.axassetsd>:86763])>{vt hash: 0}{definition:com.apple.speech.MacinTalkFramework.MacinTalkAUSP[extension][client]}:87667] Result 45 setting darwin role to None: Operation not supported, falling back to setting priority
2026-09-30 23:13:33.594 Df runningboardd[86757:c3451d] [com.apple.runningboard:ttl] [xpcservice<com.apple.speech.MacinTalkFramework.MacinTalkAUSP([osservice<com.apple.accessibility.axassetsd>:86763])>{vt hash: 0}{definition:com.apple.speech.MacinTalkFramework.MacinTalkAUSP[extension][client]}:87667] Set darwin priority to: PRIO_DARWIN_BG
2026-09-30 23:13:33.594 E  runningboardd[86757:c3451d] [com.apple.runningboard:process] 87667 Error setting Darwin GPU to "Denys" (2): Operation not permitted
2026-09-30 23:13:33.594 Df runningboardd[86757:c3451d] [com.apple.runningboard:ttl] [xpcservice<com.apple.texttospeech.SiriAUSP([osservice<com.apple.accessibility.axassetsd>:86763])>{vt hash: 0}{definition:com.apple.texttospeech.SiriAUSP[extension][client]}:87641] Suspending task.
2026-09-30 23:13:33.597 E  runningboardd[86757:c3451d] [com.apple.runningboard:process] [xpcservice<com.apple.texttospeech.SiriAUSP([osservice<com.apple.accessibility.axassetsd>:86763])>{vt hash: 0}{definition:com.apple.texttospeech.SiriAUSP[extension][client]}:87641] pid_suspend() failed with error 1: Operation not permitted
2026-09-30 23:13:33.597 Df runningboardd[86757:c3451d] [com.apple.runningboard:process] [xpcservice<com.apple.texttospeech.SiriAUSP([osservice<com.apple.accessibility.axassetsd>:86763])>{vt hash: 0}{definition:com.apple.texttospeech.SiriAUSP[extension][client]}:87641] Result 45 setting darwin role to None: Operation not supported, falling back to setting priority
2026-09-30 23:13:33.597 Df runningboardd[86757:c3451d] [com.apple.runningboard:ttl] [xpcservice<com.apple.texttospeech.SiriAUSP([osservice<com.apple.accessibility.axassetsd>:86763])>{vt hash: 0}{definition:com.apple.texttospeech.SiriAUSP[extension][client]}:87641] Set darwin priority to: PRIO_DARWIN_BG
2026-09-30 23:13:33.597 E  runningboardd[86757:c3451d] [com.apple.runningboard:process] 87641 Error setting Darwin GPU to "Denys" (2): Operation not permitted
2026-09-30 23:13:33.598 Df TrialArchivingService[87163:c3565d] [com.apple.xpc:connection] [0x1018e8640] invalidated because the current process cancelled the connection by calling xpc_connection_cancel()
2026-09-30 23:13:33.613 Df siriknowledged[87223:c3684d] [com.apple.runningboard:connection] Sending handshake request attempt #1 to server
2026-09-30 23:13:33.613 Df siriknowledged[87223:c3684d] [com.apple.runningboard:connection] Creating connection to com.apple.runningboard
2026-09-30 23:13:33.613 Df siriknowledged[87223:c3684d] [com.apple.xpc:connection] [0x101cb8a00] activating connection: mach=true listener=false peer=false name=com.apple.runningboard
2026-09-30 23:13:33.627 Df accountsd[86760:c3602f] [com.apple.xpc:connection] [0x103d13d40] invalidated because the client process (pid 87163) either cancelled the connection or exited
2026-09-30 23:13:33.639 E  axassetsd[86763:c36853] [com.apple.Accessibility:VoiceDB] Failed to execute load with error You don’t have permission to save the file “Accessibility” in the folder “Library”.
2026-09-30 23:13:33.641 Df siriknowledged[87223:c35657] [com.apple.xpc:connection] [0x101cb8c80] activating connection: mach=false listener=false peer=false name=com.apple.SetStoreUpdateService
2026-09-30 23:13:33.642 Df launchd_sim[86751:c3617e] [pid/87223 [siriknowledged]:] uncorking domain
2026-09-30 23:13:33.642 E  axassetsd[86763:c36853] [com.apple.Accessibility:VoiceDB] Failed to execute load with error You don’t have permission to save the file “Accessibility” in the folder “Library”.
2026-09-30 23:13:33.646 Df launchd_sim[86751:0] [com.apple.xpc.bundle:] bundle /private/var/run/com.apple.security.cryptexd/mnt/com.apple.iPhoneOS.SimulatorRuntime-v24.1.434.0.GOjTIm/Library/Developer/CoreSimulator/Profiles/Runtimes/iOS 27.0.simruntime/Contents/Resources/RuntimeRoot/System/Library/Frameworks/JavaScriptCore.framework/JavaScriptCore tainted with reason "linked executable"
2026-09-30 23:13:33.646 Df launchd_sim[86751:0] [com.apple.xpc.bundle:] bundle /private/var/run/com.apple.security.cryptexd/mnt/com.apple.iPhoneOS.SimulatorRuntime-v24.1.434.0.GOjTIm/Library/Developer/CoreSimulator/Profiles/Runtimes/iOS 27.0.simruntime/Contents/Resources/RuntimeRoot/System/Library/PrivateFrameworks/WebKitLegacy.framework/WebKitLegacy tainted with reason "linked executable"
2026-09-30 23:13:33.646 Df launchd_sim[86751:0] [com.apple.xpc.bundle:] bundle /private/var/run/com.apple.security.cryptexd/mnt/com.apple.iPhoneOS.SimulatorRuntime-v24.1.434.0.GOjTIm/Library/Developer/CoreSimulator/Profiles/Runtimes/iOS 27.0.simruntime/Contents/Resources/RuntimeRoot/System/Library/PrivateFrameworks/WebCore.framework/WebCore tainted with reason "linked executable"
2026-09-30 23:13:33.647 Df launchd_sim[86751:0] [com.apple.xpc.bundle:] bundle /private/var/run/com.apple.security.cryptexd/mnt/com.apple.iPhoneOS.SimulatorRuntime-v24.1.434.0.GOjTIm/Library/Developer/CoreSimulator/Profiles/Runtimes/iOS 27.0.simruntime/Contents/Resources/RuntimeRoot/System/Library/PrivateFrameworks/WebGPU.framework/WebGPU tainted with reason "linked executable"
2026-09-30 23:13:33.650 E  launchd_sim[86751:c3688b] [pid/87223 [siriknowledged]:] Failed to bootstrap path: path = /private/var/run/com.apple.security.cryptexd/mnt/com.apple.iPhoneOS.SimulatorRuntime-v24.1.434.0.GOjTIm/Library/Developer/CoreSimulator/Profiles/Runtimes/iOS 27.0.simruntime/Contents/Resources/RuntimeRoot/System/Library/PrivateFrameworks/AssistantServices.framework/XPCServices/OpportuneSpeakingModelService.xpc, error = 128: The specified path is not a bundle
2026-09-30 23:13:33.650 E  launchd_sim[86751:c3688b] [pid/87223 [siriknowledged]:] Failed to bootstrap path: path = /private/var/run/com.apple.security.cryptexd/mnt/com.apple.iPhoneOS.SimulatorRuntime-v24.1.434.0.GOjTIm/Library/Developer/CoreSimulator/Profiles/Runtimes/iOS 27.0.simruntime/Contents/Resources/RuntimeRoot/System/Library/Frameworks/IOKit.framework/Versions/A/IOKit, error = 2: No such file or directory
2026-09-30 23:13:33.650 E  launchd_sim[86751:c3688b] [pid/87223 [siriknowledged]:] Failed to bootstrap path: path = /private/var/run/com.apple.security.cryptexd/mnt/com.apple.iPhoneOS.SimulatorRuntime-v24.1.434.0.GOjTIm/Library/Developer/CoreSimulator/Profiles/Runtimes/iOS 27.0.simruntime/Contents/Resources/RuntimeRoot/System/Library/PrivateFrameworks/AssistantServices.framework/XPCServices/com.apple.siri.analyzer.xpc, error = 128: The specified path is not a bundle
2026-09-30 23:13:33.651 Df launchd_sim[86751:c36894] [com.apple.SetStoreUpdateService:] Unknown key for Boolean: EnableTransactions
2026-09-30 23:13:33.651 Df launchd_sim[86751:c36894] [com.apple.SetStoreUpdateService:] Unknown key for Boolean: EnablePressuredExit
2026-09-30 23:13:33.651 Df launchd_sim[86751:c36894] [pid/87223 [siriknowledged]:] Service stub initialized for com.apple.SetStoreUpdateService
2026-09-30 23:13:33.651 Df launchd_sim[86751:c36894] [pid/87223/com.apple.SetStoreUpdateService:] initialized endpoint after lookup
2026-09-30 23:13:33.651 Df siriknowledged[87223:c35657] [com.apple.Biome:BiomeCascade] Requesting new set donation <InstalledApp::[FullSet]>
2026-09-30 23:13:33.651 E  axassetsd[86763:c36853] [com.apple.Accessibility:VoiceDB] Failed to execute load with error You don’t have permission to save the file “Accessibility” in the folder “Library”.
2026-09-30 23:13:33.651 E  axassetsd[86763:c36853] [com.apple.Accessibility:VoiceDB] Failed to execute load with error You don’t have permission to save the file “Accessibility” in the folder “Library”.
2026-09-30 23:13:33.651 E  axassetsd[86763:c36853] [com.apple.Accessibility:VoiceDB] Failed to execute load with error You don’t have permission to save the file “Accessibility” in the folder “Library”.
2026-09-30 23:13:33.652 Df launchd_sim[86751:c36896] [pid/87223/com.apple.SetStoreUpdateService:] internal event: WILL_SPAWN, code = 0
2026-09-30 23:13:33.652 Df launchd_sim[86751:c36896] [pid/87223/com.apple.SetStoreUpdateService:] service state: spawn scheduled
2026-09-30 23:13:33.652 Df launchd_sim[86751:c36896] [pid/87223/com.apple.SetStoreUpdateService:] service state: spawning
2026-09-30 23:13:33.652 Df launchd_sim[86751:c36896] [pid/87223/com.apple.SetStoreUpdateService:] launching: ipc (mach)
2026-09-30 23:13:33.652 Df launchd_sim[86751:c36896] [pid/87223/com.apple.SetStoreUpdateService [88810]:] xpcproxy_sim spawned with pid 88810
2026-09-30 23:13:33.652 Df launchd_sim[86751:c36896] [pid/87223/com.apple.SetStoreUpdateService [88810]:] internal event: SPAWNED, code = 0
2026-09-30 23:13:33.652 Df launchd_sim[86751:c36896] [pid/87223/com.apple.SetStoreUpdateService [88810]:] service state: xpcproxy
2026-09-30 23:13:33.652 Df launchd_sim[86751:c36896] [pid/87223/com.apple.SetStoreUpdateService [88810]:] internal event: SOURCE_ATTACH, code = 0
2026-09-30 23:13:33.659 A  runningboardd[86757:c3451d] (RunningBoard) incoming connection
2026-09-30 23:13:33.659 Df runningboardd[86757:c3451d] [com.apple.runningboard:connection] Incoming connection from 87223, user 502/502
2026-09-30 23:13:33.660 Df runningboardd[86757:c3451d] [com.apple.runningboard:process] _resolveProcessWithIdentifier pid 87223 euid 502 auid 502
2026-09-30 23:13:33.660 Df runningboardd[86757:c3451d] [com.apple.runningboard:process] Resolved pid 87223 to [osservice<com.apple.siriknowledged>:87223]
2026-09-30 23:13:33.660 Df runningboardd[86757:c3451d] [com.apple.runningboard:ttl] existingInstance is: (null)
2026-09-30 23:13:33.660 E  runningboardd[86757:c3451d] [com.apple.runningboard:jetsam] memorystatus_control error: MEMORYSTATUS_CMD_CONVERT_MEMLIMIT_MB(-1) returned -1 1 (Operation not permitted)
2026-09-30 23:13:33.660 E  runningboardd[86757:c3451d] [com.apple.runningboard:jetsam] memorystatus_control error: MEMORYSTATUS_CMD_CONVERT_MEMLIMIT_MB(0) returned -1 1 (Operation not permitted)
2026-09-30 23:13:33.660 Df runningboardd[86757:c3451d] [com.apple.runningboard:general] Full encoding handle [osservice<com.apple.siriknowledged>:87223], with data 52add5d5000154b7, and pid 87223
2026-09-30 23:13:33.660 Df runningboardd[86757:c3451d] [com.apple.runningboard:process] [osservice<com.apple.siriknowledged>:87223] is not RunningBoard jetsam managed.
2026-09-30 23:13:33.660 Df runningboardd[86757:c3451d] [com.apple.runningboard:process] [osservice<com.apple.siriknowledged>:87223] This process will not be managed.
2026-09-30 23:13:33.660 Df runningboardd[86757:c3451d] [com.apple.runningboard:ttl] Now tracking process: [osservice<com.apple.siriknowledged>:87223]
2026-09-30 23:13:33.660 Df runningboardd[86757:c3451d] [com.apple.runningboard:ttl] Existing process in RBProcessIndex is: (null)
2026-09-30 23:13:33.660 Df runningboardd[86757:c3451d] [com.apple.runningboard:ttl] existingProcess in RBProcessManager is: (null)
2026-09-30 23:13:33.660 Df runningboardd[86757:c3451d] [com.apple.runningboard:ttl] Existing process in RBProcessIndex is: (null)
2026-09-30 23:13:33.660 Df runningboardd[86757:c35c22] [com.apple.runningboard:ttl] Existing process in RBProcessIndex is: (null)
2026-09-30 23:13:33.660 Df runningboardd[86757:c3451d] [com.apple.runningboard:ttl] Existing process in RBProcessIndex is: (null)
2026-09-30 23:13:33.661 Df launchd_sim[86751:c36894] [user/502/com.apple.siriknowledged [87223]:] job state = running
2026-09-30 23:13:33.661 Df runningboardd[86757:c3451d] [com.apple.libxpc.OSLaunchdJob:all] <OSLaunchdJob | handle=4C26F3AF-F9F7-4C4A-A3EF-13C607C0FFDF>: copyJobWithPid:87223 created a job
2026-09-30 23:13:33.661 A  SpringBoard[86754:c35fc3] (RunningBoardServices) observedProcessStatesDidChange
2026-09-30 23:13:33.661 Df runningboardd[86757:c335e1] [com.apple.libxpc.OSLaunchdJob:all] <OSLaunchdJob | handle=4C26F3AF-F9F7-4C4A-A3EF-13C607C0FFDF>: monitor initial info is running, pid=87223
2026-09-30 23:13:33.661 Df runningboardd[86757:c335e1] [com.apple.runningboard:general] [osservice<com.apple.siriknowledged>:87223] reported to RB as running
2026-09-30 23:13:33.661 Df runningboardd[86757:c335e1] [com.apple.libxpc.OSLaunchdJob:all] <OSLaunchdJob | handle=4C26F3AF-F9F7-4C4A-A3EF-13C607C0FFDF>: starting monitoring
2026-09-30 23:13:33.661 A  runningboardd[86757:c35b22] (RunningBoard) lookupHandleForKey
2026-09-30 23:13:33.661 Df SpringBoard[86754:c35fc3] [com.apple.runningboard:process] Hit the server for a process handle 12add5d5000154b7 that resolved to: [osservice<com.apple.siriknowledged>:87223]
2026-09-30 23:13:33.661 Df SpringBoard[86754:c35fc3] [com.apple.runningboard:monitor] Received state update for 87223 (osservice<com.apple.siriknowledged>, running-NotVisible
2026-09-30 23:13:33.661 Df runningboardd[86757:c3451d] [com.apple.xpc:connection] [0x105af6d00] activating connection: mach=false listener=false peer=true name=com.apple.runningboard.peer[87223].0x105af6d00
2026-09-30 23:13:33.661 A  runningboardd[86757:c335e1] (RunningBoard) statesForPredicate
2026-09-30 23:13:33.661 A  runningboardd[86757:c335e1] (RunningBoard) handshakeWithRequest
2026-09-30 23:13:33.661 Df runningboardd[86757:c335e1] [com.apple.runningboard:connection] Setting client for [osservice<com.apple.siriknowledged>:87223] as ready
2026-09-30 23:13:33.661 Df runningboardd[86757:c335e1] [com.apple.runningboard:connection] Received handshake request from 87223 with 0 assertion descriptors
2026-09-30 23:13:33.661 Df runningboardd[86757:c335e1] [com.apple.runningboard:connection] Handshake successful with 87223; sending response
2026-09-30 23:13:33.661 Df testmanagerd[88342:c35c14] [com.apple.dt.xctest:Default] Handling kAXPidStatusChangedNotification from AX element pid: 86754, elementOrHash.elementID: 0.0 (0x104628690)
2026-09-30 23:13:33.662 Df testmanagerd[88342:c35c4e] [com.apple.dt.xctest:Default] Calling handler for AX notification kAXPidStatusChangedNotification from AX element pid: 86754, elementOrHash.elementID: 0.0 with payload {
    "display-type" = 0;
    pid = 87223;
    "suspended-status" = resumed;
}
2026-09-30 23:13:33.725 F  TextInsertUITests-Runner[88528:c35fe1] [com.apple.runtime-issues:CFNetwork Performance Diagnostic] __delegate_identifier__:Performance Diagnostics__:::____message__:Synchronous URL loading of http://127.0.0.1:8805/snap?name=helper-prompt should not occur on this application's main thread as it may lead to UI unresponsiveness. Please switch to an asynchronous networking API such as URLSession.
2026-09-30 23:13:33.725 A  TextInsertUITests-Runner[88528:c35fe1] (libsystem_trace.dylib) Activity for state dumps
2026-09-30 23:13:33.726 A  TextInsertUITests-Runner[88528:c36142] (Security) SecTrustReportNetworkingAnalytics
2026-09-30 23:13:33.726 Df TextInsertUITests-Runner[88528:c361d5] [com.apple.CFNetwork:Default] Connection 2: starting, TC(0x0)
2026-09-30 23:13:33.726 Df TextInsertUITests-Runner[88528:c361d5] [com.apple.network:connection] [C2 81CCD2F6-9BA6-4AC6-919C-78A1F452C9FC 127.0.0.1:8805 tcp, url: http://127.0.0.1:8805/snap, definite, attribution: developer, context: com.apple.CFNetwork.NSURLSession.{EF68ED4C-3391-4583-A7A1-57C54E110F17}{(null)}{Y}{2}{0x0} (private), proc: 3464360A-0B4C-3AD7-A7DA-7A3F1F63EB75, delegated upid: 0] start
2026-09-30 23:13:33.726 Df TextInsertUITests-Runner[88528:c361d5] [com.apple.network:connection] [C2 127.0.0.1:8805 initial parent-flow ((null))] event: path:start @0.000s
2026-09-30 23:13:33.726 Df TextInsertUITests-Runner[88528:c361d5] [com.apple.network:connection] [C2 127.0.0.1:8805 waiting parent-flow (satisfied (Path is satisfied), interface: lo0)] event: path:satisfied @0.000s, uuid: 389C8E30-8A87-4351-B291-BA9729EEA23D
2026-09-30 23:13:33.726 Df trustd[87797:c3606d] [com.apple.securityd:SecError] TextInsertUITest[88528]/1#-1 LF=0 NetworkingAnalyticsReport Error Domain=NSOSStatusErrorDomain Code=-4 "Networking analytics not supported in this environment" UserInfo={numberOfErrorsDeep=0, NSDescription=Networking analytics not supported in this environment}
2026-09-30 23:13:33.726 Df TextInsertUITests-Runner[88528:c36142] [com.apple.securityd:SecError] SecTrustReportNetworkingAnalytics failed with error: -4
2026-09-30 23:13:33.726 Df TextInsertUITests-Runner[88528:c361d5] [com.apple.network:connection] [C2 127.0.0.1:8805 in_progress socket-flow (satisfied (Path is satisfied), interface: lo0)] event: flow:start_connect @0.000s
2026-09-30 23:13:33.726 Df TextInsertUITests-Runner[88528:c361d5] [com.apple.network:connection] nw_connection_report_state_with_handler_on_nw_queue [C2] reporting state preparing
2026-09-30 23:13:33.726 Df TextInsertUITests-Runner[88528:c361d5] [com.apple.CFNetwork:Default] Task <5EA71D7C-820B-49D5-953F-62DA465D056C>.<0> setting up Connection 2
2026-09-30 23:13:33.727 Df TextInsertUITests-Runner[88528:c361d5] [com.apple.network:connection] nw_socket_handle_socket_event [C2:2] Socket received CONNECTED event
2026-09-30 23:13:33.727 Df TextInsertUITests-Runner[88528:c361d5] [com.apple.network:connection] nw_flow_connected [C2 127.0.0.1:8805 in_progress socket-flow (satisfied (Path is satisfied), interface: lo0)] Transport protocol connected (socket)
2026-09-30 23:13:33.727 Df TextInsertUITests-Runner[88528:c361d5] [com.apple.network:connection] [C2 127.0.0.1:8805 in_progress socket-flow (satisfied (Path is satisfied), interface: lo0)] event: flow:finish_transport @0.000s
2026-09-30 23:13:33.727 Df TextInsertUITests-Runner[88528:c361d5] [com.apple.network:connection] nw_flow_connected [C2 127.0.0.1:8805 in_progress socket-flow (satisfied (Path is satisfied), interface: lo0)] Output protocol connected (CFNetworkConnection-361870721)
2026-09-30 23:13:33.727 Df TextInsertUITests-Runner[88528:c361d5] [com.apple.network:connection] [C2 127.0.0.1:8805 ready socket-flow (satisfied (Path is satisfied), interface: lo0)] event: flow:finish_connect @0.000s
2026-09-30 23:13:33.727 Df TextInsertUITests-Runner[88528:c361d5] [com.apple.network:connection] nw_connection_report_state_with_handler_on_nw_queue [C2] reporting state ready
2026-09-30 23:13:33.727 Df TextInsertUITests-Runner[88528:c361d5] [com.apple.CFNetwork:Default] Connection 2: connected successfully
2026-09-30 23:13:33.727 Df TextInsertUITests-Runner[88528:c361d5] [com.apple.CFNetwork:Default] Connection 2: ready C(N) E(N)
2026-09-30 23:13:33.727 Df TextInsertUITests-Runner[88528:c361d5] [com.apple.CFNetwork:Default] Task <5EA71D7C-820B-49D5-953F-62DA465D056C>.<0> now using Connection 2
2026-09-30 23:13:33.727 Df TextInsertUITests-Runner[88528:c361d5] [com.apple.CFNetwork:Default] Task <5EA71D7C-820B-49D5-953F-62DA465D056C>.<0> sent request, body N 0
2026-09-30 23:13:33.739 Df siriknowledged[87223:c3684d] [com.apple.runningboard:connection] Handshake succeeded
2026-09-30 23:13:33.740 Df siriknowledged[87223:c3684d] [com.apple.runningboard:connection] Identity resolved as osservice<com.apple.siriknowledged>
2026-09-30 23:13:33.766 Df mapssyncd[88511:c35ffa] [com.apple.libcoreservices:] _dirhelper_update_tmpdir: old=/Users/tarunyadgirkar/Library/Developer/CoreSimulator/Devices/CF361191-F960-4212-9B76-7C41256A11C9/data/tmp/, new=/Users/tarunyadgirkar/Library/Developer/CoreSimulator/Devices/CF361191-F960-4212-9B76-7C41256A11C9/data/tmp/com.apple.Maps.mapssyncd/
2026-09-30 23:13:33.811 Df siriknowledged[87223:c3684c] [com.apple.libcoreservices:] _dirhelper_update_tmpdir: old=/Users/tarunyadgirkar/Library/Developer/CoreSimulator/Devices/CF361191-F960-4212-9B76-7C41256A11C9/data/tmp/, new=/Users/tarunyadgirkar/Library/Developer/CoreSimulator/Devices/CF361191-F960-4212-9B76-7C41256A11C9/data/tmp/com.apple.siriknowledged/
2026-09-30 23:13:33.825 Df axassetsd[86763:c36853] [com.apple.Accessibility:AXAssetDaemon] AXATM: Removed active reason: '_ADCFB71E-8B4C-473D-A542-69B088B23AA0'. Reason count=1
2026-09-30 23:13:33.826 Df storekitd[86997:c36194] [com.apple.storekit:Default] [AppTransactionStore]: App Transaction database migration from 26400 => 27000 SUCCESS
2026-09-30 23:13:33.834 Df storekitd[86997:c36194] [com.apple.storekit:Default] [AppTransactionStore]: App Transaction database migration from 27000 => 27000 SUCCESS
2026-09-30 23:13:33.835 Df containermanagerd[86809:c336c9] [com.apple.xpc:connection] [0x1038f0f00] invalidated because the client process (pid 88774) either cancelled the connection or exited
2026-09-30 23:13:33.844 Df axassetsd[86763:c36853] [com.apple.Accessibility:AXAssetDaemon] AXATM: Removed active reason: '_9D0EEBE6-CC96-4A67-8247-EEE8F16A5695'. Reason count=0
2026-09-30 23:13:33.844 Df axassetsd[86763:c36853] [com.apple.Accessibility:AXAssetDaemon] AXATM: No active reasons remain. Beginning timer of 8.00 seconds before we go inactive
2026-09-30 23:13:33.854 E  cfprefsd[86798:c335b8] [com.apple.defaults:cfprefsd] Couldn't open /Users/tarunyadgirkar/Library/Developer/CoreSimulator/Devices/CF361191-F960-4212-9B76-7C41256A11C9/data/Library/Preferences/ByHost/com.apple.springboard..plist due to No such file or directory
2026-09-30 23:13:33.858 Df containermanagerd_system[86802:c35625] [com.apple.xpc:connection] [0x1038f9540] invalidated because the client process (pid 88774) either cancelled the connection or exited
2026-09-30 23:13:33.940 Df siriknowledged[87223:c3684c] [com.apple.UnifiedAssetFramework:Storage] -[UAFSubscriptionStoreManager _openDatabase:] Opened database (/Users/tarunyadgirkar/Library/Developer/CoreSimulator/Devices/CF361191-F960-4212-9B76-7C41256A11C9/data/private/var/db/assetsubscriptiond/UAFAssetSubscriptions.db), database existed:1, result: 0
