2026-09-30 23:28:52.675 Df installcoordinationd[87404:c40579] [com.apple.installcoordination:daemon] -[IXSDataPromiseManager registerPromise:]: Registered promise <IXSPromisedTransferToPath(0x10551df00) Name:Icon resources for com.tarunyadgirkar.prefill.spike.textinsert.uitests.xctrunner Creator:Ins
2026-09-30 23:28:52.678 Df installcoordinationd[87404:c40579] [com.apple.installcoordination:daemon] -[IXSDataPromise decommission]: Decommissioning <IXSPromisedTransferToPath(0x10551df00) Name:Icon resources for com.tarunyadgirkar.prefill.spike.textinsert.uitests.xctrunner Creator:InstallCoordinati
2026-09-30 23:28:52.679 Df installcoordinationd[87404:c54964] [com.apple.installcoordination:daemon] -[IXSDataPromise _setPercentComplete:saveStateIfNeeded:]: Progress: <IXSPromisedInMemoryDictionary(0x10551d600) Name:Localizations for com.tarunyadgirkar.prefill.spike.textinsert.uitests.xctrunner Cr
2026-09-30 23:28:52.680 Df installcoordinationd[87404:c54964] [com.apple.installcoordination:daemon] -[IXSDataPromiseManager registerPromise:]: Registered promise <IXSPromisedInMemoryDictionary(0x10551d600) Name:Localizations for com.tarunyadgirkar.prefill.spike.textinsert.uitests.xctrunner Creator:
2026-09-30 23:28:52.680 Df installcoordinationd[87404:c40579] [com.apple.installcoordination:daemon] -[IXSDataPromiseManager promiseDidBegin:]: Unowned promise began: <IXSPromisedInMemoryDictionary(0x10551d600) Name:Localizations for com.tarunyadgirkar.prefill.spike.textinsert.uitests.xctrunner Crea
2026-09-30 23:28:52.680 Df installcoordinationd[87404:c40579] [com.apple.installcoordination:daemon] -[IXSDataPromiseManager promise:didUpdateProgress:]: Unowned promise update progress to 1.000000 : <IXSPromisedInMemoryDictionary(0x10551d600) Name:Localizations for com.tarunyadgirkar.prefill.spike.
2026-09-30 23:28:52.680 Df installcoordinationd[87404:c40579] [com.apple.installcoordination:daemon] -[IXSDataPromiseManager promiseDidComplete:]: Unowned promise completed: <IXSPromisedInMemoryDictionary(0x10551d600) Name:Localizations for com.tarunyadgirkar.prefill.spike.textinsert.uitests.xctrunn
2026-09-30 23:28:52.685 Df installcoordinationd[87404:c54965] [com.apple.installcoordination:daemon] -[IXSDataPromiseManager registerPromise:]: Registered promise <IXSPromisedTransferToPath(0x10551d580) Name:App Asset: com.tarunyadgirkar.prefill.spike.textinsert.uitests.xctrunner Creator:InstallCoor
2026-09-30 23:28:52.695 Df installcoordinationd[87404:c54964] [com.apple.installcoordination:daemon] -[IXSCoordinatorManager coordinatorForIdentity:connection:error:creatingIfNotExisting:]_block_invoke: Registered coordinator: <IXSCoordinatedAppInstall<0x105630000> [P=CoreSimulatorBridge (pid 86784)
2026-09-30 23:28:52.695 Df installcoordinationd[87404:c54964] [com.apple.appinstallation:TransactionLog] com.tarunyadgirkar.prefill.spike.textinsert.uitests.xctrunner/Unknown Persona:4:2:1:1:Created coordinator with intent IXCoordinatorIntentUpdating for client InstallCoordination Simple SPI
2026-09-30 23:28:52.696 Df installcoordinationd[87404:c54964] [com.apple.installcoordination:daemon] -[IXSCoordinatedAppInstall setPriorityBoostCompletion:withSourceInfo:]: <IXSCoordinatedAppInstall<0x105630000> [P=CoreSimulatorBridge (pid 86784)] identifier:[com.tarunyadgirkar.prefill.spike.textins
2026-09-30 23:28:52.696 Df installcoordinationd[87404:c54964] [com.apple.installcoordination:daemon] -[IXSCoordinatedAppInstall setImportance:]: <IXSCoordinatedAppInstall<0x105630000> [P=CoreSimulatorBridge (pid 86784)] identifier:[com.tarunyadgirkar.prefill.spike.textinsert.uitests.xctrunner/Invali
2026-09-30 23:28:52.697 Df installcoordinationd[87404:c54964] [com.apple.installcoordination:daemon] -[IXSCoordinatedAppInstall _onQueue_fireObserversForClient:]: <IXSCoordinatedAppInstall<0x105630000> [P=CoreSimulatorBridge (pid 86784)] identifier:[com.tarunyadgirkar.prefill.spike.textinsert.uitest
2026-09-30 23:28:52.697 Df installcoordinationd[87404:c54964] [com.apple.installcoordination:daemon] -[IXSCoordinatedAppInstall setPriorityBoostCompletion:withSourceInfo:]: <IXSCoordinatedAppInstall<0x105630000> [P=CoreSimulatorBridge (pid 86784)] identifier:[com.tarunyadgirkar.prefill.spike.textins
2026-09-30 23:28:52.697 Df installcoordinationd[87404:c54964] [com.apple.installcoordination:daemon] -[IXSCoordinatedAppInstall setPriorityBoostCompletion:withSourceInfo:]: <IXSCoordinatedAppInstall<0x105630000> [P=CoreSimulatorBridge (pid 86784)] identifier:[com.tarunyadgirkar.prefill.spike.textins
2026-09-30 23:28:52.697 Df CoreSimulatorBridge[86784:c54967] [com.apple.installcoordination:framework] -[IXAppInstallCoordinator _clientDelegate_didRegisterForObservation]: <IXUpdatingAppInstallCoordinator<0x1018820c0> identity:[com.tarunyadgirkar.prefill.spike.textinsert.uitests.xctrunner/Invalid/[
2026-09-30 23:28:52.697 Df CoreSimulatorBridge[86784:c54967] [com.apple.installcoordination:framework] -[IXAppInstallCoordinator _clientDelegate_shouldResume]: <IXUpdatingAppInstallCoordinator<0x1018820c0> identity:[com.tarunyadgirkar.prefill.spike.textinsert.uitests.xctrunner/Invalid/[system-define
2026-09-30 23:28:52.697 Df CoreSimulatorBridge[86784:c54967] [com.apple.installcoordination:framework] -[IXAppInstallCoordinator _clientDelegate_didRegisterForObservation]_block_invoke: <IXUpdatingAppInstallCoordinator<0x1018820c0> identity:[com.tarunyadgirkar.prefill.spike.textinsert.uitests.xctrun
2026-09-30 23:28:52.697 Df CoreSimulatorBridge[86784:c54967] [com.apple.installcoordination:framework] -[IXAppInstallCoordinator _clientDelegate_shouldResume]_block_invoke: <IXUpdatingAppInstallCoordinator<0x1018820c0> identity:[com.tarunyadgirkar.prefill.spike.textinsert.uitests.xctrunner/Invalid/[
2026-09-30 23:28:52.701 Df installcoordinationd[87404:c54964] [com.apple.installcoordination:daemon] -[IXSCoordinatedAppInstall _internal_setInstallOptionsPromise:performExternalActions:]: <IXSCoordinatedAppInstall<0x105630000> [P=CoreSimulatorBridge (pid 86784)] identifier:[com.tarunyadgirkar.prefi
2026-09-30 23:28:52.701 Df installcoordinationd[87404:c40579] [com.apple.installcoordination:daemon] -[IXSCoordinatedAppInstall promiseDidComplete:]: <IXSCoordinatedAppInstall<0x105630000> [P=CoreSimulatorBridge (pid 86784)] identifier:[com.tarunyadgirkar.prefill.spike.textinsert.uitests.xctrunner/I
2026-09-30 23:28:52.701 Df installcoordinationd[87404:c40579] [com.apple.appinstallation:TransactionLog] com.tarunyadgirkar.prefill.spike.textinsert.uitests.xctrunner/Unknown Persona:4:13:1:1:Install Options Promise began. Coordinator State: IXAppCoordinationStatePlaceholderPromiseNotSet
2026-09-30 23:28:52.701 Df installcoordinationd[87404:c40579] [com.apple.appinstallation:TransactionLog] com.tarunyadgirkar.prefill.spike.textinsert.uitests.xctrunner/Unknown Persona:4:13:2:1:Install Options Promise completed. Coordinator State: IXAppCoordinationStatePlaceholderPromiseNotSet
2026-09-30 23:28:52.702 Df installcoordinationd[87404:c54965] [com.apple.installcoordination:daemon] -[IXSCoordinatedAppInstall _internal_setAppAssetPromise:performExternalActions:]: <IXSCoordinatedAppInstall<0x105630000> [P=CoreSimulatorBridge (pid 86784)] identifier:[com.tarunyadgirkar.prefill.spi
2026-09-30 23:28:52.703 Df installcoordinationd[87404:c54965] [com.apple.installcoordination:daemon] -[IXSCoordinatedAppInstall setInitialODRAssetPromises:]: <IXSCoordinatedAppInstall<0x105630000> [P=CoreSimulatorBridge (pid 86784)] identifier:[com.tarunyadgirkar.prefill.spike.textinsert.uitests.xct
2026-09-30 23:28:52.711 Df installcoordinationd[87404:c54965] [com.apple.installcoordination:daemon] -[IXSDataPromise _setPercentComplete:saveStateIfNeeded:]: Progress: <IXSPromisedTransferToPath(0x10551d580) Name:App Asset: com.tarunyadgirkar.prefill.spike.textinsert.uitests.xctrunner Creator:Insta
2026-09-30 23:28:52.712 Df installcoordinationd[87404:c40579] [com.apple.appinstallation:TransactionLog] com.tarunyadgirkar.prefill.spike.textinsert.uitests.xctrunner/Unknown Persona:4:10:1:1:App Asset Promise began. Coordinator State: IXAppCoordinationStatePlaceholderPromiseNotSet
2026-09-30 23:28:52.712 Df CoreSimulatorBridge[86784:c54967] [com.apple.installcoordination:framework] -[IXAppInstallCoordinator _clientDelegate_promiseDidBeginFulfillmentWithIdentifier:]: <IXUpdatingAppInstallCoordinator<0x1018820c0> identity:[com.tarunyadgirkar.prefill.spike.textinsert.uitests.xct
2026-09-30 23:28:52.712 Df CoreSimulatorBridge[86784:c54967] [com.apple.installcoordination:framework] -[IXAppInstallCoordinator _clientDelegate_promiseDidBeginFulfillmentWithIdentifier:]_block_invoke: <IXUpdatingAppInstallCoordinator<0x1018820c0> identity:[com.tarunyadgirkar.prefill.spike.textinser
2026-09-30 23:28:52.712 Df CoreSimulatorBridge[86784:c54967] [com.apple.installcoordination:framework] -[IXAppInstallCoordinator _clientDelegate_didUpdateProgress:forPhase:overallProgress:]: <IXUpdatingAppInstallCoordinator<0x1018820c0> identity:[com.tarunyadgirkar.prefill.spike.textinsert.uitests.x
2026-09-30 23:28:52.712 Df CoreSimulatorBridge[86784:c54967] [com.apple.installcoordination:framework] -[IXAppInstallCoordinator _clientDelegate_didUpdateProgress:forPhase:overallProgress:]_block_invoke: <IXUpdatingAppInstallCoordinator<0x1018820c0> identity:[com.tarunyadgirkar.prefill.spike.textins
2026-09-30 23:28:52.712 Df installcoordinationd[87404:c54964] [com.apple.installcoordination:daemon] -[IXSCoordinatedAppInstall promiseDidComplete:]: <IXSCoordinatedAppInstall<0x105630000> [P=CoreSimulatorBridge (pid 86784)] identifier:[com.tarunyadgirkar.prefill.spike.textinsert.uitests.xctrunner/I
2026-09-30 23:28:52.713 Df installcoordinationd[87404:c5496d] [com.apple.appinstallation:TransactionLog] com.tarunyadgirkar.prefill.spike.textinsert.uitests.xctrunner/Unknown Persona:4:10:2:1:App Asset Promise completed. Coordinator State: IXAppCoordinationStatePlaceholderPromiseNotSet
2026-09-30 23:28:52.715 Df installcoordinationd[87404:c54965] [com.apple.installcoordination:daemon] -[IXSCoordinatedAppInstall _onQueue_acquireAssertionAndInstallPlaceholder]: Acquiring termination assertion to install placeholder for [com.tarunyadgirkar.prefill.spike.textinsert.uitests.xctrunner/I
2026-09-30 23:28:52.715 Df installcoordinationd[87404:c54965] [com.apple.installcoordination:daemon] -[IXSPendingOperationsTracker beginPendingOperationForIdentity:]_block_invoke: Beginning pending operation for [com.tarunyadgirkar.prefill.spike.textinsert.uitests.xctrunner/Invalid/[system-defined]]
2026-09-30 23:28:52.717 Df runningboardd[86757:c5422e] [com.apple.runningboard:connection] Received termination request from [osservice<com.apple.installcoordinationd>:87404] on <RBSProcessPredicate <RBSProcessBundleIdentifierPredicate "com.tarunyadgirkar.prefill.spike.textinsert.uitests.xctrunner">
	<RBSPreventLaunchLimitation| <RBSProcessPredicate <RBSProcessBundleIdentifierPredicate "com.tarunyadgirkar.prefill.spike.textinsert.uitests.xctrunner">> allow:(null)>
2026-09-30 23:28:52.717 Df runningboardd[86757:c5422e] [com.apple.runningboard:general] Found 0 extensions contained in com.tarunyadgirkar.prefill.spike.textinsert.uitests.xctrunner
2026-09-30 23:28:52.723 Df runningboardd[86757:c5422e] [com.apple.runningboard:ttl] Acquiring assertion targeting system from originator [osservice<com.apple.installcoordinationd>:87404] with description <RBSAssertionDescriptor| "installcoordinationd app:[com.tarunyadgirkar.prefill.spike.textinsert.
	<RBSPreventLaunchLimitation| <RBSProcessPredicate <RBSProcessBundleIdentifierPredicate "com.tarunyadgirkar.prefill.spike.textinsert.uitests.xctrunner">> allow:(null)>
2026-09-30 23:28:52.723 Df runningboardd[86757:c5422e] [com.apple.runningboard:process] Executing termination request for: <RBSProcessPredicate <RBSProcessBundleIdentifierPredicate "com.tarunyadgirkar.prefill.spike.textinsert.uitests.xctrunner">>
2026-09-30 23:28:52.724 Df SpringBoard[86754:c334f8] [com.apple.SpringBoard:Common] termination assertion acquired for com.tarunyadgirkar.prefill.spike.textinsert.uitests.xctrunner
2026-09-30 23:28:52.724 Df SpringBoard[86754:c334f8] [com.apple.SpringBoard:Icon] 0x11fc4f6c0-SBApplicationIcon Data source did change: <SBApplication: 0x118ec2d00; com.tarunyadgirkar.prefill.spike.textinsert.uitests.xctrunner> {
2026-09-30 23:28:52.725 Df installcoordinationd[87404:c54964] [com.apple.appinstallation:TransactionLog] com.tarunyadgirkar.prefill.spike.textinsert.uitests.xctrunner/Unknown Persona:4:9:1:1:Placeholder Promise began. Coordinator State: IXAppCoordinationStateWaitingForPlaceholderAssertion
2026-09-30 23:28:52.725 Df installcoordinationd[87404:c54964] [com.apple.installcoordination:daemon] -[IXSCoordinatorProgress setTotalUnitsCompleted:]: Progress for coordinator: [com.tarunyadgirkar.prefill.spike.textinsert.uitests.xctrunner/Invalid/[system-defined]], Phase: IXCoordinatorProgressPhas
2026-09-30 23:28:52.725 Df installcoordinationd[87404:c54964] [com.apple.appinstallation:TransactionLog] com.tarunyadgirkar.prefill.spike.textinsert.uitests.xctrunner/Unknown Persona:4:9:2:1:Placeholder Promise completed. Coordinator State: IXAppCoordinationStateWaitingForPlaceholderAssertion
2026-09-30 23:28:52.725 Df installcoordinationd[87404:c5496d] [com.apple.installcoordination:daemon] -[IXSCoordinatedAppInstall assertionAcquiredCallback]: RBS termination assertion observer called for <IXSCoordinatedAppInstall<0x105630000> [P=CoreSimulatorBridge (pid 86784)] identifier:[com.tarunya
2026-09-30 23:28:52.725 Df CoreSimulatorBridge[86784:c54967] [com.apple.installcoordination:framework] -[IXAppInstallCoordinator _clientDelegate_promiseDidBeginFulfillmentWithIdentifier:]: <IXUpdatingAppInstallCoordinator<0x1018820c0> identity:[com.tarunyadgirkar.prefill.spike.textinsert.uitests.xct
2026-09-30 23:28:52.725 Df CoreSimulatorBridge[86784:c54963] [com.apple.installcoordination:framework] -[IXAppInstallCoordinator _clientDelegate_promiseDidBeginFulfillmentWithIdentifier:]_block_invoke: <IXUpdatingAppInstallCoordinator<0x1018820c0> identity:[com.tarunyadgirkar.prefill.spike.textinser
2026-09-30 23:28:52.726 Df installcoordinationd[87404:c5496d] [com.apple.installcoordination:daemon] -[IXSCoordinatedAppInstall _onQueue_installPlaceholder]: Acquired termination assertion for placeholder [com.tarunyadgirkar.prefill.spike.textinsert.uitests.xctrunner/Invalid/[system-defined]]; proce
2026-09-30 23:28:52.727 Df installcoordinationd[87404:c5496d] [com.apple.installcoordination:daemon] -[IXSPowerAssertion initWithAssertionName:details:]: Acquired power assertion IXPowerAssertion-12-[com.tarunyadgirkar.prefill.spike.textinsert.uitests.xctrunner/Invalid/[system-defined]]
2026-09-30 23:28:52.728 Df MobileSafari[97353:c52029] [com.apple.PlugInKit:discovery] [d C92A6FC0-29E7-4B94-9FB7-8E3528518E16] <PKHost:0x107de0f00> Beginning discovery for flags: 0, point: com.apple.authentication-services-credential-provider-ui
2026-09-30 23:28:52.740 Df Preferences[90646:c53c47] [com.apple.PlugInKit:discovery] [d 6541E807-814F-4C53-A106-2238D08624F0] <PKHost:0x10a451640> Beginning discovery for flags: 0, point: com.apple.authentication-services-credential-provider-ui
2026-09-30 23:28:52.744 Df installd[87431:c54978] [com.apple.containermanager:xpc] Query; euid = 502, uid = 502, class = 1, identifier = [com.tarunyadgirkar.prefill.spike.textinsert.uitests.xctrunner](1), gidentifier = [(null)](0), flags = 300000002
2026-09-30 23:28:52.745 Df containermanagerd_system[86802:c405a2] [com.apple.containermanager:query] Selected query plan; plan = <MCMCommandQueryPlanWithIdentities; identities = [<MCMContainerIdentity: 0x10385e5c0; userIdentity = <502/20/502/3/502>, identifier = com.tarunyadgirkar.prefill.spike.text
    NSExtensionPointName = "com.apple.authentication-services-credential-provider-ui";
    <EXConcreteExtension: 0x13aa46ae0> {id = com.tarunyadgirkar.prefill.spike.textinsert.provider}
2026-09-30 23:28:52.749 Df installd[87431:c54978] [com.apple.containermanager:xpc] Query; euid = 502, uid = 502, class = 1, identifier = [com.tarunyadgirkar.prefill.spike.textinsert.uitests.xctrunner](1), gidentifier = [(null)](0), flags = 300000002
2026-09-30 23:28:52.749 Df containermanagerd_system[86802:c405a2] [com.apple.containermanager:query] Selected query plan; plan = <MCMCommandQueryPlanWithIdentities; identities = [<MCMContainerIdentity: 0x10385e5c0; userIdentity = <502/20/502/3/502>, identifier = com.tarunyadgirkar.prefill.spike.text
2026-09-30 23:28:52.756 Df installd[87431:c54978] [com.apple.containermanager:xpc] Query; euid = 502, uid = 502, class = 1, identifier = [com.tarunyadgirkar.prefill.spike.textinsert.uitests.xctrunner](1), gidentifier = [(null)](0), flags = 300000002
2026-09-30 23:28:52.757 Df containermanagerd_system[86802:c405a2] [com.apple.containermanager:query] Selected query plan; plan = <MCMCommandQueryPlanWithIdentities; identities = [<MCMContainerIdentity: 0x10385e5c0; userIdentity = <502/20/502/3/502>, identifier = com.tarunyadgirkar.prefill.spike.text
    NSExtensionPointName = "com.apple.authentication-services-credential-provider-ui";
    <EXConcreteExtension: 0x118aec460> {id = com.tarunyadgirkar.prefill.spike.textinsert.provider}
2026-09-30 23:28:52.758 Df installd[87431:c54978] [com.apple.containermanager:xpc] Query; euid = 502, uid = 502, class = 1, identifier = [com.tarunyadgirkar.prefill.spike.textinsert.uitests.xctrunner](1), gidentifier = [(null)](0), flags = 300000002
2026-09-30 23:28:52.758 Df containermanagerd_system[86802:c405a2] [com.apple.containermanager:query] Selected query plan; plan = <MCMCommandQueryPlanWithIdentities; identities = [<MCMContainerIdentity: 0x10385e5c0; userIdentity = <502/20/502/3/502>, identifier = com.tarunyadgirkar.prefill.spike.text
2026-09-30 23:28:52.763 Df installd[87431:c54978] (MobileSystemServices) 0x16ef8f000 -[MIInstaller _installInstallable:containingSymlink:error:]: Installing <MIInstallableParallelPlaceholder ID=com.tarunyadgirkar.prefill.spike.textinsert.uitests.xctrunner; Persona=com.apple.containermanager.primary-
2026-09-30 23:28:52.763 Df installd[87431:c54978] [com.apple.appinstallation:TransactionLog] com.tarunyadgirkar.prefill.spike.textinsert.uitests.xctrunner/com.apple.containermanager.primary-persona:7:2:1:1:Start : Install (Parallel Placeholder)
2026-09-30 23:28:52.766 Df installd[87431:c54978] [com.apple.containermanager:query] Query; personaid = 4294967295, type = NOPERSONA, name = <unknown>, origin [pid = 0, personaid = 0], proximate [pid = 0, personaid = 0], euid = 502, uid = 502, class = 4, identifier = [com.tarunyadgirkar.prefill.spik
2026-09-30 23:28:52.768 Df containermanagerd[86809:c35626] [com.apple.containermanager:query] Selected query plan; plan = <MCMCommandQueryPlanWithIdentities; identities = [<MCMContainerIdentity: 0x10386adc0; userIdentity = <502/20/502/2/502>, identifier = com.tarunyadgirkar.prefill.spike.textinsert.
2026-09-30 23:28:52.769 Df installd[87431:c54978] [com.apple.containermanager:query] Query; personaid = 4294967295, type = NOPERSONA, name = <unknown>, origin [pid = 0, personaid = 0], proximate [pid = 0, personaid = 0], euid = 502, uid = 502, class = 4, identifier = [com.tarunyadgirkar.prefill.spik
2026-09-30 23:28:52.769 Df containermanagerd[86809:c35626] [com.apple.containermanager:query] Selected query plan; plan = <MCMCommandQueryPlanWithIdentities; identities = [<MCMContainerIdentity: 0x10386adc0; userIdentity = <502/20/502/2/502>, identifier = com.tarunyadgirkar.prefill.spike.textinsert.
2026-09-30 23:28:52.770 Df installd[87431:c54978] (MobileSystemServices) 0x16ef8f000 -[MIInstallableParallelPlaceholder performInstallationWithError:]: Installing parallel placeholder for [com.tarunyadgirkar.prefill.spike.textinsert.uitests.xctrunner/com.apple.containermanager.primary-persona/[syste
2026-09-30 23:28:52.774 Df installd[87431:c54978] [com.apple.containermanager:query] Query; personaid = 4294967295, type = NOPERSONA, name = <unknown>, origin [pid = 0, personaid = 0], proximate [pid = 0, personaid = 0], euid = 502, uid = 502, class = 2, identifier = [com.tarunyadgirkar.prefill.spik
2026-09-30 23:28:52.774 Df containermanagerd[86809:c35626] [com.apple.containermanager:query] Selected query plan; plan = <MCMCommandQueryPlanWithIdentities; identities = [<MCMContainerIdentity: 0x103869e80; userIdentity = <502/20/502/2/502>, identifier = com.tarunyadgirkar.prefill.spike.textinsert.
2026-09-30 23:28:52.775 Df installd[87431:c54978] [com.apple.containermanager:query] Query; personaid = 4294967295, type = NOPERSONA, name = <unknown>, origin [pid = 0, personaid = 0], proximate [pid = 0, personaid = 0], euid = 502, uid = 502, class = 2, identifier = [com.tarunyadgirkar.prefill.spik
2026-09-30 23:28:52.775 Df containermanagerd[86809:c35626] [com.apple.containermanager:query] Selected query plan; plan = <MCMCommandQueryPlanWithIdentities; identities = [<MCMContainerIdentity: 0x103869e80; userIdentity = <502/20/502/2/502>, identifier = com.tarunyadgirkar.prefill.spike.textinsert.
2026-09-30 23:28:52.792 Df containermanagerd[86809:c35626] [com.apple.containermanager:schema] [u 2787B430-6632-4649-8F75-C729C6020925:p 🔒BB879512-467E-4967-BC8D-A4A2AFA7C05D:c com.tarunyadgirkar.prefill.spike.textinsert.uitests.xctrunner(appData):i0] Successfully updated schema from (0) → (1),
2026-09-30 23:28:52.793 Df containermanagerd_system[86802:c405a2] [com.apple.containermanager:schema] [u FC09BE08-56A8-47CD-8400-746191CDB317:p 🔒D29F7791-5A53-4296-A516-B72BC69F9352:c com.tarunyadgirkar.prefill.spike.textinsert.uitests.xctrunner(app):i0] Successfully updated schema from (0) → (
2026-09-30 23:28:52.794 Df installd[87431:c54978] [com.apple.containermanager:xpc] Query; euid = 502, uid = 502, class = 1, identifier = [com.tarunyadgirkar.prefill.spike.textinsert.uitests.xctrunner](1), gidentifier = [(null)](0), flags = 300000002
2026-09-30 23:28:52.794 Df containermanagerd_system[86802:c405a2] [com.apple.containermanager:query] Selected query plan; plan = <MCMCommandQueryPlanWithIdentities; identities = [<MCMContainerIdentity: 0x10385c940; userIdentity = <502/20/502/3/502>, identifier = com.tarunyadgirkar.prefill.spike.text
2026-09-30 23:28:52.796 Df installd[87431:c54978] [com.apple.containermanager:unspecified] Requesting disk usage; class = 1, identifier = com.tarunyadgirkar.prefill.spike.textinsert.uitests.xctrunner
2026-09-30 23:28:52.797 Df installd[87431:c54978] [com.apple.containermanager:query] Query; personaid = 4294967295, type = NOPERSONA, name = <unknown>, origin [pid = 0, personaid = 0], proximate [pid = 0, personaid = 0], euid = 502, uid = 502, class = 7, identifier = [com.tarunyadgirkar.prefill.spik
2026-09-30 23:28:52.798 Df SpringBoard[86754:c334f8] [com.apple.SpringBoard:Common] termination assertion released for com.tarunyadgirkar.prefill.spike.textinsert.uitests.xctrunner
2026-09-30 23:28:52.798 Df SpringBoard[86754:c334f8] [com.apple.SpringBoard:Icon] 0x11fc4f6c0-SBApplicationIcon Data source did change: <SBApplication: 0x118ec2d00; com.tarunyadgirkar.prefill.spike.textinsert.uitests.xctrunner> {
2026-09-30 23:28:52.798 Df Preferences[90646:c53f74] [com.apple.PlugInKit:discovery] [d 11137725-0BB5-48A7-89BF-115A8DCC3BA4] <PKHost:0x10a451640> Beginning discovery for flags: 0, point: com.apple.authentication-services-credential-provider-ui
2026-09-30 23:28:52.799 Df MobileSafari[97353:c52029] [com.apple.PlugInKit:discovery] [d A42C40FD-799D-41A4-AD01-78B6CD3D8AF6] <PKHost:0x107de0f00> Beginning discovery for flags: 0, point: com.apple.authentication-services-credential-provider-ui
2026-09-30 23:28:52.800 Df installd[87431:c54978] (MobileSystemServices) 0x16ef8f000 -[MILaunchServicesOperationManager _onQueue_addPendingLaunchServicesOperation:error:]: Added pending LS operation <MILaunchServicesRegisterOperation: 1DCEB46A-3457-4601-BE6B-674BDBEF2A8C:15 com.tarunyadgirkar.prefil
    NSExtensionPointName = "com.apple.authentication-services-credential-provider-ui";
    <EXConcreteExtension: 0x13aa46ae0> {id = com.tarunyadgirkar.prefill.spike.textinsert.provider}
2026-09-30 23:28:52.801 Df lsd[86807:c51499] [com.apple.launchservices:appinstallation] Post installation registration: request to register com.tarunyadgirkar.prefill.spike.textinsert.uitests.xctrunner, operation 1DCEB46A-3457-4601-BE6B-674BDBEF2A8C, from pid 87431
2026-09-30 23:28:52.802 Df lsd[86807:c51499] [com.apple.appinstallation:TransactionLog] com.tarunyadgirkar.prefill.spike.textinsert.uitests.xctrunner/Unknown Persona:5:4:1:1:Registering bundles via registrant - start
    NSExtensionPointName = "com.apple.authentication-services-credential-provider-ui";
    <EXConcreteExtension: 0x118aec460> {id = com.tarunyadgirkar.prefill.spike.textinsert.provider}
2026-09-30 23:28:52.819 Df lsd[86807:c51499] [com.apple.appinstallation:TransactionLog] com.tarunyadgirkar.prefill.spike.textinsert.uitests.xctrunner/Unknown Persona:5:5:1:1:Building bundle record for app
2026-09-30 23:28:52.819 Df lsd[86807:c51499] [com.apple.launchservices:appinstallation] Placeholder detected - Flagging bundle com.tarunyadgirkar.prefill.spike.textinsert.uitests.xctrunner incomplete
2026-09-30 23:28:52.819 Df lsd[86807:c51499] [com.apple.appinstallation:TransactionLog] com.tarunyadgirkar.prefill.spike.textinsert.uitests.xctrunner/Unknown Persona:5:5:2:1:Built bundle record for app
2026-09-30 23:28:52.823 Df lsd[86807:c51499] [com.apple.appinstallation:TransactionLog] com.tarunyadgirkar.prefill.spike.textinsert.uitests.xctrunner/Unknown Persona:5:4:2:1:Registered bundle status = success
2026-09-30 23:28:52.825 Df lsd[86807:c51499] [com.apple.appinstallation:TransactionLog] com.tarunyadgirkar.prefill.spike.textinsert.uitests.xctrunner/Unknown Persona:5:4:2:1:Finished registering com.tarunyadgirkar.prefill.spike.textinsert.uitests.xctrunner, bundle unit 30c
2026-09-30 23:28:52.828 Df installd[87431:c54978] (MobileSystemServices) 0x16ef8f000 -[MIJournal purgeJournalEntry:withError:]: Removing journal entry <MIInstallationJournalEntry<0x1024b4460> [com.tarunyadgirkar.prefill.spike.textinsert.uitests.xctrunner/com.apple.containermanager.primary-persona/[s
2026-09-30 23:28:52.828 Df installd[87431:c54978] [com.apple.appinstallation:TransactionLog] com.tarunyadgirkar.prefill.spike.textinsert.uitests.xctrunner/com.apple.containermanager.primary-persona:7:2:2:1:Success (End) : Install (Parallel Placeholder)
2026-09-30 23:28:52.828 Df installd[87431:c54978] (MobileSystemServices) 0x16ef8f000 -[MIInstaller _logOperationCompletionWithStartTime:distributorID:]: Install successful for (Placeholder:com.tarunyadgirkar.prefill.spike.textinsert.uitests.xctrunner) [Distributor: (null)]; Staging: 0.01s; Waiting: 
    "<LSApplicationProxy: 0x105b4c240> com.tarunyadgirkar.prefill.spike.textinsert.uitests.xctrunner file:///Users/tarunyadgirkar/Library/Developer/CoreSimulator/Devices/CF361191-F960-4212-9B76-7C41256A11C9/data/Containers/Bundle/Application/D29F7791-5A53-4296-A516-B72BC69F9352/com.apple.mobileinsta
2026-09-30 23:28:52.830 Df lsd[86807:c549be] [com.apple.launchservices:progress] Created parent progress <NSProgress: com.tarunyadgirkar.prefill.spike.textinsert.uitests.xctrunner phase=InstallingPlaceholder; state=Waiting; finalPhase=Installing; fractionCompleted=0.000000>
2026-09-30 23:28:52.831 Df installcoordinationd[87404:c5496d] [com.apple.installcoordination:daemon] -[IXSPowerAssertion invalidate]: Released power assertion IXPowerAssertion-12-[com.tarunyadgirkar.prefill.spike.textinsert.uitests.xctrunner/Invalid/[system-defined]]
2026-09-30 23:28:52.834 Df installcoordinationd[87404:c40579] [com.apple.installcoordination:daemon] -[IXSPendingOperationsTracker endPendingOperationForIdentity:]_block_invoke: Ending pending operation for [com.tarunyadgirkar.prefill.spike.textinsert.uitests.xctrunner/Invalid/[system-defined]]
2026-09-30 23:28:52.834 Df installcoordinationd[87404:c40579] [com.apple.installcoordination:daemon] -[IXSCoordinatedAppInstall setPlaceholderInstallState:withLSRecordPromiseForCompletion:]: <IXSCoordinatedAppInstall<0x105630000> [P=CoreSimulatorBridge (pid 86784)] identifier:[com.tarunyadgirkar.pre
2026-09-30 23:28:52.835 Df installcoordinationd[87404:c40579] [com.apple.installprogress:server] initiating progress for [com.tarunyadgirkar.prefill.spike.textinsert.uitests.xctrunner/Invalid/[system-defined]]
2026-09-30 23:28:52.839 Df installcoordinationd[87404:c40579] [com.apple.installprogress:default] Created published identity progress for [com.tarunyadgirkar.prefill.spike.textinsert.uitests.xctrunner/Invalid/[system-defined]], observer 0x105498dc0
2026-09-30 23:28:52.839 Df installcoordinationd[87404:c40579] [com.apple.installcoordination:daemon] -[IXSCoordinatorProgress setTotalUnitsCompleted:]: Progress for coordinator: [com.tarunyadgirkar.prefill.spike.textinsert.uitests.xctrunner/Invalid/[system-defined]], Phase: IXCoordinatorProgressPhas
2026-09-30 23:28:52.840 Df installcoordinationd[87404:c40579] [com.apple.installcoordination:daemon] -[IXSCoordinatedAppInstall _onQueue_acquireAssertionAndDoInstall]: Acquiring termination assertion to install [com.tarunyadgirkar.prefill.spike.textinsert.uitests.xctrunner/Invalid/[system-defined]]
2026-09-30 23:28:52.840 Df installcoordinationd[87404:c40579] [com.apple.installcoordination:daemon] -[IXSPendingOperationsTracker beginPendingOperationForIdentity:]_block_invoke: Beginning pending operation for [com.tarunyadgirkar.prefill.spike.textinsert.uitests.xctrunner/Invalid/[system-defined]]
    "<LSApplicationProxy: 0x1056f0f00> com.tarunyadgirkar.prefill.spike.textinsert.uitests.xctrunner file:///Users/tarunyadgirkar/Library/Developer/CoreSimulator/Devices/CF361191-F960-4212-9B76-7C41256A11C9/data/Containers/Bundle/Application/D29F7791-5A53-4296-A516-B72BC69F9352/com.apple.mobileinsta
2026-09-30 23:28:52.842 Df installcoordinationd[87404:c5496d] [com.apple.installcoordination:daemon] -[IXSCoordinatedAppInstall _limitedConcurrency_fetchLoadingProgressForPlaceholderInstallType:progressHint:andRun:]: <IXSCoordinatedAppInstall<0x105630000> [P=CoreSimulatorBridge (pid 86784)] identifi
    "<LSApplicationProxy: 0x101db8000> com.tarunyadgirkar.prefill.spike.textinsert.uitests.xctrunner file:///Users/tarunyadgirkar/Library/Developer/CoreSimulator/Devices/CF361191-F960-4212-9B76-7C41256A11C9/data/Containers/Bundle/Application/D29F7791-5A53-4296-A516-B72BC69F9352/com.apple.mobileinsta
2026-09-30 23:28:52.843 Df runningboardd[86757:c5422c] [com.apple.runningboard:connection] Received termination request from [osservice<com.apple.installcoordinationd>:87404] on <RBSProcessPredicate <RBSProcessBundleIdentifierPredicate "com.tarunyadgirkar.prefill.spike.textinsert.uitests.xctrunner">
	<RBSPreventLaunchLimitation| <RBSProcessPredicate <RBSProcessBundleIdentifierPredicate "com.tarunyadgirkar.prefill.spike.textinsert.uitests.xctrunner">> allow:(null)>
    "<LSApplicationProxy: 0x105f48180> com.tarunyadgirkar.prefill.spike.textinsert.uitests.xctrunner file:///Users/tarunyadgirkar/Library/Developer/CoreSimulator/Devices/CF361191-F960-4212-9B76-7C41256A11C9/data/Containers/Bundle/Application/D29F7791-5A53-4296-A516-B72BC69F9352/com.apple.mobileinsta
    "<LSApplicationProxy: 0x106579d40> com.tarunyadgirkar.prefill.spike.textinsert.uitests.xctrunner file:///Users/tarunyadgirkar/Library/Developer/CoreSimulator/Devices/CF361191-F960-4212-9B76-7C41256A11C9/data/Containers/Bundle/Application/D29F7791-5A53-4296-A516-B72BC69F9352/com.apple.mobileinsta
    "<LSApplicationProxy: 0x1069e1680> com.tarunyadgirkar.prefill.spike.textinsert.uitests.xctrunner file:///Users/tarunyadgirkar/Library/Developer/CoreSimulator/Devices/CF361191-F960-4212-9B76-7C41256A11C9/data/Containers/Bundle/Application/D29F7791-5A53-4296-A516-B72BC69F9352/com.apple.mobileinsta
    "<LSApplicationProxy: 0x1063e4600> com.tarunyadgirkar.prefill.spike.textinsert.uitests.xctrunner file:///Users/tarunyadgirkar/Library/Developer/CoreSimulator/Devices/CF361191-F960-4212-9B76-7C41256A11C9/data/Containers/Bundle/Application/D29F7791-5A53-4296-A516-B72BC69F9352/com.apple.mobileinsta
    "<LSApplicationProxy: 0x102281f80> com.tarunyadgirkar.prefill.spike.textinsert.uitests.xctrunner file:///Users/tarunyadgirkar/Library/Developer/CoreSimulator/Devices/CF361191-F960-4212-9B76-7C41256A11C9/data/Containers/Bundle/Application/D29F7791-5A53-4296-A516-B72BC69F9352/com.apple.mobileinsta
    "<LSApplicationProxy: 0x105d90a80> com.tarunyadgirkar.prefill.spike.textinsert.uitests.xctrunner file:///Users/tarunyadgirkar/Library/Developer/CoreSimulator/Devices/CF361191-F960-4212-9B76-7C41256A11C9/data/Containers/Bundle/Application/D29F7791-5A53-4296-A516-B72BC69F9352/com.apple.mobileinsta
    "<LSApplicationProxy: 0x1062eef40> com.tarunyadgirkar.prefill.spike.textinsert.uitests.xctrunner file:///Users/tarunyadgirkar/Library/Developer/CoreSimulator/Devices/CF361191-F960-4212-9B76-7C41256A11C9/data/Containers/Bundle/Application/D29F7791-5A53-4296-A516-B72BC69F9352/com.apple.mobileinsta
2026-09-30 23:28:52.846 Df runningboardd[86757:c54238] [com.apple.runningboard:general] Found 0 extensions contained in com.tarunyadgirkar.prefill.spike.textinsert.uitests.xctrunner
2026-09-30 23:28:52.848 Df liveactivitiesd[86815:c405d9] [com.apple.launchservices:progress] #LSInstallProgressList add subscriber: <_NSProgressSubscriber: 0x1063dcc60> publishingString: com.tarunyadgirkar.prefill.spike.textinsert.uitests.xctrunner
2026-09-30 23:28:52.848 Df liveactivitiesd[86815:c405d9] [com.apple.launchservices:progress] Subscribing to progress for app com.tarunyadgirkar.prefill.spike.textinsert.uitests.xctrunner,
2026-09-30 23:28:52.848 Df installcoordinationd[87404:c5496d] [com.apple.appinstallation:TransactionLog] com.tarunyadgirkar.prefill.spike.textinsert.uitests.xctrunner/Unknown Persona:5:11:1:1:Updating PlaceholderMetadata for com.tarunyadgirkar.prefill.spike.textinsert.uitests.xctrunner with LSInstal
2026-09-30 23:28:52.848 Df liveactivitiesd[86815:c3363b] [com.apple.launchservices:progress] Got progress <NSProgress: com.tarunyadgirkar.prefill.spike.textinsert.uitests.xctrunner phase=InstallingPlaceholder; state=Finished; finalPhase=Installing; fractionCompleted=0.000000> for app com.tarunyadgir
2026-09-30 23:28:52.850 Df MobileSafari[97353:c52029] [com.apple.PlugInKit:discovery] [d E8B72763-D522-4F81-A962-F77175A47889] <PKHost:0x107de0f00> Beginning discovery for flags: 0, point: com.apple.authentication-services-credential-provider-ui
2026-09-30 23:28:52.850 Df Preferences[90646:c53f74] [com.apple.PlugInKit:discovery] [d 05A83A5F-9C59-4471-8F32-BEB926F0EFE8] <PKHost:0x10a451640> Beginning discovery for flags: 0, point: com.apple.authentication-services-credential-provider-ui
2026-09-30 23:28:52.850 Df runningboardd[86757:c54238] [com.apple.runningboard:ttl] Acquiring assertion targeting system from originator [osservice<com.apple.installcoordinationd>:87404] with description <RBSAssertionDescriptor| "installcoordinationd app:[com.tarunyadgirkar.prefill.spike.textinsert.
	<RBSPreventLaunchLimitation| <RBSProcessPredicate <RBSProcessBundleIdentifierPredicate "com.tarunyadgirkar.prefill.spike.textinsert.uitests.xctrunner">> allow:(null)>
2026-09-30 23:28:52.850 Df runningboardd[86757:c54238] [com.apple.runningboard:process] Executing termination request for: <RBSProcessPredicate <RBSProcessBundleIdentifierPredicate "com.tarunyadgirkar.prefill.spike.textinsert.uitests.xctrunner">>
    "<LSApplicationProxy: 0x115f62880> com.tarunyadgirkar.prefill.spike.textinsert.uitests.xctrunner file:///Users/tarunyadgirkar/Library/Developer/CoreSimulator/Devices/CF361191-F960-4212-9B76-7C41256A11C9/data/Containers/Bundle/Application/D29F7791-5A53-4296-A516-B72BC69F9352/com.apple.mobileinsta
2026-09-30 23:28:52.853 Df SpringBoard[86754:c4b7cf] [com.apple.frontboard.ApplicationLibrary:observer] -[FBSApplicationLibrary applicationInstallsDidStart:] com.tarunyadgirkar.prefill.spike.textinsert.uitests.xctrunner
    "<LSApplicationProxy: 0x101db0000> com.tarunyadgirkar.prefill.spike.textinsert.uitests.xctrunner file:///Users/tarunyadgirkar/Library/Developer/CoreSimulator/Devices/CF361191-F960-4212-9B76-7C41256A11C9/data/Containers/Bundle/Application/D29F7791-5A53-4296-A516-B72BC69F9352/com.apple.mobileinsta
    "<LSApplicationProxy: 0x107ca4000> com.tarunyadgirkar.prefill.spike.textinsert.uitests.xctrunner file:///Users/tarunyadgirkar/Library/Developer/CoreSimulator/Devices/CF361191-F960-4212-9B76-7C41256A11C9/data/Containers/Bundle/Application/D29F7791-5A53-4296-A516-B72BC69F9352/com.apple.mobileinsta
    "<LSApplicationProxy: 0x1039fc000> com.tarunyadgirkar.prefill.spike.textinsert.uitests.xctrunner file:///Users/tarunyadgirkar/Library/Developer/CoreSimulator/Devices/CF361191-F960-4212-9B76-7C41256A11C9/data/Containers/Bundle/Application/D29F7791-5A53-4296-A516-B72BC69F9352/com.apple.mobileinsta
    "<LSApplicationProxy: 0x10b11cfc0> com.tarunyadgirkar.prefill.spike.textinsert.uitests.xctrunner file:///Users/tarunyadgirkar/Library/Developer/CoreSimulator/Devices/CF361191-F960-4212-9B76-7C41256A11C9/data/Containers/Bundle/Application/D29F7791-5A53-4296-A516-B72BC69F9352/com.apple.mobileinsta
    "<LSApplicationProxy: 0x10419d080> com.tarunyadgirkar.prefill.spike.textinsert.uitests.xctrunner file:///Users/tarunyadgirkar/Library/Developer/CoreSimulator/Devices/CF361191-F960-4212-9B76-7C41256A11C9/data/Containers/Bundle/Application/D29F7791-5A53-4296-A516-B72BC69F9352/com.apple.mobileinsta
2026-09-30 23:28:52.856 Df lsd[86807:c549bf] [com.apple.launchservices:progress] Parent progress for installation <NSProgress: com.tarunyadgirkar.prefill.spike.textinsert.uitests.xctrunner phase=InstallingPlaceholder; state=Finished; finalPhase=Installing; fractionCompleted=0.000000>, adding phase 3
    "<LSApplicationProxy: 0x10ccd9ec0> com.tarunyadgirkar.prefill.spike.textinsert.uitests.xctrunner file:///Users/tarunyadgirkar/Library/Developer/CoreSimulator/Devices/CF361191-F960-4212-9B76-7C41256A11C9/data/Containers/Bundle/Application/D29F7791-5A53-4296-A516-B72BC69F9352/com.apple.mobileinsta
        "com.tarunyadgirkar.prefill.spike.textinsert.uitests.xctrunner"
2026-09-30 23:28:52.857 Df SpringBoard[86754:c334f8] [com.apple.SpringBoard:Common] termination assertion acquired for com.tarunyadgirkar.prefill.spike.textinsert.uitests.xctrunner
2026-09-30 23:28:52.857 Df SpringBoard[86754:c334f8] [com.apple.SpringBoard:Icon] 0x11fc4f6c0-SBApplicationIcon Data source did change: <SBApplication: 0x118ec2d00; com.tarunyadgirkar.prefill.spike.textinsert.uitests.xctrunner> {
2026-09-30 23:28:52.859 Df lsd[86807:c549bf] [com.apple.launchservices:progress] #LSInstallProgressList add subscriber: <_NSProgressSubscriber: 0x107440a50> publishingString: com.tarunyadgirkar.prefill.spike.textinsert.uitests.xctrunner.InstallingPlaceholder
2026-09-30 23:28:52.859 Df lsd[86807:c549bf] [com.apple.launchservices:progress] Subscribing to com.tarunyadgirkar.prefill.spike.textinsert.uitests.xctrunner.InstallingPlaceholder
    "<LSApplicationProxy: 0x105b043c0> com.tarunyadgirkar.prefill.spike.textinsert.uitests.xctrunner file:///Users/tarunyadgirkar/Library/Developer/CoreSimulator/Devices/CF361191-F960-4212-9B76-7C41256A11C9/data/Containers/Bundle/Application/D29F7791-5A53-4296-A516-B72BC69F9352/com.apple.mobileinsta
    NSExtensionPointName = "com.apple.authentication-services-credential-provider-ui";
    <EXConcreteExtension: 0x118aec460> {id = com.tarunyadgirkar.prefill.spike.textinsert.provider}
    "<LSApplicationProxy: 0x106aa6a00> com.tarunyadgirkar.prefill.spike.textinsert.uitests.xctrunner file:///Users/tarunyadgirkar/Library/Developer/CoreSimulator/Devices/CF361191-F960-4212-9B76-7C41256A11C9/data/Containers/Bundle/Application/D29F7791-5A53-4296-A516-B72BC69F9352/com.apple.mobileinsta
    "<LSApplicationProxy: 0x10b1ed080> com.tarunyadgirkar.prefill.spike.textinsert.uitests.xctrunner file:///Users/tarunyadgirkar/Library/Developer/CoreSimulator/Devices/CF361191-F960-4212-9B76-7C41256A11C9/data/Containers/Bundle/Application/D29F7791-5A53-4296-A516-B72BC69F9352/com.apple.mobileinsta
2026-09-30 23:28:52.862 Df installcoordinationd[87404:c5496d] [com.apple.launchservices:progress] Published install progress <NSProgress: com.tarunyadgirkar.prefill.spike.textinsert.uitests.xctrunner.InstallingPlaceholder phase=InstallingPlaceholder; state=Waiting; finalPhase=Installing; fractionCom
    NSExtensionPointName = "com.apple.authentication-services-credential-provider-ui";
    <EXConcreteExtension: 0x13aa46ae0> {id = com.tarunyadgirkar.prefill.spike.textinsert.provider}
2026-09-30 23:28:52.863 Df CoreSimulatorBridge[86784:c54963] [com.apple.installcoordination:framework] -[IXAppInstallCoordinator _clientDelegate_placeholderDidInstallForApplicationRecord:]: <IXUpdatingAppInstallCoordinator<0x1018820c0> identity:[com.tarunyadgirkar.prefill.spike.textinsert.uitests.xc
2026-09-30 23:28:52.864 Df CoreSimulatorBridge[86784:c54967] [com.apple.installcoordination:framework] -[IXAppInstallCoordinator _clientDelegate_placeholderDidInstallForApplicationRecord:]_block_invoke: <IXUpdatingAppInstallCoordinator<0x1018820c0> identity:[com.tarunyadgirkar.prefill.spike.textinse
    "<LSApplicationProxy: 0x105a240c0> com.tarunyadgirkar.prefill.spike.textinsert.uitests.xctrunner file:///Users/tarunyadgirkar/Library/Developer/CoreSimulator/Devices/CF361191-F960-4212-9B76-7C41256A11C9/data/Containers/Bundle/Application/D29F7791-5A53-4296-A516-B72BC69F9352/com.apple.mobileinsta
2026-09-30 23:28:52.864 Df installcoordinationd[87404:c40579] [com.apple.installcoordination:daemon] -[IXSCoordinatedAppInstall assertionAcquiredCallback]: RBS termination assertion observer called for <IXSCoordinatedAppInstall<0x105630000> [P=CoreSimulatorBridge (pid 86784)] identifier:[com.tarunya
        "com.tarunyadgirkar.prefill.spike.textinsert.uitests.xctrunner"
    "<LSApplicationProxy: 0x101a94000> com.tarunyadgirkar.prefill.spike.textinsert.uitests.xctrunner file:///Users/tarunyadgirkar/Library/Developer/CoreSimulator/Devices/CF361191-F960-4212-9B76-7C41256A11C9/data/Containers/Bundle/Application/D29F7791-5A53-4296-A516-B72BC69F9352/com.apple.mobileinsta
    "<LSApplicationProxy: 0x105ab4600> com.tarunyadgirkar.prefill.spike.textinsert.uitests.xctrunner file:///Users/tarunyadgirkar/Library/Developer/CoreSimulator/Devices/CF361191-F960-4212-9B76-7C41256A11C9/data/Containers/Bundle/Application/D29F7791-5A53-4296-A516-B72BC69F9352/com.apple.mobileinsta
    "<LSApplicationProxy: 0x1016cd680> com.tarunyadgirkar.prefill.spike.textinsert.uitests.xctrunner file:///Users/tarunyadgirkar/Library/Developer/CoreSimulator/Devices/CF361191-F960-4212-9B76-7C41256A11C9/data/Containers/Bundle/Application/D29F7791-5A53-4296-A516-B72BC69F9352/com.apple.mobileinsta
        "com.tarunyadgirkar.prefill.spike.textinsert.uitests.xctrunner"
    "<LSApplicationProxy: 0x105dc9080> com.tarunyadgirkar.prefill.spike.textinsert.uitests.xctrunner file:///Users/tarunyadgirkar/Library/Developer/CoreSimulator/Devices/CF361191-F960-4212-9B76-7C41256A11C9/data/Containers/Bundle/Application/D29F7791-5A53-4296-A516-B72BC69F9352/com.apple.mobileinsta
2026-09-30 23:28:52.867 Df installcoordinationd[87404:c54964] [com.apple.installcoordination:daemon] -[IXSCoordinatedAppInstall _onQueue_doInstall]: Acquired termination assertion for [com.tarunyadgirkar.prefill.spike.textinsert.uitests.xctrunner/Invalid/[system-defined]]; proceeding with install.
    "<LSApplicationProxy: 0x1059558c0> com.tarunyadgirkar.prefill.spike.textinsert.uitests.xctrunner file:///Users/tarunyadgirkar/Library/Developer/CoreSimulator/Devices/CF361191-F960-4212-9B76-7C41256A11C9/data/Containers/Bundle/Application/D29F7791-5A53-4296-A516-B72BC69F9352/com.apple.mobileinsta
2026-09-30 23:28:52.867 Df lsd[86807:c335ee] [com.apple.launchservices:progress] unsubscribing from com.tarunyadgirkar.prefill.spike.textinsert.uitests.xctrunner.InstallingPlaceholder as it was unpublished
2026-09-30 23:28:52.867 Df lsd[86807:c335ee] [com.apple.launchservices:progress] #LSInstallProgressList remove subscriber: <_NSProgressSubscriber: 0x107440a50> publishingString: com.tarunyadgirkar.prefill.spike.textinsert.uitests.xctrunner.InstallingPlaceholder
2026-09-30 23:28:52.867 Df installcoordinationd[87404:c54964] [com.apple.installcoordination:daemon] -[IXSPowerAssertion initWithAssertionName:details:]: Acquired power assertion IXPowerAssertion-12-[com.tarunyadgirkar.prefill.spike.textinsert.uitests.xctrunner/Invalid/[system-defined]]
2026-09-30 23:28:52.870 Df SpringBoard[86754:c54975] [com.apple.launchservices:progress] #LSInstallProgressList add subscriber: <_NSProgressSubscriber: 0x1097ab120> publishingString: com.tarunyadgirkar.prefill.spike.textinsert.uitests.xctrunner
2026-09-30 23:28:52.870 Df SpringBoard[86754:c54975] [com.apple.launchservices:progress] Subscribing to progress for app com.tarunyadgirkar.prefill.spike.textinsert.uitests.xctrunner,
2026-09-30 23:28:52.870 E  SpringBoard[86754:c54975] [com.apple.frontboard.ApplicationLibrary:placeholder] Non-demoted placeholder for com.tarunyadgirkar.prefill.spike.textinsert.uitests.xctrunner has no associated NSProgress!
2026-09-30 23:28:52.885 Df installd[87431:c54978] (MobileSystemServices) 0x16ef8f000 -[MIClientConnection updatePlaceholderMetadataForApp:installType:failureReason:underlyingError:failureSource:completion:]: Update placeholder metadata requested by client installcoordinationd (pid 87404 (502/20)) fo
2026-09-30 23:28:52.886 Df installd[87431:c54978] [com.apple.containermanager:xpc] Query; euid = 502, uid = 502, class = 1, identifier = [com.tarunyadgirkar.prefill.spike.textinsert.uitests.xctrunner](1), gidentifier = [(null)](0), flags = 300000002
2026-09-30 23:28:52.887 Df containermanagerd_system[86802:c549a5] [com.apple.containermanager:query] Selected query plan; plan = <MCMCommandQueryPlanWithIdentities; identities = [<MCMContainerIdentity: 0x10385c940; userIdentity = <502/20/502/3/502>, identifier = com.tarunyadgirkar.prefill.spike.text
2026-09-30 23:28:52.888 Df installd[87431:c54978] [com.apple.containermanager:xpc] Query; euid = 502, uid = 502, class = 1, identifier = [com.tarunyadgirkar.prefill.spike.textinsert.uitests.xctrunner](1), gidentifier = [(null)](0), flags = 300000002
        "com.tarunyadgirkar.prefill.spike.textinsert.uitests.xctrunner"
2026-09-30 23:28:52.889 Df containermanagerd_system[86802:c549a5] [com.apple.containermanager:query] Selected query plan; plan = <MCMCommandQueryPlanWithIdentities; identities = [<MCMContainerIdentity: 0x10385c940; userIdentity = <502/20/502/3/502>, identifier = com.tarunyadgirkar.prefill.spike.text
2026-09-30 23:28:52.895 Df linkd[87064:c549cc] [com.apple.appintents:IndexCoordinator] Ignoring isPlaceholder for com.tarunyadgirkar.prefill.spike.textinsert.uitests.xctrunner
com.tarunyadgirkar.prefill.spike.textinsert.uitests.xctrunner
com.tarunyadgirkar.prefill.spike.textinsert.uitests.xctrunner
com.tarunyadgirkar.prefill.spike.textinsert.uitests.xctrunner
2026-09-30 23:28:52.896 Df appprotectiond[86773:c54a04] [com.apple.appprotection:server] processing settings authority event: SettingsAuthorityEvent.promotePreferenceFromProvisionalForApplication(com.tarunyadgirkar.prefill.spike.textinsert.uitests.xctrunner)
2026-09-30 23:28:52.902 Df lsd[86807:c549eb] [com.apple.appinstallation:TransactionLog] com.tarunyadgirkar.prefill.spike.textinsert.uitests.xctrunner/Unknown Persona:5:11:1:1:Updating bundle record for app (placeholderMetadata)
2026-09-30 23:28:52.902 Df lsd[86807:c549eb] [com.apple.launchservices:default] Created bundleRecordUpdater for app com.tarunyadgirkar.prefill.spike.textinsert.uitests.xctrunner. flags=140000c1202
} for com.tarunyadgirkar.prefill.spike.textinsert.uitests.xctrunner: did not actually need an update, and it was not forced, so skipping
2026-09-30 23:28:52.902 Df lsd[86807:c549eb] [com.apple.appinstallation:TransactionLog] com.tarunyadgirkar.prefill.spike.textinsert.uitests.xctrunner/Unknown Persona:5:11:2:1:Updated bundle record (skipped)
    "com.tarunyadgirkar.prefill.spike.textinsert.uitests.xctrunner"
    "com.tarunyadgirkar.prefill.spike.textinsert.uitests.xctrunner"
    "com.tarunyadgirkar.prefill.spike.textinsert.uitests.xctrunner"
    "com.tarunyadgirkar.prefill.spike.textinsert.uitests.xctrunner"
    "com.tarunyadgirkar.prefill.spike.textinsert.uitests.xctrunner"
    "com.tarunyadgirkar.prefill.spike.textinsert.uitests.xctrunner"
    "com.tarunyadgirkar.prefill.spike.textinsert.uitests.xctrunner"
    "com.tarunyadgirkar.prefill.spike.textinsert.uitests.xctrunner"
    "com.tarunyadgirkar.prefill.spike.textinsert.uitests.xctrunner"
    "com.tarunyadgirkar.prefill.spike.textinsert.uitests.xctrunner"
    "com.tarunyadgirkar.prefill.spike.textinsert.uitests.xctrunner"
    "com.tarunyadgirkar.prefill.spike.textinsert.uitests.xctrunner"
    "com.tarunyadgirkar.prefill.spike.textinsert.uitests.xctrunner"
    "com.tarunyadgirkar.prefill.spike.textinsert.uitests.xctrunner"
    "com.tarunyadgirkar.prefill.spike.textinsert.uitests.xctrunner"
    "com.tarunyadgirkar.prefill.spike.textinsert.uitests.xctrunner"
    "com.tarunyadgirkar.prefill.spike.textinsert.uitests.xctrunner"
    "com.tarunyadgirkar.prefill.spike.textinsert.uitests.xctrunner"
    "com.tarunyadgirkar.prefill.spike.textinsert.uitests.xctrunner"
    "com.tarunyadgirkar.prefill.spike.textinsert.uitests.xctrunner"
    "com.tarunyadgirkar.prefill.spike.textinsert.uitests.xctrunner"
    "com.tarunyadgirkar.prefill.spike.textinsert.uitests.xctrunner"
    "com.tarunyadgirkar.prefill.spike.textinsert.uitests.xctrunner"
    "com.tarunyadgirkar.prefill.spike.textinsert.uitests.xctrunner"
    "com.tarunyadgirkar.prefill.spike.textinsert.uitests.xctrunner"
    "com.tarunyadgirkar.prefill.spike.textinsert.uitests.xctrunner"
2026-09-30 23:28:52.906 Df lsd[86807:c549bf] [com.apple.appinstallation:TransactionLog] com.tarunyadgirkar.prefill.spike.textinsert.uitests.xctrunner/Unknown Persona:5:11:1:1:Updating bundle record for app (placeholderMetadata)
2026-09-30 23:28:52.906 Df lsd[86807:c549bf] [com.apple.launchservices:default] Created bundleRecordUpdater for app com.tarunyadgirkar.prefill.spike.textinsert.uitests.xctrunner. flags=140000c1202
} for com.tarunyadgirkar.prefill.spike.textinsert.uitests.xctrunner: did not actually need an update, and it was not forced, so skipping
2026-09-30 23:28:52.907 Df lsd[86807:c549bf] [com.apple.appinstallation:TransactionLog] com.tarunyadgirkar.prefill.spike.textinsert.uitests.xctrunner/Unknown Persona:5:11:2:1:Updated bundle record (skipped)
    "<LSApplicationProxy: 0x105b4c480> com.tarunyadgirkar.prefill.spike.textinsert.uitests.xctrunner file:///Users/tarunyadgirkar/Library/Developer/CoreSimulator/Devices/CF361191-F960-4212-9B76-7C41256A11C9/data/Containers/Bundle/Application/D29F7791-5A53-4296-A516-B72BC69F9352/com.apple.mobileinsta
2026-09-30 23:28:52.909 Df installcoordinationd[87404:c5496d] [com.apple.appinstallation:TransactionLog] com.tarunyadgirkar.prefill.spike.textinsert.uitests.xctrunner/Unknown Persona:5:11:2:1:Updated Placeholder install type with error (null)
2026-09-30 23:28:52.909 Df installcoordinationd[87404:c5496d] [com.apple.appinstallation:TransactionLog] com.tarunyadgirkar.prefill.spike.textinsert.uitests.xctrunner/Unknown Persona:5:11:2:1:Updated PlaceholderMetadata for app with error (null)
    "<LSApplicationProxy: 0x102281f80> com.tarunyadgirkar.prefill.spike.textinsert.uitests.xctrunner file:///Users/tarunyadgirkar/Library/Developer/CoreSimulator/Devices/CF361191-F960-4212-9B76-7C41256A11C9/data/Containers/Bundle/Application/D29F7791-5A53-4296-A516-B72BC69F9352/com.apple.mobileinsta
    "<LSApplicationProxy: 0x115f62100> com.tarunyadgirkar.prefill.spike.textinsert.uitests.xctrunner file:///Users/tarunyadgirkar/Library/Developer/CoreSimulator/Devices/CF361191-F960-4212-9B76-7C41256A11C9/data/Containers/Bundle/Application/D29F7791-5A53-4296-A516-B72BC69F9352/com.apple.mobileinsta
2026-09-30 23:28:52.911 Df SpringBoard[86754:c4e25c] [com.apple.frontboard.ApplicationLibrary:observer] -[FBSApplicationLibrary applicationInstallsDidStart:] com.tarunyadgirkar.prefill.spike.textinsert.uitests.xctrunner
2026-09-30 23:28:52.911 E  SpringBoard[86754:c4e25c] [com.apple.frontboard.ApplicationLibrary:placeholder] Non-demoted placeholder for com.tarunyadgirkar.prefill.spike.textinsert.uitests.xctrunner has no associated NSProgress!
    "<LSApplicationProxy: 0x1069e1680> com.tarunyadgirkar.prefill.spike.textinsert.uitests.xctrunner file:///Users/tarunyadgirkar/Library/Developer/CoreSimulator/Devices/CF361191-F960-4212-9B76-7C41256A11C9/data/Containers/Bundle/Application/D29F7791-5A53-4296-A516-B72BC69F9352/com.apple.mobileinsta
    "<LSApplicationProxy: 0x105d90a80> com.tarunyadgirkar.prefill.spike.textinsert.uitests.xctrunner file:///Users/tarunyadgirkar/Library/Developer/CoreSimulator/Devices/CF361191-F960-4212-9B76-7C41256A11C9/data/Containers/Bundle/Application/D29F7791-5A53-4296-A516-B72BC69F9352/com.apple.mobileinsta
    "<LSApplicationProxy: 0x1056f0f00> com.tarunyadgirkar.prefill.spike.textinsert.uitests.xctrunner file:///Users/tarunyadgirkar/Library/Developer/CoreSimulator/Devices/CF361191-F960-4212-9B76-7C41256A11C9/data/Containers/Bundle/Application/D29F7791-5A53-4296-A516-B72BC69F9352/com.apple.mobileinsta
    "<LSApplicationProxy: 0x105f48180> com.tarunyadgirkar.prefill.spike.textinsert.uitests.xctrunner file:///Users/tarunyadgirkar/Library/Developer/CoreSimulator/Devices/CF361191-F960-4212-9B76-7C41256A11C9/data/Containers/Bundle/Application/D29F7791-5A53-4296-A516-B72BC69F9352/com.apple.mobileinsta
    "<LSApplicationProxy: 0x105b043c0> com.tarunyadgirkar.prefill.spike.textinsert.uitests.xctrunner file:///Users/tarunyadgirkar/Library/Developer/CoreSimulator/Devices/CF361191-F960-4212-9B76-7C41256A11C9/data/Containers/Bundle/Application/D29F7791-5A53-4296-A516-B72BC69F9352/com.apple.mobileinsta
2026-09-30 23:28:52.913 Df lsd[86807:c549eb] [com.apple.launchservices:progress] Setting progress proportions for com.tarunyadgirkar.prefill.spike.textinsert.uitests.xctrunner to {
    "<LSApplicationProxy: 0x10b1ed080> com.tarunyadgirkar.prefill.spike.textinsert.uitests.xctrunner file:///Users/tarunyadgirkar/Library/Developer/CoreSimulator/Devices/CF361191-F960-4212-9B76-7C41256A11C9/data/Containers/Bundle/Application/D29F7791-5A53-4296-A516-B72BC69F9352/com.apple.mobileinsta
    "<LSApplicationProxy: 0x1063e4540> com.tarunyadgirkar.prefill.spike.textinsert.uitests.xctrunner file:///Users/tarunyadgirkar/Library/Developer/CoreSimulator/Devices/CF361191-F960-4212-9B76-7C41256A11C9/data/Containers/Bundle/Application/D29F7791-5A53-4296-A516-B72BC69F9352/com.apple.mobileinsta
    "<LSApplicationProxy: 0x1039fc0c0> com.tarunyadgirkar.prefill.spike.textinsert.uitests.xctrunner file:///Users/tarunyadgirkar/Library/Developer/CoreSimulator/Devices/CF361191-F960-4212-9B76-7C41256A11C9/data/Containers/Bundle/Application/D29F7791-5A53-4296-A516-B72BC69F9352/com.apple.mobileinsta
    "<LSApplicationProxy: 0x101db00c0> com.tarunyadgirkar.prefill.spike.textinsert.uitests.xctrunner file:///Users/tarunyadgirkar/Library/Developer/CoreSimulator/Devices/CF361191-F960-4212-9B76-7C41256A11C9/data/Containers/Bundle/Application/D29F7791-5A53-4296-A516-B72BC69F9352/com.apple.mobileinsta
2026-09-30 23:28:52.914 Df SpringBoard[86754:c334f8] [com.apple.launchservices:progress] Got progress <NSProgress: com.tarunyadgirkar.prefill.spike.textinsert.uitests.xctrunner phase=InstallingPlaceholder; state=Waiting; finalPhase=Installing; fractionCompleted=0.000000> for app com.tarunyadgirkar.p
    "<LSApplicationProxy: 0x103ed4000> com.tarunyadgirkar.prefill.spike.textinsert.uitests.xctrunner file:///Users/tarunyadgirkar/Library/Developer/CoreSimulator/Devices/CF361191-F960-4212-9B76-7C41256A11C9/data/Containers/Bundle/Application/D29F7791-5A53-4296-A516-B72BC69F9352/com.apple.mobileinsta
    "<LSApplicationProxy: 0x10419d080> com.tarunyadgirkar.prefill.spike.textinsert.uitests.xctrunner file:///Users/tarunyadgirkar/Library/Developer/CoreSimulator/Devices/CF361191-F960-4212-9B76-7C41256A11C9/data/Containers/Bundle/Application/D29F7791-5A53-4296-A516-B72BC69F9352/com.apple.mobileinsta
        "com.tarunyadgirkar.prefill.spike.textinsert.uitests.xctrunner"
2026-09-30 23:28:52.916 Df SpringBoard[86754:c334f8] [com.apple.appinstallation:TransactionLog] com.tarunyadgirkar.prefill.spike.textinsert.uitests.xctrunner/Unknown Persona:10:0:1:1:Placeholder add BEGIN
    "<LSApplicationProxy: 0x101db8000> com.tarunyadgirkar.prefill.spike.textinsert.uitests.xctrunner file:///Users/tarunyadgirkar/Library/Developer/CoreSimulator/Devices/CF361191-F960-4212-9B76-7C41256A11C9/data/Containers/Bundle/Application/D29F7791-5A53-4296-A516-B72BC69F9352/com.apple.mobileinsta
    "<LSApplicationProxy: 0x10b11c780> com.tarunyadgirkar.prefill.spike.textinsert.uitests.xctrunner file:///Users/tarunyadgirkar/Library/Developer/CoreSimulator/Devices/CF361191-F960-4212-9B76-7C41256A11C9/data/Containers/Bundle/Application/D29F7791-5A53-4296-A516-B72BC69F9352/com.apple.mobileinsta
    "<LSApplicationProxy: 0x106aa6a00> com.tarunyadgirkar.prefill.spike.textinsert.uitests.xctrunner file:///Users/tarunyadgirkar/Library/Developer/CoreSimulator/Devices/CF361191-F960-4212-9B76-7C41256A11C9/data/Containers/Bundle/Application/D29F7791-5A53-4296-A516-B72BC69F9352/com.apple.mobileinsta
2026-09-30 23:28:52.917 Df installcoordinationd[87404:c5496d] [com.apple.installcoordination:daemon] -[IXSCoordinatedAppInstall _limitedConcurrency_setUpLSProgressForInstallType:progressHint:]: <IXSCoordinatedAppInstall<0x105630000> [P=CoreSimulatorBridge (pid 86784)] identifier:[com.tarunyadgirkar.
    "<LSApplicationProxy: 0x101a94000> com.tarunyadgirkar.prefill.spike.textinsert.uitests.xctrunner file:///Users/tarunyadgirkar/Library/Developer/CoreSimulator/Devices/CF361191-F960-4212-9B76-7C41256A11C9/data/Containers/Bundle/Application/D29F7791-5A53-4296-A516-B72BC69F9352/com.apple.mobileinsta
    "<LSApplicationProxy: 0x105dc9080> com.tarunyadgirkar.prefill.spike.textinsert.uitests.xctrunner file:///Users/tarunyadgirkar/Library/Developer/CoreSimulator/Devices/CF361191-F960-4212-9B76-7C41256A11C9/data/Containers/Bundle/Application/D29F7791-5A53-4296-A516-B72BC69F9352/com.apple.mobileinsta
    "<LSApplicationProxy: 0x10ccd9ec0> com.tarunyadgirkar.prefill.spike.textinsert.uitests.xctrunner file:///Users/tarunyadgirkar/Library/Developer/CoreSimulator/Devices/CF361191-F960-4212-9B76-7C41256A11C9/data/Containers/Bundle/Application/D29F7791-5A53-4296-A516-B72BC69F9352/com.apple.mobileinsta
    "<LSApplicationProxy: 0x1059558c0> com.tarunyadgirkar.prefill.spike.textinsert.uitests.xctrunner file:///Users/tarunyadgirkar/Library/Developer/CoreSimulator/Devices/CF361191-F960-4212-9B76-7C41256A11C9/data/Containers/Bundle/Application/D29F7791-5A53-4296-A516-B72BC69F9352/com.apple.mobileinsta
    "<LSApplicationProxy: 0x105a240c0> com.tarunyadgirkar.prefill.spike.textinsert.uitests.xctrunner file:///Users/tarunyadgirkar/Library/Developer/CoreSimulator/Devices/CF361191-F960-4212-9B76-7C41256A11C9/data/Containers/Bundle/Application/D29F7791-5A53-4296-A516-B72BC69F9352/com.apple.mobileinsta
    "<LSApplicationProxy: 0x1062eef40> com.tarunyadgirkar.prefill.spike.textinsert.uitests.xctrunner file:///Users/tarunyadgirkar/Library/Developer/CoreSimulator/Devices/CF361191-F960-4212-9B76-7C41256A11C9/data/Containers/Bundle/Application/D29F7791-5A53-4296-A516-B72BC69F9352/com.apple.mobileinsta
    "<LSApplicationProxy: 0x1016cd500> com.tarunyadgirkar.prefill.spike.textinsert.uitests.xctrunner file:///Users/tarunyadgirkar/Library/Developer/CoreSimulator/Devices/CF361191-F960-4212-9B76-7C41256A11C9/data/Containers/Bundle/Application/D29F7791-5A53-4296-A516-B72BC69F9352/com.apple.mobileinsta
    "<LSApplicationProxy: 0x106579d40> com.tarunyadgirkar.prefill.spike.textinsert.uitests.xctrunner file:///Users/tarunyadgirkar/Library/Developer/CoreSimulator/Devices/CF361191-F960-4212-9B76-7C41256A11C9/data/Containers/Bundle/Application/D29F7791-5A53-4296-A516-B72BC69F9352/com.apple.mobileinsta
        "com.tarunyadgirkar.prefill.spike.textinsert.uitests.xctrunner"
    "<LSApplicationProxy: 0x107ca4000> com.tarunyadgirkar.prefill.spike.textinsert.uitests.xctrunner file:///Users/tarunyadgirkar/Library/Developer/CoreSimulator/Devices/CF361191-F960-4212-9B76-7C41256A11C9/data/Containers/Bundle/Application/D29F7791-5A53-4296-A516-B72BC69F9352/com.apple.mobileinsta
    "<LSApplicationProxy: 0x105ab4600> com.tarunyadgirkar.prefill.spike.textinsert.uitests.xctrunner file:///Users/tarunyadgirkar/Library/Developer/CoreSimulator/Devices/CF361191-F960-4212-9B76-7C41256A11C9/data/Containers/Bundle/Application/D29F7791-5A53-4296-A516-B72BC69F9352/com.apple.mobileinsta
    "com.tarunyadgirkar.prefill.spike.textinsert.uitests.xctrunner"
2026-09-30 23:28:52.920 Df lsd[86807:c51499] [com.apple.launchservices:progress] Updating installPhase for <NSProgress: com.tarunyadgirkar.prefill.spike.textinsert.uitests.xctrunner phase=InstallingPlaceholder; state=Finished; finalPhase=Installing; fractionCompleted=0.000000> to 0
2026-09-30 23:28:52.921 Df lsd[86807:c51499] [com.apple.launchservices:progress] Parent progress for installation <NSProgress: com.tarunyadgirkar.prefill.spike.textinsert.uitests.xctrunner phase=Loading; state=Finished; finalPhase=Installing; fractionCompleted=0.000000>, adding phase 0
        "com.tarunyadgirkar.prefill.spike.textinsert.uitests.xctrunner"
2026-09-30 23:28:52.921 Df lsd[86807:c51499] [com.apple.launchservices:progress] #LSInstallProgressList add subscriber: <_NSProgressSubscriber: 0x107440240> publishingString: com.tarunyadgirkar.prefill.spike.textinsert.uitests.xctrunner.Loading
2026-09-30 23:28:52.921 Df lsd[86807:c51499] [com.apple.launchservices:progress] Subscribing to com.tarunyadgirkar.prefill.spike.textinsert.uitests.xctrunner.Loading
2026-09-30 23:28:52.922 Df installcoordinationd[87404:c5496d] [com.apple.launchservices:progress] Published install progress <NSProgress: com.tarunyadgirkar.prefill.spike.textinsert.uitests.xctrunner.Loading phase=Loading; state=Waiting; finalPhase=Installing; fractionCompleted=0.000000>
com.tarunyadgirkar.prefill.spike.textinsert.uitests.xctrunner
2026-09-30 23:28:52.922 Df appprotectiond[86773:c54a04] [com.apple.appprotection:server] processing settings authority event: SettingsAuthorityEvent.promotePreferenceFromProvisionalForApplication(com.tarunyadgirkar.prefill.spike.textinsert.uitests.xctrunner)
2026-09-30 23:28:52.923 Df CoreSimulatorBridge[86784:c54967] [com.apple.installcoordination:framework] -[IXAppInstallCoordinator _clientDelegate_didUpdateProgress:forPhase:overallProgress:]: <IXUpdatingAppInstallCoordinator<0x1018820c0> identity:[com.tarunyadgirkar.prefill.spike.textinsert.uitests.x
2026-09-30 23:28:52.923 Df CoreSimulatorBridge[86784:c54967] [com.apple.installcoordination:framework] -[IXAppInstallCoordinator _clientDelegate_didUpdateProgress:forPhase:overallProgress:]_block_invoke: <IXUpdatingAppInstallCoordinator<0x1018820c0> identity:[com.tarunyadgirkar.prefill.spike.textins
2026-09-30 23:28:52.924 Df lsd[86807:c335ee] [com.apple.launchservices:progress] unsubscribing from com.tarunyadgirkar.prefill.spike.textinsert.uitests.xctrunner.Loading as it was unpublished
2026-09-30 23:28:52.925 Df lsd[86807:c335ee] [com.apple.launchservices:progress] #LSInstallProgressList remove subscriber: <_NSProgressSubscriber: 0x107440240> publishingString: com.tarunyadgirkar.prefill.spike.textinsert.uitests.xctrunner.Loading
2026-09-30 23:28:52.926 Df lsd[86807:c549ec] [com.apple.launchservices:progress] Updating installPhase for <NSProgress: com.tarunyadgirkar.prefill.spike.textinsert.uitests.xctrunner phase=Loading; state=Active; finalPhase=Installing; fractionCompleted=0.600000> to 1
2026-09-30 23:28:52.926 Df lsd[86807:c549ec] [com.apple.launchservices:progress] Parent progress for installation <NSProgress: com.tarunyadgirkar.prefill.spike.textinsert.uitests.xctrunner phase=Installing; state=Active; finalPhase=Installing; fractionCompleted=0.600000>, adding phase 1
2026-09-30 23:28:52.930 Df lsd[86807:c549ec] [com.apple.launchservices:progress] #LSInstallProgressList add subscriber: <_NSProgressSubscriber: 0x107440b10> publishingString: com.tarunyadgirkar.prefill.spike.textinsert.uitests.xctrunner.Installing
2026-09-30 23:28:52.930 Df lsd[86807:c549ec] [com.apple.launchservices:progress] Subscribing to com.tarunyadgirkar.prefill.spike.textinsert.uitests.xctrunner.Installing
2026-09-30 23:28:52.931 Df installcoordinationd[87404:c5496d] [com.apple.launchservices:progress] Published install progress <NSProgress: com.tarunyadgirkar.prefill.spike.textinsert.uitests.xctrunner.Installing phase=Installing; state=Waiting; finalPhase=Installing; fractionCompleted=0.000000>
2026-09-30 23:28:52.932 Df lsd[86807:c549ec] [com.apple.launchservices:progress] connection from 87404 sending notification 4 for com.tarunyadgirkar.prefill.spike.textinsert.uitests.xctrunner
2026-09-30 23:28:52.932 Df SpringBoard[86754:c334f8] [com.apple.SpringBoard:Icon] <<SBLeafIcon:0x11fc4f6c0 [com.tarunyadgirkar.prefill.spike.textinsert.uitests.xctrunner]>> Changing active data source: <SBApplicationIcon: 0x11fc4f6c0; uniqueIdentifier: com.tarunyadgirkar.prefill.spike.textinsert.uit
2026-09-30 23:28:52.932 Df SpringBoard[86754:c334f8] [com.apple.SpringBoard:Icon] <<SBLeafIcon:0x11fc4f6c0 [com.tarunyadgirkar.prefill.spike.textinsert.uitests.xctrunner]>> Changing from data souce: com.tarunyadgirkar.prefill.spike.textinsert.uitests.xctrunner to data source:com.tarunyadgirkar.prefi
2026-09-30 23:28:52.935 Df SpringBoard[86754:c334f8] [com.apple.SpringBoard:Icon] Reload icon image of com.tarunyadgirkar.prefill.spike.textinsert.uitests.xctrunner for reason 'active data source did change'
    "<LSApplicationProxy: 0x103ed40c0> com.tarunyadgirkar.prefill.spike.textinsert.uitests.xctrunner file:///Users/tarunyadgirkar/Library/Developer/CoreSimulator/Devices/CF361191-F960-4212-9B76-7C41256A11C9/data/Containers/Bundle/Application/D29F7791-5A53-4296-A516-B72BC69F9352/com.apple.mobileinsta
        "com.tarunyadgirkar.prefill.spike.textinsert.uitests.xctrunner"
2026-09-30 23:28:52.936 Df SpringBoard[86754:c334f8] [com.apple.appinstallation:TransactionLog] com.tarunyadgirkar.prefill.spike.textinsert.uitests.xctrunner/Unknown Persona:10:1:3:1:Created icon for placeholder.
2026-09-30 23:28:52.938 Df SpringBoard[86754:c4b7cf] [com.apple.frontboard.ApplicationLibrary:observer] -[FBSApplicationLibrary applicationsWillInstall:] com.tarunyadgirkar.prefill.spike.textinsert.uitests.xctrunner
com.tarunyadgirkar.prefill.spike.textinsert.uitests.xctrunner
com.tarunyadgirkar.prefill.spike.textinsert.uitests.xctrunner
2026-09-30 23:28:52.945 Df SpringBoard[86754:c334f8] [com.apple.installcoordination:framework] +[IXAppInstallCoordinator removabilityForAppWithIdentity:error:]: Returning locally read removability, PossibleAndAllowed, for identity:[com.tarunyadgirkar.prefill.spike.textinsert.uitests.xctrunner/Invali
2026-09-30 23:28:52.947 Df SpringBoard[86754:c334f8] [com.apple.appinstallation:TransactionLog] com.tarunyadgirkar.prefill.spike.textinsert.uitests.xctrunner/Unknown Persona:10:2:3:1:Reloading icon image.
2026-09-30 23:28:52.947 Df SpringBoard[86754:c334f8] [com.apple.SpringBoard:Icon] Reload icon image of com.tarunyadgirkar.prefill.spike.textinsert.uitests.xctrunner for reason 'active data source did generate image'
2026-09-30 23:28:52.956 Df linkd[87064:c549cc] [com.apple.appintents:IndexCoordinator] Ignoring isPlaceholder for com.tarunyadgirkar.prefill.spike.textinsert.uitests.xctrunner
2026-09-30 23:28:52.959 Df CoreSimulatorBridge[86784:c54967] [com.apple.installcoordination:framework] -[IXAppInstallCoordinator _clientDelegate_didUpdateProgress:forPhase:overallProgress:]: <IXUpdatingAppInstallCoordinator<0x1018820c0> identity:[com.tarunyadgirkar.prefill.spike.textinsert.uitests.x
2026-09-30 23:28:52.959 Df CoreSimulatorBridge[86784:c54967] [com.apple.installcoordination:framework] -[IXAppInstallCoordinator _clientDelegate_didUpdateProgress:forPhase:overallProgress:]: <IXUpdatingAppInstallCoordinator<0x1018820c0> identity:[com.tarunyadgirkar.prefill.spike.textinsert.uitests.x
2026-09-30 23:28:52.959 Df CoreSimulatorBridge[86784:c54967] [com.apple.installcoordination:framework] -[IXAppInstallCoordinator _clientDelegate_didUpdateProgress:forPhase:overallProgress:]: <IXUpdatingAppInstallCoordinator<0x1018820c0> identity:[com.tarunyadgirkar.prefill.spike.textinsert.uitests.x
2026-09-30 23:28:52.959 Df CoreSimulatorBridge[86784:c54963] [com.apple.installcoordination:framework] -[IXAppInstallCoordinator _clientDelegate_didUpdateProgress:forPhase:overallProgress:]_block_invoke: <IXUpdatingAppInstallCoordinator<0x1018820c0> identity:[com.tarunyadgirkar.prefill.spike.textins
2026-09-30 23:28:52.959 Df CoreSimulatorBridge[86784:c54963] [com.apple.installcoordination:framework] -[IXAppInstallCoordinator _clientDelegate_didUpdateProgress:forPhase:overallProgress:]_block_invoke: <IXUpdatingAppInstallCoordinator<0x1018820c0> identity:[com.tarunyadgirkar.prefill.spike.textins
2026-09-30 23:28:52.959 Df CoreSimulatorBridge[86784:c54963] [com.apple.installcoordination:framework] -[IXAppInstallCoordinator _clientDelegate_didUpdateProgress:forPhase:overallProgress:]_block_invoke: <IXUpdatingAppInstallCoordinator<0x1018820c0> identity:[com.tarunyadgirkar.prefill.spike.textins
2026-09-30 23:28:52.960 Df installd[87431:c54978] [com.apple.containermanager:xpc] Query; euid = 502, uid = 502, class = 1, identifier = [com.tarunyadgirkar.prefill.spike.textinsert.uitests.xctrunner](1), gidentifier = [(null)](0), flags = 300000002
2026-09-30 23:28:52.960 Df containermanagerd_system[86802:c549a5] [com.apple.containermanager:query] Selected query plan; plan = <MCMCommandQueryPlanWithIdentities; identities = [<MCMContainerIdentity: 0x10385c940; userIdentity = <502/20/502/3/502>, identifier = com.tarunyadgirkar.prefill.spike.text
2026-09-30 23:28:52.964 Df installd[87431:c54978] [com.apple.containermanager:xpc] Query; euid = 502, uid = 502, class = 1, identifier = [com.tarunyadgirkar.prefill.spike.textinsert.uitests.xctrunner](1), gidentifier = [(null)](0), flags = 300000002
2026-09-30 23:28:52.964 Df containermanagerd_system[86802:c549a5] [com.apple.containermanager:query] Selected query plan; plan = <MCMCommandQueryPlanWithIdentities; identities = [<MCMContainerIdentity: 0x10385c940; userIdentity = <502/20/502/3/502>, identifier = com.tarunyadgirkar.prefill.spike.text
2026-09-30 23:28:52.970 Df installd[87431:c54978] [com.apple.containermanager:xpc] Query; euid = 502, uid = 502, class = 1, identifier = [com.tarunyadgirkar.prefill.spike.textinsert.uitests.xctrunner](1), gidentifier = [(null)](0), flags = 300000002
2026-09-30 23:28:52.971 Df installcoordinationd[87404:c54964] [com.apple.installcoordination:daemon] -[IXSCoordinatorProgress setTotalUnitsCompleted:]: Progress for coordinator: [com.tarunyadgirkar.prefill.spike.textinsert.uitests.xctrunner/Invalid/[system-defined]], Phase: IXCoordinatorProgressPhas
2026-09-30 23:28:52.971 Df containermanagerd_system[86802:c549a5] [com.apple.containermanager:query] Selected query plan; plan = <MCMCommandQueryPlanWithIdentities; identities = [<MCMContainerIdentity: 0x10385c940; userIdentity = <502/20/502/3/502>, identifier = com.tarunyadgirkar.prefill.spike.text
2026-09-30 23:28:52.974 Df installd[87431:c54978] [com.apple.containermanager:xpc] Query; euid = 502, uid = 502, class = 1, identifier = [com.tarunyadgirkar.prefill.spike.textinsert.uitests.xctrunner](1), gidentifier = [(null)](0), flags = 300000002
2026-09-30 23:28:52.975 Df containermanagerd_system[86802:c549a5] [com.apple.containermanager:query] Selected query plan; plan = <MCMCommandQueryPlanWithIdentities; identities = [<MCMContainerIdentity: 0x10385c940; userIdentity = <502/20/502/3/502>, identifier = com.tarunyadgirkar.prefill.spike.text
2026-09-30 23:28:52.980 Df installd[87431:c54978] (MobileSystemServices) 0x16ef8f000 -[MIInstaller _installInstallable:containingSymlink:error:]: Installing <MIInstallableBundle ID=com.tarunyadgirkar.prefill.spike.textinsert.uitests.xctrunner; Persona=com.apple.containermanager.primary-persona, Vers
2026-09-30 23:28:52.981 Df installd[87431:c54978] [com.apple.appinstallation:TransactionLog] com.tarunyadgirkar.prefill.spike.textinsert.uitests.xctrunner/com.apple.containermanager.primary-persona:7:1:1:1:Start : Install (Patch Update)
2026-09-30 23:28:52.985 Df CoreSimulatorBridge[86784:c54967] [com.apple.installcoordination:framework] -[IXAppInstallCoordinator _clientDelegate_didUpdateProgress:forPhase:overallProgress:]: <IXUpdatingAppInstallCoordinator<0x1018820c0> identity:[com.tarunyadgirkar.prefill.spike.textinsert.uitests.x
2026-09-30 23:28:52.985 Df CoreSimulatorBridge[86784:c54967] [com.apple.installcoordination:framework] -[IXAppInstallCoordinator _clientDelegate_didUpdateProgress:forPhase:overallProgress:]_block_invoke: <IXUpdatingAppInstallCoordinator<0x1018820c0> identity:[com.tarunyadgirkar.prefill.spike.textins
2026-09-30 23:28:52.985 Df CoreSimulatorBridge[86784:c54967] [com.apple.installcoordination:framework] -[IXAppInstallCoordinator _clientDelegate_didUpdateProgress:forPhase:overallProgress:]: <IXUpdatingAppInstallCoordinator<0x1018820c0> identity:[com.tarunyadgirkar.prefill.spike.textinsert.uitests.x
2026-09-30 23:28:52.986 Df CoreSimulatorBridge[86784:c54967] [com.apple.installcoordination:framework] -[IXAppInstallCoordinator _clientDelegate_didUpdateProgress:forPhase:overallProgress:]_block_invoke: <IXUpdatingAppInstallCoordinator<0x1018820c0> identity:[com.tarunyadgirkar.prefill.spike.textins
2026-09-30 23:28:52.986 Df installd[87431:c54978] (MobileSystemServices) 0x16ef8f000 -[MIInstallable applyPatchWithError:]: Attempting Delta patch update of com.tarunyadgirkar.prefill.spike.textinsert.uitests.xctrunner from 1 (1.0) to 1 (1.0)
2026-09-30 23:28:53.001 Df installd[87431:c54978] [com.apple.containermanager:query] Query; personaid = 4294967295, type = NOPERSONA, name = <unknown>, origin [pid = 0, personaid = 0], proximate [pid = 0, personaid = 0], euid = 502, uid = 502, class = 4, identifier = [com.tarunyadgirkar.prefill.spik
2026-09-30 23:28:53.002 Df containermanagerd[86809:c35626] [com.apple.containermanager:query] Selected query plan; plan = <MCMCommandQueryPlanWithIdentities; identities = [<MCMContainerIdentity: 0x10386a5c0; userIdentity = <502/20/502/2/502>, identifier = com.tarunyadgirkar.prefill.spike.textinsert.
2026-09-30 23:28:53.003 Df CoreSimulatorBridge[86784:c54967] [com.apple.installcoordination:framework] -[IXAppInstallCoordinator _clientDelegate_didUpdateProgress:forPhase:overallProgress:]: <IXUpdatingAppInstallCoordinator<0x1018820c0> identity:[com.tarunyadgirkar.prefill.spike.textinsert.uitests.x
2026-09-30 23:28:53.003 Df CoreSimulatorBridge[86784:c54967] [com.apple.installcoordination:framework] -[IXAppInstallCoordinator _clientDelegate_didUpdateProgress:forPhase:overallProgress:]_block_invoke: <IXUpdatingAppInstallCoordinator<0x1018820c0> identity:[com.tarunyadgirkar.prefill.spike.textins
2026-09-30 23:28:53.008 Df installd[87431:c54978] [com.apple.containermanager:query] Query; personaid = 4294967295, type = NOPERSONA, name = <unknown>, origin [pid = 0, personaid = 0], proximate [pid = 0, personaid = 0], euid = 502, uid = 502, class = 4, identifier = [com.tarunyadgirkar.prefill.spik
2026-09-30 23:28:53.008 Df containermanagerd[86809:c35626] [com.apple.containermanager:query] Selected query plan; plan = <MCMCommandQueryPlanWithIdentities; identities = [<MCMContainerIdentity: 0x10386a5c0; userIdentity = <502/20/502/2/502>, identifier = com.tarunyadgirkar.prefill.spike.textinsert.
2026-09-30 23:28:53.010 Df installd[87431:c54978] [com.apple.containermanager:xpc] Query; euid = 502, uid = 502, class = 1T, identifier = [com.tarunyadgirkar.prefill.spike.textinsert.uitests.xctrunner](1), gidentifier = [(null)](0), flags = 300000003
2026-09-30 23:28:53.010 Df containermanagerd_system[86802:c549a5] [com.apple.containermanager:query] Selected query plan; plan = <MCMCommandQueryPlanWithIdentities; identities = [<MCMContainerIdentity: 0x10385c940; userIdentity = <502/20/502/3/502>, identifier = com.tarunyadgirkar.prefill.spike.text
2026-09-30 23:28:53.010 Df CoreSimulatorBridge[86784:c54967] [com.apple.installcoordination:framework] -[IXAppInstallCoordinator _clientDelegate_didUpdateProgress:forPhase:overallProgress:]: <IXUpdatingAppInstallCoordinator<0x1018820c0> identity:[com.tarunyadgirkar.prefill.spike.textinsert.uitests.x
2026-09-30 23:28:53.010 Df CoreSimulatorBridge[86784:c54967] [com.apple.installcoordination:framework] -[IXAppInstallCoordinator _clientDelegate_didUpdateProgress:forPhase:overallProgress:]_block_invoke: <IXUpdatingAppInstallCoordinator<0x1018820c0> identity:[com.tarunyadgirkar.prefill.spike.textins
2026-09-30 23:28:53.011 E  containermanagerd_system[86802:c549a5] [com.apple.containermanager:schema] [com.tarunyadgirkar.prefill.spike.textinsert.uitests.xctrunner(app)] Current schema version (1) is newer than the latest (0), ignoring.
2026-09-30 23:28:53.011 Df containermanagerd_system[86802:c549a5] [com.apple.containermanager:schema] [u 2EE85601-9287-423D-8F45-9B14F5CA42AA:p 🔒FD9A820C-5341-4253-BB8D-D54B511950FE:c com.tarunyadgirkar.prefill.spike.textinsert.uitests.xctrunner(app):i28035000] Successfully updated schema from (0
2026-09-30 23:28:53.012 Df installd[87431:c54978] [com.apple.containermanager:xpc] Query; euid = 502, uid = 502, class = 1T, identifier = [com.tarunyadgirkar.prefill.spike.textinsert.uitests.xctrunner](1), gidentifier = [(null)](0), flags = 300000002
2026-09-30 23:28:53.013 Df containermanagerd_system[86802:c549a5] [com.apple.containermanager:query] Selected query plan; plan = <MCMCommandQueryPlanWithIdentities; identities = [<MCMContainerIdentity: 0x10385c940; userIdentity = <502/20/502/3/502>, identifier = com.tarunyadgirkar.prefill.spike.text
2026-09-30 23:28:53.015 Df CoreSimulatorBridge[86784:c54963] [com.apple.installcoordination:framework] -[IXAppInstallCoordinator _clientDelegate_didUpdateProgress:forPhase:overallProgress:]: <IXUpdatingAppInstallCoordinator<0x1018820c0> identity:[com.tarunyadgirkar.prefill.spike.textinsert.uitests.x
2026-09-30 23:28:53.015 Df CoreSimulatorBridge[86784:c54963] [com.apple.installcoordination:framework] -[IXAppInstallCoordinator _clientDelegate_didUpdateProgress:forPhase:overallProgress:]_block_invoke: <IXUpdatingAppInstallCoordinator<0x1018820c0> identity:[com.tarunyadgirkar.prefill.spike.textins
2026-09-30 23:28:53.017 Df installd[87431:c54978] [com.apple.containermanager:query] Query; personaid = 4294967295, type = NOPERSONA, name = <unknown>, origin [pid = 0, personaid = 0], proximate [pid = 0, personaid = 0], euid = 502, uid = 502, class = 2, identifier = [com.tarunyadgirkar.prefill.spik
2026-09-30 23:28:53.017 Df CoreSimulatorBridge[86784:c54966] [com.apple.installcoordination:framework] -[IXAppInstallCoordinator _clientDelegate_didUpdateProgress:forPhase:overallProgress:]: <IXUpdatingAppInstallCoordinator<0x1018820c0> identity:[com.tarunyadgirkar.prefill.spike.textinsert.uitests.x
2026-09-30 23:28:53.017 Df CoreSimulatorBridge[86784:c54966] [com.apple.installcoordination:framework] -[IXAppInstallCoordinator _clientDelegate_didUpdateProgress:forPhase:overallProgress:]_block_invoke: <IXUpdatingAppInstallCoordinator<0x1018820c0> identity:[com.tarunyadgirkar.prefill.spike.textins
2026-09-30 23:28:53.018 Df containermanagerd[86809:c35626] [com.apple.containermanager:query] Selected query plan; plan = <MCMCommandQueryPlanWithIdentities; identities = [<MCMContainerIdentity: 0x10386a5c0; userIdentity = <502/20/502/2/502>, identifier = com.tarunyadgirkar.prefill.spike.textinsert.
2026-09-30 23:28:53.019 Df installd[87431:c54978] [com.apple.containermanager:query] Query; personaid = 4294967295, type = NOPERSONA, name = <unknown>, origin [pid = 0, personaid = 0], proximate [pid = 0, personaid = 0], euid = 502, uid = 502, class = 2, identifier = [com.tarunyadgirkar.prefill.spik
2026-09-30 23:28:53.019 Df containermanagerd[86809:c35626] [com.apple.containermanager:query] Selected query plan; plan = <MCMCommandQueryPlanWithIdentities; identities = [<MCMContainerIdentity: 0x10386a5c0; userIdentity = <502/20/502/2/502>, identifier = com.tarunyadgirkar.prefill.spike.textinsert.
2026-09-30 23:28:53.034 Df CoreSimulatorBridge[86784:c54963] [com.apple.installcoordination:framework] -[IXAppInstallCoordinator _clientDelegate_didUpdateProgress:forPhase:overallProgress:]: <IXUpdatingAppInstallCoordinator<0x1018820c0> identity:[com.tarunyadgirkar.prefill.spike.textinsert.uitests.x
2026-09-30 23:28:53.034 Df CoreSimulatorBridge[86784:c54967] [com.apple.installcoordination:framework] -[IXAppInstallCoordinator _clientDelegate_didUpdateProgress:forPhase:overallProgress:]_block_invoke: <IXUpdatingAppInstallCoordinator<0x1018820c0> identity:[com.tarunyadgirkar.prefill.spike.textins
2026-09-30 23:28:53.037 Df installd[87431:c54978] (MobileSystemServices) 0x16ef8f000 -[MIInstallationJournalEntry _refreshUUIDForContainer:withError:]: Data container for com.tarunyadgirkar.prefill.spike.textinsert.uitests.xctrunner is now at /Users/tarunyadgirkar/Library/Developer/CoreSimulator/Dev
2026-09-30 23:28:53.040 Df containermanagerd[86809:c35626] [com.apple.containermanager:schema] [u 2787B430-6632-4649-8F75-C729C6020925:p 🔒97728F53-7BF9-40A6-91A6-CAE95F87B30C:c com.tarunyadgirkar.prefill.spike.textinsert.uitests.xctrunner(appData):i0] Successfully updated schema from (0) → (1),
2026-09-30 23:28:53.040 Df installd[87431:c54978] [com.apple.containermanager:unspecified] Replace; old = [app:com.tarunyadgirkar.prefill.spike.textinsert.uitests.xctrunner:502::(FC09BE08-56A8-47CD-8400-746191CDB317):{502:20:u+rwx,g+rx,o+rx}], new = [temp-app:com.tarunyadgirkar.prefill.spike.textins
2026-09-30 23:28:53.049 Df installd[87431:c54978] [com.apple.containermanager:xpc] Query; euid = 502, uid = 502, class = 1, identifier = [com.tarunyadgirkar.prefill.spike.textinsert.uitests.xctrunner](1), gidentifier = [(null)](0), flags = 300000002
2026-09-30 23:28:53.049 Df containermanagerd_system[86802:c549a5] [com.apple.containermanager:query] Selected query plan; plan = <MCMCommandQueryPlanWithIdentities; identities = [<MCMContainerIdentity: 0x10385ca40; userIdentity = <502/20/502/3/502>, identifier = com.tarunyadgirkar.prefill.spike.text
2026-09-30 23:28:53.051 Df installd[87431:c54978] (MobileSystemServices) 0x16ef8f000 -[MIContainer makeContainerLiveReplacingContainer:reason:waitForDeletion:withError:]: Made container live for com.tarunyadgirkar.prefill.spike.textinsert.uitests.xctrunner at /Users/tarunyadgirkar/Library/Developer/
2026-09-30 23:28:53.056 Df installd[87431:c54978] [com.apple.containermanager:xpc] Query; euid = 502, uid = 502, class = 1, identifier = [com.tarunyadgirkar.prefill.spike.textinsert.uitests.xctrunner](1), gidentifier = [(null)](0), flags = 300000002
2026-09-30 23:28:53.060 Df containermanagerd_system[86802:c405a2] [com.apple.containermanager:query] Selected query plan; plan = <MCMCommandQueryPlanWithIdentities; identities = [<MCMContainerIdentity: 0x10385c940; userIdentity = <502/20/502/3/502>, identifier = com.tarunyadgirkar.prefill.spike.text
2026-09-30 23:28:53.068 Df CoreSimulatorBridge[86784:c54967] [com.apple.installcoordination:framework] -[IXAppInstallCoordinator _clientDelegate_didUpdateProgress:forPhase:overallProgress:]: <IXUpdatingAppInstallCoordinator<0x1018820c0> identity:[com.tarunyadgirkar.prefill.spike.textinsert.uitests.x
2026-09-30 23:28:53.068 Df CoreSimulatorBridge[86784:c54967] [com.apple.installcoordination:framework] -[IXAppInstallCoordinator _clientDelegate_didUpdateProgress:forPhase:overallProgress:]_block_invoke: <IXUpdatingAppInstallCoordinator<0x1018820c0> identity:[com.tarunyadgirkar.prefill.spike.textins
2026-09-30 23:28:53.069 Df installd[87431:c54978] [com.apple.containermanager:unspecified] Requesting disk usage; class = 1, identifier = com.tarunyadgirkar.prefill.spike.textinsert.uitests.xctrunner
2026-09-30 23:28:53.074 Df installd[87431:c54978] [com.apple.containermanager:query] Query; personaid = 4294967295, type = NOPERSONA, name = <unknown>, origin [pid = 0, personaid = 0], proximate [pid = 0, personaid = 0], euid = 502, uid = 502, class = 7, identifier = [com.tarunyadgirkar.prefill.spik
2026-09-30 23:28:53.076 Df SpringBoard[86754:c334f8] [com.apple.SpringBoard:Common] termination assertion released for com.tarunyadgirkar.prefill.spike.textinsert.uitests.xctrunner
2026-09-30 23:28:53.076 Df MobileSafari[97353:c52029] [com.apple.PlugInKit:discovery] [d D6D16DC1-1A47-4BE2-B762-621B1FE85930] <PKHost:0x107de0f00> Beginning discovery for flags: 0, point: com.apple.authentication-services-credential-provider-ui
2026-09-30 23:28:53.079 Df installd[87431:c54978] (MobileSystemServices) 0x16ef8f000 -[MILaunchServicesOperationManager _onQueue_addPendingLaunchServicesOperation:error:]: Added pending LS operation <MILaunchServicesRegisterOperation: B80FEF78-F750-43E1-AA8B-64375A8E436D:16 com.tarunyadgirkar.prefil
2026-09-30 23:28:53.080 Df lsd[86807:c51499] [com.apple.launchservices:appinstallation] Post installation registration: request to register com.tarunyadgirkar.prefill.spike.textinsert.uitests.xctrunner, operation B80FEF78-F750-43E1-AA8B-64375A8E436D, from pid 87431
2026-09-30 23:28:53.080 Df lsd[86807:c51499] [com.apple.appinstallation:TransactionLog] com.tarunyadgirkar.prefill.spike.textinsert.uitests.xctrunner/Unknown Persona:5:4:1:1:Registering bundles via registrant - start
    NSExtensionPointName = "com.apple.authentication-services-credential-provider-ui";
    <EXConcreteExtension: 0x13aa46ae0> {id = com.tarunyadgirkar.prefill.spike.textinsert.provider}
2026-09-30 23:28:53.084 Df lsd[86807:c51499] [com.apple.appinstallation:TransactionLog] com.tarunyadgirkar.prefill.spike.textinsert.uitests.xctrunner/Unknown Persona:5:5:1:1:Building bundle record for app
2026-09-30 23:28:53.085 Df lsd[86807:c51499] [com.apple.launchservices:appinstallation] Removed existing registered placeholder for com.tarunyadgirkar.prefill.spike.textinsert.uitests.xctrunner
2026-09-30 23:28:53.085 Df lsd[86807:c51499] [com.apple.launchservices:appinstallation] Removed existing registered bundle for com.tarunyadgirkar.prefill.spike.textinsert.uitests.xctrunner
2026-09-30 23:28:53.085 Df lsd[86807:c51499] [com.apple.appinstallation:TransactionLog] com.tarunyadgirkar.prefill.spike.textinsert.uitests.xctrunner/Unknown Persona:5:5:2:1:Built bundle record for app
2026-09-30 23:28:53.088 Df lsd[86807:c51499] [com.apple.launchservices:icons] clearAlternateNameForBundleIdentifier: will clear for com.tarunyadgirkar.prefill.spike.textinsert.uitests.xctrunner
2026-09-30 23:28:53.089 Df lsd[86807:c51499] [com.apple.appinstallation:TransactionLog] com.tarunyadgirkar.prefill.spike.textinsert.uitests.xctrunner/Unknown Persona:5:4:2:1:Registered bundle status = success
2026-09-30 23:28:53.089 Df lsd[86807:c51499] [com.apple.appinstallation:TransactionLog] com.tarunyadgirkar.prefill.spike.textinsert.uitests.xctrunner/Unknown Persona:5:4:2:1:Finished registering com.tarunyadgirkar.prefill.spike.textinsert.uitests.xctrunner, bundle unit 310
2026-09-30 23:28:53.089 Df lsd[86807:c51499] [com.apple.launchservices:progress] Installation ended for com.tarunyadgirkar.prefill.spike.textinsert.uitests.xctrunner with state 5
2026-09-30 23:28:53.089 Df Preferences[90646:c53f74] [com.apple.PlugInKit:discovery] [d 2693C022-7A60-4F66-BC4E-E2044CDAD633] <PKHost:0x10a451640> Beginning discovery for flags: 0, point: com.apple.authentication-services-credential-provider-ui
2026-09-30 23:28:53.090 Df lsd[86807:c51499] [com.apple.launchservices:progress] Discarding proportions for com.tarunyadgirkar.prefill.spike.textinsert.uitests.xctrunner
2026-09-30 23:28:53.091 Df liveactivitiesd[86815:c3363b] [com.apple.launchservices:progress] Unpublishing progress block called for app com.tarunyadgirkar.prefill.spike.textinsert.uitests.xctrunner
2026-09-30 23:28:53.092 Df liveactivitiesd[86815:c549db] [com.apple.launchservices:progress] #LSInstallProgressList remove subscriber: <_NSProgressSubscriber: 0x1063dcc60> publishingString: com.tarunyadgirkar.prefill.spike.textinsert.uitests.xctrunner
2026-09-30 23:28:53.092 Df SpringBoard[86754:c334f8] [com.apple.launchservices:progress] Unpublishing progress block called for app com.tarunyadgirkar.prefill.spike.textinsert.uitests.xctrunner
2026-09-30 23:28:53.092 Df SpringBoard[86754:c54975] [com.apple.launchservices:progress] #LSInstallProgressList remove subscriber: <_NSProgressSubscriber: 0x1097ab120> publishingString: com.tarunyadgirkar.prefill.spike.textinsert.uitests.xctrunner
2026-09-30 23:28:53.095 Df installd[87431:c54978] (MobileSystemServices) 0x16ef8f000 -[MIJournal purgeJournalEntry:withError:]: Removing journal entry <MIInstallationJournalEntry<0x1024b4460> [com.tarunyadgirkar.prefill.spike.textinsert.uitests.xctrunner/com.apple.containermanager.primary-persona/[s
        "com.tarunyadgirkar.prefill.spike.textinsert.uitests.xctrunner"
2026-09-30 23:28:53.100 Df locationd[86778:c53cbe] [com.apple.locationd.Core:Core] {"msg":"#Warning #ClientResolution the passed keyPath is not registered. Resolving to #nullCKP", "InputCKP":icom.tarunyadgirkar.prefill.spike.textinsert.uitests.xctrunner:}
        "com.tarunyadgirkar.prefill.spike.textinsert.uitests.xctrunner"
2026-09-30 23:28:53.104 Df installd[87431:c54978] [com.apple.appinstallation:TransactionLog] com.tarunyadgirkar.prefill.spike.textinsert.uitests.xctrunner/com.apple.containermanager.primary-persona:7:1:2:1:Success (End) : Install (Patch Update)
        "com.tarunyadgirkar.prefill.spike.textinsert.uitests.xctrunner"
2026-09-30 23:28:53.106 Df SpringBoard[86754:c54975] [com.apple.frontboard.ApplicationLibrary:observer] -[FBSApplicationLibrary applicationsDidInstall:] com.tarunyadgirkar.prefill.spike.textinsert.uitests.xctrunner
2026-09-30 23:28:53.107 Df SpringBoard[86754:c54975] [com.apple.frontboard.ApplicationLibrary:default] Regenerating application com.tarunyadgirkar.prefill.spike.textinsert.uitests.xctrunner due to bundle path mismatch
2026-09-30 23:28:53.107 Df installd[87431:c54978] (MobileSystemServices) 0x16ef8f000 -[MIInstaller _logOperationCompletionWithStartTime:distributorID:]: Install successful for (Developer:com.tarunyadgirkar.prefill.spike.textinsert.uitests.xctrunner) [Distributor: (null)]; Staging: 0.01s; Waiting: 0.
2026-09-30 23:28:53.110 Df deviceaccessd[87128:c54a65] [com.apple.DeviceAccess:DADaemonServer] ### applicationsDidInstall com.tarunyadgirkar.prefill.spike.textinsert.uitests.xctrunner
2026-09-30 23:28:53.111 Df clipserviced[88510:c4061a] [com.apple.ClipServices:ClipServices] CPSClipCleanupManager: Detected installation of new app (com.tarunyadgirkar.prefill.spike.textinsert.uitests.xctrunner)
2026-09-30 23:28:53.111 Df deviceaccessd[87128:c54a65] [com.apple.DeviceAccess:DADaemonServer] ### appBundleHasASKEnabled com.tarunyadgirkar.prefill.spike.textinsert.uitests.xctrunner supports None
2026-09-30 23:28:53.111 Df deviceaccessd[87128:c54a65] [com.apple.DeviceAccess:DADaemonServer] ### UpdateAppsAccess: com.tarunyadgirkar.prefill.spike.textinsert.uitests.xctrunner with existing info plist options: None
2026-09-30 23:28:53.113 Df callservicesd[86889:c5497e] [com.apple.calls.copresencecore:Default] Invalidating cached value for bundle identifier: com.tarunyadgirkar.prefill.spike.textinsert.uitests.xctrunner
    "com.tarunyadgirkar.prefill.spike.textinsert.uitests.xctrunner",
    "com.tarunyadgirkar.prefill.spike.textinsert"
2026-09-30 23:28:53.113 Df callservicesd[86889:c5497e] [com.apple.calls.copresencecore:Default] Invalidating cached value for bundle identifier: com.tarunyadgirkar.prefill.spike.textinsert.uitests.xctrunner
2026-09-30 23:28:53.114 Df installcoordinationd[87404:c5496d] [com.apple.installcoordination:daemon] -[IXSPendingOperationsTracker endPendingOperationForIdentity:]_block_invoke: Ending pending operation for [com.tarunyadgirkar.prefill.spike.textinsert.uitests.xctrunner/Invalid/[system-defined]]
com.tarunyadgirkar.prefill.spike.textinsert.uitests.xctrunner
2026-09-30 23:28:53.116 Df appprotectiond[86773:c40600] [com.apple.appprotection:server] processing settings authority event: SettingsAuthorityEvent.promotePreferenceFromProvisionalForApplication(com.tarunyadgirkar.prefill.spike.textinsert.uitests.xctrunner)
2026-09-30 23:28:53.117 Df installcoordinationd[87404:c5496d] [com.apple.installcoordination:daemon] -[IXSCoordinatedAppInstall setComplete:]: <IXSCoordinatedAppInstall<0x105630000> [P=CoreSimulatorBridge (pid 86784)] identifier:[com.tarunyadgirkar.prefill.spike.textinsert.uitests.xctrunner/Invalid/
2026-09-30 23:28:53.117 Df installcoordinationd[87404:c5496d] [com.apple.installcoordination:daemon] -[IXSPowerAssertion invalidate]: Released power assertion IXPowerAssertion-12-[com.tarunyadgirkar.prefill.spike.textinsert.uitests.xctrunner/Invalid/[system-defined]]
2026-09-30 23:28:53.117 Df CoreSimulatorBridge[86784:c54967] [com.apple.installcoordination:framework] -[IXAppInstallCoordinator _clientDelegate_didUpdateProgress:forPhase:overallProgress:]: <IXUpdatingAppInstallCoordinator<0x1018820c0> identity:[com.tarunyadgirkar.prefill.spike.textinsert.uitests.x
2026-09-30 23:28:53.117 Df CoreSimulatorBridge[86784:c54967] [com.apple.installcoordination:framework] -[IXAppInstallCoordinator _clientDelegate_didUpdateProgress:forPhase:overallProgress:]_block_invoke: <IXUpdatingAppInstallCoordinator<0x1018820c0> identity:[com.tarunyadgirkar.prefill.spike.textins
2026-09-30 23:28:53.117 Df installcoordinationd[87404:c5496d] [com.apple.installcoordination:daemon] -[IXSDataPromise decommission]: Decommissioning <IXSPromisedInMemoryDictionary(0x10551d600) Name:Localizations for com.tarunyadgirkar.prefill.spike.textinsert.uitests.xctrunner Creator:InstallCoordin
2026-09-30 23:28:53.117 Df lsd[86807:c335ee] [com.apple.launchservices:progress] unsubscribing from com.tarunyadgirkar.prefill.spike.textinsert.uitests.xctrunner.Installing as it was unpublished
2026-09-30 23:28:53.117 Df lsd[86807:c335ee] [com.apple.launchservices:progress] #LSInstallProgressList remove subscriber: <_NSProgressSubscriber: 0x107440b10> publishingString: com.tarunyadgirkar.prefill.spike.textinsert.uitests.xctrunner.Installing
2026-09-30 23:28:53.118 Df clipserviced[88510:c4061a] [com.apple.ClipServices:ClipServices] CPSClipCleanupManager: Detected installation of new app (com.tarunyadgirkar.prefill.spike.textinsert.uitests.xctrunner)
2026-09-30 23:28:53.118 Df installcoordinationd[87404:c5496d] [com.apple.installcoordination:daemon] -[IXSDataPromise decommission]: Decommissioning <IXSPromisedTransferToPath(0x10551d580) Name:App Asset: com.tarunyadgirkar.prefill.spike.textinsert.uitests.xctrunner Creator:InstallCoordination Simpl
2026-09-30 23:28:53.119 Df installcoordinationd[87404:c5496d] [com.apple.appinstallation:TransactionLog] com.tarunyadgirkar.prefill.spike.textinsert.uitests.xctrunner/Unknown Persona:4:2:2:1:Coordinator completed successfully.
2026-09-30 23:28:53.122 Df appstored[86992:c54a03] [com.apple.appstored:ODR] Handling application installation: {bundleID = com.tarunyadgirkar.prefill.spike.textinsert.uitests.xctrunner; version = 1; shortVersion = 1.0; variantID = (null)}
2026-09-30 23:28:53.122 Df installcoordinationd[87404:c5496d] [com.apple.installcoordination:daemon] -[IXSCoordinatorManager unregisterCoordinator:]: Unregistered coordinator: <IXSCoordinatedAppInstall<0x105630000> [P=CoreSimulatorBridge (pid 86784)] identifier:[com.tarunyadgirkar.prefill.spike.text
2026-09-30 23:28:53.122 Df installcoordinationd[87404:c5496d] [com.apple.installcoordination:daemon] -[IXSCoordinatedAppInstall setPriorityBoostCompletion:withSourceInfo:]: <IXSCoordinatedAppInstall<0x105630000> [P=CoreSimulatorBridge (pid 86784)] identifier:[com.tarunyadgirkar.prefill.spike.textins
2026-09-30 23:28:53.123 Df SpringBoard[86754:c54975] [com.apple.SpringBoard:Common] com.tarunyadgirkar.prefill.spike.textinsert.uitests.xctrunner updated restrictionReason: 0
    "com.tarunyadgirkar.prefill.spike.textinsert.uitests.xctrunner"
2026-09-30 23:28:53.124 Df SpringBoard[86754:c54975] [com.apple.SplashBoard:FileManifest] com.tarunyadgirkar.prefill.spike.textinsert.uitests.xctrunner Manifest is empty; purging everything at /Users/tarunyadgirkar/Library/Developer/CoreSimulator/Devices/CF361191-F960-4212-9B76-7C41256A11C9/data/Con
2026-09-30 23:28:53.125 Df appstored[86992:c54a03] [com.apple.appstored:ODR] Ignoring installation for {bundleID = com.tarunyadgirkar.prefill.spike.textinsert.uitests.xctrunner; version = 1; shortVersion = 1.0; variantID = (null)} as it does not appear to support ODR
2026-09-30 23:28:53.125 Df appstored[86992:c54a03] [com.apple.appstored:General] Checking to see if apps need to be migrated to managed: [com.tarunyadgirkar.prefill.spike.textinsert.uitests.xctrunner]
2026-09-30 23:28:53.125 Df CoreSimulatorBridge[86784:c54966] [com.apple.installcoordination:framework] -[IXAppInstallCoordinator _clientDelegate_didCompleteForApplicationRecord:]_block_invoke: <IXUpdatingAppInstallCoordinator<0x1018820c0> identity:[com.tarunyadgirkar.prefill.spike.textinsert.uitests
2026-09-30 23:28:53.126 Df SpringBoard[86754:c334f8] [com.apple.appinstallation:TransactionLog] com.tarunyadgirkar.prefill.spike.textinsert.uitests.xctrunner/Unknown Persona:10:4:1:1:Placeholder remove BEGIN
2026-09-30 23:28:53.128 Df appleaccountd[86845:c33785] [com.apple.appleaccount:daemon] Dataclass App Install Observer - Ignoring ["com.tarunyadgirkar.prefill.spike.textinsert.uitests.xctrunner"]
2026-09-30 23:28:53.129 E  SpringBoard[86754:c54975] [com.apple.SplashBoard:Capture] Unable to generate launch image for com.tarunyadgirkar.prefill.spike.textinsert.uitests.xctrunner because the app has no valid launch interfaces.
com.tarunyadgirkar.prefill.spike.textinsert.uitests.xctrunner
com.tarunyadgirkar.prefill.spike.textinsert.uitests.xctrunner
2026-09-30 23:28:53.131 Df CoreSimulatorBridge[86784:c43414] Requesting launch of com.tarunyadgirkar.prefill.spike.textinsert.uitests.xctrunner with options: {
        "DYLD_FRAMEWORK_PATH" = "/Users/tarunyadgirkar/TarunsCode/prefill/spikes/textinsert/build/Build/Products/Debug-iphonesimulator:/Applications/Xcode.app/Contents/Developer/Platforms/iPhoneSimulator.platform/Developer/Library/Frameworks:/Users/tarunyadgirkar/TarunsCode/prefill/spikes/textinsert
2026-09-30 23:28:53.131 Df SpringBoard[86754:c334f8] [com.apple.SpringBoard:Widgets] handleRemovedDataSource:<SBApplication: 0x118ec2d00; com.tarunyadgirkar.prefill.spike.textinsert.uitests.xctrunner> {
} ofIcon:<SBApplicationIcon: 0x11fc4f6c0; uniqueIdentifier: com.tarunyadgirkar.prefill.spike.textinsert.uitests.xctrunner; bundleID: com.tarunyadgirkar.prefill.spike.textinsert.uitests.xctrunner>
2026-09-30 23:28:53.134 Df SpringBoard[86754:c334f8] [com.apple.appinstallation:TransactionLog] com.tarunyadgirkar.prefill.spike.textinsert.uitests.xctrunner/Unknown Persona:10:11:3:1:Application replaced
2026-09-30 23:28:53.134 Df appstored[86992:c54a6b] [com.apple.appstored:ODR] Handling application installation: {bundleID = com.tarunyadgirkar.prefill.spike.textinsert.uitests.xctrunner; version = 1; shortVersion = 1.0; variantID = (null)}
2026-09-30 23:28:53.134 Df appstored[86992:c54a6b] [com.apple.appstored:ODR] Ignoring installation for {bundleID = com.tarunyadgirkar.prefill.spike.textinsert.uitests.xctrunner; version = 1; shortVersion = 1.0; variantID = (null)} as it does not appear to support ODR
2026-09-30 23:28:53.134 Df appstored[86992:c54a6b] [com.apple.appstored:General] Checking to see if apps need to be migrated to managed: [com.tarunyadgirkar.prefill.spike.textinsert.uitests.xctrunner]
    "com.tarunyadgirkar.prefill.spike.textinsert.uitests.xctrunner"
2026-09-30 23:28:53.138 Df SpringBoard[86754:c334f8] [com.apple.SpringBoard:Icon] <<SBLeafIcon:0x11fc4f6c0 [com.tarunyadgirkar.prefill.spike.textinsert.uitests.xctrunner]>> Changing active data source: <SBApplicationIcon: 0x11fc4f6c0; uniqueIdentifier: com.tarunyadgirkar.prefill.spike.textinsert.uit
2026-09-30 23:28:53.138 Df SpringBoard[86754:c334f8] [com.apple.SpringBoard:Icon] <<SBLeafIcon:0x11fc4f6c0 [com.tarunyadgirkar.prefill.spike.textinsert.uitests.xctrunner]>> Changing from data souce: com.tarunyadgirkar.prefill.spike.textinsert.uitests.xctrunner to data source:com.tarunyadgirkar.prefi
2026-09-30 23:28:53.138 Df CoreSimulatorBridge[86784:c43414] Beginning launch sequence for bundle 'com.tarunyadgirkar.prefill.spike.textinsert.uitests.xctrunner'
    "<SBApplicationIcon: 0x11fc66340; uniqueIdentifier: com.tarunyadgirkar.prefill.spike.textinsert; bundleID: com.tarunyadgirkar.prefill.spike.textinsert>",
    "<SBApplicationIcon: 0x11fc4f6c0; uniqueIdentifier: com.tarunyadgirkar.prefill.spike.textinsert.uitests.xctrunner; bundleID: com.tarunyadgirkar.prefill.spike.textinsert.uitests.xctrunner>"
2026-09-30 23:28:53.140 Df CoreSimulatorBridge[86784:c43414] Launch attempt #0 for bundle 'com.tarunyadgirkar.prefill.spike.textinsert.uitests.xctrunner', have been trying to launch for 0 seconds.
2026-09-30 23:28:53.140 Df SpringBoard[86754:c4b7cf] [com.apple.UserNotifications:DataProviderFactory] [com.tarunyadgirkar.prefill.spike.textinsert.uitests.xctrunner] Application installed using default data provider
    "com.tarunyadgirkar.prefill.spike.textinsert.uitests.xctrunner"
    "com.tarunyadgirkar.prefill.spike.textinsert.uitests.xctrunner"
2026-09-30 23:28:53.140 Df CoreSimulatorBridge[86784:c43414] Got LSBundleProxy for 'com.tarunyadgirkar.prefill.spike.textinsert.uitests.xctrunner', sequenceNumber 784, cacheGUID D2DCC636-1B2E-4F1F-A09D-2F316FB7BF09
2026-09-30 23:28:53.140 Df CoreSimulatorBridge[86784:c43414] [com.apple.FrontBoard:Common] FBSSystemAppProxy: Sending request to terminate application com.tarunyadgirkar.prefill.spike.textinsert.uitests.xctrunner
2026-09-30 23:28:53.140 Df SpringBoard[86754:c4b7cf] [com.apple.FrontBoard:Common] [FBSystemService] Request received from CoreSimulatorBr.86784 to terminate application com.tarunyadgirkar.prefill.spike.textinsert.uitests.xctrunner: "Termination requested by simulator host"
2026-09-30 23:28:53.142 Df SpringBoard[86754:c334f8] [com.apple.SpringBoard:Icon] Reload icon image of com.tarunyadgirkar.prefill.spike.textinsert.uitests.xctrunner for reason 'active data source did change'
        "com.tarunyadgirkar.prefill.spike.textinsert.uitests.xctrunner"
com.tarunyadgirkar.prefill.spike.textinsert.uitests.xctrunner
2026-09-30 23:28:53.158 E  CoreSimulatorBridge[86784:c54966] [com.apple.FrontBoard:Common] FBSSystemAppProxy: Error reported for termination request: <NSError: 0x101856a00; domain: NSPOSIXErrorDomain; code: 3 ("No such process"); "The request to terminate "com.tarunyadgirkar.prefill.spike.textinsert
2026-09-30 23:28:53.158 Df CoreSimulatorBridge[86784:c43414] [com.apple.FrontBoard:Common] [FBSSystemService][0x87] Sending request to open "com.tarunyadgirkar.prefill.spike.textinsert.uitests.xctrunner"
2026-09-30 23:28:53.159 Df SpringBoard[86754:c549ef] [com.apple.FrontBoard:Common] [FBSystemService][0x87] Received request to open "com.tarunyadgirkar.prefill.spike.textinsert.uitests.xctrunner" from CoreSimulatorBr:86784.
2026-09-30 23:28:53.159 Df SpringBoard[86754:c549ef] [com.apple.FrontBoard:Common] [FBSystemService][0x87] Activation request for com.tarunyadgirkar.prefill.spike.textinsert.uitests.xctrunner contained LSCacheGUID D2DCC636-1B2E-4F1F-A09D-2F316FB7BF09 and LSSequenceNumber 784.
2026-09-30 23:28:53.159 Df SpringBoard[86754:c334f8] [com.apple.FrontBoard:Common] [FBSystemService][0x87] Activation request for com.tarunyadgirkar.prefill.spike.textinsert.uitests.xctrunner will wait 10.00s for app availability, with retry every 2.00s.
2026-09-30 23:28:53.159 Df SpringBoard[86754:c334f8] [com.apple.FrontBoard:Common] [FBSystemService][0x87] Attempting activation of com.tarunyadgirkar.prefill.spike.textinsert.uitests.xctrunner with {UUID: D2DCC636-1B2E-4F1F-A09D-2F316FB7BF09, Sequence: 784} vs {UUID: D2DCC636-1B2E-4F1F-A09D-2F316FB
2026-09-30 23:28:53.159 Df SpringBoard[86754:c334f8] [com.apple.SpringBoard:Workspace] Received trusted open application request for "com.tarunyadgirkar.prefill.spike.textinsert.uitests.xctrunner" from <FBProcess: 0x109730900; osservice<com.apple.CoreSimulator.bridge>:86784(v25EA6A)>.
2026-09-30 23:28:53.163 Df SpringBoard[86754:c334f8] [com.apple.SpringBoard:Common] SBWorkspaceTerminateApplication: com.tarunyadgirkar.prefill.spike.textinsert.uitests.xctrunner: "terminate for debugging launch request"
2026-09-30 23:28:53.165 Df SpringBoard[86754:c334f8] [com.apple.SpringBoard:Common] Executing request: <SBMainWorkspaceTransitionRequest: 0x1195a77a0; eventLabel: OpenApplication(sceneID:com.tarunyadgirkar.prefill.spike.textinsert.uitests.xctrunner-default)ForRequester(CoreSimulatorBr.86784); displa
2026-09-30 23:28:53.165 Df SpringBoard[86754:c334f8] [com.apple.SpringBoard:Workspace] Executing suspended-activation immediately: OpenApplication(sceneID:com.tarunyadgirkar.prefill.spike.textinsert.uitests.xctrunner-default)ForRequester(CoreSimulatorBr.86784)
2026-09-30 23:28:53.165 Df SpringBoard[86754:c334f8] [com.apple.FrontBoard:Common] [FBWorkspaceEvent] Executing: <FBWorkspaceEvent: 0x10ce595a0; OpenApplication(sceneID:com.tarunyadgirkar.prefill.spike.textinsert.uitests.xctrunner-default)ForRequester(CoreSimulatorBr.86784)>
2026-09-30 23:28:53.165 Df SpringBoard[86754:c334f8] [com.apple.FrontBoard:Common] [FBWorkspaceEvent] Executing: <FBWorkspaceEvent: 0x10ce58ce0; OpenApplication(sceneID:com.tarunyadgirkar.prefill.spike.textinsert.uitests.xctrunner-default)ForRequester(CoreSimulatorBr.86784)>
2026-09-30 23:28:53.166 Df SpringBoard[86754:c334f8] [preflight:SceneHostedPreflight] [Source: TCCs] com.tarunyadgirkar.prefill.spike.textinsert.uitests.xctrunner requires preflight: false
2026-09-30 23:28:53.166 Df SpringBoard[86754:c334f8] [preflight:SceneHostedPreflight] [Source: ScreenTime] com.tarunyadgirkar.prefill.spike.textinsert.uitests.xctrunner requires preflight: false
2026-09-30 23:28:53.166 Df SpringBoard[86754:c334f8] [com.apple.SpringBoard:Common] [DeviceSceneHandle] sceneID:com.tarunyadgirkar.prefill.spike.textinsert.uitests.xctrunner-default display=Main bounds={{0, 0}, {402, 874}} sceneFrame={{0, 0}, {402, 874}} capability=.None
2026-09-30 23:28:53.166 Df SpringBoard[86754:c334f8] [com.apple.SpringBoard:TraitsArbiter] [DeviceSceneHandle] Participant not found for scene identifier: sceneID:com.tarunyadgirkar.prefill.spike.textinsert.uitests.xctrunner-default
2026-09-30 23:28:53.167 Df SpringBoard[86754:c334f8] [com.apple.SpringBoard:ContinuitySession] modifying scene setting userInterfaceStyle to Light displayIdentity: Main forSceneManagers: Main <SBDeviceApplicationSceneHandle: 0x126035400; sceneID: sceneID:com.tarunyadgirkar.prefill.spike.textinsert.u
2026-09-30 23:28:53.168 Df SpringBoard[86754:c334f8] [preflight:SceneHostedPreflight] [Preflighter: TCCs] com.tarunyadgirkar.prefill.spike.textinsert.uitests.xctrunner requires preflight: false
2026-09-30 23:28:53.168 Df SpringBoard[86754:c334f8] [preflight:SceneHostedPreflight] [Preflighter: ScreenTime] com.tarunyadgirkar.prefill.spike.textinsert.uitests.xctrunner requires preflight: false
2026-09-30 23:28:53.169 Df SpringBoard[86754:c334f8] [com.apple.UIKit:KBProxyForwarding] <StateMachine:0x1097bc5c0> Created with presentation environment: <0x115fd5230:<_UISceneKeyboardProxyLayerForwardingPresentationScene: 0x115fd5230> Tracking scene: <FBScene: 0x118ec2d00; FBSceneManager:sceneID:c
2026-09-30 23:28:53.170 Df SpringBoard[86754:c334f8] [com.apple.SpringBoard:Common] No capture application found for the com.tarunyadgirkar.prefill.spike.textinsert.uitests.xctrunner, launchCameraCapture: NO, isCaptureApplication: NO
2026-09-30 23:28:53.170 E  iconservicesagent[87231:c549b6] [com.apple.iconservices:default] Failed to find icon resources for bundle identifier com.tarunyadgirkar.prefill.spike.textinsert.uitests.xctrunner - (null). Creating placeholder provider
2026-09-30 23:28:53.170 Df SpringBoard[86754:c334f8] [com.apple.FrontBoard:Process] Asked to bootstrap a new process with identity: app<com.tarunyadgirkar.prefill.spike.textinsert.uitests.xctrunner((null))>
2026-09-30 23:28:53.170 Df SpringBoard[86754:c334f8] [com.apple.FrontBoard:Process] Creating process (sync=false) with identity: app<com.tarunyadgirkar.prefill.spike.textinsert.uitests.xctrunner((null))>
2026-09-30 23:28:53.170 Df SpringBoard[86754:c334f8] [com.apple.FrontBoard:ProcessWorkspace] Created <FBWorkspace: 0x1195a7200; <FBApplicationProcess: 0x11f762100; app<com.tarunyadgirkar.prefill.spike.textinsert.uitests.xctrunner>:<invalid>>>
2026-09-30 23:28:53.171 Df SpringBoard[86754:c4e25c] [com.apple.FrontBoard:Process] Bootstrapping app<com.tarunyadgirkar.prefill.spike.textinsert.uitests.xctrunner> with intent background-user-initiated
2026-09-30 23:28:53.171 Df SpringBoard[86754:c334f8] [com.apple.FrontBoard:ProcessScene] [0x11f74c000:(FBSceneManager):sceneID:com.tarunyadgirkar.prefill.spike.textinsert.uitests.xctrunner-default] Initialized with connection: 0x11f49d230.
2026-09-30 23:28:53.171 Df SpringBoard[86754:c334f8] [com.apple.FrontBoard:ProcessWorkspace] [app<com.tarunyadgirkar.prefill.spike.textinsert.uitests.xctrunner>:-1] Registered new scene: <FBWorkspaceScene: 0x11f74c000; (FBSceneManager):sceneID:com.tarunyadgirkar.prefill.spike.textinsert.uitests.xctr
2026-09-30 23:28:53.171 Df SpringBoard[86754:c334f8] [com.apple.FrontBoard:Scene] [(FBSceneManager):sceneID:com.tarunyadgirkar.prefill.spike.textinsert.uitests.xctrunner-default][1] Scene activated.
2026-09-30 23:28:53.171 Df SpringBoard[86754:c549ef] [com.apple.FrontBoard:Process] [app<com.tarunyadgirkar.prefill.spike.textinsert.uitests.xctrunner>:-1] Setting process visibility to: Background
2026-09-30 23:28:53.171 Df runningboardd[86757:c54a5b] [com.apple.runningboard:ttl] Acquiring assertion targeting app<com.tarunyadgirkar.prefill.spike.textinsert.uitests.xctrunner((null))> from originator [osservice<com.apple.SpringBoard>:86754] with description <RBSAssertionDescriptor| "FBApplicati
2026-09-30 23:28:53.171 Df runningboardd[86757:c54238] [com.apple.DynamicPrefetching:default] start_scenario: recording pageins for bundleid "com.tarunyadgirkar.prefill.spike.textinsert.uitests.xctrunner" scenario "Launch"
2026-09-30 23:28:53.171 Df runningboardd[86757:c54238] [com.apple.DynamicPrefetching:default] start_scenario: Prefetching clean profile for bundleid "com.tarunyadgirkar.prefill.spike.textinsert.uitests.xctrunner" scenario "Launch"
2026-09-30 23:28:53.171 E  runningboardd[86757:c54a5b] [com.apple.runningboard:assertion] Multiple RBSRunningReasonAttribute provided: 10001 vs 20838. First one wins, but client should be fixed for assertion 86757-86754-5894 (target:app<com.tarunyadgirkar.prefill.spike.textinsert.uitests.xctrunner((
2026-09-30 23:28:53.171 Df runningboardd[86757:c54a5b] [com.apple.runningboard:ttl] Assertion 86757-86754-5894 (target:app<com.tarunyadgirkar.prefill.spike.textinsert.uitests.xctrunner((null))>) will be created as active
2026-09-30 23:28:53.171 Df SpringBoard[86754:c549fc] [com.apple.FrontBoard:ProcessScene] [0x11f74c000:(FBSceneManager):sceneID:com.tarunyadgirkar.prefill.spike.textinsert.uitests.xctrunner-default] Scene lifecycle state did change: Background
2026-09-30 23:28:53.171 Df SpringBoard[86754:c549fc] [com.apple.FrontBoard:ProcessScene] [0x11f74c000:(FBSceneManager):sceneID:com.tarunyadgirkar.prefill.spike.textinsert.uitests.xctrunner-default] Scene state did change: BG-Active[40].
2026-09-30 23:28:53.172 Df SpringBoard[86754:c549fc] [com.apple.FrontBoard:ProcessWorkspace] [app<com.tarunyadgirkar.prefill.spike.textinsert.uitests.xctrunner>:-1] Workspace state did change: XX-None[0] --> BG-Active[40] (awaiting concrete target).
2026-09-30 23:28:53.172 Df runningboardd[86757:c54a5b] [com.apple.runningboard:job] Creating and launching job for: app<com.tarunyadgirkar.prefill.spike.textinsert.uitests.xctrunner((null))>
2026-09-30 23:28:53.172 Df runningboardd[86757:c54a5b] [com.apple.runningboard:general] _mutateContextIfNeeded called for com.tarunyadgirkar.prefill.spike.textinsert.uitests.xctrunner
2026-09-30 23:28:53.172 Df runningboardd[86757:c54a5b] [com.apple.runningboard:job] app<com.tarunyadgirkar.prefill.spike.textinsert.uitests.xctrunner((null))> Looking up container path with persona (null) using container identifier 'com.tarunyadgirkar.prefill.spike.textinsert.uitests.xctrunner'
2026-09-30 23:28:53.173 Df runningboardd[86757:c549e1] [com.apple.runningboard:job_oversize] 'app<com.tarunyadgirkar.prefill.spike.textinsert.uitests.xctrunner((null))>' Constructed job description:
	"CFBundleIdentifier" => <string: 0x105aad410> { string cache = 0x0, length = 61, contents = "com.tarunyadgirkar.prefill.spike.textinsert.uitests.xctrunner" }
	"_ResourceCoalition" => <string: 0x105aae0d0> { string cache = 0x0, length = 74, contents = "app<com.tarunyadgirkar.prefill.spike.textinsert.uitests.xctrunner((null))>" }
		"DYLD_FRAMEWORK_PATH" => <string: 0x105aac390> { string cache = 0x0, length = 417, contents = "/Users/tarunyadgirkar/TarunsCode/prefill/spikes/textinsert/build/Build/Products/Debug-iphonesimulator:/Applications/Xcode.app/Contents/Developer/Platforms/iPhoneSimulator.platform/Developer/Library/Frame
		"__XPC_DYLD_FRAMEWORK_PATH" => <string: 0x105aac3f0> { string cache = 0x0, length = 203, contents = "/Users/tarunyadgirkar/TarunsCode/prefill/spikes/textinsert/build/Build/Products/Debug-iphonesimulator:/Users/tarunyadgirkar/TarunsCode/prefill/spikes/textinsert/build/Build/Products/Debug-iphonesim
		"__XPC_DYLD_LIBRARY_PATH" => <string: 0x105aae4f0> { string cache = 0x0, length = 203, contents = "/Users/tarunyadgirkar/TarunsCode/prefill/spikes/textinsert/build/Build/Products/Debug-iphonesimulator:/Users/tarunyadgirkar/TarunsCode/prefill/spikes/textinsert/build/Build/Products/Debug-iphonesimul
		"__XCODE_BUILT_PRODUCTS_DIR_PATHS" => <string: 0x105aacf60> { string cache = 0x0, length = 101, contents = "/Users/tarunyadgirkar/TarunsCode/prefill/spikes/textinsert/build/Build/Products/Debug-iphonesimulator" }
		"RUN_DESTINATION_DEVICE_NAME" => <string: 0x105aadb30> { string cache = 0x0, length = 24, contents = "Prefill Spike textinsert" }
		"DYLD_LIBRARY_PATH" => <string: 0x105aac450> { string cache = 0x0, length = 395, contents = "/Users/tarunyadgirkar/TarunsCode/prefill/spikes/textinsert/build/Build/Products/Debug-iphonesimulator:/Applications/Xcode.app/Contents/Developer/Platforms/iPhoneSimulator.platform/Developer/usr/lib:/Users/
				"EAI" => <string: 0x105aac180> { string cache = 0x0, length = 61, contents = "com.tarunyadgirkar.prefill.spike.textinsert.uitests.xctrunner" }
	"Label" => <string: 0x105aafd50> { string cache = 0x0, length = 95, contents = "UIKitApplication:com.tarunyadgirkar.prefill.spike.textinsert.uitests.xctrunner[5fb1][rb-legacy]" }
2026-09-30 23:28:53.173 E  launchd_sim[86751:c54133] [UIKitApplication:com.tarunyadgirkar.prefill.spike.textinsert.uitests.xctrunner[5fb1][rb-legacy]:] Unknown key for plist importer (key: _ResourceCoalition type: string)
2026-09-30 23:28:53.173 Df launchd_sim[86751:c54133] [user/502/UIKitApplication:com.tarunyadgirkar.prefill.spike.textinsert.uitests.xctrunner[5fb1][rb-legacy]:] internal event: WILL_SPAWN, code = 0
2026-09-30 23:28:53.173 Df launchd_sim[86751:c54133] [user/502/UIKitApplication:com.tarunyadgirkar.prefill.spike.textinsert.uitests.xctrunner[5fb1][rb-legacy]:] service state: spawn scheduled
2026-09-30 23:28:53.173 Df launchd_sim[86751:c54133] [user/502/UIKitApplication:com.tarunyadgirkar.prefill.spike.textinsert.uitests.xctrunner[5fb1][rb-legacy]:] service state: spawning
2026-09-30 23:28:53.173 Df launchd_sim[86751:c54133] [user/502/UIKitApplication:com.tarunyadgirkar.prefill.spike.textinsert.uitests.xctrunner[5fb1][rb-legacy]:] launching: launch job demand
2026-09-30 23:28:53.174 Df launchd_sim[86751:c54133] [user/502/UIKitApplication:com.tarunyadgirkar.prefill.spike.textinsert.uitests.xctrunner[5fb1][rb-legacy] [10840]:] xpcproxy_sim spawned with pid 10840
2026-09-30 23:28:53.174 Df launchd_sim[86751:c54133] [user/502/UIKitApplication:com.tarunyadgirkar.prefill.spike.textinsert.uitests.xctrunner[5fb1][rb-legacy] [10840]:] internal event: SPAWNED, code = 0
2026-09-30 23:28:53.174 Df launchd_sim[86751:c54133] [user/502/UIKitApplication:com.tarunyadgirkar.prefill.spike.textinsert.uitests.xctrunner[5fb1][rb-legacy] [10840]:] service state: xpcproxy
2026-09-30 23:28:53.174 Df launchd_sim[86751:c54133] [user/502/UIKitApplication:com.tarunyadgirkar.prefill.spike.textinsert.uitests.xctrunner[5fb1][rb-legacy] [10840]:] internal event: SOURCE_ATTACH, code = 0
2026-09-30 23:28:53.178 Df iconservicesagent[87231:c549b6] [com.apple.iconservices:default] Resource provider <ISResourceProvider: 0x10d408b00> for <ISBundleIdentifierIcon 0x10d751f80>BundleID: com.tarunyadgirkar.prefill.spike.textinsert.uitests.xctrunner digest: C6B032C4-CED1-3C3F-8439-0846839DAC2E
2026-09-30 23:28:53.191 Df launchd_sim[86751:c5337b] [user/502/UIKitApplication:com.tarunyadgirkar.prefill.spike.textinsert.uitests.xctrunner[5fb1][rb-legacy] [10840]:] service state: running
2026-09-30 23:28:53.191 Df launchd_sim[86751:c5337b] [user/502/UIKitApplication:com.tarunyadgirkar.prefill.spike.textinsert.uitests.xctrunner[5fb1][rb-legacy] [10840]:] internal event: INIT, code = 0
2026-09-30 23:28:53.191 Df launchd_sim[86751:c5337b] [user/502/UIKitApplication:com.tarunyadgirkar.prefill.spike.textinsert.uitests.xctrunner[5fb1][rb-legacy] [10840]:] job state = running
2026-09-30 23:28:53.192 Df runningboardd[86757:c54a5b] [com.apple.runningboard:general] Full encoding handle [app<com.tarunyadgirkar.prefill.spike.textinsert.uitests.xctrunner((null))>:10840], with data e11041bd00002a58, and pid 10840
2026-09-30 23:28:53.192 Df runningboardd[86757:c54a5b] [com.apple.runningboard:process] [app<com.tarunyadgirkar.prefill.spike.textinsert.uitests.xctrunner((null))>:10840] Memory Limits: active 0 inactive 0
2026-09-30 23:28:53.192 Df runningboardd[86757:c54a5b] [com.apple.runningboard:process] [app<com.tarunyadgirkar.prefill.spike.textinsert.uitests.xctrunner((null))>:10840] This process will be managed.
2026-09-30 23:28:53.192 E  runningboardd[86757:c54a5b] [com.apple.runningboard:process] [app<com.tarunyadgirkar.prefill.spike.textinsert.uitests.xctrunner((null))>:10840] Memorystatus failed with unexpected error: Operation not permitted (1)
2026-09-30 23:28:53.192 Df runningboardd[86757:c54a5b] [com.apple.runningboard:process] [app<com.tarunyadgirkar.prefill.spike.textinsert.uitests.xctrunner((null))>:10840] is not freezer eligible, disabling freezing.
2026-09-30 23:28:53.192 E  runningboardd[86757:c54a5b] [com.apple.runningboard:process] [app<com.tarunyadgirkar.prefill.spike.textinsert.uitests.xctrunner((null))>:10840] Memorystatus failed with unexpected error: Invalid argument (22)
2026-09-30 23:28:53.192 E  runningboardd[86757:c54a5b] [com.apple.runningboard:process] [app<com.tarunyadgirkar.prefill.spike.textinsert.uitests.xctrunner((null))>:10840] Memorystatus failed with unexpected error: Operation not permitted (1)
2026-09-30 23:28:53.193 Df runningboardd[86757:c54a5b] [com.apple.runningboard:ttl] Now tracking process: [app<com.tarunyadgirkar.prefill.spike.textinsert.uitests.xctrunner((null))>:10840]
2026-09-30 23:28:53.193 Df runningboardd[86757:c54a5b] [com.apple.runningboard:assertion] [app<com.tarunyadgirkar.prefill.spike.textinsert.uitests.xctrunner((null))>:10840]: applying persistent assertion '86757-86754-5894 (target:app<com.tarunyadgirkar.prefill.spike.textinsert.uitests.xctrunner((nul
2026-09-30 23:28:53.193 Df runningboardd[86757:c5422e] [com.apple.runningboard:monitor] Calculated state for app<com.tarunyadgirkar.prefill.spike.textinsert.uitests.xctrunner((null))>: running-active (role: UserInteractiveNonFocal) (endowments: (null))
2026-09-30 23:28:53.193 Df runningboardd[86757:c54a5b] [com.apple.runningboard:assertion] Using default underlying assertion for app: [app<com.tarunyadgirkar.prefill.spike.textinsert.uitests.xctrunner((null))>:10840]
2026-09-30 23:28:53.193 Df runningboardd[86757:c54a5b] [com.apple.runningboard:ttl] Acquiring assertion targeting [app<com.tarunyadgirkar.prefill.spike.textinsert.uitests.xctrunner((null))>:10840] from originator [app<com.tarunyadgirkar.prefill.spike.textinsert.uitests.xctrunner((null))>:10840] with
2026-09-30 23:28:53.193 Df runningboardd[86757:c54a5b] [com.apple.runningboard:ttl] Assertion 86757-86757-5895 (target:[app<com.tarunyadgirkar.prefill.spike.textinsert.uitests.xctrunner((null))>:10840]) will be created as active
2026-09-30 23:28:53.194 Df SpringBoard[86754:c549fc] [com.apple.runningboard:process] Hit the server for a process handle 11041bd00002a58 that resolved to: [app<com.tarunyadgirkar.prefill.spike.textinsert.uitests.xctrunner((null))>:10840]
2026-09-30 23:28:53.194 Df runningboardd[86757:c5422b] [com.apple.runningboard:ttl] [app<com.tarunyadgirkar.prefill.spike.textinsert.uitests.xctrunner((null))>:10840] Resuming task.
2026-09-30 23:28:53.194 Df SpringBoard[86754:c549fc] [com.apple.runningboard:monitor] Received state update for 10840 (app<com.tarunyadgirkar.prefill.spike.textinsert.uitests.xctrunner((null))>, running-active-NotVisible
2026-09-30 23:28:53.194 Df SpringBoard[86754:c4e25c] [com.apple.FrontBoard:Process] [app<com.tarunyadgirkar.prefill.spike.textinsert.uitests.xctrunner>:10840] Bootstrap success!
2026-09-30 23:28:53.194 Df runningboardd[86757:c5422e] [com.apple.runningboard:general] [app<com.tarunyadgirkar.prefill.spike.textinsert.uitests.xctrunner((null))>:10840] reported to RB as running
2026-09-30 23:28:53.194 Df SpringBoard[86754:c4e25c] [com.apple.FrontBoard:Process] [app<com.tarunyadgirkar.prefill.spike.textinsert.uitests.xctrunner>:10840] Setting process task state to: Running
2026-09-30 23:28:53.194 Df SpringBoard[86754:c4e25c] [com.apple.FrontBoard:Process] [app<com.tarunyadgirkar.prefill.spike.textinsert.uitests.xctrunner>:10840] Setting process debug state to: YES
2026-09-30 23:28:53.195 Df runningboardd[86757:c5422c] [com.apple.runningboard:monitor] Calculated state for app<com.tarunyadgirkar.prefill.spike.textinsert.uitests.xctrunner((null))>: running-active (role: UserInteractiveNonFocal) (endowments: (null))
2026-09-30 23:28:53.195 Df SpringBoard[86754:c4e25c] [com.apple.FrontBoard:ProcessWorkspace] [app<com.tarunyadgirkar.prefill.spike.textinsert.uitests.xctrunner>:10840] Registering event dispatcher after bootstrap
2026-09-30 23:28:53.195 Df SpringBoard[86754:c4e25c] [com.apple.FrontBoard:ProcessWorkspace] [app<com.tarunyadgirkar.prefill.spike.textinsert.uitests.xctrunner>:10840] Initial launch state: BG-Interactive[80].
2026-09-30 23:28:53.195 Df runningboardd[86757:c5422c] [com.apple.runningboard:ttl] Acquiring assertion targeting [app<com.tarunyadgirkar.prefill.spike.textinsert.uitests.xctrunner((null))>:10840] from originator [osservice<com.apple.SpringBoard>:86754] with description <RBSAssertionDescriptor| "FBW
2026-09-30 23:28:53.195 Df runningboardd[86757:c5422c] [com.apple.runningboard:ttl] Assertion 86757-86754-5896 (target:[app<com.tarunyadgirkar.prefill.spike.textinsert.uitests.xctrunner((null))>:10840]) will be created as active
2026-09-30 23:28:53.195 Df SpringBoard[86754:c4e25c] [com.apple.FrontBoard:ProcessWorkspace] [app<com.tarunyadgirkar.prefill.spike.textinsert.uitests.xctrunner>:10840] Workspace state did change: XX-None[0] --> BG-Active[40] (assertion acquired).
2026-09-30 23:28:53.195 Df SpringBoard[86754:c4e25c] [com.apple.FrontBoard:ProcessWorkspace] [app<com.tarunyadgirkar.prefill.spike.textinsert.uitests.xctrunner>:10840] Workspace interruption policy did change: reconnect
2026-09-30 23:28:53.196 Df runningboardd[86757:c54a5b] [com.apple.runningboard:monitor] Calculated state for app<com.tarunyadgirkar.prefill.spike.textinsert.uitests.xctrunner((null))>: running-active (role: UserInteractiveNonFocal) (endowments: (null))
2026-09-30 23:28:53.196 Df runningboardd[86757:c5422c] [com.apple.runningboard:ttl] Acquiring assertion targeting [app<com.tarunyadgirkar.prefill.spike.textinsert.uitests.xctrunner((null))>:10840] from originator [osservice<com.apple.SpringBoard>:86754] with description <RBSAssertionDescriptor| "com
2026-09-30 23:28:53.196 Df runningboardd[86757:c5422b] [com.apple.runningboard:ttl] [app<com.tarunyadgirkar.prefill.spike.textinsert.uitests.xctrunner((null))>:10840] Set darwin role to: UserInteractiveNonFocal
2026-09-30 23:28:53.196 Df runningboardd[86757:c5422c] [com.apple.runningboard:ttl] Assertion 86757-86754-5897 (target:[app<com.tarunyadgirkar.prefill.spike.textinsert.uitests.xctrunner((null))>:10840]) will be created as inactive as originator process has not exited
2026-09-30 23:28:53.196 Df SpringBoard[86754:c4e25c] [com.apple.runningboard:process] Starting death monitoring for handle [app<com.tarunyadgirkar.prefill.spike.textinsert.uitests.xctrunner((null))>:10840]
2026-09-30 23:28:53.196 Df SpringBoard[86754:c4e25c] [com.apple.FrontBoard:Process] Adding: <FBApplicationProcess: 0x11f762100; app<com.tarunyadgirkar.prefill.spike.textinsert.uitests.xctrunner>:10840(v269CCA)>
2026-09-30 23:28:53.197 E  runningboardd[86757:c5422b] [com.apple.runningboard:process] [app<com.tarunyadgirkar.prefill.spike.textinsert.uitests.xctrunner((null))>:10840] Error 1 setting Carplay mode to 0: Operation not permitted
2026-09-30 23:28:53.197 Df runningboardd[86757:c5422e] [com.apple.runningboard:assertion] Successfully acquired underlying assertion for [app<com.tarunyadgirkar.prefill.spike.textinsert.uitests.xctrunner((null))>:10840]
2026-09-30 23:28:53.198 Df CoreSimulatorBridge[86784:c43414] Launch successful for 'com.tarunyadgirkar.prefill.spike.textinsert.uitests.xctrunner', pid: 10840
2026-09-30 23:28:53.198 Df SpringBoard[86754:c334f8] [com.apple.SpringBoard:Common] Application process state changed for com.tarunyadgirkar.prefill.spike.textinsert.uitests.xctrunner: <SBApplicationProcessState: 0x109768440; pid: 10840; taskState: Running; visibility: Background>
2026-09-30 23:28:53.198 Df SpringBoard[86754:c334f8] [com.apple.SpringBoard:Icon] 0x11fc4f6c0-SBApplicationIcon Data source did change: <SBApplication: 0x118ec2e00; com.tarunyadgirkar.prefill.spike.textinsert.uitests.xctrunner> {
    "<SBApplicationIcon: 0x11fc66340; uniqueIdentifier: com.tarunyadgirkar.prefill.spike.textinsert; bundleID: com.tarunyadgirkar.prefill.spike.textinsert>",
    "<SBApplicationIcon: 0x11fc4f6c0; uniqueIdentifier: com.tarunyadgirkar.prefill.spike.textinsert.uitests.xctrunner; bundleID: com.tarunyadgirkar.prefill.spike.textinsert.uitests.xctrunner>"
2026-09-30 23:28:53.200 Df SpringBoard[86754:c334f8] [com.apple.SpringBoard:Common] Generating initialization context on main thread for: com.tarunyadgirkar.prefill.spike.textinsert.uitests.xctrunner
2026-09-30 23:28:53.211 Df SpringBoard[86754:c54975] [com.apple.UserNotifications:RemoteNotifications] [com.tarunyadgirkar.prefill.spike.textinsert.uitests.xctrunner] com.tarunyadgirkar.prefill.spike.textinsert.uitests.xctrunner application state changed to <RBSProcessState| task:running-active debu
2026-09-30 23:28:53.341 Df mediaremoted[86761:c54a0c] [com.apple.runningboard:process] Hit the server for a process handle 11041bd00002a58 that resolved to: [app<com.tarunyadgirkar.prefill.spike.textinsert.uitests.xctrunner((null))>:10840]
2026-09-30 23:28:53.341 Df mediaremoted[86761:c54a0c] [com.apple.runningboard:monitor] Received state update for 10840 (app<com.tarunyadgirkar.prefill.spike.textinsert.uitests.xctrunner((null))>, running-active-NotVisible
2026-09-30 23:28:53.344 Df mediaremoted[86761:c54233] [com.apple.runningboard:monitor] Received state update for 10840 (app<com.tarunyadgirkar.prefill.spike.textinsert.uitests.xctrunner((null))>, running-active-NotVisible
2026-09-30 23:28:53.352 Df SpringBoard[86754:c54a5e] [com.apple.runningboard:monitor] Received state update for 10840 (app<com.tarunyadgirkar.prefill.spike.textinsert.uitests.xctrunner((null))>, running-active-NotVisible
2026-09-30 23:28:53.912 Df lsd[86807:c51499] [com.apple.launchservices:appinstallation] Save after update app record for bundle com.tarunyadgirkar.prefill.spike.textinsert.uitests.xctrunner attempted: 1 save error: (null)
2026-09-30 23:28:53.913 Df installd[87431:c54978] (MobileSystemServices) 0x16ef8f000 -[MILaunchServicesOperationManager _onQueue_removePendingLaunchServicesOperationForUUID:dueToLSSave:]: Removing operation after LS save: <MILaunchServicesRegisterOperation: 1DCEB46A-3457-4601-BE6B-674BDBEF2A8C:15 co
2026-09-30 23:28:53.913 Df installd[87431:c54978] (MobileSystemServices) 0x16ef8f000 -[MILaunchServicesOperationManager _onQueue_removePendingLaunchServicesOperationForUUID:dueToLSSave:]: Removing operation after LS save: <MILaunchServicesRegisterOperation: B80FEF78-F750-43E1-AA8B-64375A8E436D:16 co
2026-09-30 23:28:54.083 E  cfprefsd[86798:c548d8] [com.apple.defaults:cfprefsd] Couldn't open /Library/Managed Preferences/mobile/com.tarunyadgirkar.prefill.spike.textinsert.uitests.xctrunner.plist due to No such file or directory
2026-09-30 23:28:54.084 E  cfprefsd[86798:c548d8] [com.apple.defaults:cfprefsd] Couldn't open /Library/Managed Preferences/com.tarunyadgirkar.prefill.spike.textinsert.uitests.xctrunner.plist due to No such file or directory
2026-09-30 23:28:54.084 E  cfprefsd[86798:c548d8] [com.apple.defaults:cfprefsd] Couldn't open /Users/tarunyadgirkar/Library/Developer/CoreSimulator/Devices/CF361191-F960-4212-9B76-7C41256A11C9/data/Containers/Data/Application/97728F53-7BF9-40A6-91A6-CAE95F87B30C/Library/Preferences/com.tarunyadgirka
2026-09-30 23:28:54.084 E  cfprefsd[86798:c548d8] [com.apple.defaults:cfprefsd] Couldn't open /Users/tarunyadgirkar/Library/Developer/CoreSimulator/Devices/CF361191-F960-4212-9B76-7C41256A11C9/data/Library/Preferences/com.tarunyadgirkar.prefill.spike.textinsert.uitests.xctrunner.plist due to No such
2026-09-30 23:28:54.084 E  cfprefsd[86798:c548d8] [com.apple.defaults:cfprefsd] Couldn't open /Users/tarunyadgirkar/Library/Developer/CoreSimulator/Devices/CF361191-F960-4212-9B76-7C41256A11C9/data/Containers/Data/Application/97728F53-7BF9-40A6-91A6-CAE95F87B30C/Library/Preferences/ByHost/com.taruny
2026-09-30 23:28:54.087 Df SpringBoard[86754:c549ef] [com.apple.SpringBoard:Common] Fetching initialization context for: com.tarunyadgirkar.prefill.spike.textinsert.uitests.xctrunner
2026-09-30 23:28:54.087 Df SpringBoard[86754:c549ef] [com.apple.SpringBoard:Common] Returning cached initialization context for com.tarunyadgirkar.prefill.spike.textinsert.uitests.xctrunner
2026-09-30 23:28:54.087 Df SpringBoard[86754:c549ef] [com.apple.SpringBoard:Common] Returning cached initialization context for com.tarunyadgirkar.prefill.spike.textinsert.uitests.xctrunner
    bundleID = "com.tarunyadgirkar.prefill.spike.textinsert.uitests.xctrunner";
    bundleID = "com.tarunyadgirkar.prefill.spike.textinsert.uitests.xctrunner";
2026-09-30 23:28:54.090 Df runningboardd[86757:c54a5b] [com.apple.runningboard:connection] Setting client for [app<com.tarunyadgirkar.prefill.spike.textinsert.uitests.xctrunner((null))>:10840] as ready
2026-09-30 23:28:54.091 Df SpringBoard[86754:c549ef] [com.apple.FrontBoard:ProcessWorkspace] [app<com.tarunyadgirkar.prefill.spike.textinsert.uitests.xctrunner>:10840] Connection established.
2026-09-30 23:28:54.091 Df runningboardd[86757:c54a5b] [com.apple.runningboard:ttl] Acquiring assertion targeting [app<com.tarunyadgirkar.prefill.spike.textinsert.uitests.xctrunner((null))>:10840] from originator [app<com.tarunyadgirkar.prefill.spike.textinsert.uitests.xctrunner((null))>:10840] with
2026-09-30 23:28:54.091 Df SpringBoard[86754:c549ef] [com.apple.FrontBoard:ProcessWorkspace] [app<com.tarunyadgirkar.prefill.spike.textinsert.uitests.xctrunner>:10840] created proxy of <BSXPCServiceConnectionProxy<FBSWorkspaceServiceServerInterface>: 0x1261f8480>
2026-09-30 23:28:54.091 Df runningboardd[86757:c54a5b] [com.apple.runningboard:ttl] Assertion 86757-10840-5898 (target:[app<com.tarunyadgirkar.prefill.spike.textinsert.uitests.xctrunner((null))>:10840]) will be created as inactive as start-time-defining assertions exist
2026-09-30 23:28:54.091 Df SpringBoard[86754:c54975] [com.apple.FrontBoard:ProcessScene] [0x11f74c000:(FBSceneManager):sceneID:com.tarunyadgirkar.prefill.spike.textinsert.uitests.xctrunner-default] Sending scene action [Create Inactive][0xe4d8] to process 0x11f762100 (watchdog: 600.00s)
2026-09-30 23:28:54.091 Df SpringBoard[86754:c54975] [com.apple.FrontBoard:ProcessScene] [0x11f74c000:(FBSceneManager):sceneID:com.tarunyadgirkar.prefill.spike.textinsert.uitests.xctrunner-default] Sending scene create.
2026-09-30 23:28:54.092 Df SpringBoard[86754:c54975] [com.apple.FrontBoard:ProcessScene] [0x11f74c000:(FBSceneManager):sceneID:com.tarunyadgirkar.prefill.spike.textinsert.uitests.xctrunner-default] Sending scene action [Forward Event][0x4dae] to process 0x11f762100 (watchdog: 600.00s)
2026-09-30 23:28:54.092 Df SpringBoard[86754:c54975] [com.apple.FrontBoard:Process] [app<com.tarunyadgirkar.prefill.spike.textinsert.uitests.xctrunner>:10840] Connection to remote process established!
2026-09-30 23:28:54.092 Df SpringBoard[86754:c54975] [com.apple.FrontBoard:Process] [app<com.tarunyadgirkar.prefill.spike.textinsert.uitests.xctrunner>:10840] Setting process debug state to: NO
2026-09-30 23:28:54.092 Df SpringBoard[86754:c54975] [com.apple.FrontBoard:ProcessWorkspace] received incoming handshake : process=<FBApplicationProcess: 0x11f762100; app<com.tarunyadgirkar.prefill.spike.textinsert.uitests.xctrunner>:10840(v269CCA); taskState: Running; visibility: Background> remote
2026-09-30 23:28:54.092 Df SpringBoard[86754:c334f8] [com.apple.SpringBoard:Common] Application process state changed for com.tarunyadgirkar.prefill.spike.textinsert.uitests.xctrunner: <SBApplicationProcessState: 0x113802e80; pid: 10840; taskState: Running; visibility: Background>
2026-09-30 23:28:54.092 Df SpringBoard[86754:c334f8] [com.apple.SpringBoard:Common] Application process state changed for com.tarunyadgirkar.prefill.spike.textinsert.uitests.xctrunner: <SBApplicationProcessState: 0x113800780; pid: 10840; taskState: Running; visibility: Background>
2026-09-30 23:28:54.093 Df SpringBoard[86754:c334f8] [com.apple.FrontBoard:Scene] [(FBSceneManager):sceneID:com.tarunyadgirkar.prefill.spike.textinsert.uitests.xctrunner-default] Client process connected: [app<com.tarunyadgirkar.prefill.spike.textinsert.uitests.xctrunner((null))>:10840]
2026-09-30 23:28:54.093 Df SpringBoard[86754:c334f8] [com.apple.SpringBoard:HostedScenePolicy] Host window scene changed for sceneID:com.tarunyadgirkar.prefill.spike.textinsert.uitests.xctrunner-default: <SBWindowScene: 0x10cf94500; scene: "<FBSScene: 0x10cf0a120; identifier: SB-main>"; persistentId
2026-09-30 23:28:54.093 Df SpringBoard[86754:c334f8] [com.apple.SpringBoard:SuspendedUnderLock] Started observing hosted policy component for sceneID:com.tarunyadgirkar.prefill.spike.textinsert.uitests.xctrunner-default
2026-09-30 23:28:54.094 Df SpringBoard[86754:c4e25c] [com.apple.FrontBoard:ProcessScene] [0x11f74c000:(FBSceneManager):sceneID:com.tarunyadgirkar.prefill.spike.textinsert.uitests.xctrunner-default] Sending scene action [Forward Event][0x39bb] to process 0x11f762100 (watchdog: 600.00s)
2026-09-30 23:28:54.094 Df SpringBoard[86754:c334f8] [com.apple.SpringBoard:Common] Application process state changed for com.tarunyadgirkar.prefill.spike.textinsert.uitests.xctrunner: <SBApplicationProcessState: 0x10ce5ada0; pid: 10840; taskState: Running; visibility: Background>
2026-09-30 23:28:54.094 Df SpringBoard[86754:c334f8] [com.apple.SpringBoard:Common] SceneWorkspaceDelegate[0x10cc67d20-com.apple.SpringBoard.SceneWorkspace.PrototypeTools] client did connect with handshake: <FBSceneClientHandshake:0x10ce592c0; [app<com.tarunyadgirkar.prefill.spike.textinsert.uitests
2026-09-30 23:28:54.094 Df SpringBoard[86754:c334f8] [com.apple.SpringBoard:Common] SceneWorkspaceDelegate[0x10cc67330-com.apple.SpringBoard.SceneWorkspace.DruidUI] client did connect with handshake: <FBSceneClientHandshake:0x10ce592c0; [app<com.tarunyadgirkar.prefill.spike.textinsert.uitests.xctrun
2026-09-30 23:28:54.094 Df SpringBoard[86754:c334f8] [com.apple.SpringBoard:Common] SceneWorkspaceDelegate[0x10cc674b0-com.apple.SpringBoard.SceneWorkspace.FullKeyboardAccessUI] client did connect with handshake: <FBSceneClientHandshake:0x10ce592c0; [app<com.tarunyadgirkar.prefill.spike.textinsert.u
2026-09-30 23:28:54.094 Df SpringBoard[86754:c334f8] [com.apple.SpringBoard:Common] SceneWorkspaceDelegate[0x10cc67f00-com.apple.SpringBoard.SceneWorkspace.SiriHUD] client did connect with handshake: <FBSceneClientHandshake:0x10ce592c0; [app<com.tarunyadgirkar.prefill.spike.textinsert.uitests.xctrun
2026-09-30 23:28:54.095 Df SpringBoard[86754:c334f8] [com.apple.SpringBoard:Common] SceneWorkspaceDelegate[0x10cc67c30-com.apple.SpringBoard.SceneWorkspace.AudioHUD] client did connect with handshake: <FBSceneClientHandshake:0x10ce592c0; [app<com.tarunyadgirkar.prefill.spike.textinsert.uitests.xctru
2026-09-30 23:28:54.095 Df SpringBoard[86754:c334f8] [com.apple.SpringBoard:Common] SceneWorkspaceDelegate[0x10cc67a50-com.apple.SpringBoard.SceneWorkspace.PerfPowerHUD] client did connect with handshake: <FBSceneClientHandshake:0x10ce592c0; [app<com.tarunyadgirkar.prefill.spike.textinsert.uitests.x
2026-09-30 23:28:54.095 Df SpringBoard[86754:c334f8] [com.apple.SpringBoard:Common] SceneWorkspaceDelegate[0x10cc673c0-com.apple.SpringBoard.SceneWorkspace.InputUI] client did connect with handshake: <FBSceneClientHandshake:0x10ce592c0; [app<com.tarunyadgirkar.prefill.spike.textinsert.uitests.xctrun
2026-09-30 23:28:54.095 Df SpringBoard[86754:c334f8] [com.apple.SpringBoard:Common] SceneWorkspaceDelegate[0x10cc67e10-com.apple.SpringBoard.SceneWorkspace.GlitchHUD] client did connect with handshake: <FBSceneClientHandshake:0x10ce592c0; [app<com.tarunyadgirkar.prefill.spike.textinsert.uitests.xctr
2026-09-30 23:28:54.095 Df SpringBoard[86754:c334f8] [com.apple.SpringBoard:Common] SceneWorkspaceDelegate[0x10cc67690-com.apple.SpringBoard.SceneWorkspace.AssistiveTouchUI] client did connect with handshake: <FBSceneClientHandshake:0x10ce592c0; [app<com.tarunyadgirkar.prefill.spike.textinsert.uites
2026-09-30 23:28:54.095 Df SpringBoard[86754:c334f8] [com.apple.SpringBoard:Common] SceneWorkspaceDelegate[0x10cc66fa0-com.apple.SpringBoard.SceneWorkspace.AssistantIslandStageCoordinator] client did connect with handshake: <FBSceneClientHandshake:0x10ce592c0; [app<com.tarunyadgirkar.prefill.spike.t
2026-09-30 23:28:54.095 Df SpringBoard[86754:c334f8] [com.apple.SpringBoard:Common] SceneWorkspaceDelegate[0x10cc67270-com.apple.SpringBoard.SceneWorkspace.OverlayUI] client did connect with handshake: <FBSceneClientHandshake:0x10ce592c0; [app<com.tarunyadgirkar.prefill.spike.textinsert.uitests.xctr
2026-09-30 23:28:54.095 Df SpringBoard[86754:c334f8] [com.apple.SpringBoard:Common] SceneWorkspaceDelegate[0x10cc675a0-com.apple.SpringBoard.SceneWorkspace.VoiceControlUI] client did connect with handshake: <FBSceneClientHandshake:0x10ce592c0; [app<com.tarunyadgirkar.prefill.spike.textinsert.uitests
2026-09-30 23:28:54.095 Df SpringBoard[86754:c334f8] [com.apple.SpringBoard:Common] SceneWorkspaceDelegate[0x10cc67870-com.apple.SpringBoard.SceneWorkspace.EyedropperUI] client did connect with handshake: <FBSceneClientHandshake:0x10ce592c0; [app<com.tarunyadgirkar.prefill.spike.textinsert.uitests.x
2026-09-30 23:28:54.095 Df SpringBoard[86754:c334f8] [com.apple.SpringBoard:Common] SceneWorkspaceDelegate[0x10cc67b40-com.apple.SpringBoard.SceneWorkspace.InternalPerfPowerHUD] client did connect with handshake: <FBSceneClientHandshake:0x10ce592c0; [app<com.tarunyadgirkar.prefill.spike.textinsert.u
2026-09-30 23:28:54.095 Df SpringBoard[86754:c334f8] [com.apple.SpringBoard:Common] SceneWorkspaceDelegate[0x10cc67960-com.apple.SpringBoard.SceneWorkspace.Moments] client did connect with handshake: <FBSceneClientHandshake:0x10ce592c0; [app<com.tarunyadgirkar.prefill.spike.textinsert.uitests.xctrun
2026-09-30 23:28:54.095 Df SpringBoard[86754:c334f8] [com.apple.SpringBoard:Common] SceneWorkspaceDelegate[0x10cc67780-com.apple.SpringBoard.SceneWorkspace.AccessibilityUIServerUI] client did connect with handshake: <FBSceneClientHandshake:0x10ce592c0; [app<com.tarunyadgirkar.prefill.spike.textinser
2026-09-30 23:28:54.096 Df SpringBoard[86754:c4e25c] [com.apple.FrontBoard:ProcessScene] [0x11f74c000:(FBSceneManager):sceneID:com.tarunyadgirkar.prefill.spike.textinsert.uitests.xctrunner-default] Sending scene action [Forward Event][0xac41] to process 0x11f762100 (watchdog: 600.00s)
2026-09-30 23:28:54.106 Df runningboardd[86757:c54a5b] [com.apple.runningboard:ttl] Assertion 86757-10840-5899 (target:[app<com.tarunyadgirkar.prefill.spike.textinsert.uitests.xctrunner((null))>:10840]) will be created as inactive as start-time-defining assertions exist
2026-09-30 23:28:54.115 Df testmanagerd[88342:c53e26] [com.apple.runningboard:monitor] Received state update for 10840 (app<com.tarunyadgirkar.prefill.spike.textinsert.uitests.xctrunner((null))>, running-active-NotVisible
2026-09-30 23:28:54.115 Df runningboardd[86757:c549e1] [com.apple.runningboard:ttl] Acquiring assertion targeting [app<com.tarunyadgirkar.prefill.spike.textinsert.uitests.xctrunner((null))>:10840] from originator [app<com.tarunyadgirkar.prefill.spike.textinsert.uitests.xctrunner((null))>:10840] with
2026-09-30 23:28:54.115 Df runningboardd[86757:c549e1] [com.apple.runningboard:ttl] Assertion 86757-10840-5901 (target:[app<com.tarunyadgirkar.prefill.spike.textinsert.uitests.xctrunner((null))>:10840]) will be created as active
2026-09-30 23:28:54.116 Df runningboardd[86757:c549e1] [com.apple.runningboard:ttl] Acquiring assertion targeting [app<com.tarunyadgirkar.prefill.spike.textinsert.uitests.xctrunner((null))>:10840] from originator [osservice<com.apple.testmanagerd>:88342] with description <RBSAssertionDescriptor| "De
2026-09-30 23:28:54.116 Df runningboardd[86757:c5422e] [com.apple.runningboard:monitor] Calculated state for app<com.tarunyadgirkar.prefill.spike.textinsert.uitests.xctrunner((null))>: running-active (role: UserInteractiveNonFocal) (endowments: (null))
2026-09-30 23:28:54.117 Df runningboardd[86757:c549e1] [com.apple.runningboard:ttl] Assertion 86757-88342-5902 (target:[app<com.tarunyadgirkar.prefill.spike.textinsert.uitests.xctrunner((null))>:10840]) will be created as active
2026-09-30 23:28:54.117 Df runningboardd[86757:c5422e] [com.apple.runningboard:ttl] Attempting to rename power assertion 65535 for target app<com.tarunyadgirkar.prefill.spike.textinsert.uitests.xctrunner((null))> to app<com.tarunyadgirkar.prefill.spike.textinsert.uitests.xctrunner((null))>;86757-867
2026-09-30 23:28:54.117 Df runningboardd[86757:c5422c] [com.apple.runningboard:monitor] Calculated state for app<com.tarunyadgirkar.prefill.spike.textinsert.uitests.xctrunner((null))>: running-active (role: UserInteractiveNonFocal) (endowments: (null))
2026-09-30 23:28:54.118 Df SpringBoard[86754:c4e25c] [com.apple.runningboard:monitor] Received state update for 10840 (app<com.tarunyadgirkar.prefill.spike.textinsert.uitests.xctrunner((null))>, running-active-NotVisible
2026-09-30 23:28:54.118 Df testmanagerd[88342:c53e31] [com.apple.runningboard:monitor] Received state update for 10840 (app<com.tarunyadgirkar.prefill.spike.textinsert.uitests.xctrunner((null))>, running-active-NotVisible
2026-09-30 23:28:54.119 Df mediaremoted[86761:c54a0c] [com.apple.runningboard:monitor] Received state update for 10840 (app<com.tarunyadgirkar.prefill.spike.textinsert.uitests.xctrunner((null))>, running-active-NotVisible
2026-09-30 23:28:54.131 Df InputUI[87035:c549b9] [com.apple.FrontBoard:Process] Asked to bootstrap a new process for handle: [app<com.tarunyadgirkar.prefill.spike.textinsert.uitests.xctrunner((null))>:10840]
2026-09-30 23:28:54.131 Df InputUI[87035:c549b9] [com.apple.FrontBoard:Process] Creating process (sync=true) for handle: [app<com.tarunyadgirkar.prefill.spike.textinsert.uitests.xctrunner((null))>:10840]
2026-09-30 23:28:54.131 Df InputUI[87035:c549b9] [com.apple.FrontBoard:ProcessWorkspace] [app<com.tarunyadgirkar.prefill.spike.textinsert.uitests.xctrunner>:10840] Registering event dispatcher at init
2026-09-30 23:28:54.132 Df InputUI[87035:c549b9] [com.apple.FrontBoard:ProcessWorkspace] Created <FBWorkspace: 0x106cc3200; <FBApplicationProcess: 0x110010000; app<com.tarunyadgirkar.prefill.spike.textinsert.uitests.xctrunner>:10840(v269CCA)>>
2026-09-30 23:28:54.132 Df InputUI[87035:c549b9] [com.apple.FrontBoard:Process] Bootstrapping app<com.tarunyadgirkar.prefill.spike.textinsert.uitests.xctrunner> with intent background
2026-09-30 23:28:54.133 Df runningboardd[86757:c549e1] [com.apple.runningboard:ttl] Acquiring assertion targeting [app<com.tarunyadgirkar.prefill.spike.textinsert.uitests.xctrunner((null))>:10840] from originator [osservice<com.apple.InputUI>:87035] with description <RBSAssertionDescriptor| "FBAppli
2026-09-30 23:28:54.133 Df runningboardd[86757:c549e1] [com.apple.runningboard:ttl] Assertion 86757-87035-5903 (target:[app<com.tarunyadgirkar.prefill.spike.textinsert.uitests.xctrunner((null))>:10840]) will be created as active
2026-09-30 23:28:54.133 Df InputUI[87035:c549b9] [com.apple.FrontBoard:Process] [app<com.tarunyadgirkar.prefill.spike.textinsert.uitests.xctrunner>:10840] Bootstrap success!
2026-09-30 23:28:54.133 Df runningboardd[86757:c5422c] [com.apple.runningboard:monitor] Calculated state for app<com.tarunyadgirkar.prefill.spike.textinsert.uitests.xctrunner((null))>: running-active (role: UserInteractiveNonFocal) (endowments: (null))
2026-09-30 23:28:54.133 Df runningboardd[86757:c549e1] [com.apple.runningboard:ttl] Attempting to rename power assertion 65535 for target app<com.tarunyadgirkar.prefill.spike.textinsert.uitests.xctrunner((null))> to app<com.tarunyadgirkar.prefill.spike.textinsert.uitests.xctrunner((null))>;86757-867
2026-09-30 23:28:54.134 Df InputUI[87035:c549b9] [com.apple.FrontBoard:Process] [app<com.tarunyadgirkar.prefill.spike.textinsert.uitests.xctrunner>:10840] Setting process visibility to: Background
2026-09-30 23:28:54.134 Df InputUI[87035:c549b9] [com.apple.FrontBoard:ProcessWorkspace] [app<com.tarunyadgirkar.prefill.spike.textinsert.uitests.xctrunner>:10840] Initial launch state: BG-Active[40].
2026-09-30 23:28:54.134 Df SpringBoard[86754:c54975] [com.apple.runningboard:monitor] Received state update for 10840 (app<com.tarunyadgirkar.prefill.spike.textinsert.uitests.xctrunner((null))>, running-active-NotVisible
2026-09-30 23:28:54.134 Df runningboardd[86757:c549e1] [com.apple.runningboard:ttl] Acquiring assertion targeting [app<com.tarunyadgirkar.prefill.spike.textinsert.uitests.xctrunner((null))>:10840] from originator [osservice<com.apple.InputUI>:87035] with description <RBSAssertionDescriptor| "FBWorks
2026-09-30 23:28:54.134 Df runningboardd[86757:c549e1] [com.apple.runningboard:ttl] Assertion 86757-87035-5904 (target:[app<com.tarunyadgirkar.prefill.spike.textinsert.uitests.xctrunner((null))>:10840]) will be created as active
2026-09-30 23:28:54.134 Df runningboardd[86757:c5422e] [com.apple.runningboard:monitor] Calculated state for app<com.tarunyadgirkar.prefill.spike.textinsert.uitests.xctrunner((null))>: running-active (role: UserInteractiveNonFocal) (endowments: {(
2026-09-30 23:28:54.134 Df InputUI[87035:c549b9] [com.apple.runningboard:process] Starting death monitoring for handle [app<com.tarunyadgirkar.prefill.spike.textinsert.uitests.xctrunner((null))>:10840]
2026-09-30 23:28:54.134 Df SpringBoard[86754:c4e25c] [com.apple.runningboard:monitor] Received state update for 10840 (app<com.tarunyadgirkar.prefill.spike.textinsert.uitests.xctrunner((null))>, running-active-NotVisible
2026-09-30 23:28:54.135 Df InputUI[87035:c549b9] [com.apple.FrontBoard:Process] Adding: <FBApplicationProcess: 0x110010000; app<com.tarunyadgirkar.prefill.spike.textinsert.uitests.xctrunner>:10840(v269CCA)>
2026-09-30 23:28:54.135 Df testmanagerd[88342:c53e26] [com.apple.runningboard:monitor] Received state update for 10840 (app<com.tarunyadgirkar.prefill.spike.textinsert.uitests.xctrunner((null))>, running-active-NotVisible
2026-09-30 23:28:54.135 Df mediaremoted[86761:c54233] [com.apple.runningboard:monitor] Received state update for 10840 (app<com.tarunyadgirkar.prefill.spike.textinsert.uitests.xctrunner((null))>, running-active-NotVisible
2026-09-30 23:28:54.135 Df testmanagerd[88342:c53e26] [com.apple.runningboard:monitor] Received state update for 10840 (app<com.tarunyadgirkar.prefill.spike.textinsert.uitests.xctrunner((null))>, running-active-NotVisible
2026-09-30 23:28:54.135 Df mediaremoted[86761:c54a0c] [com.apple.runningboard:monitor] Received state update for 10840 (app<com.tarunyadgirkar.prefill.spike.textinsert.uitests.xctrunner((null))>, running-active-NotVisible
2026-09-30 23:28:54.135 Df InputUI[87035:c549b9] [com.apple.FrontBoard:ProcessWorkspace] [app<com.tarunyadgirkar.prefill.spike.textinsert.uitests.xctrunner>:10840] Connection established.
2026-09-30 23:28:54.135 Df InputUI[87035:c549b9] [com.apple.FrontBoard:ProcessWorkspace] [app<com.tarunyadgirkar.prefill.spike.textinsert.uitests.xctrunner>:10840] created proxy of <BSXPCServiceConnectionProxy<FBSWorkspaceServiceServerInterface>: 0x106e37000>
2026-09-30 23:28:54.136 Df InputUI[87035:c54b50] [com.apple.FrontBoard:Process] [app<com.tarunyadgirkar.prefill.spike.textinsert.uitests.xctrunner>:10840] Connection to remote process established!
2026-09-30 23:28:54.136 Df InputUI[87035:c54b50] [com.apple.FrontBoard:ProcessWorkspace] received incoming handshake : process=<FBApplicationProcess: 0x110010000; app<com.tarunyadgirkar.prefill.spike.textinsert.uitests.xctrunner>:10840(v269CCA); taskState: Running; visibility: Background> remote=<BS
2026-09-30 23:28:54.137 Df InputUI[87035:c54b4f] [com.apple.runningboard:monitor] Received state update for 10840 (app<com.tarunyadgirkar.prefill.spike.textinsert.uitests.xctrunner((null))>, running-active-NotVisible
2026-09-30 23:28:54.138 Df backboardd[86775:c5024b] [com.apple.BackBoard:EventDelivery] new deferring rules for pid:10840: [[10840-1]; <keyboardFocus; …yadgirkar.prefill.spike.textinsert.uitests.xctrunner-default> -> <token: <uq: 1; UIKit-localContainer>; pid: 10840>; reason: UIKit-localContainer]
2026-09-30 23:28:54.138 Df backboardd[86775:c5024b] [com.apple.BackBoard:EventDelivery] [<keyboardFocus; builtin> 0x10a4c7e90] setRules:forPID(10840) generation: 232: [[10840-1]; <keyboardFocus; com.apple.frontboard.systemappservices/FBSceneManager:sceneID%3Acom.tarunyadgirkar.prefill.spike.textinse
2026-09-30 23:28:54.138 Df InputUI[87035:c33b5c] [com.apple.FrontBoard:Process] Asked to bootstrap a new process for handle: [app<com.tarunyadgirkar.prefill.spike.textinsert.uitests.xctrunner((null))>:10840]
2026-09-30 23:28:54.138 Df InputUI[87035:c33b5c] [com.apple.FrontBoard:Process] A process already exists for this handle: <FBApplicationProcess: 0x110010000; app<com.tarunyadgirkar.prefill.spike.textinsert.uitests.xctrunner>:10840(v269CCA)>
2026-09-30 23:28:54.138 Df backboardd[86775:c5024b] [com.apple.BackBoard:EventDelivery] [<keyboardFocus> 0x10a4c7f70] setRules:forPID(10840) generation: 232: [[10840-1]; <keyboardFocus; com.apple.frontboard.systemappservices/FBSceneManager:sceneID%3Acom.tarunyadgirkar.prefill.spike.textinsert.uitest
2026-09-30 23:28:54.138 Df InputUI[87035:c33b5c] [com.apple.FrontBoard:ProcessScene] [0x106e48780:com.apple.InputUI.keyboard:KeyboardInputScene-com.apple.frontboard.systemappservices/FBSceneManager:sceneID%3Acom.tarunyadgirkar.prefill.spike.textinsert.uitests.xctrunner-default] Initialized with conn
2026-09-30 23:28:54.138 Df InputUI[87035:c33b5c] [com.apple.FrontBoard:ProcessWorkspace] [app<com.tarunyadgirkar.prefill.spike.textinsert.uitests.xctrunner>:10840] Registered new scene: <FBWorkspaceScene: 0x106e48780; com.apple.InputUI.keyboard:KeyboardInputScene-com.apple.frontboard.systemappservic
2026-09-30 23:28:54.138 Df InputUI[87035:c33b5c] [com.apple.FrontBoard:Scene] [com.apple.InputUI.keyboard:KeyboardInputScene-com.apple.frontboard.systemappservices/FBSceneManager:sceneID%3Acom.tarunyadgirkar.prefill.spike.textinsert.uitests.xctrunner-default][1] Scene activated.
2026-09-30 23:28:54.138 Df InputUI[87035:c54b4f] [com.apple.FrontBoard:ProcessWorkspace] [app<com.tarunyadgirkar.prefill.spike.textinsert.uitests.xctrunner>:10840] Workspace interruption policy did change: reconnect
2026-09-30 23:28:54.138 Df InputUI[87035:c33b5c] [com.apple.FrontBoard:Scene] [com.apple.InputUI.keyboard:KeyboardInputScene-com.apple.frontboard.systemappservices/FBSceneManager:sceneID%3Acom.tarunyadgirkar.prefill.spike.textinsert.uitests.xctrunner-default] Client process connected: [app<com.tarun
2026-09-30 23:28:54.138 Df InputUI[87035:c33b5c] [com.apple.UIKit:KeyboardScene] Created keyboard scene com.apple.UIKit.KeyboardManagement.hosted/com.apple.InputUI.keyboard:KeyboardInputScene-com.apple.frontboard.systemappservices%2FFBSceneManager%3AsceneID%253Acom.tarunyadgirkar.prefill.spike.texti
2026-09-30 23:28:54.138 Df runningboardd[86757:c5422c] [com.apple.runningboard:ttl] Acquiring assertion targeting [app<com.tarunyadgirkar.prefill.spike.textinsert.uitests.xctrunner((null))>:10840] from originator [osservice<com.apple.InputUI>:87035] with description <RBSAssertionDescriptor| "com.app
2026-09-30 23:28:54.139 Df runningboardd[86757:c5422c] [com.apple.runningboard:ttl] Assertion 86757-87035-5905 (target:[app<com.tarunyadgirkar.prefill.spike.textinsert.uitests.xctrunner((null))>:10840]) will be created as inactive as originator process has not exited
2026-09-30 23:28:54.139 Df InputUI[87035:c54b4f] [com.apple.FrontBoard:ProcessScene] [0x106e48780:com.apple.InputUI.keyboard:KeyboardInputScene-com.apple.frontboard.systemappservices/FBSceneManager:sceneID%3Acom.tarunyadgirkar.prefill.spike.textinsert.uitests.xctrunner-default] Scene lifecycle state
2026-09-30 23:28:54.139 Df InputUI[87035:c54b4f] [com.apple.FrontBoard:ProcessScene] [0x106e48780:com.apple.InputUI.keyboard:KeyboardInputScene-com.apple.frontboard.systemappservices/FBSceneManager:sceneID%3Acom.tarunyadgirkar.prefill.spike.textinsert.uitests.xctrunner-default] Scene state did chang
2026-09-30 23:28:54.139 Df runningboardd[86757:c549e1] [com.apple.runningboard:ttl] Acquiring assertion targeting [app<com.tarunyadgirkar.prefill.spike.textinsert.uitests.xctrunner((null))>:10840] from originator [osservice<com.apple.InputUI>:87035] with description <RBSAssertionDescriptor| "FBWorks
2026-09-30 23:28:54.139 Df runningboardd[86757:c549e1] [com.apple.runningboard:ttl] Assertion 86757-87035-5906 (target:[app<com.tarunyadgirkar.prefill.spike.textinsert.uitests.xctrunner((null))>:10840]) will be created as active
2026-09-30 23:28:54.139 Df InputUI[87035:c54b4f] [com.apple.FrontBoard:ProcessWorkspace] [app<com.tarunyadgirkar.prefill.spike.textinsert.uitests.xctrunner>:10840] Workspace state did change: XX-None[0] --> BG-Active[40] (assertion acquired).
2026-09-30 23:28:54.139 Df InputUI[87035:c54b4f] [com.apple.FrontBoard:ProcessScene] [0x106e48780:com.apple.InputUI.keyboard:KeyboardInputScene-com.apple.frontboard.systemappservices/FBSceneManager:sceneID%3Acom.tarunyadgirkar.prefill.spike.textinsert.uitests.xctrunner-default] Sending scene action 
2026-09-30 23:28:54.139 Df InputUI[87035:c54b4f] [com.apple.FrontBoard:ProcessScene] [0x106e48780:com.apple.InputUI.keyboard:KeyboardInputScene-com.apple.frontboard.systemappservices/FBSceneManager:sceneID%3Acom.tarunyadgirkar.prefill.spike.textinsert.uitests.xctrunner-default] Sending scene create.
2026-09-30 23:28:54.142 Df SpringBoard[86754:c54975] [com.apple.FrontBoard:ProcessScene] [0x11f74c000:(FBSceneManager):sceneID:com.tarunyadgirkar.prefill.spike.textinsert.uitests.xctrunner-default] Scene action [Create Inactive][0xe4d8] completed with success: 1
2026-09-30 23:28:54.142 Df SpringBoard[86754:c549fc] [com.apple.SplashBoard:FileManifest] <XBApplicationSnapshotManifestImpl: 0x11fcd5c80> [com.tarunyadgirkar.prefill.spike.textinsert.uitests.xctrunner] We don't have any snapshots, so we're clearing our manifest data.
2026-09-30 23:28:54.181 Df SpringBoard[86754:c54975] [com.apple.FrontBoard:ProcessScene] [0x11f74c000:(FBSceneManager):sceneID:com.tarunyadgirkar.prefill.spike.textinsert.uitests.xctrunner-default] Scene action [Forward Event][0x4dae] completed with success: 1
2026-09-30 23:28:54.199 Df SpringBoard[86754:c549fc] [com.apple.FrontBoard:ProcessScene] [0x11f74c000:(FBSceneManager):sceneID:com.tarunyadgirkar.prefill.spike.textinsert.uitests.xctrunner-default] Scene action [Forward Event][0x39bb] completed with success: 1
2026-09-30 23:28:54.232 Df SpringBoard[86754:c4b7cf] [com.apple.FrontBoard:ProcessScene] [0x11f74c000:(FBSceneManager):sceneID:com.tarunyadgirkar.prefill.spike.textinsert.uitests.xctrunner-default] Scene action [Forward Event][0xac41] completed with success: 1
2026-09-30 23:28:54.232 Df InputUI[87035:c54b4f] [com.apple.FrontBoard:ProcessScene] [0x106e48780:com.apple.InputUI.keyboard:KeyboardInputScene-com.apple.frontboard.systemappservices/FBSceneManager:sceneID%3Acom.tarunyadgirkar.prefill.spike.textinsert.uitests.xctrunner-default] Scene action [Create 
2026-09-30 23:28:54.335 Df SpringBoard[86754:c4e25c] [com.apple.FrontBoard:ProcessScene] [0x11f74c000:(FBSceneManager):sceneID:com.tarunyadgirkar.prefill.spike.textinsert.uitests.xctrunner-default] Scene state did change: XX-None[0].
2026-09-30 23:28:54.335 Df InputUI[87035:c549b9] [com.apple.FrontBoard:ProcessScene] [0x106e48780:com.apple.InputUI.keyboard:KeyboardInputScene-com.apple.frontboard.systemappservices/FBSceneManager:sceneID%3Acom.tarunyadgirkar.prefill.spike.textinsert.uitests.xctrunner-default] Scene state did chang
2026-09-30 23:28:54.335 Df SpringBoard[86754:c4e25c] [com.apple.FrontBoard:ProcessWorkspace] [app<com.tarunyadgirkar.prefill.spike.textinsert.uitests.xctrunner>:10840] Workspace state did change: BG-Active[40] --> XX-None[0] (assertion dropped).
2026-09-30 23:28:54.335 Df InputUI[87035:c549b9] [com.apple.FrontBoard:ProcessWorkspace] [app<com.tarunyadgirkar.prefill.spike.textinsert.uitests.xctrunner>:10840] Workspace state did change: BG-Active[40] --> XX-None[0] (assertion dropped).
2026-09-30 23:28:54.335 Df runningboardd[86757:c54a5b] [com.apple.runningboard:ttl] Invalidating assertion 86757-86754-5896 (target:[app<com.tarunyadgirkar.prefill.spike.textinsert.uitests.xctrunner((null))>:10840]) from originator [osservice<com.apple.SpringBoard>:86754]
2026-09-30 23:28:54.336 Df runningboardd[86757:c54a5b] [com.apple.runningboard:ttl] Invalidating assertion 86757-87035-5906 (target:[app<com.tarunyadgirkar.prefill.spike.textinsert.uitests.xctrunner((null))>:10840]) from originator [osservice<com.apple.InputUI>:87035]
2026-09-30 23:28:54.438 Df runningboardd[86757:c54a5b] [com.apple.runningboard:monitor] Calculated state for app<com.tarunyadgirkar.prefill.spike.textinsert.uitests.xctrunner((null))>: running-active (role: UserInteractiveNonFocal) (endowments: {(
2026-09-30 23:28:54.438 Df SpringBoard[86754:c4b7cf] [com.apple.runningboard:monitor] Received state update for 10840 (app<com.tarunyadgirkar.prefill.spike.textinsert.uitests.xctrunner((null))>, running-active-NotVisible
2026-09-30 23:28:54.438 Df InputUI[87035:c549b9] [com.apple.runningboard:monitor] Received state update for 10840 (app<com.tarunyadgirkar.prefill.spike.textinsert.uitests.xctrunner((null))>, running-active-NotVisible
2026-09-30 23:28:54.440 Df mediaremoted[86761:c54a0c] [com.apple.runningboard:monitor] Received state update for 10840 (app<com.tarunyadgirkar.prefill.spike.textinsert.uitests.xctrunner((null))>, running-active-NotVisible
2026-09-30 23:28:54.441 Df testmanagerd[88342:c53e26] [com.apple.runningboard:monitor] Received state update for 10840 (app<com.tarunyadgirkar.prefill.spike.textinsert.uitests.xctrunner((null))>, running-active-NotVisible
2026-09-30 23:28:55.142 Df SpringBoard[86754:c4e25c] [com.apple.FrontBoard:ProcessWorkspace] [app<com.tarunyadgirkar.prefill.spike.textinsert.uitests.xctrunner>:10840] Dropping launch assertion.
2026-09-30 23:28:55.142 Df runningboardd[86757:c5422c] [com.apple.runningboard:ttl] Invalidating assertion 86757-86754-5894 (target:app<com.tarunyadgirkar.prefill.spike.textinsert.uitests.xctrunner((null))>) from originator [osservice<com.apple.SpringBoard>:86754]
2026-09-30 23:28:55.184 Df InputUI[87035:c54b4f] [com.apple.FrontBoard:ProcessWorkspace] [app<com.tarunyadgirkar.prefill.spike.textinsert.uitests.xctrunner>:10840] Dropping launch assertion.
2026-09-30 23:28:55.184 Df runningboardd[86757:c5422c] [com.apple.runningboard:ttl] Invalidating assertion 86757-87035-5903 (target:[app<com.tarunyadgirkar.prefill.spike.textinsert.uitests.xctrunner((null))>:10840]) from originator [osservice<com.apple.InputUI>:87035]
2026-09-30 23:28:55.249 Df runningboardd[86757:c5422c] [com.apple.runningboard:monitor] Calculated state for app<com.tarunyadgirkar.prefill.spike.textinsert.uitests.xctrunner((null))>: running-active (role: NonUserInteractive) (endowments: {(
2026-09-30 23:28:55.249 Df runningboardd[86757:c54238] [com.apple.runningboard:ttl] Attempting to rename power assertion 65535 for target app<com.tarunyadgirkar.prefill.spike.textinsert.uitests.xctrunner((null))> to app<com.tarunyadgirkar.prefill.spike.textinsert.uitests.xctrunner((null))>86757-8834
2026-09-30 23:28:55.249 Df runningboardd[86757:c54a5b] [com.apple.runningboard:ttl] [app<com.tarunyadgirkar.prefill.spike.textinsert.uitests.xctrunner((null))>:10840] Set darwin role to: NonUserInteractive
2026-09-30 23:28:55.249 Df SpringBoard[86754:c4e25c] [com.apple.runningboard:monitor] Received state update for 10840 (app<com.tarunyadgirkar.prefill.spike.textinsert.uitests.xctrunner((null))>, running-active-NotVisible
2026-09-30 23:28:55.249 Df InputUI[87035:c54b4f] [com.apple.runningboard:monitor] Received state update for 10840 (app<com.tarunyadgirkar.prefill.spike.textinsert.uitests.xctrunner((null))>, running-active-NotVisible
2026-09-30 23:28:55.249 Df mediaremoted[86761:c54a0c] [com.apple.runningboard:monitor] Received state update for 10840 (app<com.tarunyadgirkar.prefill.spike.textinsert.uitests.xctrunner((null))>, running-active-NotVisible
2026-09-30 23:28:55.249 Df testmanagerd[88342:c54961] [com.apple.runningboard:monitor] Received state update for 10840 (app<com.tarunyadgirkar.prefill.spike.textinsert.uitests.xctrunner((null))>, running-active-NotVisible
    NSExtensionPointName = "com.apple.authentication-services-credential-provider-ui";
    <EXConcreteExtension: 0x118aec460> {id = com.tarunyadgirkar.prefill.spike.textinsert.provider}
2026-09-30 23:28:55.351 Df linkd[87064:c549cc] [com.apple.appintents:IndexCoordinator] Starting task: Audit: Bundles: com.tarunyadgirkar.prefill.spike.textinsert.uitests.xctrunner
2026-09-30 23:28:55.614 Df SpringBoard[86754:c334f8] [com.apple.SpringBoard:StatusBarish] Verify background audio activity for com.tarunyadgirkar.prefill.spike.textinsert.uitests.xctrunner, Recording: 0
2026-09-30 23:28:55.614 Df SpringBoard[86754:c334f8] [com.apple.SpringBoard:StatusBarish] Verify background audio activity for com.tarunyadgirkar.prefill.spike.textinsert.uitests.xctrunner, Recording: 0
2026-09-30 23:28:55.817 Df Preferences[90646:c53ff3] [com.apple.PlugInKit:discovery] [d 65CE9E6E-BD52-47F2-A83C-0CFAE001DA01] <PKHost:0x10a451640> Beginning discovery for flags: 0, point: com.apple.authentication-services-credential-provider-ui
2026-09-30 23:28:55.818 Df Preferences[90646:c53ff3] [com.apple.PlugInKit:discovery] [d 3761F736-0DC0-4B1A-8F0B-EC1063F365E0] <PKHost:0x10a451640> Beginning discovery for flags: 0, point: com.apple.authentication-services-credential-provider-ui
2026-09-30 23:28:55.818 Df Preferences[90646:c53ff3] [com.apple.PlugInKit:discovery] [d 5C52A8B2-6D04-4BBF-B6FC-5DE022174019] <PKHost:0x10a451640> Beginning discovery for flags: 0, point: com.apple.authentication-services-credential-provider-ui
2026-09-30 23:28:55.818 Df Preferences[90646:c53ff3] [com.apple.PlugInKit:discovery] [d 3060199D-D601-443B-A08F-1B7A0CC69CEA] <PKHost:0x10a451640> Beginning discovery for flags: 0, point: com.apple.authentication-services-credential-provider-ui
    NSExtensionPointName = "com.apple.authentication-services-credential-provider-ui";
    NSExtensionPointName = "com.apple.authentication-services-credential-provider-ui";
2026-09-30 23:28:56.366 Df runningboardd[86757:c54a5b] [com.apple.runningboard:ttl] Invalidating assertion 86757-10840-5898 (target:[app<com.tarunyadgirkar.prefill.spike.textinsert.uitests.xctrunner((null))>:10840]) from originator [app<com.tarunyadgirkar.prefill.spike.textinsert.uitests.xctrunner((
2026-09-30 23:28:56.579 Df runningboardd[86757:c5422c] [com.apple.runningboard:ttl] Invalidating assertion 86757-88342-5902 (target:[app<com.tarunyadgirkar.prefill.spike.textinsert.uitests.xctrunner((null))>:10840]) from originator [osservice<com.apple.testmanagerd>:88342]
2026-09-30 23:28:56.579 Df runningboardd[86757:c5422c] [com.apple.runningboard:ttl] Acquiring assertion targeting [app<com.tarunyadgirkar.prefill.spike.textinsert.uitests.xctrunner((null))>:10840] from originator [osservice<com.apple.testmanagerd>:88342] with description <RBSAssertionDescriptor| "De
2026-09-30 23:28:56.579 Df runningboardd[86757:c5422c] [com.apple.runningboard:ttl] Assertion 86757-88342-5908 (target:[app<com.tarunyadgirkar.prefill.spike.textinsert.uitests.xctrunner((null))>:10840]) will be created as active
2026-09-30 23:28:56.580 Df runningboardd[86757:c54a5b] [com.apple.runningboard:ttl] Attempting to rename power assertion 65535 for target app<com.tarunyadgirkar.prefill.spike.textinsert.uitests.xctrunner((null))> to app<com.tarunyadgirkar.prefill.spike.textinsert.uitests.xctrunner((null))>;86757-883
2026-09-30 23:28:56.635 Df runningboardd[86757:c5422c] [com.apple.runningboard:ttl] Invalidating assertion 86757-10840-5899 (target:[app<com.tarunyadgirkar.prefill.spike.textinsert.uitests.xctrunner((null))>:10840]) from originator [app<com.tarunyadgirkar.prefill.spike.textinsert.uitests.xctrunner((
2026-09-30 23:28:56.658 Df testmanagerd[88342:c54960] [com.apple.runningboard:monitor] Received state update for 10840 (app<com.tarunyadgirkar.prefill.spike.textinsert.uitests.xctrunner((null))>, running-active-NotVisible
2026-09-30 23:28:56.687 Df runningboardd[86757:c54a5b] [com.apple.runningboard:ttl] Attempting to rename power assertion 65535 for target app<com.tarunyadgirkar.prefill.spike.textinsert.uitests.xctrunner((null))> to app<com.tarunyadgirkar.prefill.spike.textinsert.uitests.xctrunner((null))>86757-8834
2026-09-30 23:28:56.691 Df runningboardd[86757:c5422b] [com.apple.runningboard:ttl] Invalidating assertion 86757-10840-5901 (target:[app<com.tarunyadgirkar.prefill.spike.textinsert.uitests.xctrunner((null))>:10840]) from originator [app<com.tarunyadgirkar.prefill.spike.textinsert.uitests.xctrunner((
2026-09-30 23:28:56.699 Df UserEventAgent[86753:c54c5d] [com.apple.xpc.activity:Activities] Unregistered on XPC remove event: com.apple.safarishared.WBSParsecDSession.autoFillDataUpdate (0x103e79400)
2026-09-30 23:28:56.707 Df InputUI[87035:c549b9] [com.apple.runningboard:monitor] Received state update for 10840 (app<com.tarunyadgirkar.prefill.spike.textinsert.uitests.xctrunner((null))>, running-active-NotVisible
2026-09-30 23:28:56.798 Df runningboardd[86757:c54a5b] [com.apple.runningboard:monitor] Calculated state for app<com.tarunyadgirkar.prefill.spike.textinsert.uitests.xctrunner((null))>: running-active (role: NonUserInteractive) (endowments: {(
2026-09-30 23:28:56.799 Df InputUI[87035:c54b50] [com.apple.runningboard:monitor] Received state update for 10840 (app<com.tarunyadgirkar.prefill.spike.textinsert.uitests.xctrunner((null))>, running-active-NotVisible
2026-09-30 23:28:56.799 Df SpringBoard[86754:c549fc] [com.apple.runningboard:monitor] Received state update for 10840 (app<com.tarunyadgirkar.prefill.spike.textinsert.uitests.xctrunner((null))>, running-active-NotVisible
2026-09-30 23:28:56.799 Df testmanagerd[88342:c53e26] [com.apple.runningboard:monitor] Received state update for 10840 (app<com.tarunyadgirkar.prefill.spike.textinsert.uitests.xctrunner((null))>, running-active-NotVisible
2026-09-30 23:28:56.799 Df mediaremoted[86761:c54233] [com.apple.runningboard:monitor] Received state update for 10840 (app<com.tarunyadgirkar.prefill.spike.textinsert.uitests.xctrunner((null))>, running-active-NotVisible
2026-09-30 23:28:56.800 Df runningboardd[86757:c54238] [com.apple.DynamicPrefetching:default] end_scenario: Called with bundleid "com.tarunyadgirkar.prefill.spike.textinsert.uitests.xctrunner" scenario "Launch"
2026-09-30 23:28:56.800 E  runningboardd[86757:c54238] [com.apple.DynamicPrefetching:default] mark_profile_seen_this_boot: exists() failed for "/private/var/root/Library/Caches/com.apple.runningboardd/DynamicPrefetching/com.tarunyadgirkar.prefill.spike.textinsert.uitests.xctrunner/0.profile": Permis
2026-09-30 23:28:56.800 Df runningboardd[86757:c54238] [com.apple.DynamicPrefetching:default] end_scenario_internal: first launch after boot for bundleid com.tarunyadgirkar.prefill.spike.textinsert.uitests.xctrunner scenario Launch — discarded 0 pageins, refreshed profile mtime
    "DYLD_FRAMEWORK_PATH" = "/Users/tarunyadgirkar/TarunsCode/prefill/spikes/textinsert/build/Build/Products/Debug-iphonesimulator";
    "DYLD_LIBRARY_PATH" = "/Users/tarunyadgirkar/TarunsCode/prefill/spikes/textinsert/build/Build/Products/Debug-iphonesimulator";
    "__XCODE_BUILT_PRODUCTS_DIR_PATHS" = "/Users/tarunyadgirkar/TarunsCode/prefill/spikes/textinsert/build/Build/Products/Debug-iphonesimulator";
    "__XPC_DYLD_FRAMEWORK_PATH" = "/Users/tarunyadgirkar/TarunsCode/prefill/spikes/textinsert/build/Build/Products/Debug-iphonesimulator";
    "__XPC_DYLD_LIBRARY_PATH" = "/Users/tarunyadgirkar/TarunsCode/prefill/spikes/textinsert/build/Build/Products/Debug-iphonesimulator";
		"DYLD_FRAMEWORK_PATH" => <string: 0x105aaef10> { string cache = 0x0, length = 101, contents = "/Users/tarunyadgirkar/TarunsCode/prefill/spikes/textinsert/build/Build/Products/Debug-iphonesimulator" }
		"__XPC_DYLD_FRAMEWORK_PATH" => <string: 0x105aae610> { string cache = 0x0, length = 101, contents = "/Users/tarunyadgirkar/TarunsCode/prefill/spikes/textinsert/build/Build/Products/Debug-iphonesimulator" }
		"__XPC_DYLD_LIBRARY_PATH" => <string: 0x105aad830> { string cache = 0x0, length = 101, contents = "/Users/tarunyadgirkar/TarunsCode/prefill/spikes/textinsert/build/Build/Products/Debug-iphonesimulator" }
		"__XCODE_BUILT_PRODUCTS_DIR_PATHS" => <string: 0x105aae700> { string cache = 0x0, length = 101, contents = "/Users/tarunyadgirkar/TarunsCode/prefill/spikes/textinsert/build/Build/Products/Debug-iphonesimulator" }
		"DYLD_LIBRARY_PATH" => <string: 0x105aadbf0> { string cache = 0x0, length = 101, contents = "/Users/tarunyadgirkar/TarunsCode/prefill/spikes/textinsert/build/Build/Products/Debug-iphonesimulator" }
    NSExtensionPointName = "com.apple.authentication-services-credential-provider-ui";
    NSExtensionPointName = "com.apple.authentication-services-credential-provider-ui";
2026-09-30 23:28:58.920 Df storekitd[86997:c54a12] [com.apple.storekit:Default] [storekitd.LaunchServicesObserver] Handling installed event for ["com.tarunyadgirkar.prefill.spike.textinsert.uitests.xctrunner"]
2026-09-30 23:28:58.953 Df linkd[87064:c549cc] [com.apple.appintents:Indexing] Looking for bundle: com.tarunyadgirkar.prefill.spike.textinsert.uitests.xctrunner
2026-09-30 23:28:59.531 E  pkd[86982:c42b34] [com.apple.PlugInKit:ls] could not find extension record for com.tarunyadgirkar.prefill.spike.datalist.extension
2026-09-30 23:28:59.531 E  pkd[86982:c42b34] [com.apple.PlugInKit:ls] could not find extension record for com.tarunyadgirkar.prefill.spike.capture.extension
2026-09-30 23:28:59.554 Df coreauthd[93298:c3da25] [com.apple.LocalAuthentication:Default] Skipping processing of request rid: 12 by <LACStashedCredentialsProcessor: 0x1046680f0>
2026-09-30 23:28:59.557 Df coreauthd[93298:c3da25] [com.apple.LocalAuthentication:Default] Skipping processing of request rid: 13 by <LACStashedCredentialsProcessor: 0x104668070>
2026-09-30 23:28:59.558 Df coreauthd[93298:c3da25] [com.apple.LocalAuthentication:Default] Skipping processing of request rid: 14 by <LACStashedCredentialsProcessor: 0x1046680d0>
2026-09-30 23:28:59.600 Df MobileSafari[11061:c54fd7] [com.apple.mobilesafari:SuddenTerminationDisabler] Beginning new task assertion with reason: com.apple.SafariShared.WBSFormAutoFillCorrectionsSQLiteStore
2026-09-30 23:28:59.600 Df MobileSafari[11061:c54fd7] [com.apple.mobilesafari:SuddenTerminationDisabler] Did begin task assertion with reason com.apple.SafariShared.WBSFormAutoFillCorrectionsSQLiteStore
2026-09-30 23:28:59.600 Df MobileSafari[11061:c54fd7] [com.apple.mobilesafari:SuddenTerminationDisabler] Ending task assertion with reason com.apple.SafariShared.WBSFormAutoFillCorrectionsSQLiteStore
2026-09-30 23:28:59.662 Df InputUI[87035:c54b4f] [com.apple.runningboard:monitor] Received state update for 10840 (app<com.tarunyadgirkar.prefill.spike.textinsert.uitests.xctrunner((null))>, running-active-NotVisible
2026-09-30 23:29:00.231 Df MobileSafari[11061:c54e5f] [com.apple.xpc:connection] [0x13b9812c0] activating connection: mach=true listener=false peer=false name=com.apple.AuthenticationServices.AutoFill
2026-09-30 23:29:00.238 Df MobileSafari[11061:c54fd8] [com.apple.mobilesafari:Keychain] Ongoing credential sharing is disabled because iCloud Keychain is disabled
2026-09-30 23:29:00.238 Df MobileSafari[11061:c54fd8] [com.apple.mobilesafari:Passwords] Not fetching shared account groups because ongoing credential sharing is disabled
2026-09-30 23:29:00.276 Df MobileSafari[11061:c54fe3] [com.apple.mobilesafari:Keychain] No credential items found in access group com.apple.cfnetwork
2026-09-30 23:29:00.309 Df MobileSafari[11061:c54fda] [com.apple.mobilesafari:Keychain] Ongoing credential sharing is disabled because iCloud Keychain is disabled
2026-09-30 23:29:00.309 Df MobileSafari[11061:c54fda] [com.apple.mobilesafari:Passwords] Not fetching shared account groups because ongoing credential sharing is disabled
2026-09-30 23:29:00.316 Df MobileSafari[11061:c54fe3] [com.apple.mobilesafari:Keychain] No credential items found in access group com.apple.cfnetwork-recently-deleted
2026-09-30 23:29:00.330 Df MobileSafari[11061:c54fde] [com.apple.mobilesafari:Keychain] Ongoing credential sharing is disabled because iCloud Keychain is disabled
2026-09-30 23:29:00.335 Df MobileSafari[11061:c54fde] [com.apple.mobilesafari:Passwords] Not fetching shared account groups because ongoing credential sharing is disabled
2026-09-30 23:29:00.352 Df MobileSafari[11061:c550a8] [com.apple.mobilesafari:Keychain] No credential items found in access group com.apple.cfnetwork
2026-09-30 23:29:00.385 Df MobileSafari[11061:c54fe3] [com.apple.mobilesafari:Keychain] Ongoing credential sharing is disabled because iCloud Keychain is disabled
2026-09-30 23:29:00.385 Df MobileSafari[11061:c54fe3] [com.apple.mobilesafari:Passwords] Not fetching shared account groups because ongoing credential sharing is disabled
2026-09-30 23:29:00.411 Df MobileSafari[11061:c54e5f] [com.apple.xpc:connection] [0x13b983c00] activating connection: mach=true listener=false peer=false name=com.apple.AuthenticationServices.AutoFill
2026-09-30 23:29:00.413 Df MobileSafari[11061:c54fe3] [com.apple.PlugInKit:discovery] [d B9BA595E-6A33-49EB-A9BD-D4C83C550300] <PKHost:0x104b523c0> Beginning discovery for flags: 0, point: com.apple.authentication-services-credential-provider-ui
    NSExtensionPointName = "com.apple.authentication-services-credential-provider-ui";
    <EXConcreteExtension: 0x105989ce0> {id = com.tarunyadgirkar.prefill.spike.textinsert.provider}
2026-09-30 23:29:00.850 Df MobileSafari[11061:c54fe0] [com.apple.mobilesafari:Keychain] Ongoing credential sharing is disabled because iCloud Keychain is disabled
2026-09-30 23:29:00.850 Df MobileSafari[11061:c54fe0] [com.apple.mobilesafari:Passwords] Not fetching shared account groups because ongoing credential sharing is disabled
2026-09-30 23:29:00.854 Df MobileSafari[11061:c54fdd] [com.apple.mobilesafari:Keychain] No credential items found in access group com.apple.cfnetwork
2026-09-30 23:29:00.856 Df MobileSafari[11061:c54fda] [com.apple.mobilesafari:Keychain] Ongoing credential sharing is disabled because iCloud Keychain is disabled
2026-09-30 23:29:00.856 Df MobileSafari[11061:c54fda] [com.apple.mobilesafari:Passwords] Not fetching shared account groups because ongoing credential sharing is disabled
2026-09-30 23:29:00.857 Df MobileSafari[11061:c54fdd] [com.apple.mobilesafari:Keychain] No credential items found in access group com.apple.cfnetwork-recently-deleted
2026-09-30 23:29:00.861 Df MobileSafari[11061:c54fe0] [com.apple.mobilesafari:Keychain] Ongoing credential sharing is disabled because iCloud Keychain is disabled
2026-09-30 23:29:00.861 Df MobileSafari[11061:c54fe0] [com.apple.mobilesafari:Passwords] Not fetching shared account groups because ongoing credential sharing is disabled
2026-09-30 23:29:00.919 Df linkd[87064:c549cc] [com.apple.appintents:IndexCoordinator] Finished task: Audit: Bundles: com.tarunyadgirkar.prefill.spike.textinsert.uitests.xctrunner
2026-09-30 23:29:02.318 Df AuthenticationServicesAgent[88774:c54a59] [com.apple.xpc:connection] [0x101530500] activating connection: mach=false listener=false peer=true name=com.apple.AuthenticationServices.AutoFill.peer[11061].0x101530500
2026-09-30 23:29:02.320 Df MobileSafari[11061:c54fd9] [com.apple.mobilesafari:AutoFill] Found 0 tree matches for <private> and associated domains: <private>
2026-09-30 23:29:02.320 Df MobileSafari[11061:c54fd9] [com.apple.mobilesafari:AutoFill] Executed query for host '<mask.hash: 'b079UTDfxVV65kvX2y6iXg=='>' with partial username '<mask.hash: 'yLgYO1jQAAmpQCmLagZ5Ow=='>', prefix
2026-09-30 23:29:02.320 Df MobileSafari[11061:c54fd9] [com.apple.mobilesafari:AutoFill] Query returned 0 matches
2026-09-30 23:29:02.706 Df storekitd[86997:c54a12] [com.apple.storekit:Default] [c00b95b6] Clearing app transactions for ["com.tarunyadgirkar.prefill.spike.textinsert.uitests.xctrunner"]
2026-09-30 23:29:02.735 Df MobileSafari[11061:c54fe0] [com.apple.xpc.activity:Client] xpc_activity_register: com.apple.safarishared.WBSParsecDSession.autoFillDataUpdate, criteria: dictionary
2026-09-30 23:29:02.736 Df MobileSafari[11061:c54fe0] [com.apple.xpc.activity:Client] _xpc_activity_register: com.apple.safarishared.WBSParsecDSession.autoFillDataUpdate (0x13be3fd40), 0
2026-09-30 23:29:02.736 Df MobileSafari[11061:c54fe0] [com.apple.xpc.activity:Client] xpc_activity_set_criteria: com.apple.safarishared.WBSParsecDSession.autoFillDataUpdate (0x13be3fd40), dict
2026-09-30 23:29:02.736 Df MobileSafari[11061:c54fe0] [com.apple.xpc.activity:Client] xpc_activity_set_criteria, lower half: com.apple.safarishared.WBSParsecDSession.autoFillDataUpdate (0x13be3fd40), dict
2026-09-30 23:29:02.736 Df MobileSafari[11061:c54fe0] [com.apple.xpc.activity:Client] _xpc_activity_set_criteria: com.apple.safarishared.WBSParsecDSession.autoFillDataUpdate (0x13be3fd40), dict
2026-09-30 23:29:02.736 Df MobileSafari[11061:c54fe0] [com.apple.xpc.activity:Client] _xpc_activity_set_criteria: xpc_set_event com.apple.safarishared.WBSParsecDSession.autoFillDataUpdate, 1
2026-09-30 23:29:02.737 Df UserEventAgent[86753:c552b6] [com.apple.xpc.activity:Internal] Creating on XPC add event: com.apple.safarishared.WBSParsecDSession.autoFillDataUpdate
2026-09-30 23:29:02.739 Df UserEventAgent[86753:c552b6] [com.apple.xpc.activity:Internal] Created: com.apple.safarishared.WBSParsecDSession.autoFillDataUpdate (0x103e79400)
2026-09-30 23:29:02.739 Df UserEventAgent[86753:c552b6] [com.apple.xpc.activity:Activities] Registered: com.apple.safarishared.WBSParsecDSession.autoFillDataUpdate (0x103e79400)
2026-09-30 23:29:02.747 Df MobileSafari[11061:c54fe0] [com.apple.xpc.activity:Client] xpc_activity_set_criteria: com.apple.safarishared.WBSParsecDSession.autoFillDataUpdate (0x13be3fd40), setting state now to 1
2026-09-30 23:29:02.747 Df MobileSafari[11061:c54fe0] [com.apple.xpc.activity:Client] _xpc_activity_set_state: com.apple.safarishared.WBSParsecDSession.autoFillDataUpdate (0x13be3fd40), 1
2026-09-30 23:29:04.091 Df MobileSafari[11061:c54fdc] [com.apple.mobilesafari:Keychain] No credential items found in access group com.apple.cfnetwork-recently-deleted
2026-09-30 23:29:04.094 Df MobileSafari[11061:c54fe0] [com.apple.mobilesafari:Keychain] Ongoing credential sharing is disabled because iCloud Keychain is disabled
2026-09-30 23:29:04.094 Df MobileSafari[11061:c54fe0] [com.apple.mobilesafari:Passwords] Not fetching shared account groups because ongoing credential sharing is disabled
2026-09-30 23:29:04.638 Df UserEventAgent[86753:c4e2cc] [com.apple.xpc.activity:Activities] Initiating: com.apple.safarishared.WBSParsecDSession.autoFillDataUpdate (0x103e79400)
2026-09-30 23:29:04.639 Df MobileSafari[11061:c54fe0] [com.apple.xpc.activity:Client] _xpc_activity_dispatch: beginning dispatch, activity name com.apple.safarishared.WBSParsecDSession.autoFillDataUpdate, seqno 1
2026-09-30 23:29:04.639 Df MobileSafari[11061:c54fe0] [com.apple.xpc.activity:Client] _xpc_activity_dispatch: com.apple.safarishared.WBSParsecDSession.autoFillDataUpdate (0x13be3fd40): found an activity with matching seqno 1
2026-09-30 23:29:04.639 Df MobileSafari[11061:c54fe0] [com.apple.xpc.activity:Client] _xpc_activity_begin_running: com.apple.safarishared.WBSParsecDSession.autoFillDataUpdate (0x13be3fd40) seqno: 1.
2026-09-30 23:29:04.639 Df MobileSafari[11061:c54fe0] [com.apple.xpc.activity:Client] _xpc_activity_dispatch: lower half, activity name com.apple.safarishared.WBSParsecDSession.autoFillDataUpdate (0x13be3fd40), seqno from top half was 1
2026-09-30 23:29:04.639 Df MobileSafari[11061:c54fe0] [com.apple.xpc.activity:Client] _xpc_activity_dispatch: created connection 0x13b987ac0 for activity name com.apple.safarishared.WBSParsecDSession.autoFillDataUpdate (0x13be3fd40), seqno 1
2026-09-30 23:29:04.639 Df MobileSafari[11061:c54fe0] [com.apple.xpc.activity:Client] _xpc_activity_set_state: com.apple.safarishared.WBSParsecDSession.autoFillDataUpdate (0x13be3fd40), 2
2026-09-30 23:29:04.639 Df MobileSafari[11061:c54fe0] [com.apple.xpc.activity:Client] _xpc_activity_set_state: send new state to CTS: com.apple.safarishared.WBSParsecDSession.autoFillDataUpdate (0x13be3fd40), 2
2026-09-30 23:29:04.639 Df UserEventAgent[86753:c4e2cc] [com.apple.xpc.activity:Activities] Running (PID 11061): com.apple.safarishared.WBSParsecDSession.autoFillDataUpdate (0x103e79400)
2026-09-30 23:29:04.639 Df MobileSafari[11061:c54fd7] [com.apple.xpc.activity:Client] _xpc_activity_set_state_from_cts: com.apple.safarishared.WBSParsecDSession.autoFillDataUpdate (0x13be3fd40), set activity state to 2
2026-09-30 23:29:04.639 Df MobileSafari[11061:c54fd7] [com.apple.xpc.activity:Client] __XPC_ACTIVITY_CALLING_HANDLER__: com.apple.safarishared.WBSParsecDSession.autoFillDataUpdate (0x13be3fd40), current state 2, pending state 0
2026-09-30 23:29:04.639 Df MobileSafari[11061:c54fd7] [com.apple.xpc.activity:Client] _xpc_activity_set_state: com.apple.safarishared.WBSParsecDSession.autoFillDataUpdate (0x13be3fd40), 4
2026-09-30 23:29:04.640 Df MobileSafari[11061:c54fd7] [com.apple.xpc.activity:Client] __XPC_ACTIVITY_CALLING_HANDLER__ returned from handler: com.apple.safarishared.WBSParsecDSession.autoFillDataUpdate (0x13be3fd40), current state 2, pending state 4
2026-09-30 23:29:04.640 Df MobileSafari[11061:c54fe0] [com.apple.mobilesafari:SuddenTerminationDisabler] Beginning new task assertion with reason: com.apple.SafariShared.WBSFormAutoFillCorrectionsSQLiteStore
2026-09-30 23:29:04.640 Df MobileSafari[11061:c54fd7] [com.apple.xpc.activity:Client] _xpc_activity_set_state: send new state to CTS: com.apple.safarishared.WBSParsecDSession.autoFillDataUpdate (0x13be3fd40), 4
2026-09-30 23:29:04.640 Df MobileSafari[11061:c54fe0] [com.apple.mobilesafari:SuddenTerminationDisabler] Did begin task assertion with reason com.apple.SafariShared.WBSFormAutoFillCorrectionsSQLiteStore
2026-09-30 23:29:04.641 Df MobileSafari[11061:c54fe0] [com.apple.FileURL:default] kExcludedFromBackupXattrName set on path: /Users/tarunyadgirkar/Library/Developer/CoreSimulator/Devices/67D26F69-0444-498D-ADEE-F687E565B7CB/data/Containers/Data/Application/940B02CD-FEDE-4572-85D6-606628FAFAC9/Library
2026-09-30 23:29:04.642 Df MobileSafari[11061:c54fe0] [com.apple.mobilesafari:SuddenTerminationDisabler] Ending task assertion with reason com.apple.SafariShared.WBSFormAutoFillCorrectionsSQLiteStore
2026-09-30 23:29:04.643 Df MobileSafari[11061:c54fd7] [com.apple.xpc.activity:Client] _xpc_activity_set_state: com.apple.safarishared.WBSParsecDSession.autoFillDataUpdate (0x13be3fd40), 5
2026-09-30 23:29:04.643 Df MobileSafari[11061:c54fd7] [com.apple.xpc.activity:Client] _xpc_activity_set_state: send new state to CTS: com.apple.safarishared.WBSParsecDSession.autoFillDataUpdate (0x13be3fd40), 5
2026-09-30 23:29:04.643 Df UserEventAgent[86753:c4e2cc] [com.apple.xpc.activity:Activities] Completed: com.apple.safarishared.WBSParsecDSession.autoFillDataUpdate (0x103e79400)
2026-09-30 23:29:04.644 Df UserEventAgent[86753:c4e2cc] [com.apple.xpc.activity:Activities] Rescheduling: com.apple.safarishared.WBSParsecDSession.autoFillDataUpdate (0x103e79400)
2026-09-30 23:29:04.645 Df MobileSafari[11061:c54fe0] [com.apple.xpc.activity:Client] _xpc_activity_set_state_from_cts: com.apple.safarishared.WBSParsecDSession.autoFillDataUpdate (0x13be3fd40), set activity state to 1
2026-09-30 23:29:04.645 Df MobileSafari[11061:c54fe0] [com.apple.xpc.activity:Client] _xpc_activity_end_running: com.apple.safarishared.WBSParsecDSession.autoFillDataUpdate (0x13be3fd40) seqno: 1.
2026-09-30 23:29:04.759 Df siriactionsd[86842:c549d7] [com.apple.shortcuts:ToolKitScheduler] retriable indexing: decoded result from BGSR: changeset=.partial(updatedCount: 2 removedCount: 2 updated: ["com.tarunyadgirkar.prefill.spike.textinsert.uitests.xctrunner", "com.tarunyadgirkar.prefill.spike.t
2026-09-30 23:29:04.761 Df intelligenceflowd[87630:c55484] [com.apple.shortcuts:ToolKitDatabase] Fetching multiple records using request: <ToolKitDatabaseRequest id=25628BF7-80F0-469C-AA1D-300F8683227D scope: all locale: en query: <ContainerDefinitionQuery identifier: is(com.tarunyadgirkar.prefill.s
2026-09-30 23:29:04.761 Df intelligenceflowd[87630:c55484] [com.apple.shortcuts:ToolKitDatabase] Fetched multiple records: 0 for request: <ToolKitDatabaseRequest id=25628BF7-80F0-469C-AA1D-300F8683227D scope: all locale: en query: <ContainerDefinitionQuery identifier: is(com.tarunyadgirkar.prefill.s
2026-09-30 23:29:04.762 Df intelligenceflowd[87630:c55484] [com.apple.shortcuts:ToolKitDatabase] Fetching multiple records using request: <ToolKitDatabaseRequest id=5CF33729-2278-4AFA-B9F6-B7655CA8F3CF scope: all locale: en query: <ContainerDefinitionQuery identifier: is(com.tarunyadgirkar.prefill.s
2026-09-30 23:29:04.762 Df intelligenceflowd[87630:c55484] [com.apple.shortcuts:ToolKitDatabase] Fetched multiple records: 0 for request: <ToolKitDatabaseRequest id=5CF33729-2278-4AFA-B9F6-B7655CA8F3CF scope: all locale: en query: <ContainerDefinitionQuery identifier: is(com.tarunyadgirkar.prefill.s
2026-09-30 23:29:05.393 Df SpringBoard[86754:c334f8] [preflight:SceneHostedPreflight] [Preflighter: TCCs] com.tarunyadgirkar.prefill.spike.textinsert.uitests.xctrunner requires preflight: false
2026-09-30 23:29:05.393 Df SpringBoard[86754:c334f8] [preflight:SceneHostedPreflight] [Preflighter: ScreenTime] com.tarunyadgirkar.prefill.spike.textinsert.uitests.xctrunner requires preflight: false
2026-09-30 23:29:05.393 Df SpringBoard[86754:c334f8] [preflight:PreflightSceneExtension] sceneID:com.tarunyadgirkar.prefill.spike.textinsert.uitests.xctrunner-default: returning requiresPreflight FALSE as there's no activePreflightSource
2026-09-30 23:29:05.500 Df MobileSafari[11061:c55148] [com.apple.mobilesafari:AutoFill] WebContent[11149] Will not inject JavaScript in injected bundle
2026-09-30 23:29:05.579 Df MobileSafari[11061:c54e5f] [com.apple.mobilesafari:AutoFill] Creating EMOneTimeCodeAccelerator for SFAppAutoFillOneTimeCodeProvider 0x13af0c600
2026-09-30 23:29:05.716 Df MobileSafari[11061:c54fdc] [com.apple.mobilesafari:AutoFill] SFAppAutoFillOneTimeCodeProvider 0x13af0c600 added observer <SFFormAutocompleteState: 0x13ad1ab00>; 1 observer remain
2026-09-30 23:29:05.727 Df MobileSafari[11061:c54e5f] [com.apple.xpc:connection] [0x13ddb8280] activating connection: mach=true listener=false peer=false name=com.apple.AuthenticationServices.AutoFill
2026-09-30 23:29:06.090 Df MobileSafari[11061:c54e5f] [com.apple.mobilesafari:AutoFill] Found 0 tree matches for <private> and associated domains: <private>
2026-09-30 23:29:06.090 Df MobileSafari[11061:c54e5f] [com.apple.mobilesafari:AutoFill] Executed query for host '<mask.hash: 'b079UTDfxVV65kvX2y6iXg=='>' with partial username '<mask.hash: 'yLgYO1jQAAmpQCmLagZ5Ow=='>', prefix
2026-09-30 23:29:06.090 Df MobileSafari[11061:c54e5f] [com.apple.mobilesafari:AutoFill] Query returned 0 matches
2026-09-30 23:29:06.093 Df MobileSafari[11061:c54e5f] [com.apple.mobilesafari:AutoFill] Found 0 tree matches for <private> and associated domains: <private>
2026-09-30 23:29:06.093 Df MobileSafari[11061:c54e5f] [com.apple.mobilesafari:AutoFill] Executed query for host '<mask.hash: 'b079UTDfxVV65kvX2y6iXg=='>' with partial username '<mask.hash: 'yLgYO1jQAAmpQCmLagZ5Ow=='>', prefix
2026-09-30 23:29:06.093 Df MobileSafari[11061:c54e5f] [com.apple.mobilesafari:AutoFill] Query returned 0 matches
2026-09-30 23:29:06.094 Df MobileSafari[11061:c54e5f] [com.apple.mobilesafari:AutoFill] Found 0 tree matches for <private> and associated domains: <private>
2026-09-30 23:29:06.094 Df MobileSafari[11061:c54e5f] [com.apple.mobilesafari:AutoFill] Executed query for host '<mask.hash: 'b079UTDfxVV65kvX2y6iXg=='>' with partial username '<mask.hash: 'yLgYO1jQAAmpQCmLagZ5Ow=='>', prefix
2026-09-30 23:29:06.094 Df MobileSafari[11061:c54e5f] [com.apple.mobilesafari:AutoFill] Query returned 0 matches
2026-09-30 23:29:06.095 Df MobileSafari[11061:c54e5f] [com.apple.mobilesafari:AutoFill] Found 0 tree matches for <private> and associated domains: <private>
2026-09-30 23:29:06.095 Df MobileSafari[11061:c54e5f] [com.apple.mobilesafari:AutoFill] Executed query for host '<mask.hash: 'b079UTDfxVV65kvX2y6iXg=='>' with partial username '<mask.hash: 'yLgYO1jQAAmpQCmLagZ5Ow=='>', prefix
2026-09-30 23:29:06.095 Df MobileSafari[11061:c54e5f] [com.apple.mobilesafari:AutoFill] Query returned 0 matches
2026-09-30 23:29:06.103 Df MobileSafari[11061:c54e5f] [com.apple.mobilesafari:AutoFill] Found 0 tree matches for <private> and associated domains: <private>
2026-09-30 23:29:06.103 Df MobileSafari[11061:c54e5f] [com.apple.mobilesafari:AutoFill] Executed query for host '<mask.hash: 'b079UTDfxVV65kvX2y6iXg=='>' with partial username '<mask.hash: (null)>', prefix
2026-09-30 23:29:06.103 Df MobileSafari[11061:c54e5f] [com.apple.mobilesafari:AutoFill] Query returned 0 matches
2026-09-30 23:29:06.218 Df MobileSafari[11061:c54e5f] [com.apple.mobilesafari:AutoFill] Found 0 tree matches for <private> and associated domains: <private>
2026-09-30 23:29:06.218 Df MobileSafari[11061:c54e5f] [com.apple.mobilesafari:AutoFill] Executed query for host '<mask.hash: 'b079UTDfxVV65kvX2y6iXg=='>' with partial username '<mask.hash: (null)>', prefix
2026-09-30 23:29:06.218 Df MobileSafari[11061:c54e5f] [com.apple.mobilesafari:AutoFill] Query returned 0 matches
2026-09-30 23:29:07.780 Df SpringBoard[86754:c334f8] [preflight:SceneHostedPreflight] [Preflighter: TCCs] com.tarunyadgirkar.prefill.spike.textinsert.uitests.xctrunner requires preflight: false
2026-09-30 23:29:07.780 Df SpringBoard[86754:c334f8] [preflight:SceneHostedPreflight] [Preflighter: ScreenTime] com.tarunyadgirkar.prefill.spike.textinsert.uitests.xctrunner requires preflight: false
2026-09-30 23:29:07.780 Df SpringBoard[86754:c334f8] [preflight:PreflightSceneExtension] sceneID:com.tarunyadgirkar.prefill.spike.textinsert.uitests.xctrunner-default: returning requiresPreflight FALSE as there's no activePreflightSource
    ↪︎ Elements matching predicate '"AutoFill" IN identifiers'
    ↪︎ Elements matching predicate '"AutoFill" IN identifiers'
    ↪︎ Elements matching predicate '"AutoFill" IN identifiers'
    ↪︎ Elements matching predicate '"AutoFill" IN identifiers'
    MenuItem, label: 'AutoFill'
    MenuItem, label: 'AutoFill'
    MenuItem, label: 'AutoFill'
    ↪︎ Elements matching predicate '"AutoFill" IN identifiers' found matching snapshots: {(
    MenuItem, label: 'AutoFill'
    ↪︎ Elements matching predicate '"AutoFill" IN identifiers' with results: <XCTElementQueryResults: 0x13fe76f10> (error: (null))
2026-09-30 23:29:11.087 Df runningboardd[86757:c54238] [com.apple.runningboard:ttl] Acquiring assertion targeting [app<com.tarunyadgirkar.prefill.spike.textinsert.uitests.xctrunner((null))>:10840] from originator [app<com.tarunyadgirkar.prefill.spike.textinsert.uitests.xctrunner((null))>:10840] with
2026-09-30 23:29:11.087 Df runningboardd[86757:c54238] [com.apple.runningboard:ttl] Assertion 86757-10840-6053 (target:[app<com.tarunyadgirkar.prefill.spike.textinsert.uitests.xctrunner((null))>:10840]) will be created as inactive as start-time-defining assertions exist
    "XC_kAXXCAttributeLabel" = AutoFill;
2026-09-30 23:29:11.904 Df testmanagerd[88342:c54960] [com.apple.runningboard:monitor] Received state update for 10840 (app<com.tarunyadgirkar.prefill.spike.textinsert.uitests.xctrunner((null))>, running-active-NotVisible
    ↪︎ Elements matching predicate '"AutoFill" IN identifiers'
    ↪︎ Elements matching predicate '"AutoFill" IN identifiers'
    ↪︎ Elements matching predicate '"AutoFill" IN identifiers'
    ↪︎ Elements matching predicate '"AutoFill" IN identifiers'
    MenuItem, label: 'AutoFill'
    MenuItem, label: 'AutoFill'
    MenuItem, label: 'AutoFill'
    ↪︎ Elements matching predicate '"AutoFill" IN identifiers' found matching snapshots: {(
    MenuItem, label: 'AutoFill'
    ↪︎ Elements matching predicate '"AutoFill" IN identifiers' with results: <XCTElementQueryResults: 0x13fe6c1b0> (error: (null))
2026-09-30 23:29:11.975 Df SpringBoard[86754:c334f8] [preflight:SceneHostedPreflight] [Preflighter: TCCs] com.tarunyadgirkar.prefill.spike.textinsert.uitests.xctrunner requires preflight: false
2026-09-30 23:29:11.975 Df SpringBoard[86754:c334f8] [preflight:SceneHostedPreflight] [Preflighter: ScreenTime] com.tarunyadgirkar.prefill.spike.textinsert.uitests.xctrunner requires preflight: false
2026-09-30 23:29:11.975 Df SpringBoard[86754:c334f8] [preflight:PreflightSceneExtension] sceneID:com.tarunyadgirkar.prefill.spike.textinsert.uitests.xctrunner-default: returning requiresPreflight FALSE as there's no activePreflightSource
2026-09-30 23:29:12.089 Df runningboardd[86757:c54238] [com.apple.runningboard:ttl] Invalidating assertion 86757-10840-6053 (target:[app<com.tarunyadgirkar.prefill.spike.textinsert.uitests.xctrunner((null))>:10840]) from originator [app<com.tarunyadgirkar.prefill.spike.textinsert.uitests.xctrunner((
        "<Credential (0x13b893bf0) | Requestor>" = "<Authorization Record (0x10598ed80) | Service: kTCCServiceAddressBook, AuthRight: Allowed, Reason: Entitled, Version: 2, >";
2026-09-30 23:29:14.059 Df runningboardd[86757:c54238] [com.apple.runningboard:ttl] Acquiring assertion targeting [app<com.tarunyadgirkar.prefill.spike.textinsert.uitests.xctrunner((null))>:10840] from originator [app<com.tarunyadgirkar.prefill.spike.textinsert.uitests.xctrunner((null))>:10840] with
2026-09-30 23:29:14.059 Df runningboardd[86757:c54238] [com.apple.runningboard:ttl] Assertion 86757-10840-6073 (target:[app<com.tarunyadgirkar.prefill.spike.textinsert.uitests.xctrunner((null))>:10840]) will be created as inactive as start-time-defining assertions exist
    bundleID = "com.tarunyadgirkar.prefill.spike.textinsert.uitests.xctrunner";
    bundleID = "com.tarunyadgirkar.prefill.spike.textinsert.uitests.xctrunner";
2026-09-30 23:29:14.658 Df InputUI[87035:c40f11] [com.apple.FrontBoard:ProcessWorkspace] [app<com.tarunyadgirkar.prefill.spike.textinsert.uitests.xctrunner>:10840] Workspace connection invalidated.
2026-09-30 23:29:14.658 Df InputUI[87035:c40f11] [com.apple.FrontBoard:Process] [app<com.tarunyadgirkar.prefill.spike.textinsert.uitests.xctrunner>:10840] Now flagged as pending exit for reason: workspace client connection invalidated
2026-09-30 23:29:14.658 Df SpringBoard[86754:c549fc] [com.apple.FrontBoard:ProcessWorkspace] [app<com.tarunyadgirkar.prefill.spike.textinsert.uitests.xctrunner>:10840] Workspace connection invalidated.
2026-09-30 23:29:14.658 Df SpringBoard[86754:c549fc] [com.apple.FrontBoard:Process] [app<com.tarunyadgirkar.prefill.spike.textinsert.uitests.xctrunner>:10840] Now flagged as pending exit for reason: workspace client connection invalidated
2026-09-30 23:29:14.658 Df runningboardd[86757:c54238] [com.apple.runningboard:process] XPC connection invalidated: [app<com.tarunyadgirkar.prefill.spike.textinsert.uitests.xctrunner((null))>:10840]
2026-09-30 23:29:14.669 Df runningboardd[86757:c54d81] [com.apple.runningboard:ttl] Invalidating assertion 86757-88342-5908 (target:[app<com.tarunyadgirkar.prefill.spike.textinsert.uitests.xctrunner((null))>:10840]) from originator [osservice<com.apple.testmanagerd>:88342]
2026-09-30 23:29:14.680 Df launchd_sim[86751:c55363] [user/502/UIKitApplication:com.tarunyadgirkar.prefill.spike.textinsert.uitests.xctrunner[5fb1][rb-legacy] [10840]:] exited due to exit(0), ran for 21484ms
2026-09-30 23:29:14.680 Df launchd_sim[86751:c55363] [user/502/UIKitApplication:com.tarunyadgirkar.prefill.spike.textinsert.uitests.xctrunner[5fb1][rb-legacy] [10840]:] service state: exited
2026-09-30 23:29:14.680 Df launchd_sim[86751:c55363] [user/502/UIKitApplication:com.tarunyadgirkar.prefill.spike.textinsert.uitests.xctrunner[5fb1][rb-legacy] [10840]:] internal event: EXITED, code = 0
2026-09-30 23:29:14.680 Df launchd_sim[86751:c55363] [user/502/UIKitApplication:com.tarunyadgirkar.prefill.spike.textinsert.uitests.xctrunner[5fb1][rb-legacy] [10840]:] job state = exited
2026-09-30 23:29:14.680 Df launchd_sim[86751:c55363] [user/502:] service inactive: UIKitApplication:com.tarunyadgirkar.prefill.spike.textinsert.uitests.xctrunner[5fb1][rb-legacy]
2026-09-30 23:29:14.680 Df launchd_sim[86751:c55363] [user/502/UIKitApplication:com.tarunyadgirkar.prefill.spike.textinsert.uitests.xctrunner[5fb1][rb-legacy] [10840]:] service state: not running
2026-09-30 23:29:14.680 Df runningboardd[86757:c54238] [com.apple.runningboard:ttl] [app<com.tarunyadgirkar.prefill.spike.textinsert.uitests.xctrunner((null))>:10840] termination reported by launchd (0, 0, 0)
2026-09-30 23:29:14.680 Df runningboardd[86757:c54238] [com.apple.runningboard:process] Removing process: [app<com.tarunyadgirkar.prefill.spike.textinsert.uitests.xctrunner((null))>:10840]
2026-09-30 23:29:14.681 Df runningboardd[86757:c54238] [com.apple.runningboard:job] Removing launch job for: [app<com.tarunyadgirkar.prefill.spike.textinsert.uitests.xctrunner((null))>:10840]
2026-09-30 23:29:14.681 Df launchd_sim[86751:c55363] [user/502/UIKitApplication:com.tarunyadgirkar.prefill.spike.textinsert.uitests.xctrunner[5fb1][rb-legacy]:] removing job: caller = runningboardd
2026-09-30 23:29:14.681 Df launchd_sim[86751:c55363] [user/502:] removing service: UIKitApplication:com.tarunyadgirkar.prefill.spike.textinsert.uitests.xctrunner[5fb1][rb-legacy]
2026-09-30 23:29:14.681 Df launchd_sim[86751:c55363] [user/502/UIKitApplication:com.tarunyadgirkar.prefill.spike.textinsert.uitests.xctrunner[5fb1][rb-legacy]:] internal event: PETRIFIED, code = 0
2026-09-30 23:29:14.681 Df launchd_sim[86751:c55363] [user/502/UIKitApplication:com.tarunyadgirkar.prefill.spike.textinsert.uitests.xctrunner[5fb1][rb-legacy]:] job state = removed
2026-09-30 23:29:14.681 Df runningboardd[86757:c54238] [com.apple.runningboard:job] Removed job for [app<com.tarunyadgirkar.prefill.spike.textinsert.uitests.xctrunner((null))>:10840]
2026-09-30 23:29:14.681 Df runningboardd[86757:c54238] [com.apple.runningboard:process] Removing assertions for terminated process: [app<com.tarunyadgirkar.prefill.spike.textinsert.uitests.xctrunner((null))>:10840]
2026-09-30 23:29:14.681 Df runningboardd[86757:c54238] [com.apple.runningboard:assertion] Removed last relative-start-date-defining assertion for process app<com.tarunyadgirkar.prefill.spike.textinsert.uitests.xctrunner((null))>
2026-09-30 23:29:14.682 Df runningboardd[86757:c5422b] [com.apple.runningboard:process] Notifying connection [osservice<com.apple.SpringBoard>:86754] that process [app<com.tarunyadgirkar.prefill.spike.textinsert.uitests.xctrunner((null))>:10840] exited with context <RBSProcessExitContext| voluntary>
2026-09-30 23:29:14.682 Df runningboardd[86757:c54a5b] [com.apple.runningboard:monitor] Calculated state for app<com.tarunyadgirkar.prefill.spike.textinsert.uitests.xctrunner((null))>: none (role: None) (endowments: (null))
2026-09-30 23:29:14.682 Df runningboardd[86757:c5422b] [com.apple.runningboard:process] Notifying connection [osservice<com.apple.InputUI>:87035] that process [app<com.tarunyadgirkar.prefill.spike.textinsert.uitests.xctrunner((null))>:10840] exited with context <RBSProcessExitContext| voluntary>
2026-09-30 23:29:14.682 Df runningboardd[86757:c5422b] [com.apple.runningboard:monitor] Calculated state for app<com.tarunyadgirkar.prefill.spike.textinsert.uitests.xctrunner((null))>: none (role: None) (endowments: (null))
2026-09-30 23:29:14.682 Df SpringBoard[86754:c4e25c] [com.apple.runningboard:process] Calling process death completion block for handle [app<com.tarunyadgirkar.prefill.spike.textinsert.uitests.xctrunner((null))>:10840]
2026-09-30 23:29:14.682 Df InputUI[87035:c54b50] [com.apple.runningboard:process] Calling process death completion block for handle [app<com.tarunyadgirkar.prefill.spike.textinsert.uitests.xctrunner((null))>:10840]
2026-09-30 23:29:14.682 Df InputUI[87035:c54b50] [com.apple.FrontBoard:Process] [app<com.tarunyadgirkar.prefill.spike.textinsert.uitests.xctrunner>:10840] Process exited: <RBSProcessExitContext| voluntary>.
2026-09-30 23:29:14.682 Df SpringBoard[86754:c4e25c] [com.apple.FrontBoard:Process] [app<com.tarunyadgirkar.prefill.spike.textinsert.uitests.xctrunner>:10840] Process exited: <RBSProcessExitContext| voluntary>.
2026-09-30 23:29:14.682 Df SpringBoard[86754:c4e25c] [com.apple.FrontBoard:Process] [app<com.tarunyadgirkar.prefill.spike.textinsert.uitests.xctrunner>:10840] Setting process task state to: Not Running
2026-09-30 23:29:14.682 Df InputUI[87035:c54b50] [com.apple.FrontBoard:Process] [app<com.tarunyadgirkar.prefill.spike.textinsert.uitests.xctrunner>:10840] Setting process task state to: Not Running
2026-09-30 23:29:14.682 Df InputUI[87035:c54b50] [com.apple.FrontBoard:Process] [app<com.tarunyadgirkar.prefill.spike.textinsert.uitests.xctrunner>:10840] Setting process visibility to: Unknown
2026-09-30 23:29:14.682 Df SpringBoard[86754:c4e25c] [com.apple.FrontBoard:Process] [app<com.tarunyadgirkar.prefill.spike.textinsert.uitests.xctrunner>:10840] Setting process visibility to: Unknown
2026-09-30 23:29:14.682 Df InputUI[87035:c40f11] [com.apple.runningboard:monitor] Received state update for 10840 (app<com.tarunyadgirkar.prefill.spike.textinsert.uitests.xctrunner((null))>, none-NotVisible
2026-09-30 23:29:14.682 Df InputUI[87035:c54b50] [com.apple.FrontBoard:ProcessWorkspace] [app<com.tarunyadgirkar.prefill.spike.textinsert.uitests.xctrunner>:10840] Invalidating workspace.
2026-09-30 23:29:14.682 Df SpringBoard[86754:c4e25c] [com.apple.FrontBoard:ProcessWorkspace] [app<com.tarunyadgirkar.prefill.spike.textinsert.uitests.xctrunner>:10840] Invalidating workspace.
2026-09-30 23:29:14.682 Df SpringBoard[86754:c4e25c] [com.apple.FrontBoard:ProcessWorkspace] Removing source registration for processHandle: [app<com.tarunyadgirkar.prefill.spike.textinsert.uitests.xctrunner((null))>:10840]
2026-09-30 23:29:14.682 Df InputUI[87035:c54b50] [com.apple.FrontBoard:ProcessWorkspace] Removing source registration for processHandle: [app<com.tarunyadgirkar.prefill.spike.textinsert.uitests.xctrunner((null))>:10840]
2026-09-30 23:29:14.682 Df SpringBoard[86754:c4e25c] [com.apple.FrontBoard:ProcessScene] [0x11f74c000:(FBSceneManager):sceneID:com.tarunyadgirkar.prefill.spike.textinsert.uitests.xctrunner-default] Invalidated for connection: 0x11f49d230.
2026-09-30 23:29:14.682 Df InputUI[87035:c54b50] [com.apple.FrontBoard:ProcessScene] [0x106e48780:com.apple.InputUI.keyboard:KeyboardInputScene-com.apple.frontboard.systemappservices/FBSceneManager:sceneID%3Acom.tarunyadgirkar.prefill.spike.textinsert.uitests.xctrunner-default] Invalidated for conne
2026-09-30 23:29:14.682 Df SpringBoard[86754:c4e25c] [com.apple.FrontBoard:Process] Removing: <FBApplicationProcess: 0x11f762100; app<com.tarunyadgirkar.prefill.spike.textinsert.uitests.xctrunner>:10840(v269CCA)>
2026-09-30 23:29:14.682 Df InputUI[87035:c54b50] [com.apple.FrontBoard:Process] Removing: <FBApplicationProcess: 0x110010000; app<com.tarunyadgirkar.prefill.spike.textinsert.uitests.xctrunner>:10840(v269CCA)>
2026-09-30 23:29:14.682 Df SpringBoard[86754:c334f8] [com.apple.SpringBoard:Workspace] Process exited: <FBApplicationProcess: 0x11f762100; app<com.tarunyadgirkar.prefill.spike.textinsert.uitests.xctrunner>:10840(v269CCA)> -> <RBSProcessExitContext| voluntary>
2026-09-30 23:29:14.682 Df SpringBoard[86754:c549ef] [com.apple.runningboard:monitor] Received state update for 10840 (app<com.tarunyadgirkar.prefill.spike.textinsert.uitests.xctrunner((null))>, none-NotVisible
2026-09-30 23:29:14.683 Df SpringBoard[86754:c334f8] [com.apple.SpringBoard:Common] Application process state changed for com.tarunyadgirkar.prefill.spike.textinsert.uitests.xctrunner: (null)
2026-09-30 23:29:14.683 Df InputUI[87035:c40f11] [com.apple.runningboard:monitor] Received state update for 10840 (app<com.tarunyadgirkar.prefill.spike.textinsert.uitests.xctrunner((null))>, none-NotVisible
2026-09-30 23:29:14.683 Df SpringBoard[86754:c334f8] [com.apple.FrontBoard:Scene] Deactivating scene: (FBSceneManager):sceneID:com.tarunyadgirkar.prefill.spike.textinsert.uitests.xctrunner-default
2026-09-30 23:29:14.683 Df SpringBoard[86754:c334f8] [com.apple.FrontBoard:Scene] [(FBSceneManager):sceneID:com.tarunyadgirkar.prefill.spike.textinsert.uitests.xctrunner-default][1] Scene deactivated.
2026-09-30 23:29:14.683 Df SpringBoard[86754:c334f8] [com.apple.FrontBoard:Scene] Invalidating scene: (FBSceneManager):sceneID:com.tarunyadgirkar.prefill.spike.textinsert.uitests.xctrunner-default
2026-09-30 23:29:14.683 Df InputUI[87035:c33b5c] [com.apple.FrontBoard:Scene] Deactivating scene: com.apple.InputUI.keyboard:KeyboardInputScene-com.apple.frontboard.systemappservices/FBSceneManager:sceneID%3Acom.tarunyadgirkar.prefill.spike.textinsert.uitests.xctrunner-default
2026-09-30 23:29:14.683 Df SpringBoard[86754:c334f8] [com.apple.FrontBoard:Scene] [(FBSceneManager):sceneID:com.tarunyadgirkar.prefill.spike.textinsert.uitests.xctrunner-default][1] Scene invalidated.
2026-09-30 23:29:14.683 E  SpringBoard[86754:c334f8] [com.apple.FrontBoard:Scene] Ignoring update for invalidated scene: (FBSceneManager):sceneID:com.tarunyadgirkar.prefill.spike.textinsert.uitests.xctrunner-default
2026-09-30 23:29:14.683 Df InputUI[87035:c33b5c] [com.apple.FrontBoard:Scene] [com.apple.InputUI.keyboard:KeyboardInputScene-com.apple.frontboard.systemappservices/FBSceneManager:sceneID%3Acom.tarunyadgirkar.prefill.spike.textinsert.uitests.xctrunner-default][1] Scene deactivated.
2026-09-30 23:29:14.683 Df InputUI[87035:c33b5c] [com.apple.FrontBoard:Scene] Invalidating scene: com.apple.InputUI.keyboard:KeyboardInputScene-com.apple.frontboard.systemappservices/FBSceneManager:sceneID%3Acom.tarunyadgirkar.prefill.spike.textinsert.uitests.xctrunner-default
2026-09-30 23:29:14.683 Df InputUI[87035:c33b5c] [com.apple.FrontBoard:Scene] [com.apple.InputUI.keyboard:KeyboardInputScene-com.apple.frontboard.systemappservices/FBSceneManager:sceneID%3Acom.tarunyadgirkar.prefill.spike.textinsert.uitests.xctrunner-default][1] Scene invalidated.
2026-09-30 23:29:14.684 Df SpringBoard[86754:c334f8] [com.apple.SpringBoard:CompanionScenes] [sceneID:com.tarunyadgirkar.prefill.spike.textinsert.uitests.xctrunner-default] Host scene invalidated, unregistering all presentations.
2026-09-30 23:29:14.684 Df SpringBoard[86754:c334f8] [com.apple.SpringBoard:CompanionScenes] [sceneID:com.tarunyadgirkar.prefill.spike.textinsert.uitests.xctrunner-default] Component invalidated, unregistering all presentations.
2026-09-30 23:29:14.684 E  SpringBoard[86754:c334f8] [com.apple.FrontBoard:Scene] Ignoring update for invalidated scene: (FBSceneManager):sceneID:com.tarunyadgirkar.prefill.spike.textinsert.uitests.xctrunner-default
2026-09-30 23:29:14.684 Df SpringBoard[86754:c334f8] [com.apple.UIKit:KBProxyForwarding] <StateMachine:0x1097bc5c0> Presentation environment invalidated: <_UISceneKeyboardProxyLayerForwardingPresentationScene: 0x115fd5230> Tracking scene: <FBScene: 0x118ec2d00; (null):sceneID:com.tarunyadgirkar.pref
2026-09-30 23:29:14.685 Df SpringBoard[86754:c549ef] [com.apple.UserNotifications:RemoteNotifications] [com.tarunyadgirkar.prefill.spike.textinsert.uitests.xctrunner] com.tarunyadgirkar.prefill.spike.textinsert.uitests.xctrunner application state changed to <RBSProcessState| task:none debug:none>
2026-09-30 23:29:14.686 Df mediaremoted[86761:c54233] [com.apple.runningboard:monitor] Received state update for 10840 (app<com.tarunyadgirkar.prefill.spike.textinsert.uitests.xctrunner((null))>, none-NotVisible
2026-09-30 23:29:14.686 Df mediaremoted[86761:c54233] [com.apple.runningboard:monitor] Received state update for 10840 (app<com.tarunyadgirkar.prefill.spike.textinsert.uitests.xctrunner((null))>, none-NotVisible
2026-09-30 23:29:14.774 E  runningboardd[86757:c549e1] [com.apple.runningboard:general] RBSStateCapture remove item called for untracked item 86757-88342-5908 (target:[app<com.tarunyadgirkar.prefill.spike.textinsert.uitests.xctrunner((null))>:10840])
2026-09-30 23:29:23.030 Df log[12182:0] [com.apple.log:] log run noninteractively, parent: 86751 (launchd_sim), args: 'log' 'collect' '--output' '/Users/tarunyadgirkar/TarunsCode/prefill/spikes/textinsert/build/Logs/Test/Test-TextInsertSpike-2026.09.30_23-28-50--0700.xcresult/Staging/1_Test/Diagnost
2026-09-30 23:29:23.091 Df swcd[87251:c43ccb] [com.apple.xpc:connection] [0x1039248c0] activating connection: mach=false listener=false peer=true name=com.apple.SharedWebCredentials.peer[12186].0x1039248c0
2026-09-30 23:29:50.345 Df installcoordinationd[87404:c5496e] [com.apple.installcoordination:daemon] -[IXSDataPromiseManager registerPromise:]: Registered promise <IXSPromisedTransferToPath(0x10551e400) Name:Icon resources for com.tarunyadgirkar.prefill.spike.textinsert.uitests.xctrunner Creator:Ins
2026-09-30 23:29:50.347 Df installcoordinationd[87404:c5496e] [com.apple.installcoordination:daemon] -[IXSDataPromise decommission]: Decommissioning <IXSPromisedTransferToPath(0x10551e400) Name:Icon resources for com.tarunyadgirkar.prefill.spike.textinsert.uitests.xctrunner Creator:InstallCoordinati
2026-09-30 23:29:50.348 Df installcoordinationd[87404:c570f3] [com.apple.installcoordination:daemon] -[IXSDataPromise _setPercentComplete:saveStateIfNeeded:]: Progress: <IXSPromisedInMemoryDictionary(0x10551d180) Name:Localizations for com.tarunyadgirkar.prefill.spike.textinsert.uitests.xctrunner Cr
2026-09-30 23:29:50.349 Df installcoordinationd[87404:c570f3] [com.apple.installcoordination:daemon] -[IXSDataPromiseManager registerPromise:]: Registered promise <IXSPromisedInMemoryDictionary(0x10551d180) Name:Localizations for com.tarunyadgirkar.prefill.spike.textinsert.uitests.xctrunner Creator:
2026-09-30 23:29:50.349 Df installcoordinationd[87404:c54976] [com.apple.installcoordination:daemon] -[IXSDataPromiseManager promiseDidBegin:]: Unowned promise began: <IXSPromisedInMemoryDictionary(0x10551d180) Name:Localizations for com.tarunyadgirkar.prefill.spike.textinsert.uitests.xctrunner Crea
2026-09-30 23:29:50.349 Df installcoordinationd[87404:c54976] [com.apple.installcoordination:daemon] -[IXSDataPromiseManager promise:didUpdateProgress:]: Unowned promise update progress to 1.000000 : <IXSPromisedInMemoryDictionary(0x10551d180) Name:Localizations for com.tarunyadgirkar.prefill.spike.
2026-09-30 23:29:50.349 Df installcoordinationd[87404:c54976] [com.apple.installcoordination:daemon] -[IXSDataPromiseManager promiseDidComplete:]: Unowned promise completed: <IXSPromisedInMemoryDictionary(0x10551d180) Name:Localizations for com.tarunyadgirkar.prefill.spike.textinsert.uitests.xctrunn
2026-09-30 23:29:50.352 Df installcoordinationd[87404:c5496e] [com.apple.installcoordination:daemon] -[IXSDataPromiseManager registerPromise:]: Registered promise <IXSPromisedTransferToPath(0x10551df00) Name:App Asset: com.tarunyadgirkar.prefill.spike.textinsert.uitests.xctrunner Creator:InstallCoor
2026-09-30 23:29:50.356 Df installcoordinationd[87404:c570f3] [com.apple.installcoordination:daemon] -[IXSCoordinatorManager coordinatorForIdentity:connection:error:creatingIfNotExisting:]_block_invoke: Registered coordinator: <IXSCoordinatedAppInstall<0x105630000> [P=CoreSimulatorBridge (pid 86784)
2026-09-30 23:29:50.356 Df installcoordinationd[87404:c570f3] [com.apple.appinstallation:TransactionLog] com.tarunyadgirkar.prefill.spike.textinsert.uitests.xctrunner/Unknown Persona:4:2:1:1:Created coordinator with intent IXCoordinatorIntentUpdating for client InstallCoordination Simple SPI
2026-09-30 23:29:50.356 Df installcoordinationd[87404:c570f3] [com.apple.installcoordination:daemon] -[IXSCoordinatedAppInstall setPriorityBoostCompletion:withSourceInfo:]: <IXSCoordinatedAppInstall<0x105630000> [P=CoreSimulatorBridge (pid 86784)] identifier:[com.tarunyadgirkar.prefill.spike.textins
2026-09-30 23:29:50.356 Df installcoordinationd[87404:c570f3] [com.apple.installcoordination:daemon] -[IXSCoordinatedAppInstall setImportance:]: <IXSCoordinatedAppInstall<0x105630000> [P=CoreSimulatorBridge (pid 86784)] identifier:[com.tarunyadgirkar.prefill.spike.textinsert.uitests.xctrunner/Invali
2026-09-30 23:29:50.357 Df installcoordinationd[87404:c570f3] [com.apple.installcoordination:daemon] -[IXSCoordinatedAppInstall _onQueue_fireObserversForClient:]: <IXSCoordinatedAppInstall<0x105630000> [P=CoreSimulatorBridge (pid 86784)] identifier:[com.tarunyadgirkar.prefill.spike.textinsert.uitest
2026-09-30 23:29:50.357 Df installcoordinationd[87404:c570f3] [com.apple.installcoordination:daemon] -[IXSCoordinatedAppInstall setPriorityBoostCompletion:withSourceInfo:]: <IXSCoordinatedAppInstall<0x105630000> [P=CoreSimulatorBridge (pid 86784)] identifier:[com.tarunyadgirkar.prefill.spike.textins
2026-09-30 23:29:50.357 Df installcoordinationd[87404:c570f3] [com.apple.installcoordination:daemon] -[IXSCoordinatedAppInstall setPriorityBoostCompletion:withSourceInfo:]: <IXSCoordinatedAppInstall<0x105630000> [P=CoreSimulatorBridge (pid 86784)] identifier:[com.tarunyadgirkar.prefill.spike.textins
2026-09-30 23:29:50.357 Df CoreSimulatorBridge[86784:c570f5] [com.apple.installcoordination:framework] -[IXAppInstallCoordinator _clientDelegate_didRegisterForObservation]: <IXUpdatingAppInstallCoordinator<0x101881e40> identity:[com.tarunyadgirkar.prefill.spike.textinsert.uitests.xctrunner/Invalid/[
2026-09-30 23:29:50.357 Df CoreSimulatorBridge[86784:c570f5] [com.apple.installcoordination:framework] -[IXAppInstallCoordinator _clientDelegate_shouldResume]: <IXUpdatingAppInstallCoordinator<0x101881e40> identity:[com.tarunyadgirkar.prefill.spike.textinsert.uitests.xctrunner/Invalid/[system-define
2026-09-30 23:29:50.357 Df CoreSimulatorBridge[86784:c570f4] [com.apple.installcoordination:framework] -[IXAppInstallCoordinator _clientDelegate_didRegisterForObservation]_block_invoke: <IXUpdatingAppInstallCoordinator<0x101881e40> identity:[com.tarunyadgirkar.prefill.spike.textinsert.uitests.xctrun
2026-09-30 23:29:50.357 Df CoreSimulatorBridge[86784:c570f4] [com.apple.installcoordination:framework] -[IXAppInstallCoordinator _clientDelegate_shouldResume]_block_invoke: <IXUpdatingAppInstallCoordinator<0x101881e40> identity:[com.tarunyadgirkar.prefill.spike.textinsert.uitests.xctrunner/Invalid/[
2026-09-30 23:29:50.359 Df installcoordinationd[87404:c570f3] [com.apple.installcoordination:daemon] -[IXSCoordinatedAppInstall _internal_setInstallOptionsPromise:performExternalActions:]: <IXSCoordinatedAppInstall<0x105630000> [P=CoreSimulatorBridge (pid 86784)] identifier:[com.tarunyadgirkar.prefi
2026-09-30 23:29:50.359 Df installcoordinationd[87404:c54976] [com.apple.installcoordination:daemon] -[IXSCoordinatedAppInstall promiseDidComplete:]: <IXSCoordinatedAppInstall<0x105630000> [P=CoreSimulatorBridge (pid 86784)] identifier:[com.tarunyadgirkar.prefill.spike.textinsert.uitests.xctrunner/I
2026-09-30 23:29:50.359 Df installcoordinationd[87404:c54976] [com.apple.appinstallation:TransactionLog] com.tarunyadgirkar.prefill.spike.textinsert.uitests.xctrunner/Unknown Persona:4:13:1:1:Install Options Promise began. Coordinator State: IXAppCoordinationStatePlaceholderPromiseNotSet
2026-09-30 23:29:50.359 Df installcoordinationd[87404:c54976] [com.apple.appinstallation:TransactionLog] com.tarunyadgirkar.prefill.spike.textinsert.uitests.xctrunner/Unknown Persona:4:13:2:1:Install Options Promise completed. Coordinator State: IXAppCoordinationStatePlaceholderPromiseNotSet
2026-09-30 23:29:50.359 Df installcoordinationd[87404:c54976] [com.apple.installcoordination:daemon] -[IXSCoordinatedAppInstall _internal_setAppAssetPromise:performExternalActions:]: <IXSCoordinatedAppInstall<0x105630000> [P=CoreSimulatorBridge (pid 86784)] identifier:[com.tarunyadgirkar.prefill.spi
2026-09-30 23:29:50.359 Df installcoordinationd[87404:c54976] [com.apple.installcoordination:daemon] -[IXSCoordinatedAppInstall setInitialODRAssetPromises:]: <IXSCoordinatedAppInstall<0x105630000> [P=CoreSimulatorBridge (pid 86784)] identifier:[com.tarunyadgirkar.prefill.spike.textinsert.uitests.xct
2026-09-30 23:29:50.366 Df installcoordinationd[87404:c570f3] [com.apple.installcoordination:daemon] -[IXSDataPromise _setPercentComplete:saveStateIfNeeded:]: Progress: <IXSPromisedTransferToPath(0x10551df00) Name:App Asset: com.tarunyadgirkar.prefill.spike.textinsert.uitests.xctrunner Creator:Insta
2026-09-30 23:29:50.366 Df installcoordinationd[87404:c5496e] [com.apple.appinstallation:TransactionLog] com.tarunyadgirkar.prefill.spike.textinsert.uitests.xctrunner/Unknown Persona:4:10:1:1:App Asset Promise began. Coordinator State: IXAppCoordinationStatePlaceholderPromiseNotSet
2026-09-30 23:29:50.366 Df CoreSimulatorBridge[86784:c570f4] [com.apple.installcoordination:framework] -[IXAppInstallCoordinator _clientDelegate_promiseDidBeginFulfillmentWithIdentifier:]: <IXUpdatingAppInstallCoordinator<0x101881e40> identity:[com.tarunyadgirkar.prefill.spike.textinsert.uitests.xct
2026-09-30 23:29:50.366 Df CoreSimulatorBridge[86784:c570f4] [com.apple.installcoordination:framework] -[IXAppInstallCoordinator _clientDelegate_promiseDidBeginFulfillmentWithIdentifier:]_block_invoke: <IXUpdatingAppInstallCoordinator<0x101881e40> identity:[com.tarunyadgirkar.prefill.spike.textinser
2026-09-30 23:29:50.367 Df installcoordinationd[87404:c570f6] [com.apple.installcoordination:daemon] -[IXSCoordinatedAppInstall promiseDidComplete:]: <IXSCoordinatedAppInstall<0x105630000> [P=CoreSimulatorBridge (pid 86784)] identifier:[com.tarunyadgirkar.prefill.spike.textinsert.uitests.xctrunner/I
2026-09-30 23:29:50.367 Df installcoordinationd[87404:c5496e] [com.apple.appinstallation:TransactionLog] com.tarunyadgirkar.prefill.spike.textinsert.uitests.xctrunner/Unknown Persona:4:10:2:1:App Asset Promise completed. Coordinator State: IXAppCoordinationStatePlaceholderPromiseNotSet
2026-09-30 23:29:50.367 Df CoreSimulatorBridge[86784:c570f4] [com.apple.installcoordination:framework] -[IXAppInstallCoordinator _clientDelegate_didUpdateProgress:forPhase:overallProgress:]: <IXUpdatingAppInstallCoordinator<0x101881e40> identity:[com.tarunyadgirkar.prefill.spike.textinsert.uitests.x
2026-09-30 23:29:50.367 Df CoreSimulatorBridge[86784:c570f4] [com.apple.installcoordination:framework] -[IXAppInstallCoordinator _clientDelegate_didUpdateProgress:forPhase:overallProgress:]_block_invoke: <IXUpdatingAppInstallCoordinator<0x101881e40> identity:[com.tarunyadgirkar.prefill.spike.textins
2026-09-30 23:29:50.367 Df installcoordinationd[87404:c570f3] [com.apple.installcoordination:daemon] -[IXSCoordinatedAppInstall _onQueue_acquireAssertionAndInstallPlaceholder]: Acquiring termination assertion to install placeholder for [com.tarunyadgirkar.prefill.spike.textinsert.uitests.xctrunner/I
2026-09-30 23:29:50.367 Df installcoordinationd[87404:c570f3] [com.apple.installcoordination:daemon] -[IXSPendingOperationsTracker beginPendingOperationForIdentity:]_block_invoke: Beginning pending operation for [com.tarunyadgirkar.prefill.spike.textinsert.uitests.xctrunner/Invalid/[system-defined]]
2026-09-30 23:29:50.369 Df runningboardd[86757:c570f9] [com.apple.runningboard:connection] Received termination request from [osservice<com.apple.installcoordinationd>:87404] on <RBSProcessPredicate <RBSProcessBundleIdentifierPredicate "com.tarunyadgirkar.prefill.spike.textinsert.uitests.xctrunner">
	<RBSPreventLaunchLimitation| <RBSProcessPredicate <RBSProcessBundleIdentifierPredicate "com.tarunyadgirkar.prefill.spike.textinsert.uitests.xctrunner">> allow:(null)>
2026-09-30 23:29:50.369 Df runningboardd[86757:c570f9] [com.apple.runningboard:general] Found 0 extensions contained in com.tarunyadgirkar.prefill.spike.textinsert.uitests.xctrunner
2026-09-30 23:29:50.372 Df runningboardd[86757:c570f9] [com.apple.runningboard:ttl] Acquiring assertion targeting system from originator [osservice<com.apple.installcoordinationd>:87404] with description <RBSAssertionDescriptor| "installcoordinationd app:[com.tarunyadgirkar.prefill.spike.textinsert.
	<RBSPreventLaunchLimitation| <RBSProcessPredicate <RBSProcessBundleIdentifierPredicate "com.tarunyadgirkar.prefill.spike.textinsert.uitests.xctrunner">> allow:(null)>
2026-09-30 23:29:50.372 Df MobileSafari[11061:c5647c] [com.apple.PlugInKit:discovery] [d 2C3775BE-ED54-4E6B-A5D0-E23E8923FA3B] <PKHost:0x104b523c0> Beginning discovery for flags: 0, point: com.apple.authentication-services-credential-provider-ui
2026-09-30 23:29:50.372 Df runningboardd[86757:c570f9] [com.apple.runningboard:process] Executing termination request for: <RBSProcessPredicate <RBSProcessBundleIdentifierPredicate "com.tarunyadgirkar.prefill.spike.textinsert.uitests.xctrunner">>
2026-09-30 23:29:50.373 Df installcoordinationd[87404:c570f3] [com.apple.installcoordination:daemon] -[IXSCoordinatedAppInstall assertionAcquiredCallback]: RBS termination assertion observer called for <IXSCoordinatedAppInstall<0x105630000> [P=CoreSimulatorBridge (pid 86784)] identifier:[com.tarunya
2026-09-30 23:29:50.373 Df installcoordinationd[87404:c570f7] [com.apple.appinstallation:TransactionLog] com.tarunyadgirkar.prefill.spike.textinsert.uitests.xctrunner/Unknown Persona:4:9:1:1:Placeholder Promise began. Coordinator State: IXAppCoordinationStateWaitingForPlaceholderAssertion
2026-09-30 23:29:50.373 Df installcoordinationd[87404:c570f7] [com.apple.installcoordination:daemon] -[IXSCoordinatorProgress setTotalUnitsCompleted:]: Progress for coordinator: [com.tarunyadgirkar.prefill.spike.textinsert.uitests.xctrunner/Invalid/[system-defined]], Phase: IXCoordinatorProgressPhas
2026-09-30 23:29:50.373 Df installcoordinationd[87404:c570f7] [com.apple.appinstallation:TransactionLog] com.tarunyadgirkar.prefill.spike.textinsert.uitests.xctrunner/Unknown Persona:4:9:2:1:Placeholder Promise completed. Coordinator State: IXAppCoordinationStateWaitingForPlaceholderAssertion
2026-09-30 23:29:50.373 Df SpringBoard[86754:c334f8] [com.apple.SpringBoard:Common] termination assertion acquired for com.tarunyadgirkar.prefill.spike.textinsert.uitests.xctrunner
2026-09-30 23:29:50.373 Df CoreSimulatorBridge[86784:c570f5] [com.apple.installcoordination:framework] -[IXAppInstallCoordinator _clientDelegate_promiseDidBeginFulfillmentWithIdentifier:]: <IXUpdatingAppInstallCoordinator<0x101881e40> identity:[com.tarunyadgirkar.prefill.spike.textinsert.uitests.xct
2026-09-30 23:29:50.373 Df installcoordinationd[87404:c570f7] [com.apple.installcoordination:daemon] -[IXSCoordinatedAppInstall _onQueue_installPlaceholder]: Acquired termination assertion for placeholder [com.tarunyadgirkar.prefill.spike.textinsert.uitests.xctrunner/Invalid/[system-defined]]; proce
2026-09-30 23:29:50.373 Df CoreSimulatorBridge[86784:c570f5] [com.apple.installcoordination:framework] -[IXAppInstallCoordinator _clientDelegate_promiseDidBeginFulfillmentWithIdentifier:]_block_invoke: <IXUpdatingAppInstallCoordinator<0x101881e40> identity:[com.tarunyadgirkar.prefill.spike.textinser
2026-09-30 23:29:50.373 Df SpringBoard[86754:c334f8] [com.apple.SpringBoard:Icon] 0x11fc4f6c0-SBApplicationIcon Data source did change: <SBApplication: 0x118ec2e00; com.tarunyadgirkar.prefill.spike.textinsert.uitests.xctrunner> {
2026-09-30 23:29:50.374 Df installcoordinationd[87404:c570f7] [com.apple.installcoordination:daemon] -[IXSPowerAssertion initWithAssertionName:details:]: Acquired power assertion IXPowerAssertion-12-[com.tarunyadgirkar.prefill.spike.textinsert.uitests.xctrunner/Invalid/[system-defined]]
2026-09-30 23:29:50.375 Df Preferences[90646:c56c7f] [com.apple.PlugInKit:discovery] [d 4EE1D30A-3BC8-47FD-A86F-50818E2343C7] <PKHost:0x10a451640> Beginning discovery for flags: 0, point: com.apple.authentication-services-credential-provider-ui
    NSExtensionPointName = "com.apple.authentication-services-credential-provider-ui";
    <EXConcreteExtension: 0x168189ce0> {id = com.tarunyadgirkar.prefill.spike.textinsert.provider}
    NSExtensionPointName = "com.apple.authentication-services-credential-provider-ui";
    <EXConcreteExtension: 0x118aec380> {id = com.tarunyadgirkar.prefill.spike.textinsert.provider}
2026-09-30 23:29:50.394 Df installd[87431:c57119] [com.apple.containermanager:xpc] Query; euid = 502, uid = 502, class = 1, identifier = [com.tarunyadgirkar.prefill.spike.textinsert.uitests.xctrunner](1), gidentifier = [(null)](0), flags = 300000002
2026-09-30 23:29:50.395 Df containermanagerd_system[86802:c405a2] [com.apple.containermanager:query] Selected query plan; plan = <MCMCommandQueryPlanWithIdentities; identities = [<MCMContainerIdentity: 0x10385ca00; userIdentity = <502/20/502/3/502>, identifier = com.tarunyadgirkar.prefill.spike.text
2026-09-30 23:29:50.397 Df installd[87431:c57119] [com.apple.containermanager:xpc] Query; euid = 502, uid = 502, class = 1, identifier = [com.tarunyadgirkar.prefill.spike.textinsert.uitests.xctrunner](1), gidentifier = [(null)](0), flags = 300000002
2026-09-30 23:29:50.397 Df containermanagerd_system[86802:c405a2] [com.apple.containermanager:query] Selected query plan; plan = <MCMCommandQueryPlanWithIdentities; identities = [<MCMContainerIdentity: 0x10385ca00; userIdentity = <502/20/502/3/502>, identifier = com.tarunyadgirkar.prefill.spike.text
2026-09-30 23:29:50.400 Df installd[87431:c57119] [com.apple.containermanager:xpc] Query; euid = 502, uid = 502, class = 1, identifier = [com.tarunyadgirkar.prefill.spike.textinsert.uitests.xctrunner](1), gidentifier = [(null)](0), flags = 300000002
2026-09-30 23:29:50.400 Df containermanagerd_system[86802:c405a2] [com.apple.containermanager:query] Selected query plan; plan = <MCMCommandQueryPlanWithIdentities; identities = [<MCMContainerIdentity: 0x10385ca00; userIdentity = <502/20/502/3/502>, identifier = com.tarunyadgirkar.prefill.spike.text
2026-09-30 23:29:50.400 Df installd[87431:c57119] [com.apple.containermanager:xpc] Query; euid = 502, uid = 502, class = 1, identifier = [com.tarunyadgirkar.prefill.spike.textinsert.uitests.xctrunner](1), gidentifier = [(null)](0), flags = 300000002
2026-09-30 23:29:50.400 Df containermanagerd_system[86802:c405a2] [com.apple.containermanager:query] Selected query plan; plan = <MCMCommandQueryPlanWithIdentities; identities = [<MCMContainerIdentity: 0x10385ca00; userIdentity = <502/20/502/3/502>, identifier = com.tarunyadgirkar.prefill.spike.text
2026-09-30 23:29:50.402 Df installd[87431:c57119] (MobileSystemServices) 0x16f01b000 -[MIInstaller _installInstallable:containingSymlink:error:]: Installing <MIInstallableParallelPlaceholder ID=com.tarunyadgirkar.prefill.spike.textinsert.uitests.xctrunner; Persona=com.apple.containermanager.primary-
2026-09-30 23:29:50.403 Df installd[87431:c57119] [com.apple.appinstallation:TransactionLog] com.tarunyadgirkar.prefill.spike.textinsert.uitests.xctrunner/com.apple.containermanager.primary-persona:7:2:1:1:Start : Install (Parallel Placeholder)
2026-09-30 23:29:50.404 Df installd[87431:c57119] [com.apple.containermanager:query] Query; personaid = 4294967295, type = NOPERSONA, name = <unknown>, origin [pid = 0, personaid = 0], proximate [pid = 0, personaid = 0], euid = 502, uid = 502, class = 4, identifier = [com.tarunyadgirkar.prefill.spik
2026-09-30 23:29:50.405 Df containermanagerd[86809:c35626] [com.apple.containermanager:query] Selected query plan; plan = <MCMCommandQueryPlanWithIdentities; identities = [<MCMContainerIdentity: 0x103869e80; userIdentity = <502/20/502/2/502>, identifier = com.tarunyadgirkar.prefill.spike.textinsert.
2026-09-30 23:29:50.405 Df installd[87431:c57119] [com.apple.containermanager:query] Query; personaid = 4294967295, type = NOPERSONA, name = <unknown>, origin [pid = 0, personaid = 0], proximate [pid = 0, personaid = 0], euid = 502, uid = 502, class = 4, identifier = [com.tarunyadgirkar.prefill.spik
2026-09-30 23:29:50.405 Df containermanagerd[86809:c35626] [com.apple.containermanager:query] Selected query plan; plan = <MCMCommandQueryPlanWithIdentities; identities = [<MCMContainerIdentity: 0x103869e80; userIdentity = <502/20/502/2/502>, identifier = com.tarunyadgirkar.prefill.spike.textinsert.
2026-09-30 23:29:50.406 Df installd[87431:c57119] (MobileSystemServices) 0x16f01b000 -[MIInstallableParallelPlaceholder performInstallationWithError:]: Installing parallel placeholder for [com.tarunyadgirkar.prefill.spike.textinsert.uitests.xctrunner/com.apple.containermanager.primary-persona/[syste
2026-09-30 23:29:50.411 Df installd[87431:c57119] [com.apple.containermanager:query] Query; personaid = 4294967295, type = NOPERSONA, name = <unknown>, origin [pid = 0, personaid = 0], proximate [pid = 0, personaid = 0], euid = 502, uid = 502, class = 2, identifier = [com.tarunyadgirkar.prefill.spik
2026-09-30 23:29:50.411 Df containermanagerd[86809:c35626] [com.apple.containermanager:query] Selected query plan; plan = <MCMCommandQueryPlanWithIdentities; identities = [<MCMContainerIdentity: 0x103868700; userIdentity = <502/20/502/2/502>, identifier = com.tarunyadgirkar.prefill.spike.textinsert.
2026-09-30 23:29:50.412 Df installd[87431:c57119] [com.apple.containermanager:query] Query; personaid = 4294967295, type = NOPERSONA, name = <unknown>, origin [pid = 0, personaid = 0], proximate [pid = 0, personaid = 0], euid = 502, uid = 502, class = 2, identifier = [com.tarunyadgirkar.prefill.spik
2026-09-30 23:29:50.413 Df containermanagerd[86809:c35626] [com.apple.containermanager:query] Selected query plan; plan = <MCMCommandQueryPlanWithIdentities; identities = [<MCMContainerIdentity: 0x103868700; userIdentity = <502/20/502/2/502>, identifier = com.tarunyadgirkar.prefill.spike.textinsert.
2026-09-30 23:29:50.429 Df containermanagerd[86809:c35626] [com.apple.containermanager:schema] [u 2787B430-6632-4649-8F75-C729C6020925:p 🔒97728F53-7BF9-40A6-91A6-CAE95F87B30C:c com.tarunyadgirkar.prefill.spike.textinsert.uitests.xctrunner(appData):i0] Successfully updated schema from (0) → (1),
2026-09-30 23:29:50.430 Df containermanagerd_system[86802:c405a2] [com.apple.containermanager:schema] [u 2EE85601-9287-423D-8F45-9B14F5CA42AA:p 🔒FCE75FD1-DC83-46A3-8B54-E81518828A1A:c com.tarunyadgirkar.prefill.spike.textinsert.uitests.xctrunner(app):i0] Successfully updated schema from (0) → (
2026-09-30 23:29:50.431 Df installd[87431:c57119] [com.apple.containermanager:xpc] Query; euid = 502, uid = 502, class = 1, identifier = [com.tarunyadgirkar.prefill.spike.textinsert.uitests.xctrunner](1), gidentifier = [(null)](0), flags = 300000002
2026-09-30 23:29:50.431 Df containermanagerd_system[86802:c405a2] [com.apple.containermanager:query] Selected query plan; plan = <MCMCommandQueryPlanWithIdentities; identities = [<MCMContainerIdentity: 0x10385ca40; userIdentity = <502/20/502/3/502>, identifier = com.tarunyadgirkar.prefill.spike.text
2026-09-30 23:29:50.433 Df installd[87431:c57119] [com.apple.containermanager:unspecified] Requesting disk usage; class = 1, identifier = com.tarunyadgirkar.prefill.spike.textinsert.uitests.xctrunner
2026-09-30 23:29:50.434 Df installd[87431:c57119] [com.apple.containermanager:query] Query; personaid = 4294967295, type = NOPERSONA, name = <unknown>, origin [pid = 0, personaid = 0], proximate [pid = 0, personaid = 0], euid = 502, uid = 502, class = 7, identifier = [com.tarunyadgirkar.prefill.spik
2026-09-30 23:29:50.435 Df SpringBoard[86754:c334f8] [com.apple.SpringBoard:Common] termination assertion released for com.tarunyadgirkar.prefill.spike.textinsert.uitests.xctrunner
2026-09-30 23:29:50.435 Df SpringBoard[86754:c334f8] [com.apple.SpringBoard:Icon] 0x11fc4f6c0-SBApplicationIcon Data source did change: <SBApplication: 0x118ec2e00; com.tarunyadgirkar.prefill.spike.textinsert.uitests.xctrunner> {
2026-09-30 23:29:50.436 Df MobileSafari[11061:c5710f] [com.apple.PlugInKit:discovery] [d 5058BC23-3C02-4AA7-92D5-EFAB7B26C60B] <PKHost:0x104b523c0> Beginning discovery for flags: 0, point: com.apple.authentication-services-credential-provider-ui
2026-09-30 23:29:50.436 Df Preferences[90646:c56c7f] [com.apple.PlugInKit:discovery] [d F507C333-868A-4268-B08F-A94A5AA37FFD] <PKHost:0x10a451640> Beginning discovery for flags: 0, point: com.apple.authentication-services-credential-provider-ui
2026-09-30 23:29:50.438 Df installd[87431:c57119] (MobileSystemServices) 0x16f01b000 -[MILaunchServicesOperationManager _onQueue_addPendingLaunchServicesOperation:error:]: Added pending LS operation <MILaunchServicesRegisterOperation: 91CAF715-78CA-42FD-956A-972BF8FB86A3:17 com.tarunyadgirkar.prefil
    NSExtensionPointName = "com.apple.authentication-services-credential-provider-ui";
    <EXConcreteExtension: 0x118aec380> {id = com.tarunyadgirkar.prefill.spike.textinsert.provider}
    NSExtensionPointName = "com.apple.authentication-services-credential-provider-ui";
    <EXConcreteExtension: 0x168189ce0> {id = com.tarunyadgirkar.prefill.spike.textinsert.provider}
2026-09-30 23:29:50.445 Df lsd[86807:c56254] [com.apple.launchservices:appinstallation] Post installation registration: request to register com.tarunyadgirkar.prefill.spike.textinsert.uitests.xctrunner, operation 91CAF715-78CA-42FD-956A-972BF8FB86A3, from pid 87431
2026-09-30 23:29:50.445 Df lsd[86807:c56254] [com.apple.appinstallation:TransactionLog] com.tarunyadgirkar.prefill.spike.textinsert.uitests.xctrunner/Unknown Persona:5:4:1:1:Registering bundles via registrant - start
2026-09-30 23:29:50.460 Df lsd[86807:c56254] [com.apple.appinstallation:TransactionLog] com.tarunyadgirkar.prefill.spike.textinsert.uitests.xctrunner/Unknown Persona:5:5:1:1:Building bundle record for app
2026-09-30 23:29:50.461 Df lsd[86807:c56254] [com.apple.launchservices:appinstallation] Placeholder detected - Flagging bundle com.tarunyadgirkar.prefill.spike.textinsert.uitests.xctrunner incomplete
2026-09-30 23:29:50.461 Df lsd[86807:c56254] [com.apple.appinstallation:TransactionLog] com.tarunyadgirkar.prefill.spike.textinsert.uitests.xctrunner/Unknown Persona:5:5:2:1:Built bundle record for app
2026-09-30 23:29:50.464 Df lsd[86807:c56254] [com.apple.appinstallation:TransactionLog] com.tarunyadgirkar.prefill.spike.textinsert.uitests.xctrunner/Unknown Persona:5:4:2:1:Registered bundle status = success
2026-09-30 23:29:50.464 Df lsd[86807:c56254] [com.apple.appinstallation:TransactionLog] com.tarunyadgirkar.prefill.spike.textinsert.uitests.xctrunner/Unknown Persona:5:4:2:1:Finished registering com.tarunyadgirkar.prefill.spike.textinsert.uitests.xctrunner, bundle unit 314
2026-09-30 23:29:50.465 Df installd[87431:c57119] (MobileSystemServices) 0x16f01b000 -[MIJournal purgeJournalEntry:withError:]: Removing journal entry <MIInstallationJournalEntry<0x1024b52c0> [com.tarunyadgirkar.prefill.spike.textinsert.uitests.xctrunner/com.apple.containermanager.primary-persona/[s
2026-09-30 23:29:50.466 Df installd[87431:c57119] [com.apple.appinstallation:TransactionLog] com.tarunyadgirkar.prefill.spike.textinsert.uitests.xctrunner/com.apple.containermanager.primary-persona:7:2:2:1:Success (End) : Install (Parallel Placeholder)
2026-09-30 23:29:50.466 Df installd[87431:c57119] (MobileSystemServices) 0x16f01b000 -[MIInstaller _logOperationCompletionWithStartTime:distributorID:]: Install successful for (Placeholder:com.tarunyadgirkar.prefill.spike.textinsert.uitests.xctrunner) [Distributor: (null)]; Staging: 0.00s; Waiting: 
2026-09-30 23:29:50.467 Df installcoordinationd[87404:c5496e] [com.apple.installcoordination:daemon] -[IXSPowerAssertion invalidate]: Released power assertion IXPowerAssertion-12-[com.tarunyadgirkar.prefill.spike.textinsert.uitests.xctrunner/Invalid/[system-defined]]
    "<LSApplicationProxy: 0x105b4c240> com.tarunyadgirkar.prefill.spike.textinsert.uitests.xctrunner file:///Users/tarunyadgirkar/Library/Developer/CoreSimulator/Devices/CF361191-F960-4212-9B76-7C41256A11C9/data/Containers/Bundle/Application/FCE75FD1-DC83-46A3-8B54-E81518828A1A/com.apple.mobileinsta
2026-09-30 23:29:50.468 Df installcoordinationd[87404:c570f3] [com.apple.installcoordination:daemon] -[IXSPendingOperationsTracker endPendingOperationForIdentity:]_block_invoke: Ending pending operation for [com.tarunyadgirkar.prefill.spike.textinsert.uitests.xctrunner/Invalid/[system-defined]]
2026-09-30 23:29:50.469 Df installcoordinationd[87404:c570f3] [com.apple.installcoordination:daemon] -[IXSCoordinatedAppInstall setPlaceholderInstallState:withLSRecordPromiseForCompletion:]: <IXSCoordinatedAppInstall<0x105630000> [P=CoreSimulatorBridge (pid 86784)] identifier:[com.tarunyadgirkar.pre
2026-09-30 23:29:50.469 Df lsd[86807:c56254] [com.apple.launchservices:progress] Created parent progress <NSProgress: com.tarunyadgirkar.prefill.spike.textinsert.uitests.xctrunner phase=InstallingPlaceholder; state=Waiting; finalPhase=Installing; fractionCompleted=0.000000>
    "<LSApplicationProxy: 0x101db8000> com.tarunyadgirkar.prefill.spike.textinsert.uitests.xctrunner file:///Users/tarunyadgirkar/Library/Developer/CoreSimulator/Devices/CF361191-F960-4212-9B76-7C41256A11C9/data/Containers/Bundle/Application/FCE75FD1-DC83-46A3-8B54-E81518828A1A/com.apple.mobileinsta
    "<LSApplicationProxy: 0x1069e0e40> com.tarunyadgirkar.prefill.spike.textinsert.uitests.xctrunner file:///Users/tarunyadgirkar/Library/Developer/CoreSimulator/Devices/CF361191-F960-4212-9B76-7C41256A11C9/data/Containers/Bundle/Application/FCE75FD1-DC83-46A3-8B54-E81518828A1A/com.apple.mobileinsta
    "<LSApplicationProxy: 0x1062eef40> com.tarunyadgirkar.prefill.spike.textinsert.uitests.xctrunner file:///Users/tarunyadgirkar/Library/Developer/CoreSimulator/Devices/CF361191-F960-4212-9B76-7C41256A11C9/data/Containers/Bundle/Application/FCE75FD1-DC83-46A3-8B54-E81518828A1A/com.apple.mobileinsta
    "<LSApplicationProxy: 0x10b11cfc0> com.tarunyadgirkar.prefill.spike.textinsert.uitests.xctrunner file:///Users/tarunyadgirkar/Library/Developer/CoreSimulator/Devices/CF361191-F960-4212-9B76-7C41256A11C9/data/Containers/Bundle/Application/FCE75FD1-DC83-46A3-8B54-E81518828A1A/com.apple.mobileinsta
    "<LSApplicationProxy: 0x1063e4540> com.tarunyadgirkar.prefill.spike.textinsert.uitests.xctrunner file:///Users/tarunyadgirkar/Library/Developer/CoreSimulator/Devices/CF361191-F960-4212-9B76-7C41256A11C9/data/Containers/Bundle/Application/FCE75FD1-DC83-46A3-8B54-E81518828A1A/com.apple.mobileinsta
    "<LSApplicationProxy: 0x115f62040> com.tarunyadgirkar.prefill.spike.textinsert.uitests.xctrunner file:///Users/tarunyadgirkar/Library/Developer/CoreSimulator/Devices/CF361191-F960-4212-9B76-7C41256A11C9/data/Containers/Bundle/Application/FCE75FD1-DC83-46A3-8B54-E81518828A1A/com.apple.mobileinsta
2026-09-30 23:29:50.473 Df SpringBoard[86754:c549fc] [com.apple.frontboard.ApplicationLibrary:observer] -[FBSApplicationLibrary applicationInstallsDidStart:] com.tarunyadgirkar.prefill.spike.textinsert.uitests.xctrunner
    "<LSApplicationProxy: 0x102281f80> com.tarunyadgirkar.prefill.spike.textinsert.uitests.xctrunner file:///Users/tarunyadgirkar/Library/Developer/CoreSimulator/Devices/CF361191-F960-4212-9B76-7C41256A11C9/data/Containers/Bundle/Application/FCE75FD1-DC83-46A3-8B54-E81518828A1A/com.apple.mobileinsta
2026-09-30 23:29:50.474 Df SpringBoard[86754:c334f8] [com.apple.appinstallation:TransactionLog] com.tarunyadgirkar.prefill.spike.textinsert.uitests.xctrunner/Unknown Persona:10:0:1:1:Placeholder add BEGIN
2026-09-30 23:29:50.474 Df SpringBoard[86754:c4e25c] [com.apple.launchservices:progress] #LSInstallProgressList add subscriber: <_NSProgressSubscriber: 0x11f560e70> publishingString: com.tarunyadgirkar.prefill.spike.textinsert.uitests.xctrunner
2026-09-30 23:29:50.474 Df SpringBoard[86754:c4e25c] [com.apple.launchservices:progress] Subscribing to progress for app com.tarunyadgirkar.prefill.spike.textinsert.uitests.xctrunner,
2026-09-30 23:29:50.474 E  SpringBoard[86754:c4e25c] [com.apple.frontboard.ApplicationLibrary:placeholder] Non-demoted placeholder for com.tarunyadgirkar.prefill.spike.textinsert.uitests.xctrunner has no associated NSProgress!
    "<LSApplicationProxy: 0x105ab40c0> com.tarunyadgirkar.prefill.spike.textinsert.uitests.xctrunner file:///Users/tarunyadgirkar/Library/Developer/CoreSimulator/Devices/CF361191-F960-4212-9B76-7C41256A11C9/data/Containers/Bundle/Application/FCE75FD1-DC83-46A3-8B54-E81518828A1A/com.apple.mobileinsta
    "<LSApplicationProxy: 0x1056f0e40> com.tarunyadgirkar.prefill.spike.textinsert.uitests.xctrunner file:///Users/tarunyadgirkar/Library/Developer/CoreSimulator/Devices/CF361191-F960-4212-9B76-7C41256A11C9/data/Containers/Bundle/Application/FCE75FD1-DC83-46A3-8B54-E81518828A1A/com.apple.mobileinsta
        "com.tarunyadgirkar.prefill.spike.textinsert.uitests.xctrunner"
    "<LSApplicationProxy: 0x1059558c0> com.tarunyadgirkar.prefill.spike.textinsert.uitests.xctrunner file:///Users/tarunyadgirkar/Library/Developer/CoreSimulator/Devices/CF361191-F960-4212-9B76-7C41256A11C9/data/Containers/Bundle/Application/FCE75FD1-DC83-46A3-8B54-E81518828A1A/com.apple.mobileinsta
    "<LSApplicationProxy: 0x105a240c0> com.tarunyadgirkar.prefill.spike.textinsert.uitests.xctrunner file:///Users/tarunyadgirkar/Library/Developer/CoreSimulator/Devices/CF361191-F960-4212-9B76-7C41256A11C9/data/Containers/Bundle/Application/FCE75FD1-DC83-46A3-8B54-E81518828A1A/com.apple.mobileinsta
        "com.tarunyadgirkar.prefill.spike.textinsert.uitests.xctrunner"
com.tarunyadgirkar.prefill.spike.textinsert.uitests.xctrunner
2026-09-30 23:29:50.480 Df appprotectiond[86773:c57150] [com.apple.appprotection:server] processing settings authority event: SettingsAuthorityEvent.promotePreferenceFromProvisionalForApplication(com.tarunyadgirkar.prefill.spike.textinsert.uitests.xctrunner)
2026-09-30 23:29:50.481 Df linkd[87064:c57138] [com.apple.appintents:IndexCoordinator] Ignoring isPlaceholder for com.tarunyadgirkar.prefill.spike.textinsert.uitests.xctrunner
2026-09-30 23:29:50.482 Df installcoordinationd[87404:c570f3] [com.apple.installprogress:server] initiating progress for [com.tarunyadgirkar.prefill.spike.textinsert.uitests.xctrunner/Invalid/[system-defined]]
2026-09-30 23:29:50.483 Df installcoordinationd[87404:c570f3] [com.apple.installprogress:default] Created published identity progress for [com.tarunyadgirkar.prefill.spike.textinsert.uitests.xctrunner/Invalid/[system-defined]], observer 0x105498dc0
    "<LSApplicationProxy: 0x101db0000> com.tarunyadgirkar.prefill.spike.textinsert.uitests.xctrunner file:///Users/tarunyadgirkar/Library/Developer/CoreSimulator/Devices/CF361191-F960-4212-9B76-7C41256A11C9/data/Containers/Bundle/Application/FCE75FD1-DC83-46A3-8B54-E81518828A1A/com.apple.mobileinsta
2026-09-30 23:29:50.483 Df installcoordinationd[87404:c570f3] [com.apple.installcoordination:daemon] -[IXSCoordinatorProgress setTotalUnitsCompleted:]: Progress for coordinator: [com.tarunyadgirkar.prefill.spike.textinsert.uitests.xctrunner/Invalid/[system-defined]], Phase: IXCoordinatorProgressPhas
2026-09-30 23:29:50.483 Df installcoordinationd[87404:c570f3] [com.apple.installcoordination:daemon] -[IXSCoordinatedAppInstall _onQueue_acquireAssertionAndDoInstall]: Acquiring termination assertion to install [com.tarunyadgirkar.prefill.spike.textinsert.uitests.xctrunner/Invalid/[system-defined]]
2026-09-30 23:29:50.483 Df installcoordinationd[87404:c570f3] [com.apple.installcoordination:daemon] -[IXSPendingOperationsTracker beginPendingOperationForIdentity:]_block_invoke: Beginning pending operation for [com.tarunyadgirkar.prefill.spike.textinsert.uitests.xctrunner/Invalid/[system-defined]]
2026-09-30 23:29:50.484 Df installcoordinationd[87404:c5496e] [com.apple.installcoordination:daemon] -[IXSCoordinatedAppInstall _limitedConcurrency_fetchLoadingProgressForPlaceholderInstallType:progressHint:andRun:]: <IXSCoordinatedAppInstall<0x105630000> [P=CoreSimulatorBridge (pid 86784)] identifi
    "<LSApplicationProxy: 0x105b04000> com.tarunyadgirkar.prefill.spike.textinsert.uitests.xctrunner file:///Users/tarunyadgirkar/Library/Developer/CoreSimulator/Devices/CF361191-F960-4212-9B76-7C41256A11C9/data/Containers/Bundle/Application/FCE75FD1-DC83-46A3-8B54-E81518828A1A/com.apple.mobileinsta
2026-09-30 23:29:50.485 Df CoreSimulatorBridge[86784:c570f5] [com.apple.installcoordination:framework] -[IXAppInstallCoordinator _clientDelegate_placeholderDidInstallForApplicationRecord:]: <IXUpdatingAppInstallCoordinator<0x101881e40> identity:[com.tarunyadgirkar.prefill.spike.textinsert.uitests.xc
2026-09-30 23:29:50.485 Df CoreSimulatorBridge[86784:c570ed] [com.apple.installcoordination:framework] -[IXAppInstallCoordinator _clientDelegate_placeholderDidInstallForApplicationRecord:]_block_invoke: <IXUpdatingAppInstallCoordinator<0x101881e40> identity:[com.tarunyadgirkar.prefill.spike.textinse
2026-09-30 23:29:50.485 Df runningboardd[86757:c5647b] [com.apple.runningboard:connection] Received termination request from [osservice<com.apple.installcoordinationd>:87404] on <RBSProcessPredicate <RBSProcessBundleIdentifierPredicate "com.tarunyadgirkar.prefill.spike.textinsert.uitests.xctrunner">
	<RBSPreventLaunchLimitation| <RBSProcessPredicate <RBSProcessBundleIdentifierPredicate "com.tarunyadgirkar.prefill.spike.textinsert.uitests.xctrunner">> allow:(null)>
2026-09-30 23:29:50.486 Df runningboardd[86757:c5647b] [com.apple.runningboard:general] Found 0 extensions contained in com.tarunyadgirkar.prefill.spike.textinsert.uitests.xctrunner
2026-09-30 23:29:50.486 Df SpringBoard[86754:c334f8] [com.apple.SpringBoard:Icon] <<SBLeafIcon:0x11fc4f6c0 [com.tarunyadgirkar.prefill.spike.textinsert.uitests.xctrunner]>> Changing active data source: <SBApplicationIcon: 0x11fc4f6c0; uniqueIdentifier: com.tarunyadgirkar.prefill.spike.textinsert.uit
2026-09-30 23:29:50.486 Df SpringBoard[86754:c334f8] [com.apple.SpringBoard:Icon] <<SBLeafIcon:0x11fc4f6c0 [com.tarunyadgirkar.prefill.spike.textinsert.uitests.xctrunner]>> Changing from data souce: com.tarunyadgirkar.prefill.spike.textinsert.uitests.xctrunner to data source:com.tarunyadgirkar.prefi
2026-09-30 23:29:50.487 Df runningboardd[86757:c5647b] [com.apple.runningboard:ttl] Acquiring assertion targeting system from originator [osservice<com.apple.installcoordinationd>:87404] with description <RBSAssertionDescriptor| "installcoordinationd app:[com.tarunyadgirkar.prefill.spike.textinsert.
	<RBSPreventLaunchLimitation| <RBSProcessPredicate <RBSProcessBundleIdentifierPredicate "com.tarunyadgirkar.prefill.spike.textinsert.uitests.xctrunner">> allow:(null)>
2026-09-30 23:29:50.487 Df MobileSafari[11061:c570fb] [com.apple.PlugInKit:discovery] [d F8D9A52E-D3C4-4948-8BE1-6518365BE830] <PKHost:0x104b523c0> Beginning discovery for flags: 0, point: com.apple.authentication-services-credential-provider-ui
2026-09-30 23:29:50.487 Df runningboardd[86757:c5647b] [com.apple.runningboard:process] Executing termination request for: <RBSProcessPredicate <RBSProcessBundleIdentifierPredicate "com.tarunyadgirkar.prefill.spike.textinsert.uitests.xctrunner">>
2026-09-30 23:29:50.487 Df Preferences[90646:c56c7f] [com.apple.PlugInKit:discovery] [d D55E365C-4A98-42C1-809A-1A4A008D8A40] <PKHost:0x10a451640> Beginning discovery for flags: 0, point: com.apple.authentication-services-credential-provider-ui
2026-09-30 23:29:50.488 Df SpringBoard[86754:c334f8] [com.apple.SpringBoard:Icon] Reload icon image of com.tarunyadgirkar.prefill.spike.textinsert.uitests.xctrunner for reason 'active data source did change'
2026-09-30 23:29:50.488 Df installcoordinationd[87404:c570f7] [com.apple.installcoordination:daemon] -[IXSCoordinatedAppInstall assertionAcquiredCallback]: RBS termination assertion observer called for <IXSCoordinatedAppInstall<0x105630000> [P=CoreSimulatorBridge (pid 86784)] identifier:[com.tarunya
        "com.tarunyadgirkar.prefill.spike.textinsert.uitests.xctrunner"
2026-09-30 23:29:50.490 Df installcoordinationd[87404:c570f7] [com.apple.installcoordination:daemon] -[IXSCoordinatedAppInstall _onQueue_doInstall]: Acquired termination assertion for [com.tarunyadgirkar.prefill.spike.textinsert.uitests.xctrunner/Invalid/[system-defined]]; proceeding with install.
2026-09-30 23:29:50.490 Df installcoordinationd[87404:c570f7] [com.apple.installcoordination:daemon] -[IXSPowerAssertion initWithAssertionName:details:]: Acquired power assertion IXPowerAssertion-12-[com.tarunyadgirkar.prefill.spike.textinsert.uitests.xctrunner/Invalid/[system-defined]]
    NSExtensionPointName = "com.apple.authentication-services-credential-provider-ui";
    <EXConcreteExtension: 0x168189ce0> {id = com.tarunyadgirkar.prefill.spike.textinsert.provider}
2026-09-30 23:29:50.493 Df liveactivitiesd[86815:c549db] [com.apple.launchservices:progress] #LSInstallProgressList add subscriber: <_NSProgressSubscriber: 0x1063dd140> publishingString: com.tarunyadgirkar.prefill.spike.textinsert.uitests.xctrunner
2026-09-30 23:29:50.493 Df liveactivitiesd[86815:c549db] [com.apple.launchservices:progress] Subscribing to progress for app com.tarunyadgirkar.prefill.spike.textinsert.uitests.xctrunner,
2026-09-30 23:29:50.496 Df liveactivitiesd[86815:c3363b] [com.apple.launchservices:progress] Got progress <NSProgress: com.tarunyadgirkar.prefill.spike.textinsert.uitests.xctrunner phase=InstallingPlaceholder; state=Finished; finalPhase=Installing; fractionCompleted=0.000000> for app com.tarunyadgir
    "<LSApplicationProxy: 0x1039fc000> com.tarunyadgirkar.prefill.spike.textinsert.uitests.xctrunner file:///Users/tarunyadgirkar/Library/Developer/CoreSimulator/Devices/CF361191-F960-4212-9B76-7C41256A11C9/data/Containers/Bundle/Application/FCE75FD1-DC83-46A3-8B54-E81518828A1A/com.apple.mobileinsta
2026-09-30 23:29:50.503 Df installcoordinationd[87404:c5496e] [com.apple.appinstallation:TransactionLog] com.tarunyadgirkar.prefill.spike.textinsert.uitests.xctrunner/Unknown Persona:5:11:1:1:Updating PlaceholderMetadata for com.tarunyadgirkar.prefill.spike.textinsert.uitests.xctrunner with LSInstal
2026-09-30 23:29:50.505 Df lsd[86807:c57131] [com.apple.launchservices:progress] Parent progress for installation <NSProgress: com.tarunyadgirkar.prefill.spike.textinsert.uitests.xctrunner phase=InstallingPlaceholder; state=Finished; finalPhase=Installing; fractionCompleted=0.000000>, adding phase 3
2026-09-30 23:29:50.505 Df lsd[86807:c57131] [com.apple.launchservices:progress] #LSInstallProgressList add subscriber: <_NSProgressSubscriber: 0x1074400c0> publishingString: com.tarunyadgirkar.prefill.spike.textinsert.uitests.xctrunner.InstallingPlaceholder
2026-09-30 23:29:50.505 Df lsd[86807:c57131] [com.apple.launchservices:progress] Subscribing to com.tarunyadgirkar.prefill.spike.textinsert.uitests.xctrunner.InstallingPlaceholder
2026-09-30 23:29:50.505 Df installcoordinationd[87404:c5496e] [com.apple.launchservices:progress] Published install progress <NSProgress: com.tarunyadgirkar.prefill.spike.textinsert.uitests.xctrunner.InstallingPlaceholder phase=InstallingPlaceholder; state=Waiting; finalPhase=Installing; fractionCom
2026-09-30 23:29:50.506 Df lsd[86807:c335ee] [com.apple.launchservices:progress] unsubscribing from com.tarunyadgirkar.prefill.spike.textinsert.uitests.xctrunner.InstallingPlaceholder as it was unpublished
2026-09-30 23:29:50.506 Df lsd[86807:c335ee] [com.apple.launchservices:progress] #LSInstallProgressList remove subscriber: <_NSProgressSubscriber: 0x1074400c0> publishingString: com.tarunyadgirkar.prefill.spike.textinsert.uitests.xctrunner.InstallingPlaceholder
2026-09-30 23:29:50.506 Df installd[87431:c57119] (MobileSystemServices) 0x16f01b000 -[MIClientConnection updatePlaceholderMetadataForApp:installType:failureReason:underlyingError:failureSource:completion:]: Update placeholder metadata requested by client installcoordinationd (pid 87404 (502/20)) fo
2026-09-30 23:29:50.507 Df installd[87431:c57119] [com.apple.containermanager:xpc] Query; euid = 502, uid = 502, class = 1, identifier = [com.tarunyadgirkar.prefill.spike.textinsert.uitests.xctrunner](1), gidentifier = [(null)](0), flags = 300000002
2026-09-30 23:29:50.507 Df containermanagerd_system[86802:c57121] [com.apple.containermanager:query] Selected query plan; plan = <MCMCommandQueryPlanWithIdentities; identities = [<MCMContainerIdentity: 0x10385ca40; userIdentity = <502/20/502/3/502>, identifier = com.tarunyadgirkar.prefill.spike.text
2026-09-30 23:29:50.508 Df installd[87431:c57119] [com.apple.containermanager:xpc] Query; euid = 502, uid = 502, class = 1, identifier = [com.tarunyadgirkar.prefill.spike.textinsert.uitests.xctrunner](1), gidentifier = [(null)](0), flags = 300000002
2026-09-30 23:29:50.508 Df containermanagerd_system[86802:c57121] [com.apple.containermanager:query] Selected query plan; plan = <MCMCommandQueryPlanWithIdentities; identities = [<MCMContainerIdentity: 0x10385ca40; userIdentity = <502/20/502/3/502>, identifier = com.tarunyadgirkar.prefill.spike.text
2026-09-30 23:29:50.512 Df lsd[86807:c57131] [com.apple.appinstallation:TransactionLog] com.tarunyadgirkar.prefill.spike.textinsert.uitests.xctrunner/Unknown Persona:5:11:1:1:Updating bundle record for app (placeholderMetadata)
2026-09-30 23:29:50.512 Df lsd[86807:c57131] [com.apple.launchservices:default] Created bundleRecordUpdater for app com.tarunyadgirkar.prefill.spike.textinsert.uitests.xctrunner. flags=140000c1202
} for com.tarunyadgirkar.prefill.spike.textinsert.uitests.xctrunner: did not actually need an update, and it was not forced, so skipping
2026-09-30 23:29:50.512 Df lsd[86807:c57131] [com.apple.appinstallation:TransactionLog] com.tarunyadgirkar.prefill.spike.textinsert.uitests.xctrunner/Unknown Persona:5:11:2:1:Updated bundle record (skipped)
    "com.tarunyadgirkar.prefill.spike.textinsert.uitests.xctrunner"
    "com.tarunyadgirkar.prefill.spike.textinsert.uitests.xctrunner"
    "com.tarunyadgirkar.prefill.spike.textinsert.uitests.xctrunner"
    "com.tarunyadgirkar.prefill.spike.textinsert.uitests.xctrunner"
    "com.tarunyadgirkar.prefill.spike.textinsert.uitests.xctrunner"
2026-09-30 23:29:50.513 Df lsd[86807:c57131] [com.apple.appinstallation:TransactionLog] com.tarunyadgirkar.prefill.spike.textinsert.uitests.xctrunner/Unknown Persona:5:11:1:1:Updating bundle record for app (placeholderMetadata)
    "com.tarunyadgirkar.prefill.spike.textinsert.uitests.xctrunner"
    "com.tarunyadgirkar.prefill.spike.textinsert.uitests.xctrunner"
    "com.tarunyadgirkar.prefill.spike.textinsert.uitests.xctrunner"
    "com.tarunyadgirkar.prefill.spike.textinsert.uitests.xctrunner"
    "com.tarunyadgirkar.prefill.spike.textinsert.uitests.xctrunner"
2026-09-30 23:29:50.513 Df lsd[86807:c57131] [com.apple.launchservices:default] Created bundleRecordUpdater for app com.tarunyadgirkar.prefill.spike.textinsert.uitests.xctrunner. flags=140000c1202
} for com.tarunyadgirkar.prefill.spike.textinsert.uitests.xctrunner: did not actually need an update, and it was not forced, so skipping
2026-09-30 23:29:50.513 Df lsd[86807:c57131] [com.apple.appinstallation:TransactionLog] com.tarunyadgirkar.prefill.spike.textinsert.uitests.xctrunner/Unknown Persona:5:11:2:1:Updated bundle record (skipped)
    "com.tarunyadgirkar.prefill.spike.textinsert.uitests.xctrunner"
    "com.tarunyadgirkar.prefill.spike.textinsert.uitests.xctrunner"
    "com.tarunyadgirkar.prefill.spike.textinsert.uitests.xctrunner"
    "com.tarunyadgirkar.prefill.spike.textinsert.uitests.xctrunner"
2026-09-30 23:29:50.514 Df installcoordinationd[87404:c5496e] [com.apple.appinstallation:TransactionLog] com.tarunyadgirkar.prefill.spike.textinsert.uitests.xctrunner/Unknown Persona:5:11:2:1:Updated Placeholder install type with error (null)
2026-09-30 23:29:50.514 Df installcoordinationd[87404:c5496e] [com.apple.appinstallation:TransactionLog] com.tarunyadgirkar.prefill.spike.textinsert.uitests.xctrunner/Unknown Persona:5:11:2:1:Updated PlaceholderMetadata for app with error (null)
    "<LSApplicationProxy: 0x105b4c240> com.tarunyadgirkar.prefill.spike.textinsert.uitests.xctrunner file:///Users/tarunyadgirkar/Library/Developer/CoreSimulator/Devices/CF361191-F960-4212-9B76-7C41256A11C9/data/Containers/Bundle/Application/FCE75FD1-DC83-46A3-8B54-E81518828A1A/com.apple.mobileinsta
2026-09-30 23:29:50.514 Df lsd[86807:c57159] [com.apple.launchservices:progress] Setting progress proportions for com.tarunyadgirkar.prefill.spike.textinsert.uitests.xctrunner to {
    "com.tarunyadgirkar.prefill.spike.textinsert.uitests.xctrunner"
2026-09-30 23:29:50.515 Df installcoordinationd[87404:c5496e] [com.apple.installcoordination:daemon] -[IXSCoordinatedAppInstall _limitedConcurrency_setUpLSProgressForInstallType:progressHint:]: <IXSCoordinatedAppInstall<0x105630000> [P=CoreSimulatorBridge (pid 86784)] identifier:[com.tarunyadgirkar.
    "<LSApplicationProxy: 0x1069e0e40> com.tarunyadgirkar.prefill.spike.textinsert.uitests.xctrunner file:///Users/tarunyadgirkar/Library/Developer/CoreSimulator/Devices/CF361191-F960-4212-9B76-7C41256A11C9/data/Containers/Bundle/Application/FCE75FD1-DC83-46A3-8B54-E81518828A1A/com.apple.mobileinsta
    "<LSApplicationProxy: 0x1039fc000> com.tarunyadgirkar.prefill.spike.textinsert.uitests.xctrunner file:///Users/tarunyadgirkar/Library/Developer/CoreSimulator/Devices/CF361191-F960-4212-9B76-7C41256A11C9/data/Containers/Bundle/Application/FCE75FD1-DC83-46A3-8B54-E81518828A1A/com.apple.mobileinsta
    "<LSApplicationProxy: 0x11fc65440> com.tarunyadgirkar.prefill.spike.textinsert.uitests.xctrunner file:///Users/tarunyadgirkar/Library/Developer/CoreSimulator/Devices/CF361191-F960-4212-9B76-7C41256A11C9/data/Containers/Bundle/Application/FCE75FD1-DC83-46A3-8B54-E81518828A1A/com.apple.mobileinsta
    "<LSApplicationProxy: 0x1062eef40> com.tarunyadgirkar.prefill.spike.textinsert.uitests.xctrunner file:///Users/tarunyadgirkar/Library/Developer/CoreSimulator/Devices/CF361191-F960-4212-9B76-7C41256A11C9/data/Containers/Bundle/Application/FCE75FD1-DC83-46A3-8B54-E81518828A1A/com.apple.mobileinsta
2026-09-30 23:29:50.516 Df SpringBoard[86754:c4e25c] [com.apple.frontboard.ApplicationLibrary:observer] -[FBSApplicationLibrary applicationInstallsDidStart:] com.tarunyadgirkar.prefill.spike.textinsert.uitests.xctrunner
    "<LSApplicationProxy: 0x1063e4540> com.tarunyadgirkar.prefill.spike.textinsert.uitests.xctrunner file:///Users/tarunyadgirkar/Library/Developer/CoreSimulator/Devices/CF361191-F960-4212-9B76-7C41256A11C9/data/Containers/Bundle/Application/FCE75FD1-DC83-46A3-8B54-E81518828A1A/com.apple.mobileinsta
2026-09-30 23:29:50.516 E  SpringBoard[86754:c4e25c] [com.apple.frontboard.ApplicationLibrary:placeholder] Non-demoted placeholder for com.tarunyadgirkar.prefill.spike.textinsert.uitests.xctrunner has no associated NSProgress!
    "<LSApplicationProxy: 0x102281f80> com.tarunyadgirkar.prefill.spike.textinsert.uitests.xctrunner file:///Users/tarunyadgirkar/Library/Developer/CoreSimulator/Devices/CF361191-F960-4212-9B76-7C41256A11C9/data/Containers/Bundle/Application/FCE75FD1-DC83-46A3-8B54-E81518828A1A/com.apple.mobileinsta
    "<LSApplicationProxy: 0x1056f0e40> com.tarunyadgirkar.prefill.spike.textinsert.uitests.xctrunner file:///Users/tarunyadgirkar/Library/Developer/CoreSimulator/Devices/CF361191-F960-4212-9B76-7C41256A11C9/data/Containers/Bundle/Application/FCE75FD1-DC83-46A3-8B54-E81518828A1A/com.apple.mobileinsta
    "<LSApplicationProxy: 0x101db80c0> com.tarunyadgirkar.prefill.spike.textinsert.uitests.xctrunner file:///Users/tarunyadgirkar/Library/Developer/CoreSimulator/Devices/CF361191-F960-4212-9B76-7C41256A11C9/data/Containers/Bundle/Application/FCE75FD1-DC83-46A3-8B54-E81518828A1A/com.apple.mobileinsta
    "<LSApplicationProxy: 0x101db0000> com.tarunyadgirkar.prefill.spike.textinsert.uitests.xctrunner file:///Users/tarunyadgirkar/Library/Developer/CoreSimulator/Devices/CF361191-F960-4212-9B76-7C41256A11C9/data/Containers/Bundle/Application/FCE75FD1-DC83-46A3-8B54-E81518828A1A/com.apple.mobileinsta
    "<LSApplicationProxy: 0x105ab40c0> com.tarunyadgirkar.prefill.spike.textinsert.uitests.xctrunner file:///Users/tarunyadgirkar/Library/Developer/CoreSimulator/Devices/CF361191-F960-4212-9B76-7C41256A11C9/data/Containers/Bundle/Application/FCE75FD1-DC83-46A3-8B54-E81518828A1A/com.apple.mobileinsta
    "<LSApplicationProxy: 0x105b04000> com.tarunyadgirkar.prefill.spike.textinsert.uitests.xctrunner file:///Users/tarunyadgirkar/Library/Developer/CoreSimulator/Devices/CF361191-F960-4212-9B76-7C41256A11C9/data/Containers/Bundle/Application/FCE75FD1-DC83-46A3-8B54-E81518828A1A/com.apple.mobileinsta
        "com.tarunyadgirkar.prefill.spike.textinsert.uitests.xctrunner"
    "<LSApplicationProxy: 0x1059558c0> com.tarunyadgirkar.prefill.spike.textinsert.uitests.xctrunner file:///Users/tarunyadgirkar/Library/Developer/CoreSimulator/Devices/CF361191-F960-4212-9B76-7C41256A11C9/data/Containers/Bundle/Application/FCE75FD1-DC83-46A3-8B54-E81518828A1A/com.apple.mobileinsta
    "<LSApplicationProxy: 0x105a240c0> com.tarunyadgirkar.prefill.spike.textinsert.uitests.xctrunner file:///Users/tarunyadgirkar/Library/Developer/CoreSimulator/Devices/CF361191-F960-4212-9B76-7C41256A11C9/data/Containers/Bundle/Application/FCE75FD1-DC83-46A3-8B54-E81518828A1A/com.apple.mobileinsta
2026-09-30 23:29:50.518 Df lsd[86807:c56254] [com.apple.launchservices:progress] Updating installPhase for <NSProgress: com.tarunyadgirkar.prefill.spike.textinsert.uitests.xctrunner phase=InstallingPlaceholder; state=Finished; finalPhase=Installing; fractionCompleted=0.000000> to 0
2026-09-30 23:29:50.518 Df lsd[86807:c56254] [com.apple.launchservices:progress] Parent progress for installation <NSProgress: com.tarunyadgirkar.prefill.spike.textinsert.uitests.xctrunner phase=Loading; state=Finished; finalPhase=Installing; fractionCompleted=0.000000>, adding phase 0
2026-09-30 23:29:50.518 Df lsd[86807:c56254] [com.apple.launchservices:progress] #LSInstallProgressList add subscriber: <_NSProgressSubscriber: 0x107440c00> publishingString: com.tarunyadgirkar.prefill.spike.textinsert.uitests.xctrunner.Loading
2026-09-30 23:29:50.518 Df lsd[86807:c56254] [com.apple.launchservices:progress] Subscribing to com.tarunyadgirkar.prefill.spike.textinsert.uitests.xctrunner.Loading
        "com.tarunyadgirkar.prefill.spike.textinsert.uitests.xctrunner"
2026-09-30 23:29:50.518 Df installcoordinationd[87404:c5496e] [com.apple.launchservices:progress] Published install progress <NSProgress: com.tarunyadgirkar.prefill.spike.textinsert.uitests.xctrunner.Loading phase=Loading; state=Waiting; finalPhase=Installing; fractionCompleted=0.000000>
com.tarunyadgirkar.prefill.spike.textinsert.uitests.xctrunner
2026-09-30 23:29:50.519 Df appprotectiond[86773:c57150] [com.apple.appprotection:server] processing settings authority event: SettingsAuthorityEvent.promotePreferenceFromProvisionalForApplication(com.tarunyadgirkar.prefill.spike.textinsert.uitests.xctrunner)
2026-09-30 23:29:50.519 Df CoreSimulatorBridge[86784:c570f5] [com.apple.installcoordination:framework] -[IXAppInstallCoordinator _clientDelegate_didUpdateProgress:forPhase:overallProgress:]: <IXUpdatingAppInstallCoordinator<0x101881e40> identity:[com.tarunyadgirkar.prefill.spike.textinsert.uitests.x
2026-09-30 23:29:50.519 Df lsd[86807:c335ee] [com.apple.launchservices:progress] unsubscribing from com.tarunyadgirkar.prefill.spike.textinsert.uitests.xctrunner.Loading as it was unpublished
2026-09-30 23:29:50.519 Df CoreSimulatorBridge[86784:c570f5] [com.apple.installcoordination:framework] -[IXAppInstallCoordinator _clientDelegate_didUpdateProgress:forPhase:overallProgress:]_block_invoke: <IXUpdatingAppInstallCoordinator<0x101881e40> identity:[com.tarunyadgirkar.prefill.spike.textins
2026-09-30 23:29:50.519 Df lsd[86807:c335ee] [com.apple.launchservices:progress] #LSInstallProgressList remove subscriber: <_NSProgressSubscriber: 0x107440c00> publishingString: com.tarunyadgirkar.prefill.spike.textinsert.uitests.xctrunner.Loading
2026-09-30 23:29:50.520 Df lsd[86807:c57142] [com.apple.launchservices:progress] Updating installPhase for <NSProgress: com.tarunyadgirkar.prefill.spike.textinsert.uitests.xctrunner phase=Loading; state=Active; finalPhase=Installing; fractionCompleted=0.600000> to 1
2026-09-30 23:29:50.520 Df lsd[86807:c57142] [com.apple.launchservices:progress] Parent progress for installation <NSProgress: com.tarunyadgirkar.prefill.spike.textinsert.uitests.xctrunner phase=Installing; state=Active; finalPhase=Installing; fractionCompleted=0.600000>, adding phase 1
2026-09-30 23:29:50.520 Df lsd[86807:c57142] [com.apple.launchservices:progress] #LSInstallProgressList add subscriber: <_NSProgressSubscriber: 0x107440090> publishingString: com.tarunyadgirkar.prefill.spike.textinsert.uitests.xctrunner.Installing
2026-09-30 23:29:50.520 Df lsd[86807:c57142] [com.apple.launchservices:progress] Subscribing to com.tarunyadgirkar.prefill.spike.textinsert.uitests.xctrunner.Installing
2026-09-30 23:29:50.521 Df installcoordinationd[87404:c570f7] [com.apple.launchservices:progress] Published install progress <NSProgress: com.tarunyadgirkar.prefill.spike.textinsert.uitests.xctrunner.Installing phase=Installing; state=Waiting; finalPhase=Installing; fractionCompleted=0.000000>
2026-09-30 23:29:50.521 Df lsd[86807:c56254] [com.apple.launchservices:progress] connection from 87404 sending notification 4 for com.tarunyadgirkar.prefill.spike.textinsert.uitests.xctrunner
com.tarunyadgirkar.prefill.spike.textinsert.uitests.xctrunner
com.tarunyadgirkar.prefill.spike.textinsert.uitests.xctrunner
    "<LSApplicationProxy: 0x10b11cfc0> com.tarunyadgirkar.prefill.spike.textinsert.uitests.xctrunner file:///Users/tarunyadgirkar/Library/Developer/CoreSimulator/Devices/CF361191-F960-4212-9B76-7C41256A11C9/data/Containers/Bundle/Application/FCE75FD1-DC83-46A3-8B54-E81518828A1A/com.apple.mobileinsta
2026-09-30 23:29:50.524 Df SpringBoard[86754:c4e25c] [com.apple.frontboard.ApplicationLibrary:observer] -[FBSApplicationLibrary applicationsWillInstall:] com.tarunyadgirkar.prefill.spike.textinsert.uitests.xctrunner
2026-09-30 23:29:50.524 Df linkd[87064:c57138] [com.apple.appintents:IndexCoordinator] Ignoring isPlaceholder for com.tarunyadgirkar.prefill.spike.textinsert.uitests.xctrunner
        "com.tarunyadgirkar.prefill.spike.textinsert.uitests.xctrunner"
    "<LSApplicationProxy: 0x10419cfc0> com.tarunyadgirkar.prefill.spike.textinsert.uitests.xctrunner file:///Users/tarunyadgirkar/Library/Developer/CoreSimulator/Devices/CF361191-F960-4212-9B76-7C41256A11C9/data/Containers/Bundle/Application/FCE75FD1-DC83-46A3-8B54-E81518828A1A/com.apple.mobileinsta
    "com.tarunyadgirkar.prefill.spike.textinsert.uitests.xctrunner"
    "<LSApplicationProxy: 0x10419d080> com.tarunyadgirkar.prefill.spike.textinsert.uitests.xctrunner file:///Users/tarunyadgirkar/Library/Developer/CoreSimulator/Devices/CF361191-F960-4212-9B76-7C41256A11C9/data/Containers/Bundle/Application/FCE75FD1-DC83-46A3-8B54-E81518828A1A/com.apple.mobileinsta
    "<LSApplicationProxy: 0x10ccda040> com.tarunyadgirkar.prefill.spike.textinsert.uitests.xctrunner file:///Users/tarunyadgirkar/Library/Developer/CoreSimulator/Devices/CF361191-F960-4212-9B76-7C41256A11C9/data/Containers/Bundle/Application/FCE75FD1-DC83-46A3-8B54-E81518828A1A/com.apple.mobileinsta
    "com.tarunyadgirkar.prefill.spike.textinsert.uitests.xctrunner"
    "<LSApplicationProxy: 0x10b1ed080> com.tarunyadgirkar.prefill.spike.textinsert.uitests.xctrunner file:///Users/tarunyadgirkar/Library/Developer/CoreSimulator/Devices/CF361191-F960-4212-9B76-7C41256A11C9/data/Containers/Bundle/Application/FCE75FD1-DC83-46A3-8B54-E81518828A1A/com.apple.mobileinsta
    "com.tarunyadgirkar.prefill.spike.textinsert.uitests.xctrunner"
    "<LSApplicationProxy: 0x10ccd9f80> com.tarunyadgirkar.prefill.spike.textinsert.uitests.xctrunner file:///Users/tarunyadgirkar/Library/Developer/CoreSimulator/Devices/CF361191-F960-4212-9B76-7C41256A11C9/data/Containers/Bundle/Application/FCE75FD1-DC83-46A3-8B54-E81518828A1A/com.apple.mobileinsta
    "<LSApplicationProxy: 0x10b1ecf00> com.tarunyadgirkar.prefill.spike.textinsert.uitests.xctrunner file:///Users/tarunyadgirkar/Library/Developer/CoreSimulator/Devices/CF361191-F960-4212-9B76-7C41256A11C9/data/Containers/Bundle/Application/FCE75FD1-DC83-46A3-8B54-E81518828A1A/com.apple.mobileinsta
2026-09-30 23:29:50.531 Df CoreSimulatorBridge[86784:c570f4] [com.apple.installcoordination:framework] -[IXAppInstallCoordinator _clientDelegate_didUpdateProgress:forPhase:overallProgress:]: <IXUpdatingAppInstallCoordinator<0x101881e40> identity:[com.tarunyadgirkar.prefill.spike.textinsert.uitests.x
2026-09-30 23:29:50.531 Df CoreSimulatorBridge[86784:c570f4] [com.apple.installcoordination:framework] -[IXAppInstallCoordinator _clientDelegate_didUpdateProgress:forPhase:overallProgress:]: <IXUpdatingAppInstallCoordinator<0x101881e40> identity:[com.tarunyadgirkar.prefill.spike.textinsert.uitests.x
2026-09-30 23:29:50.531 Df CoreSimulatorBridge[86784:c570f5] [com.apple.installcoordination:framework] -[IXAppInstallCoordinator _clientDelegate_didUpdateProgress:forPhase:overallProgress:]_block_invoke: <IXUpdatingAppInstallCoordinator<0x101881e40> identity:[com.tarunyadgirkar.prefill.spike.textins
2026-09-30 23:29:50.531 Df CoreSimulatorBridge[86784:c570f5] [com.apple.installcoordination:framework] -[IXAppInstallCoordinator _clientDelegate_didUpdateProgress:forPhase:overallProgress:]_block_invoke: <IXUpdatingAppInstallCoordinator<0x101881e40> identity:[com.tarunyadgirkar.prefill.spike.textins
2026-09-30 23:29:50.531 Df CoreSimulatorBridge[86784:c570f5] [com.apple.installcoordination:framework] -[IXAppInstallCoordinator _clientDelegate_didUpdateProgress:forPhase:overallProgress:]: <IXUpdatingAppInstallCoordinator<0x101881e40> identity:[com.tarunyadgirkar.prefill.spike.textinsert.uitests.x
2026-09-30 23:29:50.531 Df CoreSimulatorBridge[86784:c570f5] [com.apple.installcoordination:framework] -[IXAppInstallCoordinator _clientDelegate_didUpdateProgress:forPhase:overallProgress:]_block_invoke: <IXUpdatingAppInstallCoordinator<0x101881e40> identity:[com.tarunyadgirkar.prefill.spike.textins
2026-09-30 23:29:50.533 Df installd[87431:c54978] [com.apple.containermanager:xpc] Query; euid = 502, uid = 502, class = 1, identifier = [com.tarunyadgirkar.prefill.spike.textinsert.uitests.xctrunner](1), gidentifier = [(null)](0), flags = 300000002
2026-09-30 23:29:50.533 Df containermanagerd_system[86802:c57121] [com.apple.containermanager:query] Selected query plan; plan = <MCMCommandQueryPlanWithIdentities; identities = [<MCMContainerIdentity: 0x10385ca40; userIdentity = <502/20/502/3/502>, identifier = com.tarunyadgirkar.prefill.spike.text
2026-09-30 23:29:50.534 Df installd[87431:c54978] [com.apple.containermanager:xpc] Query; euid = 502, uid = 502, class = 1, identifier = [com.tarunyadgirkar.prefill.spike.textinsert.uitests.xctrunner](1), gidentifier = [(null)](0), flags = 300000002
2026-09-30 23:29:50.534 Df containermanagerd_system[86802:c57121] [com.apple.containermanager:query] Selected query plan; plan = <MCMCommandQueryPlanWithIdentities; identities = [<MCMContainerIdentity: 0x10385ca40; userIdentity = <502/20/502/3/502>, identifier = com.tarunyadgirkar.prefill.spike.text
    "<LSApplicationProxy: 0x105f483c0> com.tarunyadgirkar.prefill.spike.textinsert.uitests.xctrunner file:///Users/tarunyadgirkar/Library/Developer/CoreSimulator/Devices/CF361191-F960-4212-9B76-7C41256A11C9/data/Containers/Bundle/Application/FCE75FD1-DC83-46A3-8B54-E81518828A1A/com.apple.mobileinsta
    "com.tarunyadgirkar.prefill.spike.textinsert.uitests.xctrunner"
2026-09-30 23:29:50.537 Df installd[87431:c54978] [com.apple.containermanager:xpc] Query; euid = 502, uid = 502, class = 1, identifier = [com.tarunyadgirkar.prefill.spike.textinsert.uitests.xctrunner](1), gidentifier = [(null)](0), flags = 300000002
2026-09-30 23:29:50.537 Df installcoordinationd[87404:c5496e] [com.apple.installcoordination:daemon] -[IXSCoordinatorProgress setTotalUnitsCompleted:]: Progress for coordinator: [com.tarunyadgirkar.prefill.spike.textinsert.uitests.xctrunner/Invalid/[system-defined]], Phase: IXCoordinatorProgressPhas
2026-09-30 23:29:50.537 Df containermanagerd_system[86802:c57121] [com.apple.containermanager:query] Selected query plan; plan = <MCMCommandQueryPlanWithIdentities; identities = [<MCMContainerIdentity: 0x10385ca40; userIdentity = <502/20/502/3/502>, identifier = com.tarunyadgirkar.prefill.spike.text
2026-09-30 23:29:50.538 Df installd[87431:c54978] [com.apple.containermanager:xpc] Query; euid = 502, uid = 502, class = 1, identifier = [com.tarunyadgirkar.prefill.spike.textinsert.uitests.xctrunner](1), gidentifier = [(null)](0), flags = 300000002
2026-09-30 23:29:50.538 Df containermanagerd_system[86802:c57121] [com.apple.containermanager:query] Selected query plan; plan = <MCMCommandQueryPlanWithIdentities; identities = [<MCMContainerIdentity: 0x10385ca40; userIdentity = <502/20/502/3/502>, identifier = com.tarunyadgirkar.prefill.spike.text
com.tarunyadgirkar.prefill.spike.textinsert.uitests.xctrunner
com.tarunyadgirkar.prefill.spike.textinsert.uitests.xctrunner
2026-09-30 23:29:50.542 Df installd[87431:c54978] (MobileSystemServices) 0x16ef8f000 -[MIInstaller _installInstallable:containingSymlink:error:]: Installing <MIInstallableBundle ID=com.tarunyadgirkar.prefill.spike.textinsert.uitests.xctrunner; Persona=com.apple.containermanager.primary-persona, Vers
2026-09-30 23:29:50.542 Df installd[87431:c54978] [com.apple.appinstallation:TransactionLog] com.tarunyadgirkar.prefill.spike.textinsert.uitests.xctrunner/com.apple.containermanager.primary-persona:7:1:1:1:Start : Install (Patch Update)
    "<LSApplicationProxy: 0x106579740> com.tarunyadgirkar.prefill.spike.textinsert.uitests.xctrunner file:///Users/tarunyadgirkar/Library/Developer/CoreSimulator/Devices/CF361191-F960-4212-9B76-7C41256A11C9/data/Containers/Bundle/Application/FCE75FD1-DC83-46A3-8B54-E81518828A1A/com.apple.mobileinsta
2026-09-30 23:29:50.542 Df installd[87431:c54978] (MobileSystemServices) 0x16ef8f000 -[MIInstallable applyPatchWithError:]: Attempting Delta patch update of com.tarunyadgirkar.prefill.spike.textinsert.uitests.xctrunner from 1 (1.0) to 1 (1.0)
    "com.tarunyadgirkar.prefill.spike.textinsert.uitests.xctrunner"
2026-09-30 23:29:50.543 Df CoreSimulatorBridge[86784:c570ed] [com.apple.installcoordination:framework] -[IXAppInstallCoordinator _clientDelegate_didUpdateProgress:forPhase:overallProgress:]: <IXUpdatingAppInstallCoordinator<0x101881e40> identity:[com.tarunyadgirkar.prefill.spike.textinsert.uitests.x
2026-09-30 23:29:50.543 Df CoreSimulatorBridge[86784:c570ed] [com.apple.installcoordination:framework] -[IXAppInstallCoordinator _clientDelegate_didUpdateProgress:forPhase:overallProgress:]: <IXUpdatingAppInstallCoordinator<0x101881e40> identity:[com.tarunyadgirkar.prefill.spike.textinsert.uitests.x
2026-09-30 23:29:50.543 Df CoreSimulatorBridge[86784:c570ed] [com.apple.installcoordination:framework] -[IXAppInstallCoordinator _clientDelegate_didUpdateProgress:forPhase:overallProgress:]_block_invoke: <IXUpdatingAppInstallCoordinator<0x101881e40> identity:[com.tarunyadgirkar.prefill.spike.textins
2026-09-30 23:29:50.543 Df CoreSimulatorBridge[86784:c570ed] [com.apple.installcoordination:framework] -[IXAppInstallCoordinator _clientDelegate_didUpdateProgress:forPhase:overallProgress:]_block_invoke: <IXUpdatingAppInstallCoordinator<0x101881e40> identity:[com.tarunyadgirkar.prefill.spike.textins
2026-09-30 23:29:50.543 Df SpringBoard[86754:c334f8] [com.apple.appinstallation:TransactionLog] com.tarunyadgirkar.prefill.spike.textinsert.uitests.xctrunner/Unknown Persona:10:1:3:1:Created icon for placeholder.
    "<LSApplicationProxy: 0x106579d40> com.tarunyadgirkar.prefill.spike.textinsert.uitests.xctrunner file:///Users/tarunyadgirkar/Library/Developer/CoreSimulator/Devices/CF361191-F960-4212-9B76-7C41256A11C9/data/Containers/Bundle/Application/FCE75FD1-DC83-46A3-8B54-E81518828A1A/com.apple.mobileinsta
    "<LSApplicationProxy: 0x105d90a80> com.tarunyadgirkar.prefill.spike.textinsert.uitests.xctrunner file:///Users/tarunyadgirkar/Library/Developer/CoreSimulator/Devices/CF361191-F960-4212-9B76-7C41256A11C9/data/Containers/Bundle/Application/FCE75FD1-DC83-46A3-8B54-E81518828A1A/com.apple.mobileinsta
    "com.tarunyadgirkar.prefill.spike.textinsert.uitests.xctrunner"
    "<LSApplicationProxy: 0x105d90540> com.tarunyadgirkar.prefill.spike.textinsert.uitests.xctrunner file:///Users/tarunyadgirkar/Library/Developer/CoreSimulator/Devices/CF361191-F960-4212-9B76-7C41256A11C9/data/Containers/Bundle/Application/FCE75FD1-DC83-46A3-8B54-E81518828A1A/com.apple.mobileinsta
2026-09-30 23:29:50.548 Df installd[87431:c54978] [com.apple.containermanager:query] Query; personaid = 4294967295, type = NOPERSONA, name = <unknown>, origin [pid = 0, personaid = 0], proximate [pid = 0, personaid = 0], euid = 502, uid = 502, class = 4, identifier = [com.tarunyadgirkar.prefill.spik
2026-09-30 23:29:50.549 Df containermanagerd[86809:c35626] [com.apple.containermanager:query] Selected query plan; plan = <MCMCommandQueryPlanWithIdentities; identities = [<MCMContainerIdentity: 0x10386a5c0; userIdentity = <502/20/502/2/502>, identifier = com.tarunyadgirkar.prefill.spike.textinsert.
2026-09-30 23:29:50.549 Df CoreSimulatorBridge[86784:c570f5] [com.apple.installcoordination:framework] -[IXAppInstallCoordinator _clientDelegate_didUpdateProgress:forPhase:overallProgress:]: <IXUpdatingAppInstallCoordinator<0x101881e40> identity:[com.tarunyadgirkar.prefill.spike.textinsert.uitests.x
2026-09-30 23:29:50.549 Df CoreSimulatorBridge[86784:c570f5] [com.apple.installcoordination:framework] -[IXAppInstallCoordinator _clientDelegate_didUpdateProgress:forPhase:overallProgress:]_block_invoke: <IXUpdatingAppInstallCoordinator<0x101881e40> identity:[com.tarunyadgirkar.prefill.spike.textins
2026-09-30 23:29:50.549 Df installd[87431:c54978] [com.apple.containermanager:query] Query; personaid = 4294967295, type = NOPERSONA, name = <unknown>, origin [pid = 0, personaid = 0], proximate [pid = 0, personaid = 0], euid = 502, uid = 502, class = 4, identifier = [com.tarunyadgirkar.prefill.spik
2026-09-30 23:29:50.549 Df containermanagerd[86809:c35626] [com.apple.containermanager:query] Selected query plan; plan = <MCMCommandQueryPlanWithIdentities; identities = [<MCMContainerIdentity: 0x10386a5c0; userIdentity = <502/20/502/2/502>, identifier = com.tarunyadgirkar.prefill.spike.textinsert.
2026-09-30 23:29:50.550 Df installd[87431:c54978] [com.apple.containermanager:xpc] Query; euid = 502, uid = 502, class = 1T, identifier = [com.tarunyadgirkar.prefill.spike.textinsert.uitests.xctrunner](1), gidentifier = [(null)](0), flags = 300000003
2026-09-30 23:29:50.550 Df containermanagerd_system[86802:c57121] [com.apple.containermanager:query] Selected query plan; plan = <MCMCommandQueryPlanWithIdentities; identities = [<MCMContainerIdentity: 0x10385ca40; userIdentity = <502/20/502/3/502>, identifier = com.tarunyadgirkar.prefill.spike.text
2026-09-30 23:29:50.550 Df CoreSimulatorBridge[86784:c570f5] [com.apple.installcoordination:framework] -[IXAppInstallCoordinator _clientDelegate_didUpdateProgress:forPhase:overallProgress:]: <IXUpdatingAppInstallCoordinator<0x101881e40> identity:[com.tarunyadgirkar.prefill.spike.textinsert.uitests.x
2026-09-30 23:29:50.550 Df CoreSimulatorBridge[86784:c570f5] [com.apple.installcoordination:framework] -[IXAppInstallCoordinator _clientDelegate_didUpdateProgress:forPhase:overallProgress:]_block_invoke: <IXUpdatingAppInstallCoordinator<0x101881e40> identity:[com.tarunyadgirkar.prefill.spike.textins
2026-09-30 23:29:50.551 E  containermanagerd_system[86802:c57121] [com.apple.containermanager:schema] [com.tarunyadgirkar.prefill.spike.textinsert.uitests.xctrunner(app)] Current schema version (1) is newer than the latest (0), ignoring.
2026-09-30 23:29:50.551 Df containermanagerd_system[86802:c57121] [com.apple.containermanager:schema] [u 1C828B8E-67E1-446E-9628-DAFB175B59A4:p 🔒5884102C-E44C-4F8A-9EB2-011103BCD1A6:c com.tarunyadgirkar.prefill.spike.textinsert.uitests.xctrunner(app):i28038511] Successfully updated schema from (0
2026-09-30 23:29:50.552 Df installd[87431:c54978] [com.apple.containermanager:xpc] Query; euid = 502, uid = 502, class = 1T, identifier = [com.tarunyadgirkar.prefill.spike.textinsert.uitests.xctrunner](1), gidentifier = [(null)](0), flags = 300000002
2026-09-30 23:29:50.552 Df containermanagerd_system[86802:c57121] [com.apple.containermanager:query] Selected query plan; plan = <MCMCommandQueryPlanWithIdentities; identities = [<MCMContainerIdentity: 0x10385ca40; userIdentity = <502/20/502/3/502>, identifier = com.tarunyadgirkar.prefill.spike.text
    "<LSApplicationProxy: 0x105dc9080> com.tarunyadgirkar.prefill.spike.textinsert.uitests.xctrunner file:///Users/tarunyadgirkar/Library/Developer/CoreSimulator/Devices/CF361191-F960-4212-9B76-7C41256A11C9/data/Containers/Bundle/Application/FCE75FD1-DC83-46A3-8B54-E81518828A1A/com.apple.mobileinsta
2026-09-30 23:29:50.553 Df SpringBoard[86754:c334f8] [com.apple.launchservices:progress] Got progress <NSProgress: com.tarunyadgirkar.prefill.spike.textinsert.uitests.xctrunner phase=InstallingPlaceholder; state=Finished; finalPhase=Installing; fractionCompleted=0.000000> for app com.tarunyadgirkar.
    "com.tarunyadgirkar.prefill.spike.textinsert.uitests.xctrunner"
2026-09-30 23:29:50.553 Df CoreSimulatorBridge[86784:c570ed] [com.apple.installcoordination:framework] -[IXAppInstallCoordinator _clientDelegate_didUpdateProgress:forPhase:overallProgress:]: <IXUpdatingAppInstallCoordinator<0x101881e40> identity:[com.tarunyadgirkar.prefill.spike.textinsert.uitests.x
2026-09-30 23:29:50.553 Df CoreSimulatorBridge[86784:c570ed] [com.apple.installcoordination:framework] -[IXAppInstallCoordinator _clientDelegate_didUpdateProgress:forPhase:overallProgress:]_block_invoke: <IXUpdatingAppInstallCoordinator<0x101881e40> identity:[com.tarunyadgirkar.prefill.spike.textins
    "<LSApplicationProxy: 0x105dc9140> com.tarunyadgirkar.prefill.spike.textinsert.uitests.xctrunner file:///Users/tarunyadgirkar/Library/Developer/CoreSimulator/Devices/CF361191-F960-4212-9B76-7C41256A11C9/data/Containers/Bundle/Application/FCE75FD1-DC83-46A3-8B54-E81518828A1A/com.apple.mobileinsta
2026-09-30 23:29:50.555 Df installd[87431:c54978] [com.apple.containermanager:query] Query; personaid = 4294967295, type = NOPERSONA, name = <unknown>, origin [pid = 0, personaid = 0], proximate [pid = 0, personaid = 0], euid = 502, uid = 502, class = 2, identifier = [com.tarunyadgirkar.prefill.spik
2026-09-30 23:29:50.556 Df containermanagerd[86809:c35626] [com.apple.containermanager:query] Selected query plan; plan = <MCMCommandQueryPlanWithIdentities; identities = [<MCMContainerIdentity: 0x10386a5c0; userIdentity = <502/20/502/2/502>, identifier = com.tarunyadgirkar.prefill.spike.textinsert.
2026-09-30 23:29:50.556 Df CoreSimulatorBridge[86784:c570f5] [com.apple.installcoordination:framework] -[IXAppInstallCoordinator _clientDelegate_didUpdateProgress:forPhase:overallProgress:]: <IXUpdatingAppInstallCoordinator<0x101881e40> identity:[com.tarunyadgirkar.prefill.spike.textinsert.uitests.x
2026-09-30 23:29:50.556 Df CoreSimulatorBridge[86784:c570f5] [com.apple.installcoordination:framework] -[IXAppInstallCoordinator _clientDelegate_didUpdateProgress:forPhase:overallProgress:]_block_invoke: <IXUpdatingAppInstallCoordinator<0x101881e40> identity:[com.tarunyadgirkar.prefill.spike.textins
2026-09-30 23:29:50.556 Df installd[87431:c54978] [com.apple.containermanager:query] Query; personaid = 4294967295, type = NOPERSONA, name = <unknown>, origin [pid = 0, personaid = 0], proximate [pid = 0, personaid = 0], euid = 502, uid = 502, class = 2, identifier = [com.tarunyadgirkar.prefill.spik
2026-09-30 23:29:50.557 Df containermanagerd[86809:c35626] [com.apple.containermanager:query] Selected query plan; plan = <MCMCommandQueryPlanWithIdentities; identities = [<MCMContainerIdentity: 0x10386a5c0; userIdentity = <502/20/502/2/502>, identifier = com.tarunyadgirkar.prefill.spike.textinsert.
    "<LSApplicationProxy: 0x107ca4000> com.tarunyadgirkar.prefill.spike.textinsert.uitests.xctrunner file:///Users/tarunyadgirkar/Library/Developer/CoreSimulator/Devices/CF361191-F960-4212-9B76-7C41256A11C9/data/Containers/Bundle/Application/FCE75FD1-DC83-46A3-8B54-E81518828A1A/com.apple.mobileinsta
    "com.tarunyadgirkar.prefill.spike.textinsert.uitests.xctrunner"
    "<LSApplicationProxy: 0x107ca40c0> com.tarunyadgirkar.prefill.spike.textinsert.uitests.xctrunner file:///Users/tarunyadgirkar/Library/Developer/CoreSimulator/Devices/CF361191-F960-4212-9B76-7C41256A11C9/data/Containers/Bundle/Application/FCE75FD1-DC83-46A3-8B54-E81518828A1A/com.apple.mobileinsta
        "com.tarunyadgirkar.prefill.spike.textinsert.uitests.xctrunner"
2026-09-30 23:29:50.565 Df SpringBoard[86754:c334f8] [com.apple.appinstallation:TransactionLog] com.tarunyadgirkar.prefill.spike.textinsert.uitests.xctrunner/Unknown Persona:10:2:3:1:Reloading icon image.
2026-09-30 23:29:50.565 Df SpringBoard[86754:c334f8] [com.apple.SpringBoard:Icon] Reload icon image of com.tarunyadgirkar.prefill.spike.textinsert.uitests.xctrunner for reason 'active data source did generate image'
2026-09-30 23:29:50.565 Df CoreSimulatorBridge[86784:c570ed] [com.apple.installcoordination:framework] -[IXAppInstallCoordinator _clientDelegate_didUpdateProgress:forPhase:overallProgress:]: <IXUpdatingAppInstallCoordinator<0x101881e40> identity:[com.tarunyadgirkar.prefill.spike.textinsert.uitests.x
2026-09-30 23:29:50.565 Df CoreSimulatorBridge[86784:c570ed] [com.apple.installcoordination:framework] -[IXAppInstallCoordinator _clientDelegate_didUpdateProgress:forPhase:overallProgress:]_block_invoke: <IXUpdatingAppInstallCoordinator<0x101881e40> identity:[com.tarunyadgirkar.prefill.spike.textins
2026-09-30 23:29:50.567 Df installd[87431:c54978] (MobileSystemServices) 0x16ef8f000 -[MIInstallationJournalEntry _refreshUUIDForContainer:withError:]: Data container for com.tarunyadgirkar.prefill.spike.textinsert.uitests.xctrunner is now at /Users/tarunyadgirkar/Library/Developer/CoreSimulator/Dev
2026-09-30 23:29:50.568 Df containermanagerd[86809:c35626] [com.apple.containermanager:schema] [u 2787B430-6632-4649-8F75-C729C6020925:p 🔒F550E4CA-61EB-4A16-B90C-120583228C87:c com.tarunyadgirkar.prefill.spike.textinsert.uitests.xctrunner(appData):i0] Successfully updated schema from (0) → (1),
2026-09-30 23:29:50.568 Df installd[87431:c54978] [com.apple.containermanager:unspecified] Replace; old = [app:com.tarunyadgirkar.prefill.spike.textinsert.uitests.xctrunner:502::(2EE85601-9287-423D-8F45-9B14F5CA42AA):{502:20:u+rwx,g+rx,o+rx}], new = [temp-app:com.tarunyadgirkar.prefill.spike.textins
2026-09-30 23:29:50.573 Df installd[87431:c54978] [com.apple.containermanager:xpc] Query; euid = 502, uid = 502, class = 1, identifier = [com.tarunyadgirkar.prefill.spike.textinsert.uitests.xctrunner](1), gidentifier = [(null)](0), flags = 300000002
2026-09-30 23:29:50.574 Df containermanagerd_system[86802:c57121] [com.apple.containermanager:query] Selected query plan; plan = <MCMCommandQueryPlanWithIdentities; identities = [<MCMContainerIdentity: 0x10385e5c0; userIdentity = <502/20/502/3/502>, identifier = com.tarunyadgirkar.prefill.spike.text
2026-09-30 23:29:50.574 Df installd[87431:c54978] (MobileSystemServices) 0x16ef8f000 -[MIContainer makeContainerLiveReplacingContainer:reason:waitForDeletion:withError:]: Made container live for com.tarunyadgirkar.prefill.spike.textinsert.uitests.xctrunner at /Users/tarunyadgirkar/Library/Developer/
2026-09-30 23:29:50.575 Df installd[87431:c54978] [com.apple.containermanager:xpc] Query; euid = 502, uid = 502, class = 1, identifier = [com.tarunyadgirkar.prefill.spike.textinsert.uitests.xctrunner](1), gidentifier = [(null)](0), flags = 300000002
2026-09-30 23:29:50.575 Df containermanagerd_system[86802:c57121] [com.apple.containermanager:query] Selected query plan; plan = <MCMCommandQueryPlanWithIdentities; identities = [<MCMContainerIdentity: 0x10385e5c0; userIdentity = <502/20/502/3/502>, identifier = com.tarunyadgirkar.prefill.spike.text
2026-09-30 23:29:50.577 Df CoreSimulatorBridge[86784:c570f5] [com.apple.installcoordination:framework] -[IXAppInstallCoordinator _clientDelegate_didUpdateProgress:forPhase:overallProgress:]: <IXUpdatingAppInstallCoordinator<0x101881e40> identity:[com.tarunyadgirkar.prefill.spike.textinsert.uitests.x
2026-09-30 23:29:50.577 Df CoreSimulatorBridge[86784:c570f5] [com.apple.installcoordination:framework] -[IXAppInstallCoordinator _clientDelegate_didUpdateProgress:forPhase:overallProgress:]_block_invoke: <IXUpdatingAppInstallCoordinator<0x101881e40> identity:[com.tarunyadgirkar.prefill.spike.textins
2026-09-30 23:29:50.578 Df installd[87431:c54978] [com.apple.containermanager:unspecified] Requesting disk usage; class = 1, identifier = com.tarunyadgirkar.prefill.spike.textinsert.uitests.xctrunner
    "<LSApplicationProxy: 0x105f48180> com.tarunyadgirkar.prefill.spike.textinsert.uitests.xctrunner file:///Users/tarunyadgirkar/Library/Developer/CoreSimulator/Devices/CF361191-F960-4212-9B76-7C41256A11C9/data/Containers/Bundle/Application/FCE75FD1-DC83-46A3-8B54-E81518828A1A/com.apple.mobileinsta
        "com.tarunyadgirkar.prefill.spike.textinsert.uitests.xctrunner"
2026-09-30 23:29:50.580 Df installd[87431:c54978] [com.apple.containermanager:query] Query; personaid = 4294967295, type = NOPERSONA, name = <unknown>, origin [pid = 0, personaid = 0], proximate [pid = 0, personaid = 0], euid = 502, uid = 502, class = 7, identifier = [com.tarunyadgirkar.prefill.spik
    "<LSApplicationProxy: 0x101a94000> com.tarunyadgirkar.prefill.spike.textinsert.uitests.xctrunner file:///Users/tarunyadgirkar/Library/Developer/CoreSimulator/Devices/CF361191-F960-4212-9B76-7C41256A11C9/data/Containers/Bundle/Application/FCE75FD1-DC83-46A3-8B54-E81518828A1A/com.apple.mobileinsta
2026-09-30 23:29:50.581 Df MobileSafari[11061:c5647c] [com.apple.PlugInKit:discovery] [d 44F3A79E-66BD-400D-9FE0-5416B783764D] <PKHost:0x104b523c0> Beginning discovery for flags: 0, point: com.apple.authentication-services-credential-provider-ui
    "com.tarunyadgirkar.prefill.spike.textinsert.uitests.xctrunner"
    "<LSApplicationProxy: 0x101a940c0> com.tarunyadgirkar.prefill.spike.textinsert.uitests.xctrunner file:///Users/tarunyadgirkar/Library/Developer/CoreSimulator/Devices/CF361191-F960-4212-9B76-7C41256A11C9/data/Containers/Bundle/Application/FCE75FD1-DC83-46A3-8B54-E81518828A1A/com.apple.mobileinsta
2026-09-30 23:29:50.583 Df Preferences[90646:c5713b] [com.apple.PlugInKit:discovery] [d 20B0558E-011F-4AA7-9E7C-F614A8A4DB4E] <PKHost:0x10a451640> Beginning discovery for flags: 0, point: com.apple.authentication-services-credential-provider-ui
    NSExtensionPointName = "com.apple.authentication-services-credential-provider-ui";
    <EXConcreteExtension: 0x168189ce0> {id = com.tarunyadgirkar.prefill.spike.textinsert.provider}
2026-09-30 23:29:50.584 Df installd[87431:c54978] (MobileSystemServices) 0x16ef8f000 -[MILaunchServicesOperationManager _onQueue_addPendingLaunchServicesOperation:error:]: Added pending LS operation <MILaunchServicesRegisterOperation: 9D39F77A-9413-4FF6-B43A-2B22D20C64E8:18 com.tarunyadgirkar.prefil
2026-09-30 23:29:50.584 Df lsd[86807:c56254] [com.apple.launchservices:appinstallation] Post installation registration: request to register com.tarunyadgirkar.prefill.spike.textinsert.uitests.xctrunner, operation 9D39F77A-9413-4FF6-B43A-2B22D20C64E8, from pid 87431
2026-09-30 23:29:50.584 Df lsd[86807:c56254] [com.apple.appinstallation:TransactionLog] com.tarunyadgirkar.prefill.spike.textinsert.uitests.xctrunner/Unknown Persona:5:4:1:1:Registering bundles via registrant - start
2026-09-30 23:29:50.587 Df lsd[86807:c56254] [com.apple.appinstallation:TransactionLog] com.tarunyadgirkar.prefill.spike.textinsert.uitests.xctrunner/Unknown Persona:5:5:1:1:Building bundle record for app
2026-09-30 23:29:50.587 Df lsd[86807:c56254] [com.apple.launchservices:appinstallation] Removed existing registered placeholder for com.tarunyadgirkar.prefill.spike.textinsert.uitests.xctrunner
2026-09-30 23:29:50.587 Df lsd[86807:c56254] [com.apple.launchservices:appinstallation] Removed existing registered bundle for com.tarunyadgirkar.prefill.spike.textinsert.uitests.xctrunner
2026-09-30 23:29:50.587 Df lsd[86807:c56254] [com.apple.appinstallation:TransactionLog] com.tarunyadgirkar.prefill.spike.textinsert.uitests.xctrunner/Unknown Persona:5:5:2:1:Built bundle record for app
2026-09-30 23:29:50.589 Df lsd[86807:c56254] [com.apple.launchservices:icons] clearAlternateNameForBundleIdentifier: will clear for com.tarunyadgirkar.prefill.spike.textinsert.uitests.xctrunner
2026-09-30 23:29:50.589 Df lsd[86807:c56254] [com.apple.appinstallation:TransactionLog] com.tarunyadgirkar.prefill.spike.textinsert.uitests.xctrunner/Unknown Persona:5:4:2:1:Registered bundle status = success
2026-09-30 23:29:50.589 Df lsd[86807:c56254] [com.apple.appinstallation:TransactionLog] com.tarunyadgirkar.prefill.spike.textinsert.uitests.xctrunner/Unknown Persona:5:4:2:1:Finished registering com.tarunyadgirkar.prefill.spike.textinsert.uitests.xctrunner, bundle unit 318
2026-09-30 23:29:50.589 Df lsd[86807:c56254] [com.apple.launchservices:progress] Installation ended for com.tarunyadgirkar.prefill.spike.textinsert.uitests.xctrunner with state 5
2026-09-30 23:29:50.589 Df lsd[86807:c56254] [com.apple.launchservices:progress] Discarding proportions for com.tarunyadgirkar.prefill.spike.textinsert.uitests.xctrunner
2026-09-30 23:29:50.590 Df installd[87431:c54978] (MobileSystemServices) 0x16ef8f000 -[MIJournal purgeJournalEntry:withError:]: Removing journal entry <MIInstallationJournalEntry<0x1024b52c0> [com.tarunyadgirkar.prefill.spike.textinsert.uitests.xctrunner/com.apple.containermanager.primary-persona/[s
2026-09-30 23:29:50.590 Df liveactivitiesd[86815:c3363b] [com.apple.launchservices:progress] Unpublishing progress block called for app com.tarunyadgirkar.prefill.spike.textinsert.uitests.xctrunner
2026-09-30 23:29:50.590 Df liveactivitiesd[86815:c5715d] [com.apple.launchservices:progress] #LSInstallProgressList remove subscriber: <_NSProgressSubscriber: 0x1063dd140> publishingString: com.tarunyadgirkar.prefill.spike.textinsert.uitests.xctrunner
2026-09-30 23:29:50.590 Df installd[87431:c54978] [com.apple.appinstallation:TransactionLog] com.tarunyadgirkar.prefill.spike.textinsert.uitests.xctrunner/com.apple.containermanager.primary-persona:7:1:2:1:Success (End) : Install (Patch Update)
2026-09-30 23:29:50.590 Df installd[87431:c54978] (MobileSystemServices) 0x16ef8f000 -[MIInstaller _logOperationCompletionWithStartTime:distributorID:]: Install successful for (Developer:com.tarunyadgirkar.prefill.spike.textinsert.uitests.xctrunner) [Distributor: (null)]; Staging: 0.00s; Waiting: 0.
2026-09-30 23:29:50.592 Df installcoordinationd[87404:c54976] [com.apple.installcoordination:daemon] -[IXSPendingOperationsTracker endPendingOperationForIdentity:]_block_invoke: Ending pending operation for [com.tarunyadgirkar.prefill.spike.textinsert.uitests.xctrunner/Invalid/[system-defined]]
2026-09-30 23:29:50.593 Df lsd[86807:c335ee] [com.apple.launchservices:progress] unsubscribing from com.tarunyadgirkar.prefill.spike.textinsert.uitests.xctrunner.Installing as it was unpublished
2026-09-30 23:29:50.593 Df lsd[86807:c335ee] [com.apple.launchservices:progress] #LSInstallProgressList remove subscriber: <_NSProgressSubscriber: 0x107440090> publishingString: com.tarunyadgirkar.prefill.spike.textinsert.uitests.xctrunner.Installing
2026-09-30 23:29:50.593 Df CoreSimulatorBridge[86784:c570ed] [com.apple.installcoordination:framework] -[IXAppInstallCoordinator _clientDelegate_didUpdateProgress:forPhase:overallProgress:]: <IXUpdatingAppInstallCoordinator<0x101881e40> identity:[com.tarunyadgirkar.prefill.spike.textinsert.uitests.x
2026-09-30 23:29:50.593 Df CoreSimulatorBridge[86784:c570ed] [com.apple.installcoordination:framework] -[IXAppInstallCoordinator _clientDelegate_didUpdateProgress:forPhase:overallProgress:]_block_invoke: <IXUpdatingAppInstallCoordinator<0x101881e40> identity:[com.tarunyadgirkar.prefill.spike.textins
2026-09-30 23:29:50.594 Df installcoordinationd[87404:c54976] [com.apple.installcoordination:daemon] -[IXSCoordinatedAppInstall setComplete:]: <IXSCoordinatedAppInstall<0x105630000> [P=CoreSimulatorBridge (pid 86784)] identifier:[com.tarunyadgirkar.prefill.spike.textinsert.uitests.xctrunner/Invalid/
2026-09-30 23:29:50.594 Df installcoordinationd[87404:c54976] [com.apple.installcoordination:daemon] -[IXSPowerAssertion invalidate]: Released power assertion IXPowerAssertion-12-[com.tarunyadgirkar.prefill.spike.textinsert.uitests.xctrunner/Invalid/[system-defined]]
        "com.tarunyadgirkar.prefill.spike.textinsert.uitests.xctrunner"
2026-09-30 23:29:50.594 Df installcoordinationd[87404:c54976] [com.apple.installcoordination:daemon] -[IXSDataPromise decommission]: Decommissioning <IXSPromisedInMemoryDictionary(0x10551d180) Name:Localizations for com.tarunyadgirkar.prefill.spike.textinsert.uitests.xctrunner Creator:InstallCoordin
2026-09-30 23:29:50.596 Df installcoordinationd[87404:c54976] [com.apple.installcoordination:daemon] -[IXSDataPromise decommission]: Decommissioning <IXSPromisedTransferToPath(0x10551df00) Name:App Asset: com.tarunyadgirkar.prefill.spike.textinsert.uitests.xctrunner Creator:InstallCoordination Simpl
2026-09-30 23:29:50.597 Df SpringBoard[86754:c549fc] [com.apple.frontboard.ApplicationLibrary:observer] -[FBSApplicationLibrary applicationsDidInstall:] com.tarunyadgirkar.prefill.spike.textinsert.uitests.xctrunner
2026-09-30 23:29:50.597 Df SpringBoard[86754:c549fc] [com.apple.frontboard.ApplicationLibrary:default] Regenerating application com.tarunyadgirkar.prefill.spike.textinsert.uitests.xctrunner due to bundle path mismatch
        "com.tarunyadgirkar.prefill.spike.textinsert.uitests.xctrunner"
        "com.tarunyadgirkar.prefill.spike.textinsert.uitests.xctrunner"
2026-09-30 23:29:50.598 Df installcoordinationd[87404:c54976] [com.apple.appinstallation:TransactionLog] com.tarunyadgirkar.prefill.spike.textinsert.uitests.xctrunner/Unknown Persona:4:2:2:1:Coordinator completed successfully.
2026-09-30 23:29:50.600 Df clipserviced[88510:c54a60] [com.apple.ClipServices:ClipServices] CPSClipCleanupManager: Detected installation of new app (com.tarunyadgirkar.prefill.spike.textinsert.uitests.xctrunner)
2026-09-30 23:29:50.601 Df installcoordinationd[87404:c54976] [com.apple.installcoordination:daemon] -[IXSCoordinatorManager unregisterCoordinator:]: Unregistered coordinator: <IXSCoordinatedAppInstall<0x105630000> [P=CoreSimulatorBridge (pid 86784)] identifier:[com.tarunyadgirkar.prefill.spike.text
2026-09-30 23:29:50.601 Df installcoordinationd[87404:c54976] [com.apple.installcoordination:daemon] -[IXSCoordinatedAppInstall setPriorityBoostCompletion:withSourceInfo:]: <IXSCoordinatedAppInstall<0x105630000> [P=CoreSimulatorBridge (pid 86784)] identifier:[com.tarunyadgirkar.prefill.spike.textins
com.tarunyadgirkar.prefill.spike.textinsert.uitests.xctrunner
2026-09-30 23:29:50.601 Df appprotectiond[86773:c57150] [com.apple.appprotection:server] processing settings authority event: SettingsAuthorityEvent.promotePreferenceFromProvisionalForApplication(com.tarunyadgirkar.prefill.spike.textinsert.uitests.xctrunner)
2026-09-30 23:29:50.603 Df CoreSimulatorBridge[86784:c570ed] [com.apple.installcoordination:framework] -[IXAppInstallCoordinator _clientDelegate_didCompleteForApplicationRecord:]_block_invoke: <IXUpdatingAppInstallCoordinator<0x101881e40> identity:[com.tarunyadgirkar.prefill.spike.textinsert.uitests
com.tarunyadgirkar.prefill.spike.textinsert.uitests.xctrunner
com.tarunyadgirkar.prefill.spike.textinsert.uitests.xctrunner
2026-09-30 23:29:50.605 Df locationd[86778:c566da] [com.apple.locationd.Core:Core] {"msg":"#Warning #ClientResolution the passed keyPath is not registered. Resolving to #nullCKP", "InputCKP":icom.tarunyadgirkar.prefill.spike.textinsert.uitests.xctrunner:}
2026-09-30 23:29:50.606 Df CoreSimulatorBridge[86784:c558e4] Requesting launch of com.tarunyadgirkar.prefill.spike.textinsert.uitests.xctrunner with options: {
        "DYLD_FRAMEWORK_PATH" = "/Users/tarunyadgirkar/TarunsCode/prefill/spikes/textinsert/build/Build/Products/Debug-iphonesimulator:/Applications/Xcode.app/Contents/Developer/Platforms/iPhoneSimulator.platform/Developer/Library/Frameworks:/Users/tarunyadgirkar/TarunsCode/prefill/spikes/textinsert
2026-09-30 23:29:50.607 Df CoreSimulatorBridge[86784:c558e4] Beginning launch sequence for bundle 'com.tarunyadgirkar.prefill.spike.textinsert.uitests.xctrunner'
2026-09-30 23:29:50.607 Df CoreSimulatorBridge[86784:c558e4] Launch attempt #0 for bundle 'com.tarunyadgirkar.prefill.spike.textinsert.uitests.xctrunner', have been trying to launch for 0 seconds.
        "com.tarunyadgirkar.prefill.spike.textinsert.uitests.xctrunner"
2026-09-30 23:29:50.607 Df CoreSimulatorBridge[86784:c558e4] Got LSBundleProxy for 'com.tarunyadgirkar.prefill.spike.textinsert.uitests.xctrunner', sequenceNumber 792, cacheGUID D2DCC636-1B2E-4F1F-A09D-2F316FB7BF09
2026-09-30 23:29:50.607 Df CoreSimulatorBridge[86784:c558e4] [com.apple.FrontBoard:Common] FBSSystemAppProxy: Sending request to terminate application com.tarunyadgirkar.prefill.spike.textinsert.uitests.xctrunner
2026-09-30 23:29:50.608 Df SpringBoard[86754:c55be1] [com.apple.FrontBoard:Common] [FBSystemService] Request received from CoreSimulatorBr.86784 to terminate application com.tarunyadgirkar.prefill.spike.textinsert.uitests.xctrunner: "Termination requested by simulator host"
2026-09-30 23:29:50.609 Df clipserviced[88510:c54a60] [com.apple.ClipServices:ClipServices] CPSClipCleanupManager: Detected installation of new app (com.tarunyadgirkar.prefill.spike.textinsert.uitests.xctrunner)
2026-09-30 23:29:50.609 E  CoreSimulatorBridge[86784:c570f5] [com.apple.FrontBoard:Common] FBSSystemAppProxy: Error reported for termination request: <NSError: 0x101856fd0; domain: NSPOSIXErrorDomain; code: 3 ("No such process"); "The request to terminate "com.tarunyadgirkar.prefill.spike.textinsert
com.tarunyadgirkar.prefill.spike.textinsert.uitests.xctrunner
2026-09-30 23:29:50.609 Df CoreSimulatorBridge[86784:c558e4] [com.apple.FrontBoard:Common] [FBSSystemService][0x45e3] Sending request to open "com.tarunyadgirkar.prefill.spike.textinsert.uitests.xctrunner"
2026-09-30 23:29:50.609 Df SpringBoard[86754:c55be1] [com.apple.FrontBoard:Common] [FBSystemService][0x45e3] Received request to open "com.tarunyadgirkar.prefill.spike.textinsert.uitests.xctrunner" from CoreSimulatorBr:86784.
2026-09-30 23:29:50.609 Df SpringBoard[86754:c55be1] [com.apple.FrontBoard:Common] [FBSystemService][0x45e3] Activation request for com.tarunyadgirkar.prefill.spike.textinsert.uitests.xctrunner contained LSCacheGUID D2DCC636-1B2E-4F1F-A09D-2F316FB7BF09 and LSSequenceNumber 792.
2026-09-30 23:29:50.616 Df appstored[86992:c5714c] [com.apple.appstored:ODR] Handling application installation: {bundleID = com.tarunyadgirkar.prefill.spike.textinsert.uitests.xctrunner; version = 1; shortVersion = 1.0; variantID = (null)}
2026-09-30 23:29:50.616 Df appstored[86992:c5714e] [com.apple.appstored:ODR] Handling application installation: {bundleID = com.tarunyadgirkar.prefill.spike.textinsert.uitests.xctrunner; version = 1; shortVersion = 1.0; variantID = (null)}
2026-09-30 23:29:50.646 Df SpringBoard[86754:c334f8] [com.apple.SpringBoard:Common] termination assertion acquired for com.tarunyadgirkar.prefill.spike.textinsert.uitests.xctrunner
2026-09-30 23:29:50.646 Df SpringBoard[86754:c334f8] [com.apple.appinstallation:TransactionLog] com.tarunyadgirkar.prefill.spike.textinsert.uitests.xctrunner/Unknown Persona:10:2:3:1:Reloading icon image.
2026-09-30 23:29:50.646 Df SpringBoard[86754:c334f8] [com.apple.SpringBoard:Icon] Reload icon image of com.tarunyadgirkar.prefill.spike.textinsert.uitests.xctrunner for reason 'active data source did generate image'
2026-09-30 23:29:50.649 Df SpringBoard[86754:c334f8] [com.apple.appinstallation:TransactionLog] com.tarunyadgirkar.prefill.spike.textinsert.uitests.xctrunner/Unknown Persona:10:2:3:1:Reloading icon image.
2026-09-30 23:29:50.650 Df SpringBoard[86754:c334f8] [com.apple.SpringBoard:Icon] Reload icon image of com.tarunyadgirkar.prefill.spike.textinsert.uitests.xctrunner for reason 'active data source did generate image'
2026-09-30 23:29:50.650 Df SpringBoard[86754:c334f8] [com.apple.launchservices:progress] Unpublishing progress block called for app com.tarunyadgirkar.prefill.spike.textinsert.uitests.xctrunner
2026-09-30 23:29:50.650 Df SpringBoard[86754:c57177] [com.apple.launchservices:progress] #LSInstallProgressList remove subscriber: <_NSProgressSubscriber: 0x11f560e70> publishingString: com.tarunyadgirkar.prefill.spike.textinsert.uitests.xctrunner
2026-09-30 23:29:50.657 Df SpringBoard[86754:c334f8] [com.apple.SpringBoard:Common] termination assertion released for com.tarunyadgirkar.prefill.spike.textinsert.uitests.xctrunner
2026-09-30 23:29:50.658 Df SpringBoard[86754:c549fc] [com.apple.SpringBoard:Common] com.tarunyadgirkar.prefill.spike.textinsert.uitests.xctrunner updated restrictionReason: 0
    "com.tarunyadgirkar.prefill.spike.textinsert.uitests.xctrunner"
2026-09-30 23:29:50.660 Df appstored[86992:c5714e] [com.apple.appstored:ODR] Ignoring installation for {bundleID = com.tarunyadgirkar.prefill.spike.textinsert.uitests.xctrunner; version = 1; shortVersion = 1.0; variantID = (null)} as it does not appear to support ODR
2026-09-30 23:29:50.660 Df appstored[86992:c5714c] [com.apple.appstored:ODR] Ignoring installation for {bundleID = com.tarunyadgirkar.prefill.spike.textinsert.uitests.xctrunner; version = 1; shortVersion = 1.0; variantID = (null)} as it does not appear to support ODR
2026-09-30 23:29:50.666 Df appleaccountd[86845:c33785] [com.apple.appleaccount:daemon] Dataclass App Install Observer - Ignoring ["com.tarunyadgirkar.prefill.spike.textinsert.uitests.xctrunner"]
2026-09-30 23:29:50.666 Df SpringBoard[86754:c549fc] [com.apple.SplashBoard:FileManifest] com.tarunyadgirkar.prefill.spike.textinsert.uitests.xctrunner Manifest is empty; purging everything at /Users/tarunyadgirkar/Library/Developer/CoreSimulator/Devices/CF361191-F960-4212-9B76-7C41256A11C9/data/Con
2026-09-30 23:29:50.667 E  SpringBoard[86754:c549fc] [com.apple.SplashBoard:Capture] Unable to generate launch image for com.tarunyadgirkar.prefill.spike.textinsert.uitests.xctrunner because the app has no valid launch interfaces.
2026-09-30 23:29:50.667 Df SpringBoard[86754:c334f8] [com.apple.appinstallation:TransactionLog] com.tarunyadgirkar.prefill.spike.textinsert.uitests.xctrunner/Unknown Persona:10:4:1:1:Placeholder remove BEGIN
2026-09-30 23:29:50.670 Df SpringBoard[86754:c334f8] [com.apple.SpringBoard:Widgets] handleRemovedDataSource:<SBApplication: 0x118ec2e00; com.tarunyadgirkar.prefill.spike.textinsert.uitests.xctrunner> {
} ofIcon:<SBApplicationIcon: 0x11fc4f6c0; uniqueIdentifier: com.tarunyadgirkar.prefill.spike.textinsert.uitests.xctrunner; bundleID: com.tarunyadgirkar.prefill.spike.textinsert.uitests.xctrunner>
2026-09-30 23:29:50.674 Df SpringBoard[86754:c334f8] [com.apple.appinstallation:TransactionLog] com.tarunyadgirkar.prefill.spike.textinsert.uitests.xctrunner/Unknown Persona:10:11:3:1:Application replaced
    "com.tarunyadgirkar.prefill.spike.textinsert.uitests.xctrunner"
2026-09-30 23:29:50.678 Df appstored[86992:c5714c] [com.apple.appstored:General] Checking to see if apps need to be migrated to managed: [com.tarunyadgirkar.prefill.spike.textinsert.uitests.xctrunner]
2026-09-30 23:29:50.678 Df appstored[86992:c5714e] [com.apple.appstored:General] Checking to see if apps need to be migrated to managed: [com.tarunyadgirkar.prefill.spike.textinsert.uitests.xctrunner]
2026-09-30 23:29:50.708 Df SpringBoard[86754:c334f8] [com.apple.SpringBoard:Icon] <<SBLeafIcon:0x11fc4f6c0 [com.tarunyadgirkar.prefill.spike.textinsert.uitests.xctrunner]>> Changing active data source: <SBApplicationIcon: 0x11fc4f6c0; uniqueIdentifier: com.tarunyadgirkar.prefill.spike.textinsert.uit
2026-09-30 23:29:50.708 Df SpringBoard[86754:c334f8] [com.apple.SpringBoard:Icon] <<SBLeafIcon:0x11fc4f6c0 [com.tarunyadgirkar.prefill.spike.textinsert.uitests.xctrunner]>> Changing from data souce: com.tarunyadgirkar.prefill.spike.textinsert.uitests.xctrunner to data source:com.tarunyadgirkar.prefi
    "<SBApplicationIcon: 0x11fc66340; uniqueIdentifier: com.tarunyadgirkar.prefill.spike.textinsert; bundleID: com.tarunyadgirkar.prefill.spike.textinsert>",
    "<SBApplicationIcon: 0x11fc4f6c0; uniqueIdentifier: com.tarunyadgirkar.prefill.spike.textinsert.uitests.xctrunner; bundleID: com.tarunyadgirkar.prefill.spike.textinsert.uitests.xctrunner>"
2026-09-30 23:29:50.710 Df SpringBoard[86754:c334f8] [com.apple.SpringBoard:Icon] Reload icon image of com.tarunyadgirkar.prefill.spike.textinsert.uitests.xctrunner for reason 'active data source did change'
2026-09-30 23:29:50.710 Df SpringBoard[86754:c334f8] [com.apple.FrontBoard:Common] [FBSystemService][0x45e3] Activation request for com.tarunyadgirkar.prefill.spike.textinsert.uitests.xctrunner will wait 10.00s for app availability, with retry every 2.00s.
2026-09-30 23:29:50.710 Df SpringBoard[86754:c334f8] [com.apple.FrontBoard:Common] [FBSystemService][0x45e3] Attempting activation of com.tarunyadgirkar.prefill.spike.textinsert.uitests.xctrunner with {UUID: D2DCC636-1B2E-4F1F-A09D-2F316FB7BF09, Sequence: 792} vs {UUID: D2DCC636-1B2E-4F1F-A09D-2F316
2026-09-30 23:29:50.710 Df SpringBoard[86754:c334f8] [com.apple.SpringBoard:Workspace] Received trusted open application request for "com.tarunyadgirkar.prefill.spike.textinsert.uitests.xctrunner" from <FBProcess: 0x109730900; osservice<com.apple.CoreSimulator.bridge>:86784(v25EA6A)>.
    "<LSApplicationProxy: 0x1016cd500> com.tarunyadgirkar.prefill.spike.textinsert.uitests.xctrunner file:///Users/tarunyadgirkar/Library/Developer/CoreSimulator/Devices/CF361191-F960-4212-9B76-7C41256A11C9/data/Containers/Bundle/Application/FCE75FD1-DC83-46A3-8B54-E81518828A1A/com.apple.mobileinsta
2026-09-30 23:29:50.717 Df SpringBoard[86754:c334f8] [com.apple.SpringBoard:Common] SBWorkspaceTerminateApplication: com.tarunyadgirkar.prefill.spike.textinsert.uitests.xctrunner: "terminate for debugging launch request"
2026-09-30 23:29:50.718 Df SpringBoard[86754:c334f8] [com.apple.SpringBoard:Common] Executing request: <SBMainWorkspaceTransitionRequest: 0x1196aa800; eventLabel: OpenApplication(sceneID:com.tarunyadgirkar.prefill.spike.textinsert.uitests.xctrunner-default)ForRequester(CoreSimulatorBr.86784); displa
2026-09-30 23:29:50.718 Df SpringBoard[86754:c334f8] [com.apple.SpringBoard:Workspace] Executing suspended-activation immediately: OpenApplication(sceneID:com.tarunyadgirkar.prefill.spike.textinsert.uitests.xctrunner-default)ForRequester(CoreSimulatorBr.86784)
2026-09-30 23:29:50.718 Df SpringBoard[86754:c334f8] [com.apple.FrontBoard:Common] [FBWorkspaceEvent] Executing: <FBWorkspaceEvent: 0x1138df960; OpenApplication(sceneID:com.tarunyadgirkar.prefill.spike.textinsert.uitests.xctrunner-default)ForRequester(CoreSimulatorBr.86784)>
2026-09-30 23:29:50.718 Df SpringBoard[86754:c334f8] [com.apple.FrontBoard:Common] [FBWorkspaceEvent] Executing: <FBWorkspaceEvent: 0x1138dd400; OpenApplication(sceneID:com.tarunyadgirkar.prefill.spike.textinsert.uitests.xctrunner-default)ForRequester(CoreSimulatorBr.86784)>
2026-09-30 23:29:50.719 Df SpringBoard[86754:c334f8] [preflight:SceneHostedPreflight] [Source: TCCs] com.tarunyadgirkar.prefill.spike.textinsert.uitests.xctrunner requires preflight: false
2026-09-30 23:29:50.719 Df SpringBoard[86754:c334f8] [preflight:SceneHostedPreflight] [Source: ScreenTime] com.tarunyadgirkar.prefill.spike.textinsert.uitests.xctrunner requires preflight: false
2026-09-30 23:29:50.719 Df SpringBoard[86754:c334f8] [com.apple.SpringBoard:Common] [DeviceSceneHandle] sceneID:com.tarunyadgirkar.prefill.spike.textinsert.uitests.xctrunner-default display=Main bounds={{0, 0}, {402, 874}} sceneFrame={{0, 0}, {402, 874}} capability=.None
2026-09-30 23:29:50.719 Df SpringBoard[86754:c334f8] [com.apple.SpringBoard:TraitsArbiter] [DeviceSceneHandle] Participant not found for scene identifier: sceneID:com.tarunyadgirkar.prefill.spike.textinsert.uitests.xctrunner-default
2026-09-30 23:29:50.719 Df SpringBoard[86754:c334f8] [com.apple.SpringBoard:ContinuitySession] modifying scene setting userInterfaceStyle to Light displayIdentity: Main forSceneManagers: Main <SBDeviceApplicationSceneHandle: 0x126214780; sceneID: sceneID:com.tarunyadgirkar.prefill.spike.textinsert.u
    "com.tarunyadgirkar.prefill.spike.textinsert.uitests.xctrunner"
2026-09-30 23:29:50.721 Df SpringBoard[86754:c334f8] [preflight:SceneHostedPreflight] [Preflighter: TCCs] com.tarunyadgirkar.prefill.spike.textinsert.uitests.xctrunner requires preflight: false
2026-09-30 23:29:50.721 Df SpringBoard[86754:c334f8] [preflight:SceneHostedPreflight] [Preflighter: ScreenTime] com.tarunyadgirkar.prefill.spike.textinsert.uitests.xctrunner requires preflight: false
    "<LSApplicationProxy: 0x1016cd680> com.tarunyadgirkar.prefill.spike.textinsert.uitests.xctrunner file:///Users/tarunyadgirkar/Library/Developer/CoreSimulator/Devices/CF361191-F960-4212-9B76-7C41256A11C9/data/Containers/Bundle/Application/FCE75FD1-DC83-46A3-8B54-E81518828A1A/com.apple.mobileinsta
2026-09-30 23:29:50.721 Df SpringBoard[86754:c334f8] [com.apple.UIKit:KBProxyForwarding] <StateMachine:0x126031c80> Created with presentation environment: <0x119742100:<_UISceneKeyboardProxyLayerForwardingPresentationScene: 0x119742100> Tracking scene: <FBScene: 0x118eb6200; FBSceneManager:sceneID:c
2026-09-30 23:29:50.722 Df SpringBoard[86754:c334f8] [com.apple.SpringBoard:Common] No capture application found for the com.tarunyadgirkar.prefill.spike.textinsert.uitests.xctrunner, launchCameraCapture: NO, isCaptureApplication: NO
2026-09-30 23:29:50.722 Df SpringBoard[86754:c334f8] [com.apple.FrontBoard:Process] Asked to bootstrap a new process with identity: app<com.tarunyadgirkar.prefill.spike.textinsert.uitests.xctrunner((null))>
2026-09-30 23:29:50.722 Df SpringBoard[86754:c334f8] [com.apple.FrontBoard:Process] Creating process (sync=false) with identity: app<com.tarunyadgirkar.prefill.spike.textinsert.uitests.xctrunner((null))>
2026-09-30 23:29:50.722 Df SpringBoard[86754:c334f8] [com.apple.FrontBoard:ProcessWorkspace] Created <FBWorkspace: 0x1196aaee0; <FBApplicationProcess: 0x11f762e80; app<com.tarunyadgirkar.prefill.spike.textinsert.uitests.xctrunner>:<invalid>>>
2026-09-30 23:29:50.722 Df SpringBoard[86754:c57177] [com.apple.FrontBoard:Process] Bootstrapping app<com.tarunyadgirkar.prefill.spike.textinsert.uitests.xctrunner> with intent background-user-initiated
2026-09-30 23:29:50.722 Df SpringBoard[86754:c334f8] [com.apple.FrontBoard:ProcessScene] [0x11f74ce40:(FBSceneManager):sceneID:com.tarunyadgirkar.prefill.spike.textinsert.uitests.xctrunner-default] Initialized with connection: 0x10cd5e7f0.
2026-09-30 23:29:50.722 Df SpringBoard[86754:c334f8] [com.apple.FrontBoard:ProcessWorkspace] [app<com.tarunyadgirkar.prefill.spike.textinsert.uitests.xctrunner>:-1] Registered new scene: <FBWorkspaceScene: 0x11f74ce40; (FBSceneManager):sceneID:com.tarunyadgirkar.prefill.spike.textinsert.uitests.xctr
2026-09-30 23:29:50.722 Df SpringBoard[86754:c334f8] [com.apple.FrontBoard:Scene] [(FBSceneManager):sceneID:com.tarunyadgirkar.prefill.spike.textinsert.uitests.xctrunner-default][1] Scene activated.
2026-09-30 23:29:50.722 Df SpringBoard[86754:c5719d] [com.apple.FrontBoard:Process] [app<com.tarunyadgirkar.prefill.spike.textinsert.uitests.xctrunner>:-1] Setting process visibility to: Background
2026-09-30 23:29:50.723 Df runningboardd[86757:c5719c] [com.apple.DynamicPrefetching:default] start_scenario: recording pageins for bundleid "com.tarunyadgirkar.prefill.spike.textinsert.uitests.xctrunner" scenario "Launch"
2026-09-30 23:29:50.723 Df runningboardd[86757:c570f9] [com.apple.runningboard:ttl] Acquiring assertion targeting app<com.tarunyadgirkar.prefill.spike.textinsert.uitests.xctrunner((null))> from originator [osservice<com.apple.SpringBoard>:86754] with description <RBSAssertionDescriptor| "FBApplicati
2026-09-30 23:29:50.723 Df SpringBoard[86754:c5719d] [com.apple.FrontBoard:ProcessScene] [0x11f74ce40:(FBSceneManager):sceneID:com.tarunyadgirkar.prefill.spike.textinsert.uitests.xctrunner-default] Scene lifecycle state did change: Background
2026-09-30 23:29:50.723 Df runningboardd[86757:c5719c] [com.apple.DynamicPrefetching:default] start_scenario: Prefetching clean profile for bundleid "com.tarunyadgirkar.prefill.spike.textinsert.uitests.xctrunner" scenario "Launch"
2026-09-30 23:29:50.723 Df SpringBoard[86754:c5719d] [com.apple.FrontBoard:ProcessScene] [0x11f74ce40:(FBSceneManager):sceneID:com.tarunyadgirkar.prefill.spike.textinsert.uitests.xctrunner-default] Scene state did change: BG-Active[40].
2026-09-30 23:29:50.723 Df SpringBoard[86754:c5719d] [com.apple.FrontBoard:ProcessWorkspace] [app<com.tarunyadgirkar.prefill.spike.textinsert.uitests.xctrunner>:-1] Workspace state did change: XX-None[0] --> BG-Active[40] (awaiting concrete target).
2026-09-30 23:29:50.723 E  runningboardd[86757:c570f9] [com.apple.runningboard:assertion] Multiple RBSRunningReasonAttribute provided: 10001 vs 20838. First one wins, but client should be fixed for assertion 86757-86754-6082 (target:app<com.tarunyadgirkar.prefill.spike.textinsert.uitests.xctrunner((
2026-09-30 23:29:50.723 Df runningboardd[86757:c570f9] [com.apple.runningboard:ttl] Assertion 86757-86754-6082 (target:app<com.tarunyadgirkar.prefill.spike.textinsert.uitests.xctrunner((null))>) will be created as active
2026-09-30 23:29:50.723 Df runningboardd[86757:c570ff] [com.apple.runningboard:job] Creating and launching job for: app<com.tarunyadgirkar.prefill.spike.textinsert.uitests.xctrunner((null))>
2026-09-30 23:29:50.723 Df runningboardd[86757:c570ff] [com.apple.runningboard:general] _mutateContextIfNeeded called for com.tarunyadgirkar.prefill.spike.textinsert.uitests.xctrunner
2026-09-30 23:29:50.723 Df runningboardd[86757:c570ff] [com.apple.runningboard:job] app<com.tarunyadgirkar.prefill.spike.textinsert.uitests.xctrunner((null))> Looking up container path with persona (null) using container identifier 'com.tarunyadgirkar.prefill.spike.textinsert.uitests.xctrunner'
2026-09-30 23:29:50.724 Df runningboardd[86757:c570f9] [com.apple.runningboard:job_oversize] 'app<com.tarunyadgirkar.prefill.spike.textinsert.uitests.xctrunner((null))>' Constructed job description:
	"CFBundleIdentifier" => <string: 0x105951770> { string cache = 0x0, length = 61, contents = "com.tarunyadgirkar.prefill.spike.textinsert.uitests.xctrunner" }
	"_ResourceCoalition" => <string: 0x105950f00> { string cache = 0x0, length = 74, contents = "app<com.tarunyadgirkar.prefill.spike.textinsert.uitests.xctrunner((null))>" }
		"DYLD_FRAMEWORK_PATH" => <string: 0x105951d40> { string cache = 0x0, length = 417, contents = "/Users/tarunyadgirkar/TarunsCode/prefill/spikes/textinsert/build/Build/Products/Debug-iphonesimulator:/Applications/Xcode.app/Contents/Developer/Platforms/iPhoneSimulator.platform/Developer/Library/Frame
		"__XPC_DYLD_FRAMEWORK_PATH" => <string: 0x105950a80> { string cache = 0x0, length = 203, contents = "/Users/tarunyadgirkar/TarunsCode/prefill/spikes/textinsert/build/Build/Products/Debug-iphonesimulator:/Users/tarunyadgirkar/TarunsCode/prefill/spikes/textinsert/build/Build/Products/Debug-iphonesim
		"__XPC_DYLD_LIBRARY_PATH" => <string: 0x1059514a0> { string cache = 0x0, length = 203, contents = "/Users/tarunyadgirkar/TarunsCode/prefill/spikes/textinsert/build/Build/Products/Debug-iphonesimulator:/Users/tarunyadgirkar/TarunsCode/prefill/spikes/textinsert/build/Build/Products/Debug-iphonesimul
		"__XCODE_BUILT_PRODUCTS_DIR_PATHS" => <string: 0x105950270> { string cache = 0x0, length = 101, contents = "/Users/tarunyadgirkar/TarunsCode/prefill/spikes/textinsert/build/Build/Products/Debug-iphonesimulator" }
		"RUN_DESTINATION_DEVICE_NAME" => <string: 0x1059504e0> { string cache = 0x0, length = 24, contents = "Prefill Spike textinsert" }
		"DYLD_LIBRARY_PATH" => <string: 0x1059530c0> { string cache = 0x0, length = 395, contents = "/Users/tarunyadgirkar/TarunsCode/prefill/spikes/textinsert/build/Build/Products/Debug-iphonesimulator:/Applications/Xcode.app/Contents/Developer/Platforms/iPhoneSimulator.platform/Developer/usr/lib:/Users/
				"EAI" => <string: 0x105951590> { string cache = 0x0, length = 61, contents = "com.tarunyadgirkar.prefill.spike.textinsert.uitests.xctrunner" }
	"Label" => <string: 0x105953c30> { string cache = 0x0, length = 95, contents = "UIKitApplication:com.tarunyadgirkar.prefill.spike.textinsert.uitests.xctrunner[a549][rb-legacy]" }
2026-09-30 23:29:50.724 E  launchd_sim[86751:c56bf6] [UIKitApplication:com.tarunyadgirkar.prefill.spike.textinsert.uitests.xctrunner[a549][rb-legacy]:] Unknown key for plist importer (key: _ResourceCoalition type: string)
2026-09-30 23:29:50.724 Df launchd_sim[86751:c56bf6] [user/502/UIKitApplication:com.tarunyadgirkar.prefill.spike.textinsert.uitests.xctrunner[a549][rb-legacy]:] internal event: WILL_SPAWN, code = 0
2026-09-30 23:29:50.724 Df launchd_sim[86751:c56bf6] [user/502/UIKitApplication:com.tarunyadgirkar.prefill.spike.textinsert.uitests.xctrunner[a549][rb-legacy]:] service state: spawn scheduled
2026-09-30 23:29:50.724 Df launchd_sim[86751:c56bf6] [user/502/UIKitApplication:com.tarunyadgirkar.prefill.spike.textinsert.uitests.xctrunner[a549][rb-legacy]:] service state: spawning
2026-09-30 23:29:50.724 Df launchd_sim[86751:c56bf6] [user/502/UIKitApplication:com.tarunyadgirkar.prefill.spike.textinsert.uitests.xctrunner[a549][rb-legacy]:] launching: launch job demand
2026-09-30 23:29:50.725 Df launchd_sim[86751:c56bf6] [user/502/UIKitApplication:com.tarunyadgirkar.prefill.spike.textinsert.uitests.xctrunner[a549][rb-legacy] [13337]:] xpcproxy_sim spawned with pid 13337
2026-09-30 23:29:50.725 Df launchd_sim[86751:c56bf6] [user/502/UIKitApplication:com.tarunyadgirkar.prefill.spike.textinsert.uitests.xctrunner[a549][rb-legacy] [13337]:] internal event: SPAWNED, code = 0
2026-09-30 23:29:50.725 Df launchd_sim[86751:c56bf6] [user/502/UIKitApplication:com.tarunyadgirkar.prefill.spike.textinsert.uitests.xctrunner[a549][rb-legacy] [13337]:] service state: xpcproxy
2026-09-30 23:29:50.725 Df launchd_sim[86751:c56bf6] [user/502/UIKitApplication:com.tarunyadgirkar.prefill.spike.textinsert.uitests.xctrunner[a549][rb-legacy] [13337]:] internal event: SOURCE_ATTACH, code = 0
2026-09-30 23:29:50.728 Df deviceaccessd[87128:c549f8] [com.apple.DeviceAccess:DADaemonServer] ### applicationsDidInstall com.tarunyadgirkar.prefill.spike.textinsert.uitests.xctrunner
2026-09-30 23:29:50.747 Df SpringBoard[86754:c5719e] [com.apple.UserNotifications:DataProviderFactory] [com.tarunyadgirkar.prefill.spike.textinsert.uitests.xctrunner] Application installed using default data provider
    "com.tarunyadgirkar.prefill.spike.textinsert.uitests.xctrunner"
    "com.tarunyadgirkar.prefill.spike.textinsert.uitests.xctrunner"
    "<LSApplicationProxy: 0x106aa6a00> com.tarunyadgirkar.prefill.spike.textinsert.uitests.xctrunner file:///Users/tarunyadgirkar/Library/Developer/CoreSimulator/Devices/CF361191-F960-4212-9B76-7C41256A11C9/data/Containers/Bundle/Application/FCE75FD1-DC83-46A3-8B54-E81518828A1A/com.apple.mobileinsta
    "com.tarunyadgirkar.prefill.spike.textinsert.uitests.xctrunner"
    "<LSApplicationProxy: 0x106aa6b80> com.tarunyadgirkar.prefill.spike.textinsert.uitests.xctrunner file:///Users/tarunyadgirkar/Library/Developer/CoreSimulator/Devices/CF361191-F960-4212-9B76-7C41256A11C9/data/Containers/Bundle/Application/FCE75FD1-DC83-46A3-8B54-E81518828A1A/com.apple.mobileinsta
2026-09-30 23:29:50.797 Df launchd_sim[86751:c571b3] [user/502/UIKitApplication:com.tarunyadgirkar.prefill.spike.textinsert.uitests.xctrunner[a549][rb-legacy] [13337]:] service state: running
2026-09-30 23:29:50.797 Df launchd_sim[86751:c571b3] [user/502/UIKitApplication:com.tarunyadgirkar.prefill.spike.textinsert.uitests.xctrunner[a549][rb-legacy] [13337]:] internal event: INIT, code = 0
2026-09-30 23:29:50.797 Df launchd_sim[86751:c571b3] [user/502/UIKitApplication:com.tarunyadgirkar.prefill.spike.textinsert.uitests.xctrunner[a549][rb-legacy] [13337]:] job state = running
2026-09-30 23:29:50.797 Df runningboardd[86757:c570ff] [com.apple.runningboard:general] Full encoding handle [app<com.tarunyadgirkar.prefill.spike.textinsert.uitests.xctrunner((null))>:13337], with data fbadd5f000003419, and pid 13337
2026-09-30 23:29:50.797 Df runningboardd[86757:c570ff] [com.apple.runningboard:process] [app<com.tarunyadgirkar.prefill.spike.textinsert.uitests.xctrunner((null))>:13337] Memory Limits: active 0 inactive 0
2026-09-30 23:29:50.797 Df runningboardd[86757:c570ff] [com.apple.runningboard:process] [app<com.tarunyadgirkar.prefill.spike.textinsert.uitests.xctrunner((null))>:13337] This process will be managed.
2026-09-30 23:29:50.797 E  runningboardd[86757:c570ff] [com.apple.runningboard:process] [app<com.tarunyadgirkar.prefill.spike.textinsert.uitests.xctrunner((null))>:13337] Memorystatus failed with unexpected error: Operation not permitted (1)
2026-09-30 23:29:50.797 Df runningboardd[86757:c570ff] [com.apple.runningboard:process] [app<com.tarunyadgirkar.prefill.spike.textinsert.uitests.xctrunner((null))>:13337] is not freezer eligible, disabling freezing.
2026-09-30 23:29:50.798 E  runningboardd[86757:c570ff] [com.apple.runningboard:process] [app<com.tarunyadgirkar.prefill.spike.textinsert.uitests.xctrunner((null))>:13337] Memorystatus failed with unexpected error: Invalid argument (22)
2026-09-30 23:29:50.798 E  runningboardd[86757:c570ff] [com.apple.runningboard:process] [app<com.tarunyadgirkar.prefill.spike.textinsert.uitests.xctrunner((null))>:13337] Memorystatus failed with unexpected error: Operation not permitted (1)
2026-09-30 23:29:50.798 Df runningboardd[86757:c570ff] [com.apple.runningboard:ttl] Now tracking process: [app<com.tarunyadgirkar.prefill.spike.textinsert.uitests.xctrunner((null))>:13337]
2026-09-30 23:29:50.798 Df runningboardd[86757:c570ff] [com.apple.runningboard:assertion] [app<com.tarunyadgirkar.prefill.spike.textinsert.uitests.xctrunner((null))>:13337]: applying persistent assertion '86757-86754-6082 (target:app<com.tarunyadgirkar.prefill.spike.textinsert.uitests.xctrunner((nul
2026-09-30 23:29:50.798 Df runningboardd[86757:c5647b] [com.apple.runningboard:monitor] Calculated state for app<com.tarunyadgirkar.prefill.spike.textinsert.uitests.xctrunner((null))>: running-active (role: UserInteractiveNonFocal) (endowments: (null))
2026-09-30 23:29:50.798 Df runningboardd[86757:c570ff] [com.apple.runningboard:assertion] Using default underlying assertion for app: [app<com.tarunyadgirkar.prefill.spike.textinsert.uitests.xctrunner((null))>:13337]
2026-09-30 23:29:50.798 Df runningboardd[86757:c570ff] [com.apple.runningboard:ttl] Acquiring assertion targeting [app<com.tarunyadgirkar.prefill.spike.textinsert.uitests.xctrunner((null))>:13337] from originator [app<com.tarunyadgirkar.prefill.spike.textinsert.uitests.xctrunner((null))>:13337] with
2026-09-30 23:29:50.798 Df runningboardd[86757:c570ff] [com.apple.runningboard:ttl] Assertion 86757-86757-6086 (target:[app<com.tarunyadgirkar.prefill.spike.textinsert.uitests.xctrunner((null))>:13337]) will be created as active
2026-09-30 23:29:50.798 Df runningboardd[86757:c570f9] [com.apple.runningboard:ttl] [app<com.tarunyadgirkar.prefill.spike.textinsert.uitests.xctrunner((null))>:13337] Resuming task.
2026-09-30 23:29:50.799 Df SpringBoard[86754:c57177] [com.apple.FrontBoard:Process] [app<com.tarunyadgirkar.prefill.spike.textinsert.uitests.xctrunner>:13337] Bootstrap success!
2026-09-30 23:29:50.799 Df SpringBoard[86754:c549fc] [com.apple.runningboard:process] Hit the server for a process handle 1badd5f000003419 that resolved to: [app<com.tarunyadgirkar.prefill.spike.textinsert.uitests.xctrunner((null))>:13337]
2026-09-30 23:29:50.799 Df SpringBoard[86754:c549fc] [com.apple.runningboard:monitor] Received state update for 13337 (app<com.tarunyadgirkar.prefill.spike.textinsert.uitests.xctrunner((null))>, running-active-NotVisible
2026-09-30 23:29:50.799 Df SpringBoard[86754:c57177] [com.apple.FrontBoard:Process] [app<com.tarunyadgirkar.prefill.spike.textinsert.uitests.xctrunner>:13337] Setting process task state to: Running
2026-09-30 23:29:50.799 Df SpringBoard[86754:c57177] [com.apple.FrontBoard:Process] [app<com.tarunyadgirkar.prefill.spike.textinsert.uitests.xctrunner>:13337] Setting process debug state to: YES
2026-09-30 23:29:50.799 Df runningboardd[86757:c5719c] [com.apple.runningboard:general] [app<com.tarunyadgirkar.prefill.spike.textinsert.uitests.xctrunner((null))>:13337] reported to RB as running
2026-09-30 23:29:50.799 Df SpringBoard[86754:c57177] [com.apple.FrontBoard:ProcessWorkspace] [app<com.tarunyadgirkar.prefill.spike.textinsert.uitests.xctrunner>:13337] Registering event dispatcher after bootstrap
2026-09-30 23:29:50.799 Df SpringBoard[86754:c57177] [com.apple.FrontBoard:ProcessWorkspace] [app<com.tarunyadgirkar.prefill.spike.textinsert.uitests.xctrunner>:13337] Initial launch state: BG-Interactive[80].
2026-09-30 23:29:50.799 Df SpringBoard[86754:c571a2] [com.apple.UserNotifications:RemoteNotifications] [com.tarunyadgirkar.prefill.spike.textinsert.uitests.xctrunner] com.tarunyadgirkar.prefill.spike.textinsert.uitests.xctrunner application state changed to <RBSProcessState| task:running-active debu
2026-09-30 23:29:50.800 Df runningboardd[86757:c5647b] [com.apple.runningboard:ttl] Acquiring assertion targeting [app<com.tarunyadgirkar.prefill.spike.textinsert.uitests.xctrunner((null))>:13337] from originator [osservice<com.apple.SpringBoard>:86754] with description <RBSAssertionDescriptor| "FBW
2026-09-30 23:29:50.800 Df runningboardd[86757:c570ff] [com.apple.runningboard:monitor] Calculated state for app<com.tarunyadgirkar.prefill.spike.textinsert.uitests.xctrunner((null))>: running-active (role: UserInteractiveNonFocal) (endowments: (null))
2026-09-30 23:29:50.800 Df runningboardd[86757:c5647b] [com.apple.runningboard:ttl] Assertion 86757-86754-6087 (target:[app<com.tarunyadgirkar.prefill.spike.textinsert.uitests.xctrunner((null))>:13337]) will be created as active
2026-09-30 23:29:50.800 Df SpringBoard[86754:c57177] [com.apple.FrontBoard:ProcessWorkspace] [app<com.tarunyadgirkar.prefill.spike.textinsert.uitests.xctrunner>:13337] Workspace state did change: XX-None[0] --> BG-Active[40] (assertion acquired).
2026-09-30 23:29:50.800 Df SpringBoard[86754:c57177] [com.apple.FrontBoard:ProcessWorkspace] [app<com.tarunyadgirkar.prefill.spike.textinsert.uitests.xctrunner>:13337] Workspace interruption policy did change: reconnect
2026-09-30 23:29:50.800 Df runningboardd[86757:c570f9] [com.apple.runningboard:ttl] [app<com.tarunyadgirkar.prefill.spike.textinsert.uitests.xctrunner((null))>:13337] Set darwin role to: UserInteractiveNonFocal
2026-09-30 23:29:50.800 Df mediaremoted[86761:c5719b] [com.apple.runningboard:process] Hit the server for a process handle 1badd5f000003419 that resolved to: [app<com.tarunyadgirkar.prefill.spike.textinsert.uitests.xctrunner((null))>:13337]
2026-09-30 23:29:50.800 Df mediaremoted[86761:c5719b] [com.apple.runningboard:monitor] Received state update for 13337 (app<com.tarunyadgirkar.prefill.spike.textinsert.uitests.xctrunner((null))>, running-active-NotVisible
2026-09-30 23:29:50.801 Df runningboardd[86757:c570ff] [com.apple.runningboard:ttl] Acquiring assertion targeting [app<com.tarunyadgirkar.prefill.spike.textinsert.uitests.xctrunner((null))>:13337] from originator [osservice<com.apple.SpringBoard>:86754] with description <RBSAssertionDescriptor| "com
2026-09-30 23:29:50.801 Df runningboardd[86757:c5647b] [com.apple.runningboard:monitor] Calculated state for app<com.tarunyadgirkar.prefill.spike.textinsert.uitests.xctrunner((null))>: running-active (role: UserInteractiveNonFocal) (endowments: (null))
2026-09-30 23:29:50.801 Df runningboardd[86757:c570ff] [com.apple.runningboard:ttl] Assertion 86757-86754-6088 (target:[app<com.tarunyadgirkar.prefill.spike.textinsert.uitests.xctrunner((null))>:13337]) will be created as inactive as originator process has not exited
2026-09-30 23:29:50.801 Df SpringBoard[86754:c57177] [com.apple.runningboard:process] Starting death monitoring for handle [app<com.tarunyadgirkar.prefill.spike.textinsert.uitests.xctrunner((null))>:13337]
2026-09-30 23:29:50.801 Df SpringBoard[86754:c57177] [com.apple.FrontBoard:Process] Adding: <FBApplicationProcess: 0x11f762e80; app<com.tarunyadgirkar.prefill.spike.textinsert.uitests.xctrunner>:13337(v26AE69)>
2026-09-30 23:29:50.801 E  runningboardd[86757:c570f9] [com.apple.runningboard:process] [app<com.tarunyadgirkar.prefill.spike.textinsert.uitests.xctrunner((null))>:13337] Error 1 setting Carplay mode to 0: Operation not permitted
2026-09-30 23:29:50.801 Df CoreSimulatorBridge[86784:c558e4] Launch successful for 'com.tarunyadgirkar.prefill.spike.textinsert.uitests.xctrunner', pid: 13337
2026-09-30 23:29:50.802 Df runningboardd[86757:c5719a] [com.apple.runningboard:assertion] Successfully acquired underlying assertion for [app<com.tarunyadgirkar.prefill.spike.textinsert.uitests.xctrunner((null))>:13337]
2026-09-30 23:29:50.802 Df SpringBoard[86754:c334f8] [com.apple.SpringBoard:Common] Application process state changed for com.tarunyadgirkar.prefill.spike.textinsert.uitests.xctrunner: <SBApplicationProcessState: 0x116c9bf40; pid: 13337; taskState: Running; visibility: Background>
2026-09-30 23:29:50.802 Df SpringBoard[86754:c334f8] [com.apple.SpringBoard:Icon] 0x11fc4f6c0-SBApplicationIcon Data source did change: <SBApplication: 0x10ce1a800; com.tarunyadgirkar.prefill.spike.textinsert.uitests.xctrunner> {
    "<SBApplicationIcon: 0x11fc66340; uniqueIdentifier: com.tarunyadgirkar.prefill.spike.textinsert; bundleID: com.tarunyadgirkar.prefill.spike.textinsert>",
    "<SBApplicationIcon: 0x11fc4f6c0; uniqueIdentifier: com.tarunyadgirkar.prefill.spike.textinsert.uitests.xctrunner; bundleID: com.tarunyadgirkar.prefill.spike.textinsert.uitests.xctrunner>"
2026-09-30 23:29:50.803 Df SpringBoard[86754:c334f8] [com.apple.SpringBoard:Common] Generating initialization context on main thread for: com.tarunyadgirkar.prefill.spike.textinsert.uitests.xctrunner
2026-09-30 23:29:50.811 Df deviceaccessd[87128:c549f8] [com.apple.DeviceAccess:DADaemonServer] ### appBundleHasASKEnabled com.tarunyadgirkar.prefill.spike.textinsert.uitests.xctrunner supports None
2026-09-30 23:29:50.811 Df deviceaccessd[87128:c549f8] [com.apple.DeviceAccess:DADaemonServer] ### UpdateAppsAccess: com.tarunyadgirkar.prefill.spike.textinsert.uitests.xctrunner with existing info plist options: None
2026-09-30 23:29:50.816 E  iconservicesagent[87231:c57126] [com.apple.iconservices:default] Failed to find icon resources for bundle identifier com.tarunyadgirkar.prefill.spike.textinsert.uitests.xctrunner - (null). Creating placeholder provider
2026-09-30 23:29:50.819 Df iconservicesagent[87231:c57126] [com.apple.iconservices:default] Resource provider <ISResourceProvider: 0x10d409000> for <ISBundleIdentifierIcon 0x10d752a00>BundleID: com.tarunyadgirkar.prefill.spike.textinsert.uitests.xctrunner digest: 294E8903-520B-3377-B4D4-D26DE9619D15
2026-09-30 23:29:50.822 Df callservicesd[86889:c57147] [com.apple.calls.copresencecore:Default] Invalidating cached value for bundle identifier: com.tarunyadgirkar.prefill.spike.textinsert.uitests.xctrunner
2026-09-30 23:29:50.901 Df SpringBoard[86754:c5719d] [com.apple.runningboard:monitor] Received state update for 13337 (app<com.tarunyadgirkar.prefill.spike.textinsert.uitests.xctrunner((null))>, running-active-NotVisible
2026-09-30 23:29:50.901 Df mediaremoted[86761:c5719b] [com.apple.runningboard:monitor] Received state update for 13337 (app<com.tarunyadgirkar.prefill.spike.textinsert.uitests.xctrunner((null))>, running-active-NotVisible
    NSExtensionPointName = "com.apple.authentication-services-credential-provider-ui";
    <EXConcreteExtension: 0x118aec380> {id = com.tarunyadgirkar.prefill.spike.textinsert.provider}
2026-09-30 23:29:50.950 Df linkd[87064:c55153] [com.apple.appintents:IndexCoordinator] Starting task: Audit: Bundles: com.tarunyadgirkar.prefill.spike.textinsert.uitests.xctrunner
    NSExtensionPointName = "com.apple.authentication-services-credential-provider-ui";
    <EXConcreteExtension: 0x118aed0a0> {id = com.tarunyadgirkar.prefill.spike.textinsert.provider}
2026-09-30 23:29:50.975 Df callservicesd[86889:c57147] [com.apple.calls.copresencecore:Default] Invalidating cached value for bundle identifier: com.tarunyadgirkar.prefill.spike.textinsert.uitests.xctrunner
2026-09-30 23:29:50.979 Df Preferences[90646:c57180] [com.apple.PlugInKit:discovery] [d 7E7F7CA2-B1A2-4821-891D-30F9928F91AA] <PKHost:0x10a451640> Beginning discovery for flags: 0, point: com.apple.authentication-services-credential-provider-ui
2026-09-30 23:29:50.979 Df Preferences[90646:c57180] [com.apple.PlugInKit:discovery] [d C49B05E4-0775-4008-8D0F-F096CF17FCB9] <PKHost:0x10a451640> Beginning discovery for flags: 0, point: com.apple.authentication-services-credential-provider-ui
2026-09-30 23:29:50.979 Df Preferences[90646:c57180] [com.apple.PlugInKit:discovery] [d 2A556E93-3A5B-471D-B273-6B10DE9BAD08] <PKHost:0x10a451640> Beginning discovery for flags: 0, point: com.apple.authentication-services-credential-provider-ui
2026-09-30 23:29:50.979 Df Preferences[90646:c57180] [com.apple.PlugInKit:discovery] [d 42A5A1A0-D890-43E6-B51E-11F21FD7B115] <PKHost:0x10a451640> Beginning discovery for flags: 0, point: com.apple.authentication-services-credential-provider-ui
    NSExtensionPointName = "com.apple.authentication-services-credential-provider-ui";
    NSExtensionPointName = "com.apple.authentication-services-credential-provider-ui";
    NSExtensionPointName = "com.apple.authentication-services-credential-provider-ui";
    NSExtensionPointName = "com.apple.authentication-services-credential-provider-ui";
2026-09-30 23:29:51.714 Df SpringBoard[86754:c4e25c] [com.apple.SplashBoard:FileManifest] <XBApplicationSnapshotManifestImpl: 0x11fcd5c80> [com.tarunyadgirkar.prefill.spike.textinsert.uitests.xctrunner] We don't have any snapshots, so we're clearing our manifest data.
2026-09-30 23:29:51.769 E  cfprefsd[86798:c57279] [com.apple.defaults:cfprefsd] Couldn't open /Library/Managed Preferences/mobile/com.tarunyadgirkar.prefill.spike.textinsert.uitests.xctrunner.plist due to No such file or directory
2026-09-30 23:29:51.769 E  cfprefsd[86798:c57279] [com.apple.defaults:cfprefsd] Couldn't open /Library/Managed Preferences/com.tarunyadgirkar.prefill.spike.textinsert.uitests.xctrunner.plist due to No such file or directory
2026-09-30 23:29:51.769 E  cfprefsd[86798:c57279] [com.apple.defaults:cfprefsd] Couldn't open /Users/tarunyadgirkar/Library/Developer/CoreSimulator/Devices/CF361191-F960-4212-9B76-7C41256A11C9/data/Containers/Data/Application/F550E4CA-61EB-4A16-B90C-120583228C87/Library/Preferences/com.tarunyadgirka
2026-09-30 23:29:51.770 E  cfprefsd[86798:c57279] [com.apple.defaults:cfprefsd] Couldn't open /Users/tarunyadgirkar/Library/Developer/CoreSimulator/Devices/CF361191-F960-4212-9B76-7C41256A11C9/data/Library/Preferences/com.tarunyadgirkar.prefill.spike.textinsert.uitests.xctrunner.plist due to No such
2026-09-30 23:29:51.770 E  cfprefsd[86798:c57279] [com.apple.defaults:cfprefsd] Couldn't open /Users/tarunyadgirkar/Library/Developer/CoreSimulator/Devices/CF361191-F960-4212-9B76-7C41256A11C9/data/Containers/Data/Application/F550E4CA-61EB-4A16-B90C-120583228C87/Library/Preferences/ByHost/com.taruny
2026-09-30 23:29:51.771 Df SpringBoard[86754:c4e25c] [com.apple.SpringBoard:Common] Fetching initialization context for: com.tarunyadgirkar.prefill.spike.textinsert.uitests.xctrunner
2026-09-30 23:29:51.771 Df SpringBoard[86754:c4e25c] [com.apple.SpringBoard:Common] Returning cached initialization context for com.tarunyadgirkar.prefill.spike.textinsert.uitests.xctrunner
2026-09-30 23:29:51.771 Df SpringBoard[86754:c4e25c] [com.apple.SpringBoard:Common] Returning cached initialization context for com.tarunyadgirkar.prefill.spike.textinsert.uitests.xctrunner
    bundleID = "com.tarunyadgirkar.prefill.spike.textinsert.uitests.xctrunner";
    bundleID = "com.tarunyadgirkar.prefill.spike.textinsert.uitests.xctrunner";
2026-09-30 23:29:51.773 Df runningboardd[86757:c57100] [com.apple.runningboard:connection] Setting client for [app<com.tarunyadgirkar.prefill.spike.textinsert.uitests.xctrunner((null))>:13337] as ready
2026-09-30 23:29:51.773 Df runningboardd[86757:c57100] [com.apple.runningboard:ttl] Acquiring assertion targeting [app<com.tarunyadgirkar.prefill.spike.textinsert.uitests.xctrunner((null))>:13337] from originator [app<com.tarunyadgirkar.prefill.spike.textinsert.uitests.xctrunner((null))>:13337] with
2026-09-30 23:29:51.773 Df runningboardd[86757:c57100] [com.apple.runningboard:ttl] Assertion 86757-13337-6090 (target:[app<com.tarunyadgirkar.prefill.spike.textinsert.uitests.xctrunner((null))>:13337]) will be created as inactive as start-time-defining assertions exist
2026-09-30 23:29:51.773 Df SpringBoard[86754:c4e25c] [com.apple.FrontBoard:ProcessWorkspace] [app<com.tarunyadgirkar.prefill.spike.textinsert.uitests.xctrunner>:13337] Connection established.
2026-09-30 23:29:51.773 Df SpringBoard[86754:c4e25c] [com.apple.FrontBoard:ProcessWorkspace] [app<com.tarunyadgirkar.prefill.spike.textinsert.uitests.xctrunner>:13337] created proxy of <BSXPCServiceConnectionProxy<FBSWorkspaceServiceServerInterface>: 0x126023f80>
2026-09-30 23:29:51.773 Df SpringBoard[86754:c57177] [com.apple.FrontBoard:ProcessScene] [0x11f74ce40:(FBSceneManager):sceneID:com.tarunyadgirkar.prefill.spike.textinsert.uitests.xctrunner-default] Sending scene action [Create Inactive][0x5a89] to process 0x11f762e80 (watchdog: 600.00s)
2026-09-30 23:29:51.773 Df SpringBoard[86754:c57177] [com.apple.FrontBoard:ProcessScene] [0x11f74ce40:(FBSceneManager):sceneID:com.tarunyadgirkar.prefill.spike.textinsert.uitests.xctrunner-default] Sending scene create.
2026-09-30 23:29:51.774 Df SpringBoard[86754:c57177] [com.apple.FrontBoard:ProcessScene] [0x11f74ce40:(FBSceneManager):sceneID:com.tarunyadgirkar.prefill.spike.textinsert.uitests.xctrunner-default] Sending scene action [Forward Event][0x120e] to process 0x11f762e80 (watchdog: 600.00s)
2026-09-30 23:29:51.774 Df SpringBoard[86754:c57177] [com.apple.FrontBoard:Process] [app<com.tarunyadgirkar.prefill.spike.textinsert.uitests.xctrunner>:13337] Connection to remote process established!
2026-09-30 23:29:51.774 Df SpringBoard[86754:c57177] [com.apple.FrontBoard:Process] [app<com.tarunyadgirkar.prefill.spike.textinsert.uitests.xctrunner>:13337] Setting process debug state to: NO
2026-09-30 23:29:51.774 Df SpringBoard[86754:c57177] [com.apple.FrontBoard:ProcessWorkspace] received incoming handshake : process=<FBApplicationProcess: 0x11f762e80; app<com.tarunyadgirkar.prefill.spike.textinsert.uitests.xctrunner>:13337(v26AE69); taskState: Running; visibility: Background> remote
2026-09-30 23:29:51.774 Df SpringBoard[86754:c334f8] [com.apple.SpringBoard:Common] Application process state changed for com.tarunyadgirkar.prefill.spike.textinsert.uitests.xctrunner: <SBApplicationProcessState: 0x116c99da0; pid: 13337; taskState: Running; visibility: Background>
2026-09-30 23:29:51.774 Df SpringBoard[86754:c334f8] [com.apple.SpringBoard:Common] Application process state changed for com.tarunyadgirkar.prefill.spike.textinsert.uitests.xctrunner: <SBApplicationProcessState: 0x116c991e0; pid: 13337; taskState: Running; visibility: Background>
2026-09-30 23:29:51.776 Df SpringBoard[86754:c334f8] [com.apple.FrontBoard:Scene] [(FBSceneManager):sceneID:com.tarunyadgirkar.prefill.spike.textinsert.uitests.xctrunner-default] Client process connected: [app<com.tarunyadgirkar.prefill.spike.textinsert.uitests.xctrunner((null))>:13337]
2026-09-30 23:29:51.777 Df SpringBoard[86754:c334f8] [com.apple.SpringBoard:HostedScenePolicy] Host window scene changed for sceneID:com.tarunyadgirkar.prefill.spike.textinsert.uitests.xctrunner-default: <SBWindowScene: 0x10cf94500; scene: "<FBSScene: 0x10cf0a120; identifier: SB-main>"; persistentId
2026-09-30 23:29:51.777 Df SpringBoard[86754:c334f8] [com.apple.SpringBoard:SuspendedUnderLock] Started observing hosted policy component for sceneID:com.tarunyadgirkar.prefill.spike.textinsert.uitests.xctrunner-default
2026-09-30 23:29:51.778 Df SpringBoard[86754:c57177] [com.apple.FrontBoard:ProcessScene] [0x11f74ce40:(FBSceneManager):sceneID:com.tarunyadgirkar.prefill.spike.textinsert.uitests.xctrunner-default] Sending scene action [Forward Event][0x2b0c] to process 0x11f762e80 (watchdog: 600.00s)
2026-09-30 23:29:51.778 Df SpringBoard[86754:c334f8] [com.apple.SpringBoard:Common] Application process state changed for com.tarunyadgirkar.prefill.spike.textinsert.uitests.xctrunner: <SBApplicationProcessState: 0x1138dd4a0; pid: 13337; taskState: Running; visibility: Background>
2026-09-30 23:29:51.778 Df SpringBoard[86754:c334f8] [com.apple.SpringBoard:Common] SceneWorkspaceDelegate[0x10cc67d20-com.apple.SpringBoard.SceneWorkspace.PrototypeTools] client did connect with handshake: <FBSceneClientHandshake:0x1138dec80; [app<com.tarunyadgirkar.prefill.spike.textinsert.uitests
2026-09-30 23:29:51.778 Df SpringBoard[86754:c334f8] [com.apple.SpringBoard:Common] SceneWorkspaceDelegate[0x10cc67330-com.apple.SpringBoard.SceneWorkspace.DruidUI] client did connect with handshake: <FBSceneClientHandshake:0x1138dec80; [app<com.tarunyadgirkar.prefill.spike.textinsert.uitests.xctrun
2026-09-30 23:29:51.778 Df SpringBoard[86754:c334f8] [com.apple.SpringBoard:Common] SceneWorkspaceDelegate[0x10cc674b0-com.apple.SpringBoard.SceneWorkspace.FullKeyboardAccessUI] client did connect with handshake: <FBSceneClientHandshake:0x1138dec80; [app<com.tarunyadgirkar.prefill.spike.textinsert.u
2026-09-30 23:29:51.778 Df SpringBoard[86754:c334f8] [com.apple.SpringBoard:Common] SceneWorkspaceDelegate[0x10cc67f00-com.apple.SpringBoard.SceneWorkspace.SiriHUD] client did connect with handshake: <FBSceneClientHandshake:0x1138dec80; [app<com.tarunyadgirkar.prefill.spike.textinsert.uitests.xctrun
2026-09-30 23:29:51.778 Df SpringBoard[86754:c334f8] [com.apple.SpringBoard:Common] SceneWorkspaceDelegate[0x10cc67c30-com.apple.SpringBoard.SceneWorkspace.AudioHUD] client did connect with handshake: <FBSceneClientHandshake:0x1138dec80; [app<com.tarunyadgirkar.prefill.spike.textinsert.uitests.xctru
2026-09-30 23:29:51.778 Df SpringBoard[86754:c334f8] [com.apple.SpringBoard:Common] SceneWorkspaceDelegate[0x10cc67a50-com.apple.SpringBoard.SceneWorkspace.PerfPowerHUD] client did connect with handshake: <FBSceneClientHandshake:0x1138dec80; [app<com.tarunyadgirkar.prefill.spike.textinsert.uitests.x
2026-09-30 23:29:51.778 Df SpringBoard[86754:c334f8] [com.apple.SpringBoard:Common] SceneWorkspaceDelegate[0x10cc673c0-com.apple.SpringBoard.SceneWorkspace.InputUI] client did connect with handshake: <FBSceneClientHandshake:0x1138dec80; [app<com.tarunyadgirkar.prefill.spike.textinsert.uitests.xctrun
2026-09-30 23:29:51.778 Df SpringBoard[86754:c334f8] [com.apple.SpringBoard:Common] SceneWorkspaceDelegate[0x10cc67e10-com.apple.SpringBoard.SceneWorkspace.GlitchHUD] client did connect with handshake: <FBSceneClientHandshake:0x1138dec80; [app<com.tarunyadgirkar.prefill.spike.textinsert.uitests.xctr
2026-09-30 23:29:51.778 Df SpringBoard[86754:c334f8] [com.apple.SpringBoard:Common] SceneWorkspaceDelegate[0x10cc67690-com.apple.SpringBoard.SceneWorkspace.AssistiveTouchUI] client did connect with handshake: <FBSceneClientHandshake:0x1138dec80; [app<com.tarunyadgirkar.prefill.spike.textinsert.uites
2026-09-30 23:29:51.778 Df SpringBoard[86754:c334f8] [com.apple.SpringBoard:Common] SceneWorkspaceDelegate[0x10cc66fa0-com.apple.SpringBoard.SceneWorkspace.AssistantIslandStageCoordinator] client did connect with handshake: <FBSceneClientHandshake:0x1138dec80; [app<com.tarunyadgirkar.prefill.spike.t
2026-09-30 23:29:51.778 Df SpringBoard[86754:c334f8] [com.apple.SpringBoard:Common] SceneWorkspaceDelegate[0x10cc67270-com.apple.SpringBoard.SceneWorkspace.OverlayUI] client did connect with handshake: <FBSceneClientHandshake:0x1138dec80; [app<com.tarunyadgirkar.prefill.spike.textinsert.uitests.xctr
2026-09-30 23:29:51.778 Df SpringBoard[86754:c334f8] [com.apple.SpringBoard:Common] SceneWorkspaceDelegate[0x10cc675a0-com.apple.SpringBoard.SceneWorkspace.VoiceControlUI] client did connect with handshake: <FBSceneClientHandshake:0x1138dec80; [app<com.tarunyadgirkar.prefill.spike.textinsert.uitests
2026-09-30 23:29:51.778 Df SpringBoard[86754:c334f8] [com.apple.SpringBoard:Common] SceneWorkspaceDelegate[0x10cc67870-com.apple.SpringBoard.SceneWorkspace.EyedropperUI] client did connect with handshake: <FBSceneClientHandshake:0x1138dec80; [app<com.tarunyadgirkar.prefill.spike.textinsert.uitests.x
2026-09-30 23:29:51.778 Df SpringBoard[86754:c334f8] [com.apple.SpringBoard:Common] SceneWorkspaceDelegate[0x10cc67b40-com.apple.SpringBoard.SceneWorkspace.InternalPerfPowerHUD] client did connect with handshake: <FBSceneClientHandshake:0x1138dec80; [app<com.tarunyadgirkar.prefill.spike.textinsert.u
2026-09-30 23:29:51.778 Df SpringBoard[86754:c334f8] [com.apple.SpringBoard:Common] SceneWorkspaceDelegate[0x10cc67960-com.apple.SpringBoard.SceneWorkspace.Moments] client did connect with handshake: <FBSceneClientHandshake:0x1138dec80; [app<com.tarunyadgirkar.prefill.spike.textinsert.uitests.xctrun
2026-09-30 23:29:51.778 Df SpringBoard[86754:c334f8] [com.apple.SpringBoard:Common] SceneWorkspaceDelegate[0x10cc67780-com.apple.SpringBoard.SceneWorkspace.AccessibilityUIServerUI] client did connect with handshake: <FBSceneClientHandshake:0x1138dec80; [app<com.tarunyadgirkar.prefill.spike.textinser
2026-09-30 23:29:51.778 Df SpringBoard[86754:c57177] [com.apple.FrontBoard:ProcessScene] [0x11f74ce40:(FBSceneManager):sceneID:com.tarunyadgirkar.prefill.spike.textinsert.uitests.xctrunner-default] Sending scene action [Forward Event][0x6880] to process 0x11f762e80 (watchdog: 600.00s)
2026-09-30 23:29:51.783 Df runningboardd[86757:c5719a] [com.apple.runningboard:ttl] Assertion 86757-13337-6091 (target:[app<com.tarunyadgirkar.prefill.spike.textinsert.uitests.xctrunner((null))>:13337]) will be created as inactive as start-time-defining assertions exist
2026-09-30 23:29:51.789 Df runningboardd[86757:c570ff] [com.apple.runningboard:ttl] Acquiring assertion targeting [app<com.tarunyadgirkar.prefill.spike.textinsert.uitests.xctrunner((null))>:13337] from originator [osservice<com.apple.testmanagerd>:88342] with description <RBSAssertionDescriptor| "De
2026-09-30 23:29:51.789 Df runningboardd[86757:c570ff] [com.apple.runningboard:ttl] Assertion 86757-88342-6093 (target:[app<com.tarunyadgirkar.prefill.spike.textinsert.uitests.xctrunner((null))>:13337]) will be created as active
2026-09-30 23:29:51.790 Df runningboardd[86757:c5719a] [com.apple.runningboard:monitor] Calculated state for app<com.tarunyadgirkar.prefill.spike.textinsert.uitests.xctrunner((null))>: running-active (role: UserInteractiveNonFocal) (endowments: (null))
2026-09-30 23:29:51.790 Df runningboardd[86757:c5647b] [com.apple.runningboard:ttl] Attempting to rename power assertion 65535 for target app<com.tarunyadgirkar.prefill.spike.textinsert.uitests.xctrunner((null))> to app<com.tarunyadgirkar.prefill.spike.textinsert.uitests.xctrunner((null))>;86757-867
2026-09-30 23:29:51.790 Df testmanagerd[88342:c5727e] [com.apple.runningboard:monitor] Received state update for 13337 (app<com.tarunyadgirkar.prefill.spike.textinsert.uitests.xctrunner((null))>, running-active-NotVisible
2026-09-30 23:29:51.791 Df SpringBoard[86754:c571a2] [com.apple.runningboard:monitor] Received state update for 13337 (app<com.tarunyadgirkar.prefill.spike.textinsert.uitests.xctrunner((null))>, running-active-NotVisible
2026-09-30 23:29:51.791 Df testmanagerd[88342:c5727e] [com.apple.runningboard:monitor] Received state update for 13337 (app<com.tarunyadgirkar.prefill.spike.textinsert.uitests.xctrunner((null))>, running-active-NotVisible
2026-09-30 23:29:51.791 Df mediaremoted[86761:c5647d] [com.apple.runningboard:monitor] Received state update for 13337 (app<com.tarunyadgirkar.prefill.spike.textinsert.uitests.xctrunner((null))>, running-active-NotVisible
2026-09-30 23:29:51.806 Df lsd[86807:c56254] [com.apple.launchservices:appinstallation] Save after update app record for bundle com.tarunyadgirkar.prefill.spike.textinsert.uitests.xctrunner attempted: 1 save error: (null)
2026-09-30 23:29:51.806 Df installd[87431:c57119] (MobileSystemServices) 0x16f01b000 -[MILaunchServicesOperationManager _onQueue_removePendingLaunchServicesOperationForUUID:dueToLSSave:]: Removing operation after LS save: <MILaunchServicesRegisterOperation: 91CAF715-78CA-42FD-956A-972BF8FB86A3:17 co
2026-09-30 23:29:51.807 Df installd[87431:c57119] (MobileSystemServices) 0x16f01b000 -[MILaunchServicesOperationManager _onQueue_removePendingLaunchServicesOperationForUUID:dueToLSSave:]: Removing operation after LS save: <MILaunchServicesRegisterOperation: 9D39F77A-9413-4FF6-B43A-2B22D20C64E8:18 co
2026-09-30 23:29:51.814 Df runningboardd[86757:c570ff] [com.apple.runningboard:ttl] Acquiring assertion targeting [app<com.tarunyadgirkar.prefill.spike.textinsert.uitests.xctrunner((null))>:13337] from originator [app<com.tarunyadgirkar.prefill.spike.textinsert.uitests.xctrunner((null))>:13337] with
2026-09-30 23:29:51.814 Df runningboardd[86757:c570ff] [com.apple.runningboard:ttl] Assertion 86757-13337-6094 (target:[app<com.tarunyadgirkar.prefill.spike.textinsert.uitests.xctrunner((null))>:13337]) will be created as active
2026-09-30 23:29:51.814 Df runningboardd[86757:c5647b] [com.apple.runningboard:monitor] Calculated state for app<com.tarunyadgirkar.prefill.spike.textinsert.uitests.xctrunner((null))>: running-active (role: UserInteractiveNonFocal) (endowments: (null))
2026-09-30 23:29:51.814 Df SpringBoard[86754:c57177] [com.apple.runningboard:monitor] Received state update for 13337 (app<com.tarunyadgirkar.prefill.spike.textinsert.uitests.xctrunner((null))>, running-active-NotVisible
2026-09-30 23:29:51.815 Df mediaremoted[86761:c5647d] [com.apple.runningboard:monitor] Received state update for 13337 (app<com.tarunyadgirkar.prefill.spike.textinsert.uitests.xctrunner((null))>, running-active-NotVisible
2026-09-30 23:29:51.815 Df testmanagerd[88342:c5727e] [com.apple.runningboard:monitor] Received state update for 13337 (app<com.tarunyadgirkar.prefill.spike.textinsert.uitests.xctrunner((null))>, running-active-NotVisible
2026-09-30 23:29:51.828 Df InputUI[87035:c54d82] [com.apple.FrontBoard:Process] Asked to bootstrap a new process for handle: [app<com.tarunyadgirkar.prefill.spike.textinsert.uitests.xctrunner((null))>:13337]
2026-09-30 23:29:51.828 Df InputUI[87035:c54d82] [com.apple.FrontBoard:Process] Creating process (sync=true) for handle: [app<com.tarunyadgirkar.prefill.spike.textinsert.uitests.xctrunner((null))>:13337]
2026-09-30 23:29:51.828 Df InputUI[87035:c54d82] [com.apple.FrontBoard:ProcessWorkspace] [app<com.tarunyadgirkar.prefill.spike.textinsert.uitests.xctrunner>:13337] Registering event dispatcher at init
2026-09-30 23:29:51.828 Df InputUI[87035:c54d82] [com.apple.FrontBoard:ProcessWorkspace] Created <FBWorkspace: 0x106eb9a40; <FBApplicationProcess: 0x110012280; app<com.tarunyadgirkar.prefill.spike.textinsert.uitests.xctrunner>:13337(v26AE69)>>
2026-09-30 23:29:51.828 Df InputUI[87035:c54d82] [com.apple.FrontBoard:Process] Bootstrapping app<com.tarunyadgirkar.prefill.spike.textinsert.uitests.xctrunner> with intent background
2026-09-30 23:29:51.829 Df runningboardd[86757:c570ff] [com.apple.runningboard:ttl] Acquiring assertion targeting [app<com.tarunyadgirkar.prefill.spike.textinsert.uitests.xctrunner((null))>:13337] from originator [osservice<com.apple.InputUI>:87035] with description <RBSAssertionDescriptor| "FBAppli
2026-09-30 23:29:51.829 Df runningboardd[86757:c570ff] [com.apple.runningboard:ttl] Assertion 86757-87035-6095 (target:[app<com.tarunyadgirkar.prefill.spike.textinsert.uitests.xctrunner((null))>:13337]) will be created as active
2026-09-30 23:29:51.829 Df InputUI[87035:c54d82] [com.apple.FrontBoard:Process] [app<com.tarunyadgirkar.prefill.spike.textinsert.uitests.xctrunner>:13337] Bootstrap success!
2026-09-30 23:29:51.830 Df runningboardd[86757:c5719a] [com.apple.runningboard:ttl] Attempting to rename power assertion 65535 for target app<com.tarunyadgirkar.prefill.spike.textinsert.uitests.xctrunner((null))> to app<com.tarunyadgirkar.prefill.spike.textinsert.uitests.xctrunner((null))>;86757-867
2026-09-30 23:29:51.830 Df runningboardd[86757:c5719c] [com.apple.runningboard:monitor] Calculated state for app<com.tarunyadgirkar.prefill.spike.textinsert.uitests.xctrunner((null))>: running-active (role: UserInteractiveNonFocal) (endowments: (null))
2026-09-30 23:29:51.830 Df InputUI[87035:c54d82] [com.apple.FrontBoard:Process] [app<com.tarunyadgirkar.prefill.spike.textinsert.uitests.xctrunner>:13337] Setting process visibility to: Background
2026-09-30 23:29:51.830 Df InputUI[87035:c54d82] [com.apple.FrontBoard:ProcessWorkspace] [app<com.tarunyadgirkar.prefill.spike.textinsert.uitests.xctrunner>:13337] Initial launch state: BG-Active[40].
2026-09-30 23:29:51.830 Df runningboardd[86757:c5719c] [com.apple.runningboard:ttl] Acquiring assertion targeting [app<com.tarunyadgirkar.prefill.spike.textinsert.uitests.xctrunner((null))>:13337] from originator [osservice<com.apple.InputUI>:87035] with description <RBSAssertionDescriptor| "FBWorks
2026-09-30 23:29:51.830 Df runningboardd[86757:c5719c] [com.apple.runningboard:ttl] Assertion 86757-87035-6096 (target:[app<com.tarunyadgirkar.prefill.spike.textinsert.uitests.xctrunner((null))>:13337]) will be created as active
2026-09-30 23:29:51.830 Df SpringBoard[86754:c4e25c] [com.apple.runningboard:monitor] Received state update for 13337 (app<com.tarunyadgirkar.prefill.spike.textinsert.uitests.xctrunner((null))>, running-active-NotVisible
2026-09-30 23:29:51.830 Df mediaremoted[86761:c5719b] [com.apple.runningboard:monitor] Received state update for 13337 (app<com.tarunyadgirkar.prefill.spike.textinsert.uitests.xctrunner((null))>, running-active-NotVisible
2026-09-30 23:29:51.830 Df testmanagerd[88342:c570e8] [com.apple.runningboard:monitor] Received state update for 13337 (app<com.tarunyadgirkar.prefill.spike.textinsert.uitests.xctrunner((null))>, running-active-NotVisible
2026-09-30 23:29:51.831 Df runningboardd[86757:c570f9] [com.apple.runningboard:monitor] Calculated state for app<com.tarunyadgirkar.prefill.spike.textinsert.uitests.xctrunner((null))>: running-active (role: UserInteractiveNonFocal) (endowments: {(
2026-09-30 23:29:51.831 Df InputUI[87035:c54d82] [com.apple.runningboard:process] Starting death monitoring for handle [app<com.tarunyadgirkar.prefill.spike.textinsert.uitests.xctrunner((null))>:13337]
2026-09-30 23:29:51.831 Df InputUI[87035:c54d82] [com.apple.FrontBoard:Process] Adding: <FBApplicationProcess: 0x110012280; app<com.tarunyadgirkar.prefill.spike.textinsert.uitests.xctrunner>:13337(v26AE69)>
2026-09-30 23:29:51.831 Df SpringBoard[86754:c57177] [com.apple.runningboard:monitor] Received state update for 13337 (app<com.tarunyadgirkar.prefill.spike.textinsert.uitests.xctrunner((null))>, running-active-NotVisible
2026-09-30 23:29:51.831 Df mediaremoted[86761:c5719b] [com.apple.runningboard:monitor] Received state update for 13337 (app<com.tarunyadgirkar.prefill.spike.textinsert.uitests.xctrunner((null))>, running-active-NotVisible
2026-09-30 23:29:51.831 Df testmanagerd[88342:c5727e] [com.apple.runningboard:monitor] Received state update for 13337 (app<com.tarunyadgirkar.prefill.spike.textinsert.uitests.xctrunner((null))>, running-active-NotVisible
2026-09-30 23:29:51.832 Df InputUI[87035:c54d82] [com.apple.FrontBoard:ProcessWorkspace] [app<com.tarunyadgirkar.prefill.spike.textinsert.uitests.xctrunner>:13337] Connection established.
2026-09-30 23:29:51.832 Df InputUI[87035:c54d82] [com.apple.FrontBoard:ProcessWorkspace] [app<com.tarunyadgirkar.prefill.spike.textinsert.uitests.xctrunner>:13337] created proxy of <BSXPCServiceConnectionProxy<FBSWorkspaceServiceServerInterface>: 0x106cb8980>
2026-09-30 23:29:51.832 Df InputUI[87035:c57284] [com.apple.FrontBoard:Process] [app<com.tarunyadgirkar.prefill.spike.textinsert.uitests.xctrunner>:13337] Connection to remote process established!
2026-09-30 23:29:51.833 Df InputUI[87035:c57284] [com.apple.FrontBoard:ProcessWorkspace] received incoming handshake : process=<FBApplicationProcess: 0x110012280; app<com.tarunyadgirkar.prefill.spike.textinsert.uitests.xctrunner>:13337(v26AE69); taskState: Running; visibility: Background> remote=<BS
2026-09-30 23:29:51.833 Df InputUI[87035:c57283] [com.apple.runningboard:monitor] Received state update for 13337 (app<com.tarunyadgirkar.prefill.spike.textinsert.uitests.xctrunner((null))>, running-active-NotVisible
2026-09-30 23:29:51.834 Df backboardd[86775:c5024b] [com.apple.BackBoard:EventDelivery] new deferring rules for pid:13337: [[13337-1]; <keyboardFocus; …yadgirkar.prefill.spike.textinsert.uitests.xctrunner-default> -> <token: <uq: 1; UIKit-localContainer>; pid: 13337>; reason: UIKit-localContainer]
2026-09-30 23:29:51.834 Df backboardd[86775:c5024b] [com.apple.BackBoard:EventDelivery] [<keyboardFocus; builtin> 0x10a4c7e90] setRules:forPID(13337) generation: 255: [[13337-1]; <keyboardFocus; com.apple.frontboard.systemappservices/FBSceneManager:sceneID%3Acom.tarunyadgirkar.prefill.spike.textinse
2026-09-30 23:29:51.834 Df backboardd[86775:c5024b] [com.apple.BackBoard:EventDelivery] [<keyboardFocus> 0x10a4c7f70] setRules:forPID(13337) generation: 255: [[13337-1]; <keyboardFocus; com.apple.frontboard.systemappservices/FBSceneManager:sceneID%3Acom.tarunyadgirkar.prefill.spike.textinsert.uitest
2026-09-30 23:29:51.835 Df InputUI[87035:c33b5c] [com.apple.FrontBoard:Process] Asked to bootstrap a new process for handle: [app<com.tarunyadgirkar.prefill.spike.textinsert.uitests.xctrunner((null))>:13337]
2026-09-30 23:29:51.835 Df InputUI[87035:c33b5c] [com.apple.FrontBoard:Process] A process already exists for this handle: <FBApplicationProcess: 0x110012280; app<com.tarunyadgirkar.prefill.spike.textinsert.uitests.xctrunner>:13337(v26AE69)>
2026-09-30 23:29:51.835 Df InputUI[87035:c33b5c] [com.apple.FrontBoard:ProcessScene] [0x106e483c0:com.apple.InputUI.keyboard:KeyboardInputScene-com.apple.frontboard.systemappservices/FBSceneManager:sceneID%3Acom.tarunyadgirkar.prefill.spike.textinsert.uitests.xctrunner-default] Initialized with conn
2026-09-30 23:29:51.835 Df InputUI[87035:c33b5c] [com.apple.FrontBoard:ProcessWorkspace] [app<com.tarunyadgirkar.prefill.spike.textinsert.uitests.xctrunner>:13337] Registered new scene: <FBWorkspaceScene: 0x106e483c0; com.apple.InputUI.keyboard:KeyboardInputScene-com.apple.frontboard.systemappservic
2026-09-30 23:29:51.835 Df InputUI[87035:c33b5c] [com.apple.FrontBoard:Scene] [com.apple.InputUI.keyboard:KeyboardInputScene-com.apple.frontboard.systemappservices/FBSceneManager:sceneID%3Acom.tarunyadgirkar.prefill.spike.textinsert.uitests.xctrunner-default][1] Scene activated.
2026-09-30 23:29:51.835 Df InputUI[87035:c57283] [com.apple.FrontBoard:ProcessWorkspace] [app<com.tarunyadgirkar.prefill.spike.textinsert.uitests.xctrunner>:13337] Workspace interruption policy did change: reconnect
2026-09-30 23:29:51.835 Df InputUI[87035:c33b5c] [com.apple.FrontBoard:Scene] [com.apple.InputUI.keyboard:KeyboardInputScene-com.apple.frontboard.systemappservices/FBSceneManager:sceneID%3Acom.tarunyadgirkar.prefill.spike.textinsert.uitests.xctrunner-default] Client process connected: [app<com.tarun
2026-09-30 23:29:51.835 Df InputUI[87035:c33b5c] [com.apple.UIKit:KeyboardScene] Created keyboard scene com.apple.UIKit.KeyboardManagement.hosted/com.apple.InputUI.keyboard:KeyboardInputScene-com.apple.frontboard.systemappservices%2FFBSceneManager%3AsceneID%253Acom.tarunyadgirkar.prefill.spike.texti
2026-09-30 23:29:51.835 Df runningboardd[86757:c570f9] [com.apple.runningboard:ttl] Acquiring assertion targeting [app<com.tarunyadgirkar.prefill.spike.textinsert.uitests.xctrunner((null))>:13337] from originator [osservice<com.apple.InputUI>:87035] with description <RBSAssertionDescriptor| "com.app
2026-09-30 23:29:51.835 Df runningboardd[86757:c570f9] [com.apple.runningboard:ttl] Assertion 86757-87035-6097 (target:[app<com.tarunyadgirkar.prefill.spike.textinsert.uitests.xctrunner((null))>:13337]) will be created as inactive as originator process has not exited
2026-09-30 23:29:51.835 Df InputUI[87035:c57283] [com.apple.FrontBoard:ProcessScene] [0x106e483c0:com.apple.InputUI.keyboard:KeyboardInputScene-com.apple.frontboard.systemappservices/FBSceneManager:sceneID%3Acom.tarunyadgirkar.prefill.spike.textinsert.uitests.xctrunner-default] Scene lifecycle state
2026-09-30 23:29:51.836 Df InputUI[87035:c57283] [com.apple.FrontBoard:ProcessScene] [0x106e483c0:com.apple.InputUI.keyboard:KeyboardInputScene-com.apple.frontboard.systemappservices/FBSceneManager:sceneID%3Acom.tarunyadgirkar.prefill.spike.textinsert.uitests.xctrunner-default] Scene state did chang
2026-09-30 23:29:51.836 Df runningboardd[86757:c570f9] [com.apple.runningboard:ttl] Acquiring assertion targeting [app<com.tarunyadgirkar.prefill.spike.textinsert.uitests.xctrunner((null))>:13337] from originator [osservice<com.apple.InputUI>:87035] with description <RBSAssertionDescriptor| "FBWorks
2026-09-30 23:29:51.836 Df runningboardd[86757:c570f9] [com.apple.runningboard:ttl] Assertion 86757-87035-6098 (target:[app<com.tarunyadgirkar.prefill.spike.textinsert.uitests.xctrunner((null))>:13337]) will be created as active
2026-09-30 23:29:51.836 Df InputUI[87035:c57283] [com.apple.FrontBoard:ProcessWorkspace] [app<com.tarunyadgirkar.prefill.spike.textinsert.uitests.xctrunner>:13337] Workspace state did change: XX-None[0] --> BG-Active[40] (assertion acquired).
2026-09-30 23:29:51.836 Df InputUI[87035:c57283] [com.apple.FrontBoard:ProcessScene] [0x106e483c0:com.apple.InputUI.keyboard:KeyboardInputScene-com.apple.frontboard.systemappservices/FBSceneManager:sceneID%3Acom.tarunyadgirkar.prefill.spike.textinsert.uitests.xctrunner-default] Sending scene action 
2026-09-30 23:29:51.836 Df InputUI[87035:c57283] [com.apple.FrontBoard:ProcessScene] [0x106e483c0:com.apple.InputUI.keyboard:KeyboardInputScene-com.apple.frontboard.systemappservices/FBSceneManager:sceneID%3Acom.tarunyadgirkar.prefill.spike.textinsert.uitests.xctrunner-default] Sending scene create.
2026-09-30 23:29:51.856 Df SpringBoard[86754:c4e25c] [com.apple.FrontBoard:ProcessScene] [0x11f74ce40:(FBSceneManager):sceneID:com.tarunyadgirkar.prefill.spike.textinsert.uitests.xctrunner-default] Scene action [Create Inactive][0x5a89] completed with success: 1
2026-09-30 23:29:51.864 Df SpringBoard[86754:c57177] [com.apple.FrontBoard:ProcessScene] [0x11f74ce40:(FBSceneManager):sceneID:com.tarunyadgirkar.prefill.spike.textinsert.uitests.xctrunner-default] Scene action [Forward Event][0x120e] completed with success: 1
2026-09-30 23:29:51.864 Df InputUI[87035:c57283] [com.apple.FrontBoard:ProcessScene] [0x106e483c0:com.apple.InputUI.keyboard:KeyboardInputScene-com.apple.frontboard.systemappservices/FBSceneManager:sceneID%3Acom.tarunyadgirkar.prefill.spike.textinsert.uitests.xctrunner-default] Scene action [Create 
2026-09-30 23:29:51.864 Df SpringBoard[86754:c57177] [com.apple.FrontBoard:ProcessScene] [0x11f74ce40:(FBSceneManager):sceneID:com.tarunyadgirkar.prefill.spike.textinsert.uitests.xctrunner-default] Scene action [Forward Event][0x2b0c] completed with success: 1
2026-09-30 23:29:51.864 Df SpringBoard[86754:c57177] [com.apple.FrontBoard:ProcessScene] [0x11f74ce40:(FBSceneManager):sceneID:com.tarunyadgirkar.prefill.spike.textinsert.uitests.xctrunner-default] Scene action [Forward Event][0x6880] completed with success: 1
2026-09-30 23:29:51.967 Df InputUI[87035:c57129] [com.apple.FrontBoard:ProcessScene] [0x106e483c0:com.apple.InputUI.keyboard:KeyboardInputScene-com.apple.frontboard.systemappservices/FBSceneManager:sceneID%3Acom.tarunyadgirkar.prefill.spike.textinsert.uitests.xctrunner-default] Scene state did chang
2026-09-30 23:29:51.967 Df SpringBoard[86754:c4e25c] [com.apple.FrontBoard:ProcessScene] [0x11f74ce40:(FBSceneManager):sceneID:com.tarunyadgirkar.prefill.spike.textinsert.uitests.xctrunner-default] Scene state did change: XX-None[0].
2026-09-30 23:29:51.967 Df InputUI[87035:c57129] [com.apple.FrontBoard:ProcessWorkspace] [app<com.tarunyadgirkar.prefill.spike.textinsert.uitests.xctrunner>:13337] Workspace state did change: BG-Active[40] --> XX-None[0] (assertion dropped).
2026-09-30 23:29:51.967 Df SpringBoard[86754:c4e25c] [com.apple.FrontBoard:ProcessWorkspace] [app<com.tarunyadgirkar.prefill.spike.textinsert.uitests.xctrunner>:13337] Workspace state did change: BG-Active[40] --> XX-None[0] (assertion dropped).
2026-09-30 23:29:51.968 Df runningboardd[86757:c5647b] [com.apple.runningboard:ttl] Invalidating assertion 86757-86754-6087 (target:[app<com.tarunyadgirkar.prefill.spike.textinsert.uitests.xctrunner((null))>:13337]) from originator [osservice<com.apple.SpringBoard>:86754]
2026-09-30 23:29:51.968 Df runningboardd[86757:c5647b] [com.apple.runningboard:ttl] Invalidating assertion 86757-87035-6098 (target:[app<com.tarunyadgirkar.prefill.spike.textinsert.uitests.xctrunner((null))>:13337]) from originator [osservice<com.apple.InputUI>:87035]
2026-09-30 23:29:52.071 Df runningboardd[86757:c570f9] [com.apple.runningboard:monitor] Calculated state for app<com.tarunyadgirkar.prefill.spike.textinsert.uitests.xctrunner((null))>: running-active (role: UserInteractiveNonFocal) (endowments: {(
2026-09-30 23:29:52.071 Df SpringBoard[86754:c4e25c] [com.apple.runningboard:monitor] Received state update for 13337 (app<com.tarunyadgirkar.prefill.spike.textinsert.uitests.xctrunner((null))>, running-active-NotVisible
2026-09-30 23:29:52.071 Df InputUI[87035:c57129] [com.apple.runningboard:monitor] Received state update for 13337 (app<com.tarunyadgirkar.prefill.spike.textinsert.uitests.xctrunner((null))>, running-active-NotVisible
2026-09-30 23:29:52.072 Df mediaremoted[86761:c5719b] [com.apple.runningboard:monitor] Received state update for 13337 (app<com.tarunyadgirkar.prefill.spike.textinsert.uitests.xctrunner((null))>, running-active-NotVisible
2026-09-30 23:29:52.072 Df testmanagerd[88342:c570e7] [com.apple.runningboard:monitor] Received state update for 13337 (app<com.tarunyadgirkar.prefill.spike.textinsert.uitests.xctrunner((null))>, running-active-NotVisible
2026-09-30 23:29:52.821 Df SpringBoard[86754:c4e25c] [com.apple.FrontBoard:ProcessWorkspace] [app<com.tarunyadgirkar.prefill.spike.textinsert.uitests.xctrunner>:13337] Dropping launch assertion.
2026-09-30 23:29:52.821 Df runningboardd[86757:c5719a] [com.apple.runningboard:ttl] Invalidating assertion 86757-86754-6082 (target:app<com.tarunyadgirkar.prefill.spike.textinsert.uitests.xctrunner((null))>) from originator [osservice<com.apple.SpringBoard>:86754]
2026-09-30 23:29:52.882 Df InputUI[87035:c57283] [com.apple.FrontBoard:ProcessWorkspace] [app<com.tarunyadgirkar.prefill.spike.textinsert.uitests.xctrunner>:13337] Dropping launch assertion.
2026-09-30 23:29:52.882 Df runningboardd[86757:c570f9] [com.apple.runningboard:ttl] Invalidating assertion 86757-87035-6095 (target:[app<com.tarunyadgirkar.prefill.spike.textinsert.uitests.xctrunner((null))>:13337]) from originator [osservice<com.apple.InputUI>:87035]
2026-09-30 23:29:52.927 Df runningboardd[86757:c570f9] [com.apple.runningboard:ttl] Attempting to rename power assertion 65535 for target app<com.tarunyadgirkar.prefill.spike.textinsert.uitests.xctrunner((null))> to app<com.tarunyadgirkar.prefill.spike.textinsert.uitests.xctrunner((null))>86757-8834
2026-09-30 23:29:52.927 Df runningboardd[86757:c5647b] [com.apple.runningboard:monitor] Calculated state for app<com.tarunyadgirkar.prefill.spike.textinsert.uitests.xctrunner((null))>: running-active (role: NonUserInteractive) (endowments: {(
2026-09-30 23:29:52.927 Df runningboardd[86757:c570ff] [com.apple.runningboard:ttl] [app<com.tarunyadgirkar.prefill.spike.textinsert.uitests.xctrunner((null))>:13337] Set darwin role to: NonUserInteractive
2026-09-30 23:29:52.927 Df SpringBoard[86754:c55be1] [com.apple.runningboard:monitor] Received state update for 13337 (app<com.tarunyadgirkar.prefill.spike.textinsert.uitests.xctrunner((null))>, running-active-NotVisible
2026-09-30 23:29:52.927 Df InputUI[87035:c57283] [com.apple.runningboard:monitor] Received state update for 13337 (app<com.tarunyadgirkar.prefill.spike.textinsert.uitests.xctrunner((null))>, running-active-NotVisible
2026-09-30 23:29:52.927 Df mediaremoted[86761:c5647d] [com.apple.runningboard:monitor] Received state update for 13337 (app<com.tarunyadgirkar.prefill.spike.textinsert.uitests.xctrunner((null))>, running-active-NotVisible
2026-09-30 23:29:52.927 Df testmanagerd[88342:c570e8] [com.apple.runningboard:monitor] Received state update for 13337 (app<com.tarunyadgirkar.prefill.spike.textinsert.uitests.xctrunner((null))>, running-active-NotVisible
2026-09-30 23:29:53.314 Df SpringBoard[86754:c334f8] [com.apple.SpringBoard:StatusBarish] Verify background audio activity for com.tarunyadgirkar.prefill.spike.textinsert.uitests.xctrunner, Recording: 0
2026-09-30 23:29:53.314 Df SpringBoard[86754:c334f8] [com.apple.SpringBoard:StatusBarish] Verify background audio activity for com.tarunyadgirkar.prefill.spike.textinsert.uitests.xctrunner, Recording: 0
2026-09-30 23:29:53.541 Df linkd[87064:c55153] [com.apple.appintents:Indexing] Looking for bundle: com.tarunyadgirkar.prefill.spike.textinsert.uitests.xctrunner
2026-09-30 23:29:53.896 Df runningboardd[86757:c570f9] [com.apple.runningboard:ttl] Invalidating assertion 86757-13337-6090 (target:[app<com.tarunyadgirkar.prefill.spike.textinsert.uitests.xctrunner((null))>:13337]) from originator [app<com.tarunyadgirkar.prefill.spike.textinsert.uitests.xctrunner((
2026-09-30 23:29:54.093 Df runningboardd[86757:c5719a] [com.apple.runningboard:ttl] Invalidating assertion 86757-88342-6093 (target:[app<com.tarunyadgirkar.prefill.spike.textinsert.uitests.xctrunner((null))>:13337]) from originator [osservice<com.apple.testmanagerd>:88342]
2026-09-30 23:29:54.093 Df runningboardd[86757:c5719a] [com.apple.runningboard:ttl] Acquiring assertion targeting [app<com.tarunyadgirkar.prefill.spike.textinsert.uitests.xctrunner((null))>:13337] from originator [osservice<com.apple.testmanagerd>:88342] with description <RBSAssertionDescriptor| "De
2026-09-30 23:29:54.093 Df runningboardd[86757:c5719a] [com.apple.runningboard:ttl] Assertion 86757-88342-6099 (target:[app<com.tarunyadgirkar.prefill.spike.textinsert.uitests.xctrunner((null))>:13337]) will be created as active
2026-09-30 23:29:54.093 Df runningboardd[86757:c570f9] [com.apple.runningboard:ttl] Attempting to rename power assertion 65535 for target app<com.tarunyadgirkar.prefill.spike.textinsert.uitests.xctrunner((null))> to app<com.tarunyadgirkar.prefill.spike.textinsert.uitests.xctrunner((null))>;86757-883
2026-09-30 23:29:54.190 Df runningboardd[86757:c570ff] [com.apple.runningboard:ttl] Invalidating assertion 86757-13337-6094 (target:[app<com.tarunyadgirkar.prefill.spike.textinsert.uitests.xctrunner((null))>:13337]) from originator [app<com.tarunyadgirkar.prefill.spike.textinsert.uitests.xctrunner((
2026-09-30 23:29:54.197 Df runningboardd[86757:c5719a] [com.apple.runningboard:ttl] Attempting to rename power assertion 65535 for target app<com.tarunyadgirkar.prefill.spike.textinsert.uitests.xctrunner((null))> to app<com.tarunyadgirkar.prefill.spike.textinsert.uitests.xctrunner((null))>86757-8834
2026-09-30 23:29:54.197 Df runningboardd[86757:c5719c] [com.apple.DynamicPrefetching:default] end_scenario: Called with bundleid "com.tarunyadgirkar.prefill.spike.textinsert.uitests.xctrunner" scenario "Launch"
2026-09-30 23:29:54.197 Df runningboardd[86757:c570ff] [com.apple.runningboard:monitor] Calculated state for app<com.tarunyadgirkar.prefill.spike.textinsert.uitests.xctrunner((null))>: running-active (role: NonUserInteractive) (endowments: {(
2026-09-30 23:29:54.197 E  runningboardd[86757:c5719c] [com.apple.DynamicPrefetching:default] mark_profile_seen_this_boot: exists() failed for "/private/var/root/Library/Caches/com.apple.runningboardd/DynamicPrefetching/com.tarunyadgirkar.prefill.spike.textinsert.uitests.xctrunner/0.profile": Permis
2026-09-30 23:29:54.198 Df runningboardd[86757:c5719c] [com.apple.DynamicPrefetching:default] end_scenario_internal: first launch after boot for bundleid com.tarunyadgirkar.prefill.spike.textinsert.uitests.xctrunner scenario Launch — discarded 0 pageins, refreshed profile mtime
2026-09-30 23:29:54.198 Df InputUI[87035:c54d82] [com.apple.runningboard:monitor] Received state update for 13337 (app<com.tarunyadgirkar.prefill.spike.textinsert.uitests.xctrunner((null))>, running-active-NotVisible
2026-09-30 23:29:54.198 Df SpringBoard[86754:c5719d] [com.apple.runningboard:monitor] Received state update for 13337 (app<com.tarunyadgirkar.prefill.spike.textinsert.uitests.xctrunner((null))>, running-active-NotVisible
2026-09-30 23:29:54.198 Df mediaremoted[86761:c5719b] [com.apple.runningboard:monitor] Received state update for 13337 (app<com.tarunyadgirkar.prefill.spike.textinsert.uitests.xctrunner((null))>, running-active-NotVisible
2026-09-30 23:29:54.198 Df testmanagerd[88342:c5727e] [com.apple.runningboard:monitor] Received state update for 13337 (app<com.tarunyadgirkar.prefill.spike.textinsert.uitests.xctrunner((null))>, running-active-NotVisible
2026-09-30 23:29:54.300 Df runningboardd[86757:c5647b] [com.apple.runningboard:ttl] Invalidating assertion 86757-13337-6091 (target:[app<com.tarunyadgirkar.prefill.spike.textinsert.uitests.xctrunner((null))>:13337]) from originator [app<com.tarunyadgirkar.prefill.spike.textinsert.uitests.xctrunner((
2026-09-30 23:29:54.354 Df testmanagerd[88342:c570e8] [com.apple.runningboard:monitor] Received state update for 13337 (app<com.tarunyadgirkar.prefill.spike.textinsert.uitests.xctrunner((null))>, running-active-NotVisible
2026-09-30 23:29:54.420 Df UserEventAgent[86753:c4e2cc] [com.apple.xpc.activity:Activities] Unregistered on XPC remove event: com.apple.safarishared.WBSParsecDSession.autoFillDataUpdate (0x103e79400)
2026-09-30 23:29:54.430 Df InputUI[87035:c57284] [com.apple.runningboard:monitor] Received state update for 13337 (app<com.tarunyadgirkar.prefill.spike.textinsert.uitests.xctrunner((null))>, running-active-NotVisible
    "DYLD_FRAMEWORK_PATH" = "/Users/tarunyadgirkar/TarunsCode/prefill/spikes/textinsert/build/Build/Products/Debug-iphonesimulator";
    "DYLD_LIBRARY_PATH" = "/Users/tarunyadgirkar/TarunsCode/prefill/spikes/textinsert/build/Build/Products/Debug-iphonesimulator";
    "__XCODE_BUILT_PRODUCTS_DIR_PATHS" = "/Users/tarunyadgirkar/TarunsCode/prefill/spikes/textinsert/build/Build/Products/Debug-iphonesimulator";
    "__XPC_DYLD_FRAMEWORK_PATH" = "/Users/tarunyadgirkar/TarunsCode/prefill/spikes/textinsert/build/Build/Products/Debug-iphonesimulator";
    "__XPC_DYLD_LIBRARY_PATH" = "/Users/tarunyadgirkar/TarunsCode/prefill/spikes/textinsert/build/Build/Products/Debug-iphonesimulator";
		"DYLD_FRAMEWORK_PATH" => <string: 0x1059521f0> { string cache = 0x0, length = 101, contents = "/Users/tarunyadgirkar/TarunsCode/prefill/spikes/textinsert/build/Build/Products/Debug-iphonesimulator" }
		"__XPC_DYLD_FRAMEWORK_PATH" => <string: 0x105953db0> { string cache = 0x0, length = 101, contents = "/Users/tarunyadgirkar/TarunsCode/prefill/spikes/textinsert/build/Build/Products/Debug-iphonesimulator" }
		"__XPC_DYLD_LIBRARY_PATH" => <string: 0x105951830> { string cache = 0x0, length = 101, contents = "/Users/tarunyadgirkar/TarunsCode/prefill/spikes/textinsert/build/Build/Products/Debug-iphonesimulator" }
		"__XCODE_BUILT_PRODUCTS_DIR_PATHS" => <string: 0x105953f30> { string cache = 0x0, length = 101, contents = "/Users/tarunyadgirkar/TarunsCode/prefill/spikes/textinsert/build/Build/Products/Debug-iphonesimulator" }
		"DYLD_LIBRARY_PATH" => <string: 0x1059529a0> { string cache = 0x0, length = 101, contents = "/Users/tarunyadgirkar/TarunsCode/prefill/spikes/textinsert/build/Build/Products/Debug-iphonesimulator" }
    "<LSApplicationProxy: 0x103ed4000> com.tarunyadgirkar.prefill.spike.textinsert.uitests.xctrunner file:///Users/tarunyadgirkar/Library/Developer/CoreSimulator/Devices/CF361191-F960-4212-9B76-7C41256A11C9/data/Containers/Bundle/Application/FCE75FD1-DC83-46A3-8B54-E81518828A1A/com.apple.mobileinsta
    "com.tarunyadgirkar.prefill.spike.textinsert.uitests.xctrunner"
    "<LSApplicationProxy: 0x103ed40c0> com.tarunyadgirkar.prefill.spike.textinsert.uitests.xctrunner file:///Users/tarunyadgirkar/Library/Developer/CoreSimulator/Devices/CF361191-F960-4212-9B76-7C41256A11C9/data/Containers/Bundle/Application/FCE75FD1-DC83-46A3-8B54-E81518828A1A/com.apple.mobileinsta
    "com.tarunyadgirkar.prefill.spike.textinsert.uitests.xctrunner",
    "com.tarunyadgirkar.prefill.spike.textinsert"
2026-09-30 23:29:57.361 E  pkd[86982:c5496f] [com.apple.PlugInKit:ls] could not find extension record for com.tarunyadgirkar.prefill.spike.datalist.extension
2026-09-30 23:29:57.361 E  pkd[86982:c5496f] [com.apple.PlugInKit:ls] could not find extension record for com.tarunyadgirkar.prefill.spike.capture.extension
2026-09-30 23:29:57.377 Df coreauthd[93298:c3da25] [com.apple.LocalAuthentication:Default] Skipping processing of request rid: 15 by <LACStashedCredentialsProcessor: 0x104668090>
2026-09-30 23:29:57.381 Df coreauthd[93298:c3da25] [com.apple.LocalAuthentication:Default] Skipping processing of request rid: 16 by <LACStashedCredentialsProcessor: 0x104668080>
2026-09-30 23:29:57.383 Df coreauthd[93298:c3da25] [com.apple.LocalAuthentication:Default] Skipping processing of request rid: 17 by <LACStashedCredentialsProcessor: 0x104668020>
2026-09-30 23:29:57.416 Df MobileSafari[13505:c57732] [com.apple.mobilesafari:SuddenTerminationDisabler] Beginning new task assertion with reason: com.apple.SafariShared.WBSFormAutoFillCorrectionsSQLiteStore
2026-09-30 23:29:57.416 Df MobileSafari[13505:c57732] [com.apple.mobilesafari:SuddenTerminationDisabler] Did begin task assertion with reason com.apple.SafariShared.WBSFormAutoFillCorrectionsSQLiteStore
2026-09-30 23:29:57.417 Df MobileSafari[13505:c57732] [com.apple.mobilesafari:SuddenTerminationDisabler] Ending task assertion with reason com.apple.SafariShared.WBSFormAutoFillCorrectionsSQLiteStore
2026-09-30 23:29:57.461 Df InputUI[87035:c57285] [com.apple.runningboard:monitor] Received state update for 13337 (app<com.tarunyadgirkar.prefill.spike.textinsert.uitests.xctrunner((null))>, running-active-NotVisible
2026-09-30 23:29:57.657 Df MobileSafari[13505:c57728] [com.apple.xpc.activity:Client] xpc_activity_register: com.apple.safarishared.WBSParsecDSession.autoFillDataUpdate, criteria: dictionary
2026-09-30 23:29:57.657 Df MobileSafari[13505:c57728] [com.apple.xpc.activity:Client] _xpc_activity_register: com.apple.safarishared.WBSParsecDSession.autoFillDataUpdate (0x10348aa80), 0
2026-09-30 23:29:57.657 Df MobileSafari[13505:c57728] [com.apple.xpc.activity:Client] xpc_activity_set_criteria: com.apple.safarishared.WBSParsecDSession.autoFillDataUpdate (0x10348aa80), dict
2026-09-30 23:29:57.657 Df MobileSafari[13505:c57728] [com.apple.xpc.activity:Client] xpc_activity_set_criteria, lower half: com.apple.safarishared.WBSParsecDSession.autoFillDataUpdate (0x10348aa80), dict
2026-09-30 23:29:57.657 Df MobileSafari[13505:c57728] [com.apple.xpc.activity:Client] _xpc_activity_set_criteria: com.apple.safarishared.WBSParsecDSession.autoFillDataUpdate (0x10348aa80), dict
2026-09-30 23:29:57.657 Df MobileSafari[13505:c57728] [com.apple.xpc.activity:Client] _xpc_activity_set_criteria: xpc_set_event com.apple.safarishared.WBSParsecDSession.autoFillDataUpdate, 1
2026-09-30 23:29:57.657 Df MobileSafari[13505:c57728] [com.apple.xpc.activity:Client] xpc_activity_set_criteria: com.apple.safarishared.WBSParsecDSession.autoFillDataUpdate (0x10348aa80), setting state now to 1
2026-09-30 23:29:57.657 Df MobileSafari[13505:c57728] [com.apple.xpc.activity:Client] _xpc_activity_set_state: com.apple.safarishared.WBSParsecDSession.autoFillDataUpdate (0x10348aa80), 1
2026-09-30 23:29:57.658 Df UserEventAgent[86753:c57212] [com.apple.xpc.activity:Internal] Creating on XPC add event: com.apple.safarishared.WBSParsecDSession.autoFillDataUpdate
2026-09-30 23:29:57.659 Df UserEventAgent[86753:c57212] [com.apple.xpc.activity:Internal] Created: com.apple.safarishared.WBSParsecDSession.autoFillDataUpdate (0x103e79540)
2026-09-30 23:29:57.659 Df UserEventAgent[86753:c57212] [com.apple.xpc.activity:Activities] Registered: com.apple.safarishared.WBSParsecDSession.autoFillDataUpdate (0x103e79540)
2026-09-30 23:29:57.836 Df MobileSafari[13505:c575ef] [com.apple.xpc:connection] [0x13f619cc0] activating connection: mach=true listener=false peer=false name=com.apple.AuthenticationServices.AutoFill
2026-09-30 23:29:57.842 Df MobileSafari[13505:c57732] [com.apple.mobilesafari:Keychain] Ongoing credential sharing is disabled because iCloud Keychain is disabled
2026-09-30 23:29:57.845 Df MobileSafari[13505:c57732] [com.apple.mobilesafari:Passwords] Not fetching shared account groups because ongoing credential sharing is disabled
2026-09-30 23:29:57.856 Df MobileSafari[13505:c57733] [com.apple.mobilesafari:Keychain] No credential items found in access group com.apple.cfnetwork
2026-09-30 23:29:57.864 Df MobileSafari[13505:c57734] [com.apple.mobilesafari:Keychain] Ongoing credential sharing is disabled because iCloud Keychain is disabled
2026-09-30 23:29:57.864 Df MobileSafari[13505:c57734] [com.apple.mobilesafari:Passwords] Not fetching shared account groups because ongoing credential sharing is disabled
2026-09-30 23:29:57.865 Df MobileSafari[13505:c57733] [com.apple.mobilesafari:Keychain] No credential items found in access group com.apple.cfnetwork-recently-deleted
2026-09-30 23:29:57.873 Df MobileSafari[13505:c57732] [com.apple.mobilesafari:Keychain] Ongoing credential sharing is disabled because iCloud Keychain is disabled
2026-09-30 23:29:57.873 Df MobileSafari[13505:c57732] [com.apple.mobilesafari:Passwords] Not fetching shared account groups because ongoing credential sharing is disabled
2026-09-30 23:29:57.915 Df MobileSafari[13505:c575ef] [com.apple.xpc:connection] [0x13f61be80] activating connection: mach=true listener=false peer=false name=com.apple.AuthenticationServices.AutoFill
2026-09-30 23:29:57.921 Df MobileSafari[13505:c57725] [com.apple.PlugInKit:discovery] [d 870EDFD0-3F66-4ED9-9539-5C214831EB78] <PKHost:0x102b1ad40> Beginning discovery for flags: 0, point: com.apple.authentication-services-credential-provider-ui
    NSExtensionPointName = "com.apple.authentication-services-credential-provider-ui";
    <EXConcreteExtension: 0x16005ddc0> {id = com.tarunyadgirkar.prefill.spike.textinsert.provider}
2026-09-30 23:29:58.240 Df MobileSafari[13505:c57726] [com.apple.mobilesafari:Keychain] Ongoing credential sharing is disabled because iCloud Keychain is disabled
2026-09-30 23:29:58.240 Df MobileSafari[13505:c57726] [com.apple.mobilesafari:Passwords] Not fetching shared account groups because ongoing credential sharing is disabled
2026-09-30 23:29:58.244 Df MobileSafari[13505:c57725] [com.apple.mobilesafari:Keychain] No credential items found in access group com.apple.cfnetwork
2026-09-30 23:29:58.246 Df MobileSafari[13505:c57726] [com.apple.mobilesafari:Keychain] Ongoing credential sharing is disabled because iCloud Keychain is disabled
2026-09-30 23:29:58.246 Df MobileSafari[13505:c57726] [com.apple.mobilesafari:Passwords] Not fetching shared account groups because ongoing credential sharing is disabled
2026-09-30 23:29:58.246 Df MobileSafari[13505:c57725] [com.apple.mobilesafari:Keychain] No credential items found in access group com.apple.cfnetwork-recently-deleted
2026-09-30 23:29:58.248 Df MobileSafari[13505:c57726] [com.apple.mobilesafari:Keychain] Ongoing credential sharing is disabled because iCloud Keychain is disabled
2026-09-30 23:29:58.248 Df MobileSafari[13505:c57726] [com.apple.mobilesafari:Passwords] Not fetching shared account groups because ongoing credential sharing is disabled
2026-09-30 23:29:59.646 Df UserEventAgent[86753:c4e2cc] [com.apple.xpc.activity:Activities] Initiating: com.apple.safarishared.WBSParsecDSession.autoFillDataUpdate (0x103e79540)
2026-09-30 23:29:59.646 Df MobileSafari[13505:c57722] [com.apple.xpc.activity:Client] _xpc_activity_dispatch: beginning dispatch, activity name com.apple.safarishared.WBSParsecDSession.autoFillDataUpdate, seqno 1
2026-09-30 23:29:59.646 Df MobileSafari[13505:c57722] [com.apple.xpc.activity:Client] _xpc_activity_dispatch: com.apple.safarishared.WBSParsecDSession.autoFillDataUpdate (0x10348aa80): found an activity with matching seqno 1
2026-09-30 23:29:59.646 Df MobileSafari[13505:c57722] [com.apple.xpc.activity:Client] _xpc_activity_begin_running: com.apple.safarishared.WBSParsecDSession.autoFillDataUpdate (0x10348aa80) seqno: 1.
2026-09-30 23:29:59.646 Df MobileSafari[13505:c57722] [com.apple.xpc.activity:Client] _xpc_activity_dispatch: lower half, activity name com.apple.safarishared.WBSParsecDSession.autoFillDataUpdate (0x10348aa80), seqno from top half was 1
2026-09-30 23:29:59.646 Df MobileSafari[13505:c57722] [com.apple.xpc.activity:Client] _xpc_activity_dispatch: created connection 0x1603dd680 for activity name com.apple.safarishared.WBSParsecDSession.autoFillDataUpdate (0x10348aa80), seqno 1
2026-09-30 23:29:59.646 Df MobileSafari[13505:c57722] [com.apple.xpc.activity:Client] _xpc_activity_set_state: com.apple.safarishared.WBSParsecDSession.autoFillDataUpdate (0x10348aa80), 2
2026-09-30 23:29:59.646 Df MobileSafari[13505:c57722] [com.apple.xpc.activity:Client] _xpc_activity_set_state: send new state to CTS: com.apple.safarishared.WBSParsecDSession.autoFillDataUpdate (0x10348aa80), 2
2026-09-30 23:29:59.646 Df UserEventAgent[86753:c57212] [com.apple.xpc.activity:Activities] Running (PID 13505): com.apple.safarishared.WBSParsecDSession.autoFillDataUpdate (0x103e79540)
2026-09-30 23:29:59.647 Df MobileSafari[13505:c57733] [com.apple.xpc.activity:Client] _xpc_activity_set_state_from_cts: com.apple.safarishared.WBSParsecDSession.autoFillDataUpdate (0x10348aa80), set activity state to 2
2026-09-30 23:29:59.647 Df MobileSafari[13505:c57733] [com.apple.xpc.activity:Client] __XPC_ACTIVITY_CALLING_HANDLER__: com.apple.safarishared.WBSParsecDSession.autoFillDataUpdate (0x10348aa80), current state 2, pending state 0
2026-09-30 23:29:59.647 Df MobileSafari[13505:c57733] [com.apple.xpc.activity:Client] _xpc_activity_set_state: com.apple.safarishared.WBSParsecDSession.autoFillDataUpdate (0x10348aa80), 4
2026-09-30 23:29:59.647 Df MobileSafari[13505:c57733] [com.apple.xpc.activity:Client] __XPC_ACTIVITY_CALLING_HANDLER__ returned from handler: com.apple.safarishared.WBSParsecDSession.autoFillDataUpdate (0x10348aa80), current state 2, pending state 4
2026-09-30 23:29:59.647 Df MobileSafari[13505:c57724] [com.apple.mobilesafari:SuddenTerminationDisabler] Beginning new task assertion with reason: com.apple.SafariShared.WBSFormAutoFillCorrectionsSQLiteStore
2026-09-30 23:29:59.647 Df MobileSafari[13505:c57733] [com.apple.xpc.activity:Client] _xpc_activity_set_state: send new state to CTS: com.apple.safarishared.WBSParsecDSession.autoFillDataUpdate (0x10348aa80), 4
2026-09-30 23:29:59.647 Df MobileSafari[13505:c57724] [com.apple.mobilesafari:SuddenTerminationDisabler] Did begin task assertion with reason com.apple.SafariShared.WBSFormAutoFillCorrectionsSQLiteStore
2026-09-30 23:29:59.648 Df MobileSafari[13505:c57724] [com.apple.FileURL:default] kExcludedFromBackupXattrName set on path: /Users/tarunyadgirkar/Library/Developer/CoreSimulator/Devices/67D26F69-0444-498D-ADEE-F687E565B7CB/data/Containers/Data/Application/940B02CD-FEDE-4572-85D6-606628FAFAC9/Library
2026-09-30 23:29:59.649 Df MobileSafari[13505:c57724] [com.apple.mobilesafari:SuddenTerminationDisabler] Ending task assertion with reason com.apple.SafariShared.WBSFormAutoFillCorrectionsSQLiteStore
2026-09-30 23:29:59.650 Df MobileSafari[13505:c5780b] [com.apple.xpc.activity:Client] _xpc_activity_set_state: com.apple.safarishared.WBSParsecDSession.autoFillDataUpdate (0x10348aa80), 5
2026-09-30 23:29:59.650 Df MobileSafari[13505:c5780b] [com.apple.xpc.activity:Client] _xpc_activity_set_state: send new state to CTS: com.apple.safarishared.WBSParsecDSession.autoFillDataUpdate (0x10348aa80), 5
2026-09-30 23:29:59.650 Df UserEventAgent[86753:c57212] [com.apple.xpc.activity:Activities] Completed: com.apple.safarishared.WBSParsecDSession.autoFillDataUpdate (0x103e79540)
2026-09-30 23:29:59.651 Df UserEventAgent[86753:c57212] [com.apple.xpc.activity:Activities] Rescheduling: com.apple.safarishared.WBSParsecDSession.autoFillDataUpdate (0x103e79540)
2026-09-30 23:29:59.651 Df MobileSafari[13505:c5780b] [com.apple.xpc.activity:Client] _xpc_activity_set_state_from_cts: com.apple.safarishared.WBSParsecDSession.autoFillDataUpdate (0x10348aa80), set activity state to 1
2026-09-30 23:29:59.651 Df MobileSafari[13505:c5780b] [com.apple.xpc.activity:Client] _xpc_activity_end_running: com.apple.safarishared.WBSParsecDSession.autoFillDataUpdate (0x10348aa80) seqno: 1.
2026-09-30 23:30:00.388 Df AuthenticationServicesAgent[88774:c5718b] [com.apple.xpc:connection] [0x101530500] activating connection: mach=false listener=false peer=true name=com.apple.AuthenticationServices.AutoFill.peer[13505].0x101530500
2026-09-30 23:30:00.393 Df MobileSafari[13505:c57733] [com.apple.mobilesafari:AutoFill] Found 0 tree matches for <private> and associated domains: <private>
2026-09-30 23:30:00.393 Df MobileSafari[13505:c57733] [com.apple.mobilesafari:AutoFill] Executed query for host '<mask.hash: 'pR459HGOpRtlMx8AE/PZDw=='>' with partial username '<mask.hash: 'Vcbz0/Pb7JhsRaUvLMzLLA=='>', prefix
2026-09-30 23:30:00.393 Df MobileSafari[13505:c57733] [com.apple.mobilesafari:AutoFill] Query returned 0 matches
2026-09-30 23:30:01.392 Df MobileSafari[13505:c5780b] [com.apple.mobilesafari:Keychain] No credential items found in access group com.apple.cfnetwork-recently-deleted
2026-09-30 23:30:01.394 Df MobileSafari[13505:c5780c] [com.apple.mobilesafari:Keychain] Ongoing credential sharing is disabled because iCloud Keychain is disabled
2026-09-30 23:30:01.394 Df MobileSafari[13505:c5780c] [com.apple.mobilesafari:Passwords] Not fetching shared account groups because ongoing credential sharing is disabled
2026-09-30 23:30:02.649 Df SpringBoard[86754:c334f8] [preflight:SceneHostedPreflight] [Preflighter: TCCs] com.tarunyadgirkar.prefill.spike.textinsert.uitests.xctrunner requires preflight: false
2026-09-30 23:30:02.649 Df SpringBoard[86754:c334f8] [preflight:SceneHostedPreflight] [Preflighter: ScreenTime] com.tarunyadgirkar.prefill.spike.textinsert.uitests.xctrunner requires preflight: false
2026-09-30 23:30:02.649 Df SpringBoard[86754:c334f8] [preflight:PreflightSceneExtension] sceneID:com.tarunyadgirkar.prefill.spike.textinsert.uitests.xctrunner-default: returning requiresPreflight FALSE as there's no activePreflightSource
2026-09-30 23:30:02.766 Df MobileSafari[13505:c5786c] [com.apple.mobilesafari:AutoFill] WebContent[13582] Will not inject JavaScript in injected bundle
2026-09-30 23:30:02.833 Df MobileSafari[13505:c575ef] [com.apple.mobilesafari:AutoFill] Creating EMOneTimeCodeAccelerator for SFAppAutoFillOneTimeCodeProvider 0x161acbf00
2026-09-30 23:30:02.837 Df MobileSafari[13505:c57726] [com.apple.mobilesafari:AutoFill] SFAppAutoFillOneTimeCodeProvider 0x161acbf00 added observer <SFFormAutocompleteState: 0x13f50d300>; 1 observer remain
2026-09-30 23:30:02.839 Df MobileSafari[13505:c575ef] [com.apple.xpc:connection] [0x1603e0000] activating connection: mach=true listener=false peer=false name=com.apple.AuthenticationServices.AutoFill
2026-09-30 23:30:03.087 Df MobileSafari[13505:c575ef] [com.apple.mobilesafari:AutoFill] Found 0 tree matches for <private> and associated domains: <private>
2026-09-30 23:30:03.088 Df MobileSafari[13505:c575ef] [com.apple.mobilesafari:AutoFill] Executed query for host '<mask.hash: 'pR459HGOpRtlMx8AE/PZDw=='>' with partial username '<mask.hash: 'Vcbz0/Pb7JhsRaUvLMzLLA=='>', prefix
2026-09-30 23:30:03.088 Df MobileSafari[13505:c575ef] [com.apple.mobilesafari:AutoFill] Query returned 0 matches
2026-09-30 23:30:03.089 Df MobileSafari[13505:c575ef] [com.apple.mobilesafari:AutoFill] Found 0 tree matches for <private> and associated domains: <private>
2026-09-30 23:30:03.089 Df MobileSafari[13505:c575ef] [com.apple.mobilesafari:AutoFill] Executed query for host '<mask.hash: 'pR459HGOpRtlMx8AE/PZDw=='>' with partial username '<mask.hash: 'Vcbz0/Pb7JhsRaUvLMzLLA=='>', prefix
2026-09-30 23:30:03.089 Df MobileSafari[13505:c575ef] [com.apple.mobilesafari:AutoFill] Query returned 0 matches
2026-09-30 23:30:03.090 Df MobileSafari[13505:c575ef] [com.apple.mobilesafari:AutoFill] Found 0 tree matches for <private> and associated domains: <private>
2026-09-30 23:30:03.090 Df MobileSafari[13505:c575ef] [com.apple.mobilesafari:AutoFill] Executed query for host '<mask.hash: 'pR459HGOpRtlMx8AE/PZDw=='>' with partial username '<mask.hash: 'Vcbz0/Pb7JhsRaUvLMzLLA=='>', prefix
2026-09-30 23:30:03.090 Df MobileSafari[13505:c575ef] [com.apple.mobilesafari:AutoFill] Query returned 0 matches
2026-09-30 23:30:03.091 Df MobileSafari[13505:c575ef] [com.apple.mobilesafari:AutoFill] Found 0 tree matches for <private> and associated domains: <private>
2026-09-30 23:30:03.091 Df MobileSafari[13505:c575ef] [com.apple.mobilesafari:AutoFill] Executed query for host '<mask.hash: 'pR459HGOpRtlMx8AE/PZDw=='>' with partial username '<mask.hash: 'Vcbz0/Pb7JhsRaUvLMzLLA=='>', prefix
2026-09-30 23:30:03.091 Df MobileSafari[13505:c575ef] [com.apple.mobilesafari:AutoFill] Query returned 0 matches
2026-09-30 23:30:03.095 Df MobileSafari[13505:c575ef] [com.apple.mobilesafari:AutoFill] Found 0 tree matches for <private> and associated domains: <private>
2026-09-30 23:30:03.096 Df MobileSafari[13505:c575ef] [com.apple.mobilesafari:AutoFill] Executed query for host '<mask.hash: 'pR459HGOpRtlMx8AE/PZDw=='>' with partial username '<mask.hash: (null)>', prefix
2026-09-30 23:30:03.096 Df MobileSafari[13505:c575ef] [com.apple.mobilesafari:AutoFill] Query returned 0 matches
2026-09-30 23:30:03.137 Df MobileSafari[13505:c575ef] [com.apple.mobilesafari:AutoFill] Found 0 tree matches for <private> and associated domains: <private>
2026-09-30 23:30:03.137 Df MobileSafari[13505:c575ef] [com.apple.mobilesafari:AutoFill] Executed query for host '<mask.hash: 'pR459HGOpRtlMx8AE/PZDw=='>' with partial username '<mask.hash: (null)>', prefix
2026-09-30 23:30:03.137 Df MobileSafari[13505:c575ef] [com.apple.mobilesafari:AutoFill] Query returned 0 matches
2026-09-30 23:30:04.173 Df storekitd[86997:c5563b] [com.apple.storekit:Default] [storekitd.LaunchServicesObserver] Handling installed event for ["com.tarunyadgirkar.prefill.spike.textinsert.uitests.xctrunner"]
2026-09-30 23:30:04.457 Df storekitd[86997:c5563b] [com.apple.storekit:Default] [8da21b6e] Clearing app transactions for ["com.tarunyadgirkar.prefill.spike.textinsert.uitests.xctrunner"]
2026-09-30 23:30:04.714 Df SpringBoard[86754:c334f8] [preflight:SceneHostedPreflight] [Preflighter: TCCs] com.tarunyadgirkar.prefill.spike.textinsert.uitests.xctrunner requires preflight: false
2026-09-30 23:30:04.714 Df SpringBoard[86754:c334f8] [preflight:SceneHostedPreflight] [Preflighter: ScreenTime] com.tarunyadgirkar.prefill.spike.textinsert.uitests.xctrunner requires preflight: false
2026-09-30 23:30:04.714 Df SpringBoard[86754:c334f8] [preflight:PreflightSceneExtension] sceneID:com.tarunyadgirkar.prefill.spike.textinsert.uitests.xctrunner-default: returning requiresPreflight FALSE as there's no activePreflightSource
2026-09-30 23:30:04.929 Df linkd[87064:c55153] [com.apple.appintents:IndexCoordinator] Finished task: Audit: Bundles: com.tarunyadgirkar.prefill.spike.textinsert.uitests.xctrunner
    ↪︎ Elements matching predicate '"AutoFill" IN identifiers'
    ↪︎ Elements matching predicate '"AutoFill" IN identifiers'
    ↪︎ Elements matching predicate '"AutoFill" IN identifiers'
    ↪︎ Elements matching predicate '"AutoFill" IN identifiers'
    MenuItem, label: 'AutoFill'
    MenuItem, label: 'AutoFill'
    MenuItem, label: 'AutoFill'
    ↪︎ Elements matching predicate '"AutoFill" IN identifiers' found matching snapshots: {(
    MenuItem, label: 'AutoFill'
    ↪︎ Elements matching predicate '"AutoFill" IN identifiers' with results: <XCTElementQueryResults: 0x16514f0c0> (error: (null))
2026-09-30 23:30:07.933 Df runningboardd[86757:c57100] [com.apple.runningboard:ttl] Acquiring assertion targeting [app<com.tarunyadgirkar.prefill.spike.textinsert.uitests.xctrunner((null))>:13337] from originator [app<com.tarunyadgirkar.prefill.spike.textinsert.uitests.xctrunner((null))>:13337] with
2026-09-30 23:30:07.933 Df runningboardd[86757:c57100] [com.apple.runningboard:ttl] Assertion 86757-13337-6236 (target:[app<com.tarunyadgirkar.prefill.spike.textinsert.uitests.xctrunner((null))>:13337]) will be created as inactive as start-time-defining assertions exist
    "XC_kAXXCAttributeLabel" = AutoFill;
2026-09-30 23:30:08.782 Df testmanagerd[88342:c5727d] [com.apple.runningboard:monitor] Received state update for 13337 (app<com.tarunyadgirkar.prefill.spike.textinsert.uitests.xctrunner((null))>, running-active-NotVisible
    ↪︎ Elements matching predicate '"AutoFill" IN identifiers'
    ↪︎ Elements matching predicate '"AutoFill" IN identifiers'
    ↪︎ Elements matching predicate '"AutoFill" IN identifiers'
    ↪︎ Elements matching predicate '"AutoFill" IN identifiers'
    MenuItem, label: 'AutoFill'
    MenuItem, label: 'AutoFill'
    MenuItem, label: 'AutoFill'
    ↪︎ Elements matching predicate '"AutoFill" IN identifiers' found matching snapshots: {(
    MenuItem, label: 'AutoFill'
    ↪︎ Elements matching predicate '"AutoFill" IN identifiers' with results: <XCTElementQueryResults: 0x16514e8b0> (error: (null))
2026-09-30 23:30:08.867 Df SpringBoard[86754:c334f8] [preflight:SceneHostedPreflight] [Preflighter: TCCs] com.tarunyadgirkar.prefill.spike.textinsert.uitests.xctrunner requires preflight: false
2026-09-30 23:30:08.867 Df SpringBoard[86754:c334f8] [preflight:SceneHostedPreflight] [Preflighter: ScreenTime] com.tarunyadgirkar.prefill.spike.textinsert.uitests.xctrunner requires preflight: false
2026-09-30 23:30:08.867 Df SpringBoard[86754:c334f8] [preflight:PreflightSceneExtension] sceneID:com.tarunyadgirkar.prefill.spike.textinsert.uitests.xctrunner-default: returning requiresPreflight FALSE as there's no activePreflightSource
2026-09-30 23:30:08.995 Df runningboardd[86757:c571c7] [com.apple.runningboard:ttl] Invalidating assertion 86757-13337-6236 (target:[app<com.tarunyadgirkar.prefill.spike.textinsert.uitests.xctrunner((null))>:13337]) from originator [app<com.tarunyadgirkar.prefill.spike.textinsert.uitests.xctrunner((
        "<Credential (0x1602fb9c0) | Requestor>" = "<Authorization Record (0x1600609a0) | Service: kTCCServiceAddressBook, AuthRight: Allowed, Reason: Entitled, Version: 2, >";
2026-09-30 23:30:09.652 Df siriactionsd[86842:c57b2f] [com.apple.shortcuts:ToolKitScheduler] retriable indexing: decoded result from BGSR: changeset=.partial(updatedCount: 2 removedCount: 2 updated: ["com.tarunyadgirkar.prefill.spike.textinsert.uitests.xctrunner", "com.tarunyadgirkar.prefill.spike.t
2026-09-30 23:30:09.742 Df intelligenceflowd[87630:c57e63] [com.apple.shortcuts:ToolKitDatabase] Fetching multiple records using request: <ToolKitDatabaseRequest id=D9642F67-1FFF-4C0F-8272-115DE8CA7CAA scope: all locale: en query: <ContainerDefinitionQuery identifier: is(com.tarunyadgirkar.prefill.s
2026-09-30 23:30:09.743 Df intelligenceflowd[87630:c57e63] [com.apple.shortcuts:ToolKitDatabase] Fetched multiple records: 0 for request: <ToolKitDatabaseRequest id=D9642F67-1FFF-4C0F-8272-115DE8CA7CAA scope: all locale: en query: <ContainerDefinitionQuery identifier: is(com.tarunyadgirkar.prefill.s
2026-09-30 23:30:09.743 Df intelligenceflowd[87630:c57e63] [com.apple.shortcuts:ToolKitDatabase] Fetching multiple records using request: <ToolKitDatabaseRequest id=CB3EC714-7CB4-4666-B657-993F46CE2BD2 scope: all locale: en query: <ContainerDefinitionQuery identifier: is(com.tarunyadgirkar.prefill.s
2026-09-30 23:30:09.743 Df intelligenceflowd[87630:c57e63] [com.apple.shortcuts:ToolKitDatabase] Fetched multiple records: 0 for request: <ToolKitDatabaseRequest id=CB3EC714-7CB4-4666-B657-993F46CE2BD2 scope: all locale: en query: <ContainerDefinitionQuery identifier: is(com.tarunyadgirkar.prefill.s
2026-09-30 23:30:10.235 Df runningboardd[86757:c5719c] [com.apple.runningboard:ttl] Acquiring assertion targeting [app<com.tarunyadgirkar.prefill.spike.textinsert.uitests.xctrunner((null))>:13337] from originator [app<com.tarunyadgirkar.prefill.spike.textinsert.uitests.xctrunner((null))>:13337] with
2026-09-30 23:30:10.235 Df runningboardd[86757:c5719c] [com.apple.runningboard:ttl] Assertion 86757-13337-6256 (target:[app<com.tarunyadgirkar.prefill.spike.textinsert.uitests.xctrunner((null))>:13337]) will be created as inactive as start-time-defining assertions exist
2026-09-30 23:30:11.238 Df runningboardd[86757:c5719c] [com.apple.runningboard:ttl] Invalidating assertion 86757-13337-6256 (target:[app<com.tarunyadgirkar.prefill.spike.textinsert.uitests.xctrunner((null))>:13337]) from originator [app<com.tarunyadgirkar.prefill.spike.textinsert.uitests.xctrunner((
2026-09-30 23:30:11.350 Df runningboardd[86757:c570ff] [com.apple.runningboard:ttl] Acquiring assertion targeting [app<com.tarunyadgirkar.prefill.spike.textinsert.uitests.xctrunner((null))>:13337] from originator [app<com.tarunyadgirkar.prefill.spike.textinsert.uitests.xctrunner((null))>:13337] with
2026-09-30 23:30:11.350 Df runningboardd[86757:c570ff] [com.apple.runningboard:ttl] Assertion 86757-13337-6257 (target:[app<com.tarunyadgirkar.prefill.spike.textinsert.uitests.xctrunner((null))>:13337]) will be created as inactive as start-time-defining assertions exist
2026-09-30 23:30:12.352 Df runningboardd[86757:c5719a] [com.apple.runningboard:ttl] Invalidating assertion 86757-13337-6257 (target:[app<com.tarunyadgirkar.prefill.spike.textinsert.uitests.xctrunner((null))>:13337]) from originator [app<com.tarunyadgirkar.prefill.spike.textinsert.uitests.xctrunner((
2026-09-30 23:30:13.807 Df runningboardd[86757:c570ff] [com.apple.runningboard:ttl] Acquiring assertion targeting [app<com.tarunyadgirkar.prefill.spike.textinsert.uitests.xctrunner((null))>:13337] from originator [app<com.tarunyadgirkar.prefill.spike.textinsert.uitests.xctrunner((null))>:13337] with
2026-09-30 23:30:13.807 Df runningboardd[86757:c570ff] [com.apple.runningboard:ttl] Assertion 86757-13337-6258 (target:[app<com.tarunyadgirkar.prefill.spike.textinsert.uitests.xctrunner((null))>:13337]) will be created as inactive as start-time-defining assertions exist
2026-09-30 23:30:14.814 Df runningboardd[86757:c570f9] [com.apple.runningboard:ttl] Invalidating assertion 86757-13337-6258 (target:[app<com.tarunyadgirkar.prefill.spike.textinsert.uitests.xctrunner((null))>:13337]) from originator [app<com.tarunyadgirkar.prefill.spike.textinsert.uitests.xctrunner((
2026-09-30 23:30:15.082 Df SpringBoard[86754:c55be1] [com.apple.FrontBoard:ProcessWorkspace] [app<com.tarunyadgirkar.prefill.spike.textinsert.uitests.xctrunner>:13337] Workspace connection invalidated.
2026-09-30 23:30:15.082 Df runningboardd[86757:c5719c] [com.apple.runningboard:process] XPC connection invalidated: [app<com.tarunyadgirkar.prefill.spike.textinsert.uitests.xctrunner((null))>:13337]
    bundleID = "com.tarunyadgirkar.prefill.spike.textinsert.uitests.xctrunner";
2026-09-30 23:30:15.082 Df SpringBoard[86754:c55be1] [com.apple.FrontBoard:Process] [app<com.tarunyadgirkar.prefill.spike.textinsert.uitests.xctrunner>:13337] Now flagged as pending exit for reason: workspace client connection invalidated
2026-09-30 23:30:15.082 Df InputUI[87035:c57e2a] [com.apple.FrontBoard:ProcessWorkspace] [app<com.tarunyadgirkar.prefill.spike.textinsert.uitests.xctrunner>:13337] Workspace connection invalidated.
    bundleID = "com.tarunyadgirkar.prefill.spike.textinsert.uitests.xctrunner";
2026-09-30 23:30:15.082 Df InputUI[87035:c57e2a] [com.apple.FrontBoard:Process] [app<com.tarunyadgirkar.prefill.spike.textinsert.uitests.xctrunner>:13337] Now flagged as pending exit for reason: workspace client connection invalidated
2026-09-30 23:30:15.091 Df runningboardd[86757:c570f9] [com.apple.runningboard:ttl] Invalidating assertion 86757-88342-6099 (target:[app<com.tarunyadgirkar.prefill.spike.textinsert.uitests.xctrunner((null))>:13337]) from originator [osservice<com.apple.testmanagerd>:88342]
2026-09-30 23:30:15.102 Df launchd_sim[86751:c57dce] [user/502/UIKitApplication:com.tarunyadgirkar.prefill.spike.textinsert.uitests.xctrunner[a549][rb-legacy] [13337]:] exited due to exit(0), ran for 24357ms
2026-09-30 23:30:15.102 Df launchd_sim[86751:c57dce] [user/502/UIKitApplication:com.tarunyadgirkar.prefill.spike.textinsert.uitests.xctrunner[a549][rb-legacy] [13337]:] service state: exited
2026-09-30 23:30:15.102 Df launchd_sim[86751:c57dce] [user/502/UIKitApplication:com.tarunyadgirkar.prefill.spike.textinsert.uitests.xctrunner[a549][rb-legacy] [13337]:] internal event: EXITED, code = 0
2026-09-30 23:30:15.102 Df launchd_sim[86751:c57dce] [user/502/UIKitApplication:com.tarunyadgirkar.prefill.spike.textinsert.uitests.xctrunner[a549][rb-legacy] [13337]:] job state = exited
2026-09-30 23:30:15.102 Df launchd_sim[86751:c57dce] [user/502:] service inactive: UIKitApplication:com.tarunyadgirkar.prefill.spike.textinsert.uitests.xctrunner[a549][rb-legacy]
2026-09-30 23:30:15.102 Df launchd_sim[86751:c57dce] [user/502/UIKitApplication:com.tarunyadgirkar.prefill.spike.textinsert.uitests.xctrunner[a549][rb-legacy] [13337]:] service state: not running
2026-09-30 23:30:15.103 Df runningboardd[86757:c570f9] [com.apple.runningboard:ttl] [app<com.tarunyadgirkar.prefill.spike.textinsert.uitests.xctrunner((null))>:13337] termination reported by launchd (0, 0, 0)
2026-09-30 23:30:15.103 Df runningboardd[86757:c570f9] [com.apple.runningboard:process] Removing process: [app<com.tarunyadgirkar.prefill.spike.textinsert.uitests.xctrunner((null))>:13337]
2026-09-30 23:30:15.103 Df runningboardd[86757:c570f9] [com.apple.runningboard:job] Removing launch job for: [app<com.tarunyadgirkar.prefill.spike.textinsert.uitests.xctrunner((null))>:13337]
2026-09-30 23:30:15.103 Df launchd_sim[86751:c57dce] [user/502/UIKitApplication:com.tarunyadgirkar.prefill.spike.textinsert.uitests.xctrunner[a549][rb-legacy]:] removing job: caller = runningboardd
2026-09-30 23:30:15.103 Df launchd_sim[86751:c57dce] [user/502:] removing service: UIKitApplication:com.tarunyadgirkar.prefill.spike.textinsert.uitests.xctrunner[a549][rb-legacy]
2026-09-30 23:30:15.103 Df launchd_sim[86751:c57dce] [user/502/UIKitApplication:com.tarunyadgirkar.prefill.spike.textinsert.uitests.xctrunner[a549][rb-legacy]:] internal event: PETRIFIED, code = 0
2026-09-30 23:30:15.103 Df launchd_sim[86751:c57dce] [user/502/UIKitApplication:com.tarunyadgirkar.prefill.spike.textinsert.uitests.xctrunner[a549][rb-legacy]:] job state = removed
2026-09-30 23:30:15.103 Df runningboardd[86757:c570f9] [com.apple.runningboard:job] Removed job for [app<com.tarunyadgirkar.prefill.spike.textinsert.uitests.xctrunner((null))>:13337]
2026-09-30 23:30:15.103 Df runningboardd[86757:c570f9] [com.apple.runningboard:process] Removing assertions for terminated process: [app<com.tarunyadgirkar.prefill.spike.textinsert.uitests.xctrunner((null))>:13337]
2026-09-30 23:30:15.103 Df runningboardd[86757:c570f9] [com.apple.runningboard:assertion] Removed last relative-start-date-defining assertion for process app<com.tarunyadgirkar.prefill.spike.textinsert.uitests.xctrunner((null))>
2026-09-30 23:30:15.104 Df runningboardd[86757:c571c7] [com.apple.runningboard:process] Notifying connection [osservice<com.apple.SpringBoard>:86754] that process [app<com.tarunyadgirkar.prefill.spike.textinsert.uitests.xctrunner((null))>:13337] exited with context <RBSProcessExitContext| voluntary>
2026-09-30 23:30:15.104 Df runningboardd[86757:c571c7] [com.apple.runningboard:process] Notifying connection [osservice<com.apple.InputUI>:87035] that process [app<com.tarunyadgirkar.prefill.spike.textinsert.uitests.xctrunner((null))>:13337] exited with context <RBSProcessExitContext| voluntary>
2026-09-30 23:30:15.104 Df runningboardd[86757:c570f9] [com.apple.runningboard:monitor] Calculated state for app<com.tarunyadgirkar.prefill.spike.textinsert.uitests.xctrunner((null))>: none (role: None) (endowments: (null))
2026-09-30 23:30:15.104 Df runningboardd[86757:c5719c] [com.apple.runningboard:monitor] Calculated state for app<com.tarunyadgirkar.prefill.spike.textinsert.uitests.xctrunner((null))>: none (role: None) (endowments: (null))
2026-09-30 23:30:15.104 Df SpringBoard[86754:c55be1] [com.apple.runningboard:process] Calling process death completion block for handle [app<com.tarunyadgirkar.prefill.spike.textinsert.uitests.xctrunner((null))>:13337]
2026-09-30 23:30:15.104 Df SpringBoard[86754:c55be1] [com.apple.FrontBoard:Process] [app<com.tarunyadgirkar.prefill.spike.textinsert.uitests.xctrunner>:13337] Process exited: <RBSProcessExitContext| voluntary>.
2026-09-30 23:30:15.104 Df SpringBoard[86754:c55be1] [com.apple.FrontBoard:Process] [app<com.tarunyadgirkar.prefill.spike.textinsert.uitests.xctrunner>:13337] Setting process task state to: Not Running
2026-09-30 23:30:15.104 Df SpringBoard[86754:c55be1] [com.apple.FrontBoard:Process] [app<com.tarunyadgirkar.prefill.spike.textinsert.uitests.xctrunner>:13337] Setting process visibility to: Unknown
2026-09-30 23:30:15.104 Df SpringBoard[86754:c57177] [com.apple.FrontBoard:ProcessWorkspace] [app<com.tarunyadgirkar.prefill.spike.textinsert.uitests.xctrunner>:13337] Invalidating workspace.
2026-09-30 23:30:15.104 Df SpringBoard[86754:c57177] [com.apple.FrontBoard:ProcessWorkspace] Removing source registration for processHandle: [app<com.tarunyadgirkar.prefill.spike.textinsert.uitests.xctrunner((null))>:13337]
2026-09-30 23:30:15.104 Df InputUI[87035:c57e2a] [com.apple.runningboard:process] Calling process death completion block for handle [app<com.tarunyadgirkar.prefill.spike.textinsert.uitests.xctrunner((null))>:13337]
2026-09-30 23:30:15.104 Df SpringBoard[86754:c57177] [com.apple.FrontBoard:ProcessScene] [0x11f74ce40:(FBSceneManager):sceneID:com.tarunyadgirkar.prefill.spike.textinsert.uitests.xctrunner-default] Invalidated for connection: 0x10cd5e7f0.
2026-09-30 23:30:15.104 Df InputUI[87035:c57e2a] [com.apple.FrontBoard:Process] [app<com.tarunyadgirkar.prefill.spike.textinsert.uitests.xctrunner>:13337] Process exited: <RBSProcessExitContext| voluntary>.
2026-09-30 23:30:15.104 Df InputUI[87035:c5836e] [com.apple.runningboard:monitor] Received state update for 13337 (app<com.tarunyadgirkar.prefill.spike.textinsert.uitests.xctrunner((null))>, none-NotVisible
2026-09-30 23:30:15.104 Df InputUI[87035:c57e2a] [com.apple.FrontBoard:Process] [app<com.tarunyadgirkar.prefill.spike.textinsert.uitests.xctrunner>:13337] Setting process task state to: Not Running
2026-09-30 23:30:15.104 Df SpringBoard[86754:c57177] [com.apple.FrontBoard:Process] Removing: <FBApplicationProcess: 0x11f762e80; app<com.tarunyadgirkar.prefill.spike.textinsert.uitests.xctrunner>:13337(v26AE69)>
2026-09-30 23:30:15.104 Df InputUI[87035:c57e2a] [com.apple.FrontBoard:Process] [app<com.tarunyadgirkar.prefill.spike.textinsert.uitests.xctrunner>:13337] Setting process visibility to: Unknown
2026-09-30 23:30:15.105 Df SpringBoard[86754:c574bd] [com.apple.runningboard:monitor] Received state update for 13337 (app<com.tarunyadgirkar.prefill.spike.textinsert.uitests.xctrunner((null))>, none-NotVisible
2026-09-30 23:30:15.105 Df InputUI[87035:c5836e] [com.apple.FrontBoard:ProcessWorkspace] [app<com.tarunyadgirkar.prefill.spike.textinsert.uitests.xctrunner>:13337] Invalidating workspace.
2026-09-30 23:30:15.105 Df SpringBoard[86754:c334f8] [com.apple.SpringBoard:Workspace] Process exited: <FBApplicationProcess: 0x11f762e80; app<com.tarunyadgirkar.prefill.spike.textinsert.uitests.xctrunner>:13337(v26AE69)> -> <RBSProcessExitContext| voluntary>
2026-09-30 23:30:15.105 Df InputUI[87035:c5836e] [com.apple.FrontBoard:ProcessWorkspace] Removing source registration for processHandle: [app<com.tarunyadgirkar.prefill.spike.textinsert.uitests.xctrunner((null))>:13337]
2026-09-30 23:30:15.105 Df InputUI[87035:c5836e] [com.apple.FrontBoard:ProcessScene] [0x106e483c0:com.apple.InputUI.keyboard:KeyboardInputScene-com.apple.frontboard.systemappservices/FBSceneManager:sceneID%3Acom.tarunyadgirkar.prefill.spike.textinsert.uitests.xctrunner-default] Invalidated for conne
2026-09-30 23:30:15.105 Df InputUI[87035:c5836e] [com.apple.FrontBoard:Process] Removing: <FBApplicationProcess: 0x110012280; app<com.tarunyadgirkar.prefill.spike.textinsert.uitests.xctrunner>:13337(v26AE69)>
2026-09-30 23:30:15.105 Df SpringBoard[86754:c334f8] [com.apple.SpringBoard:Common] Application process state changed for com.tarunyadgirkar.prefill.spike.textinsert.uitests.xctrunner: (null)
2026-09-30 23:30:15.105 Df SpringBoard[86754:c334f8] [com.apple.FrontBoard:Scene] Deactivating scene: (FBSceneManager):sceneID:com.tarunyadgirkar.prefill.spike.textinsert.uitests.xctrunner-default
2026-09-30 23:30:15.106 Df SpringBoard[86754:c334f8] [com.apple.FrontBoard:Scene] [(FBSceneManager):sceneID:com.tarunyadgirkar.prefill.spike.textinsert.uitests.xctrunner-default][1] Scene deactivated.
2026-09-30 23:30:15.106 Df InputUI[87035:c57283] [com.apple.runningboard:monitor] Received state update for 13337 (app<com.tarunyadgirkar.prefill.spike.textinsert.uitests.xctrunner((null))>, none-NotVisible
2026-09-30 23:30:15.106 Df SpringBoard[86754:c334f8] [com.apple.FrontBoard:Scene] Invalidating scene: (FBSceneManager):sceneID:com.tarunyadgirkar.prefill.spike.textinsert.uitests.xctrunner-default
2026-09-30 23:30:15.106 Df InputUI[87035:c33b5c] [com.apple.FrontBoard:Scene] Deactivating scene: com.apple.InputUI.keyboard:KeyboardInputScene-com.apple.frontboard.systemappservices/FBSceneManager:sceneID%3Acom.tarunyadgirkar.prefill.spike.textinsert.uitests.xctrunner-default
2026-09-30 23:30:15.106 Df SpringBoard[86754:c334f8] [com.apple.FrontBoard:Scene] [(FBSceneManager):sceneID:com.tarunyadgirkar.prefill.spike.textinsert.uitests.xctrunner-default][1] Scene invalidated.
2026-09-30 23:30:15.106 Df InputUI[87035:c33b5c] [com.apple.FrontBoard:Scene] [com.apple.InputUI.keyboard:KeyboardInputScene-com.apple.frontboard.systemappservices/FBSceneManager:sceneID%3Acom.tarunyadgirkar.prefill.spike.textinsert.uitests.xctrunner-default][1] Scene deactivated.
2026-09-30 23:30:15.106 Df InputUI[87035:c33b5c] [com.apple.FrontBoard:Scene] Invalidating scene: com.apple.InputUI.keyboard:KeyboardInputScene-com.apple.frontboard.systemappservices/FBSceneManager:sceneID%3Acom.tarunyadgirkar.prefill.spike.textinsert.uitests.xctrunner-default
2026-09-30 23:30:15.106 E  SpringBoard[86754:c334f8] [com.apple.FrontBoard:Scene] Ignoring update for invalidated scene: (FBSceneManager):sceneID:com.tarunyadgirkar.prefill.spike.textinsert.uitests.xctrunner-default
2026-09-30 23:30:15.106 Df InputUI[87035:c33b5c] [com.apple.FrontBoard:Scene] [com.apple.InputUI.keyboard:KeyboardInputScene-com.apple.frontboard.systemappservices/FBSceneManager:sceneID%3Acom.tarunyadgirkar.prefill.spike.textinsert.uitests.xctrunner-default][1] Scene invalidated.
2026-09-30 23:30:15.107 Df SpringBoard[86754:c334f8] [com.apple.SpringBoard:CompanionScenes] [sceneID:com.tarunyadgirkar.prefill.spike.textinsert.uitests.xctrunner-default] Host scene invalidated, unregistering all presentations.
2026-09-30 23:30:15.107 Df SpringBoard[86754:c334f8] [com.apple.SpringBoard:CompanionScenes] [sceneID:com.tarunyadgirkar.prefill.spike.textinsert.uitests.xctrunner-default] Component invalidated, unregistering all presentations.
2026-09-30 23:30:15.107 E  SpringBoard[86754:c334f8] [com.apple.FrontBoard:Scene] Ignoring update for invalidated scene: (FBSceneManager):sceneID:com.tarunyadgirkar.prefill.spike.textinsert.uitests.xctrunner-default
2026-09-30 23:30:15.107 Df SpringBoard[86754:c334f8] [com.apple.UIKit:KBProxyForwarding] <StateMachine:0x126031c80> Presentation environment invalidated: <_UISceneKeyboardProxyLayerForwardingPresentationScene: 0x119742100> Tracking scene: <FBScene: 0x118eb6200; (null):sceneID:com.tarunyadgirkar.pref
2026-09-30 23:30:15.107 Df SpringBoard[86754:c57177] [com.apple.UserNotifications:RemoteNotifications] [com.tarunyadgirkar.prefill.spike.textinsert.uitests.xctrunner] com.tarunyadgirkar.prefill.spike.textinsert.uitests.xctrunner application state changed to <RBSProcessState| task:none debug:none>
2026-09-30 23:30:15.109 Df mediaremoted[86761:c57282] [com.apple.runningboard:monitor] Received state update for 13337 (app<com.tarunyadgirkar.prefill.spike.textinsert.uitests.xctrunner((null))>, none-NotVisible
2026-09-30 23:30:15.109 Df mediaremoted[86761:c57282] [com.apple.runningboard:monitor] Received state update for 13337 (app<com.tarunyadgirkar.prefill.spike.textinsert.uitests.xctrunner((null))>, none-NotVisible
2026-09-30 23:30:15.197 E  runningboardd[86757:c5719a] [com.apple.runningboard:general] RBSStateCapture remove item called for untracked item 86757-88342-6099 (target:[app<com.tarunyadgirkar.prefill.spike.textinsert.uitests.xctrunner((null))>:13337])
2026-09-30 23:30:25.421 Df log[14637:0] [com.apple.log:] log run noninteractively, parent: 86751 (launchd_sim), args: 'log' 'collect' '--output' '/Users/tarunyadgirkar/TarunsCode/prefill/spikes/textinsert/build/Logs/Test/Test-TextInsertSpike-2026.09.30_23-29-48--0700.xcresult/Staging/1_Test/Diagnost
2026-09-30 23:30:25.479 Df swcd[87251:c57281] [com.apple.xpc:connection] [0x1039248c0] activating connection: mach=false listener=false peer=true name=com.apple.SharedWebCredentials.peer[14639].0x1039248c0
