getpwuid_r did not find a match for uid 502
Timestamp               Ty Process[PID:TID]
2026-09-30 23:45:26.026 Df SpringBoard[86754:c334f8] [com.apple.SystemAperture:Element] Assertion did invalidate: <SAAssertion: 0x1097a92f0; isValid: NO; invalidation reason: NSUserDefault SBSuppressDynamicIslandCompletely is not set.>
2026-09-30 23:45:26.026 Df SpringBoard[86754:c334f8] [com.apple.SystemAperture:Element] Assertion did invalidate: <SAAssertion: 0x1097a8570; isValid: NO; invalidation reason: NSUserDefault SBSuppressDynamicIslandCompletely is not set.>
2026-09-30 23:45:26.026 Df SpringBoard[86754:c334f8] [com.apple.SystemAperture:Element] Assertion did invalidate: <SAAssertion: 0x1097a9f80; isValid: NO; invalidation reason: SBSystemApertureCoordinator suppressionForSuppressSystemApertureCompletely>
2026-09-30 23:45:26.079 Df TextInsertUITests-Runner[41970:c74f15] [com.apple.CFNetwork:Default] Task <8EBE049A-37A5-46FC-A395-7821DCF34F4B>.<0> received response, status 200 content U
2026-09-30 23:45:26.079 Df TextInsertUITests-Runner[41970:c74f15] [com.apple.CFNetwork:Default] Connection 7: read-side closed
2026-09-30 23:45:26.079 Df TextInsertUITests-Runner[41970:c74f15] [com.apple.CFNetwork:Default] Connection 7: final read 0:0, complete[Y], final[N]
2026-09-30 23:45:26.079 Df TextInsertUITests-Runner[41970:c74f15] [com.apple.CFNetwork:Default] Connection 7: cleaning up
2026-09-30 23:45:26.079 Df TextInsertUITests-Runner[41970:c74f15] [com.apple.network:connection] [C7 15CB01BE-6889-4AA0-84C4-E90DB22404B8 127.0.0.1:8805 tcp, url: http://127.0.0.1:8805/snap, definite, attribution: developer] cancel
2026-09-30 23:45:26.079 Df TextInsertUITests-Runner[41970:c74f15] [com.apple.network:connection] [C7 15CB01BE-6889-4AA0-84C4-E90DB22404B8 127.0.0.1:8805 tcp, url: http://127.0.0.1:8805/snap, definite, attribution: developer] cancelled
	[C7 230E5054-6516-4451-89C7-F6CAAAD62B9A 127.0.0.1:57131<->127.0.0.1:8805]
	Connected Path: satisfied (Path is satisfied), interface: lo0
	Privacy Stance: Not Eligible
	Duration: 0.427s, TCP @0.000s took 0.000s
	bytes in/out: 194/254, packets in/out: 2/1, rtt: 0.001s, retransmitted bytes: 0, out-of-order bytes: 0
	ecn packets sent/acked/marked/lost: 0/0/0/0
2026-09-30 23:45:26.079 Df TextInsertUITests-Runner[41970:c74f15] [com.apple.network:connection] nw_connection_report_state_with_handler_on_nw_queue [C7] reporting state cancelled
2026-09-30 23:45:26.079 Df TextInsertUITests-Runner[41970:c74f15] [com.apple.CFNetwork:Default] Task <8EBE049A-37A5-46FC-A395-7821DCF34F4B>.<0> response ended
2026-09-30 23:45:26.079 Df TextInsertUITests-Runner[41970:c74f15] [com.apple.CFNetwork:Default] Task <8EBE049A-37A5-46FC-A395-7821DCF34F4B>.<0> done using Connection 7
2026-09-30 23:45:26.079 Df TextInsertUITests-Runner[41970:c74f15] [com.apple.CFNetwork:Default] Connection 7: done
2026-09-30 23:45:26.080 Df TextInsertUITests-Runner[41970:c74fe8] [com.apple.CFNetwork:Summary] Task <8EBE049A-37A5-46FC-A395-7821DCF34F4B>.<0> summary for task success {transaction_duration_ms=428, response_status=200, connection=7, protocol="http/1.1", domain_lookup_duration_ms=0, connect_duration_ms=1, secure_connection_duration_ms=0, private_relay=false, request_start_ms=2, request_duration_ms=0, response_start_ms=427, response_duration_ms=0, request_bytes=254, request_throughput_kbps=36267, response_bytes=194, response_throughput_kbps=1785, cache_hit=false}
2026-09-30 23:45:26.080 Df TextInsertUITests-Runner[41970:c74f15] [com.apple.network:connection] nw_socket_handle_socket_event [C7:2] Socket received READ_CLOSE event
2026-09-30 23:45:26.081 A  runningboardd[86757:c74647] (RunningBoard) acquireAssertionWithDescriptor
2026-09-30 23:45:26.081 Df runningboardd[86757:c74647] [com.apple.runningboard:ttl] Acquiring assertion targeting [app<com.tarunyadgirkar.prefill.spike.textinsert.uitests.xctrunner((null))>:41970] from originator [app<com.tarunyadgirkar.prefill.spike.textinsert.uitests.xctrunner((null))>:41970] with description <RBSAssertionDescriptor| "com.apple.CFNetwork.StorageDB" ID:86757-41970-8800 target:41970 attributes:[
	<RBSDomainAttribute| domain:"com.apple.common" name:"FinishTaskUninterruptable" sourceEnvironment:"(null)">,
	<RBSAcquisitionCompletionAttribute| policy:AfterApplication>
	]>
2026-09-30 23:45:26.081 Df runningboardd[86757:c74647] [com.apple.runningboard:ttl] Assertion 86757-41970-8800 (target:[app<com.tarunyadgirkar.prefill.spike.textinsert.uitests.xctrunner((null))>:41970]) will be created as inactive as start-time-defining assertions exist
2026-09-30 23:45:26.082 A  runningboardd[86757:c74642] (RunningBoard) state update
2026-09-30 23:45:26.082 A  runningboardd[86757:c74642] (RunningBoard) limitationsForInstance
2026-09-30 23:45:26.083 Df testmanagerd[88342:c7494b] [com.apple.dt.xctest:Default] XCTPerformOnMainRunLoop[not MT]: about to CFRunLoopPerform
2026-09-30 23:45:26.083 Df testmanagerd[88342:c7494b] [com.apple.dt.xctest:Default] XCTPerformOnMainRunLoop[not MT]: waiting with 30.00s responsiveness timeout
2026-09-30 23:45:26.083 Df testmanagerd[88342:c35c14] [com.apple.dt.xctest:Default] XCTPerformOnMainRunLoop[MT]: inside CFRunLoopPerform
2026-09-30 23:45:26.083 Df testmanagerd[88342:c7494b] [com.apple.dt.xctest:Default] XCTPerformOnMainRunLoop[not MT]: waiting 60.00s for work to complete
2026-09-30 23:45:26.083 Df testmanagerd[88342:c35c14] [com.apple.dt.xctest:Default] XCTPerformOnMainRunLoop[MT]: MT responded in time (won the race to the busy flag)
2026-09-30 23:45:26.083 Df testmanagerd[88342:c35c14] [com.apple.dt.xctest:Default] Got main window <AXUIElementRef 0x1045336c0> {pid=42063} {uid=[ID:5 hash:0x13c615800]}
2026-09-30 23:45:26.084 Df testmanagerd[88342:c35c14] [com.apple.dt.xctest:Default] Capturing hierarchy with attributes XC_kAXXCAttributeLabel, XC_kAXXCAttributeHorizontalSizeClass, XC_kAXXCAttributeTraits, XC_kAXXCAttributePlaceholderValue, XC_kAXXCAttributeWindowDisplayId, XC_kAXXCAttributeBannerIsStickyAttribute, XC_kAXXCAttributeIdentifier, XC_kAXXCAttributeIsUserInteractionEnabled, XC_kAXXCAttributeURL, XC_kAXXCAttributeUserTestingElements, XC_kAXXCAttributeHasNativeFocus, XC_kAXXCAttributeVerticalSizeClass, XC_kAXXCAttributeTruncatedValue, XC_kAXXCAttributeViewControllerTitle, XC_kAXXCAttributeFrame, XC_kAXXCAttributeWindowContextId, XC_kAXXCAttributeSystemAutomationProperties, XC_kAXXCAttributeParent, XC_kAXXCAttributeAutomationType, XC_kAXXCAttributeViewControllerClassName, XC_kAXXCAttributeElementType, XC_kAXXCAttributeElementBaseType
2026-09-30 23:45:26.084 Df testmanagerd[88342:c35c14] [com.apple.dt.xctest:Default] Capturing hierarchy with parameters {
    attributes =     (
        2001,
        2086,
        2004,
        5043,
        2123,
        2129,
        5019,
        5034,
        2020,
        5009,
        2094,
        2087,
        2158,
        5041,
        2003,
        2021,
        5063,
        5002,
        5058,
        5042,
        5003,
        5004
    );
    maxArrayCount = 2147483647;
    maxChildren = 2147483647;
    maxDepth = 2147483647;
    snapshotKeyHonorModalViews = 0;
    traverseFromParentsToChildren = 1;
}
2026-09-30 23:45:26.084 Df testmanagerd[88342:c35c14] [com.apple.dt.xctest:Default] Snapshot attributes 2001, 2086, 2004, 5043, 2123, 2129, 5019, 5034, 2020, 5009, 2094, 2087, 2158, 5041, 2003, 2021, 5063, 5002, 5058, 5042, 5003, 5004
2026-09-30 23:45:26.084 Sd TextInsertUITests-Runner[41970:0] (3D9A40AB-ACDF-3EC9-A223-5A041FBFFFCF) IOHIDManager State
{
    DispatchQueue = 0;
    RunLoop = 1;
    createOptions = 0;
    isOpen = 0;
    openOptions = 0;
}
2026-09-30 23:45:26.084 Sd TextInsertUITests-Runner[41970:0] (3D9A40AB-ACDF-3EC9-A223-5A041FBFFFCF) IOHIDManager State
{
    DispatchQueue = 0;
    RunLoop = 1;
    createOptions = 0;
    isOpen = 0;
    openOptions = 0;
}
2026-09-30 23:45:26.102 Df testmanagerd[88342:c35c14] [com.apple.dt.xctest:Default] Got snapshot for <AXUIElementRef 0x104532040> {pid=42063} {uid=[ID:1 hash:0x0]}
2026-09-30 23:45:26.102 Df testmanagerd[88342:c35c14] [com.apple.dt.xctest:Default] Got app orientation 0
2026-09-30 23:45:26.102 Df testmanagerd[88342:c35c14] [com.apple.dt.xctest:Default] Captured accessibility snapshot data in 0.02s
2026-09-30 23:45:26.102 Df testmanagerd[88342:c7494b] [com.apple.dt.xctest:Default] Found main window: Window, {{0.0, 0.0}, {402.0, 874.0}}
2026-09-30 23:45:26.102 Df testmanagerd[88342:c7494b] [com.apple.dt.xctest:Default] Preferring automation type 58 instead of legacy element type OTHER derived from class/trait: _SFWebView:UIView 146028888064
2026-09-30 23:45:26.102 E  testmanagerd[88342:c7494b] [com.apple.dt.xctest:Default] Uncaptured runtime issue reported: Automation type mismatch: computed Other from legacy attributes vs WebView from modern attribute.
2026-09-30 23:45:26.102 Df testmanagerd[88342:c7494b] [com.apple.dt.xctest:Default] Preferring automation type 58 instead of legacy element type OTHER derived from class/trait: WKContentView:UIView 146028888064
2026-09-30 23:45:26.102 E  testmanagerd[88342:c7494b] [com.apple.dt.xctest:Default] Uncaptured runtime issue reported: Automation type mismatch: computed Other from legacy attributes vs WebView from modern attribute.
2026-09-30 23:45:26.102 Df testmanagerd[88342:c7494b] [com.apple.dt.xctest:Default] Capturing hierarchy for remote element RemotePlaceholder, pid: 42128, child of WebView, {{0.0, 0.0}, {402.0, 874.0}}
2026-09-30 23:45:26.102 Df testmanagerd[88342:c7494b] [com.apple.dt.xctest:Default] Saved original AX timeout 60 and set temporary timeout 5
2026-09-30 23:45:26.102 Df testmanagerd[88342:c7494b] [com.apple.dt.xctest:Default] Snapshot attributes 2001, 2086, 2004, 5043, 2123, 2129, 5019, 5034, 2020, 5009, 2094, 2087, 2158, 5041, 2003, 2021, 5063, 5002, 5058, 5042, 5003, 5004
2026-09-30 23:45:26.109 Df testmanagerd[88342:c7494b] [com.apple.dt.xctest:Default] Got snapshot for <AXUIElementRef 0x108483e40> {pid=42128} {uid=[ID:9999 hash:0x13473497d54031bc]}
2026-09-30 23:45:26.109 Df testmanagerd[88342:c7494b] [com.apple.dt.xctest:Default] Restored original AX timeout 60
2026-09-30 23:45:26.109 Df testmanagerd[88342:c7494b] [com.apple.dt.xctest:Default] Checking '' for privileged AX value slot attributes
2026-09-30 23:45:26.109 Df testmanagerd[88342:c7494b] [com.apple.dt.xctest:Default] Checking '' for privileged AX value slot attributes
2026-09-30 23:45:26.109 Df testmanagerd[88342:c7494b] [com.apple.dt.xctest:Default] Checking 'Text insert spike' for privileged AX value slot attributes
2026-09-30 23:45:26.109 Df testmanagerd[88342:c7494b] [com.apple.dt.xctest:Default] WARNING: Value http://localhost:8804/form.html could not be safely stored, returning its description.
2026-09-30 23:45:26.109 Df testmanagerd[88342:c7494b] [com.apple.dt.xctest:Default] Checking '' for privileged AX value slot attributes
2026-09-30 23:45:26.109 Df testmanagerd[88342:c7494b] [com.apple.dt.xctest:Default] Checking 'form' for privileged AX value slot attributes
2026-09-30 23:45:26.109 Df testmanagerd[88342:c7494b] [com.apple.dt.xctest:Default] Checking '' for privileged AX value slot attributes
2026-09-30 23:45:26.109 Df testmanagerd[88342:c7494b] [com.apple.dt.xctest:Default] Checking '' for privileged AX value slot attributes
2026-09-30 23:45:26.109 Df testmanagerd[88342:c7494b] [com.apple.dt.xctest:Default] Checking '' for privileged AX value slot attributes
2026-09-30 23:45:26.109 Df testmanagerd[88342:c7494b] [com.apple.dt.xctest:Default] Checking 'Email' for privileged AX value slot attributes
2026-09-30 23:45:26.109 Df testmanagerd[88342:c7494b] [com.apple.dt.xctest:Default] Checking 'Email' for privileged AX value slot attributes
2026-09-30 23:45:26.109 Df testmanagerd[88342:c7494b] [com.apple.dt.xctest:Default] Checking '' for privileged AX value slot attributes
2026-09-30 23:45:26.109 Df testmanagerd[88342:c7494b] [com.apple.dt.xctest:Default] Preferring automation type 1 instead of legacy element type OTHER derived from class/trait: WebAccessibilityObjectWrapper:NSObject 146029281280
2026-09-30 23:45:26.109 E  testmanagerd[88342:c7494b] [com.apple.dt.xctest:Default] Uncaptured runtime issue reported: Automation type mismatch: computed TextField from legacy attributes vs Other from modern attribute.
2026-09-30 23:45:26.109 E  testmanagerd[88342:c7494b] [com.apple.dt.xctest:Default] Automation type mismatch; legacy system derived element type 49 from class WebAccessibilityObjectWrapper:NSObject, traits 146029281280, but AXAutomationType returned 0 which maps to 1
2026-09-30 23:45:26.109 Df testmanagerd[88342:c7494b] [com.apple.dt.xctest:Default] Checking 'form' for privileged AX value slot attributes
2026-09-30 23:45:26.109 Df testmanagerd[88342:c7494b] [com.apple.dt.xctest:Default] Checking '' for privileged AX value slot attributes
2026-09-30 23:45:26.110 Df testmanagerd[88342:c7494b] [com.apple.dt.xctest:Default] Checking '' for privileged AX value slot attributes
2026-09-30 23:45:26.110 Df testmanagerd[88342:c7494b] [com.apple.dt.xctest:Default] Checking '' for privileged AX value slot attributes
2026-09-30 23:45:26.110 Df testmanagerd[88342:c7494b] [com.apple.dt.xctest:Default] Checking 'Your e-mail' for privileged AX value slot attributes
2026-09-30 23:45:26.110 Df testmanagerd[88342:c7494b] [com.apple.dt.xctest:Default] Checking 'Your e-mail' for privileged AX value slot attributes
2026-09-30 23:45:26.110 Df testmanagerd[88342:c7494b] [com.apple.dt.xctest:Default] Checking '' for privileged AX value slot attributes
2026-09-30 23:45:26.110 Df testmanagerd[88342:c7494b] [com.apple.dt.xctest:Default] Preferring automation type 1 instead of legacy element type OTHER derived from class/trait: WebAccessibilityObjectWrapper:NSObject 146031378432
2026-09-30 23:45:26.110 E  testmanagerd[88342:c7494b] [com.apple.dt.xctest:Default] Uncaptured runtime issue reported: Automation type mismatch: computed TextField from legacy attributes vs Other from modern attribute.
2026-09-30 23:45:26.110 E  testmanagerd[88342:c7494b] [com.apple.dt.xctest:Default] Automation type mismatch; legacy system derived element type 49 from class WebAccessibilityObjectWrapper:NSObject, traits 146031378432, but AXAutomationType returned 0 which maps to 1
2026-09-30 23:45:26.110 Df testmanagerd[88342:c7494b] [com.apple.dt.xctest:Default] Checking 'form' for privileged AX value slot attributes
2026-09-30 23:45:26.110 Df testmanagerd[88342:c7494b] [com.apple.dt.xctest:Default] Checking '' for privileged AX value slot attributes
2026-09-30 23:45:26.110 Df testmanagerd[88342:c7494b] [com.apple.dt.xctest:Default] Checking '' for privileged AX value slot attributes
2026-09-30 23:45:26.110 Df testmanagerd[88342:c7494b] [com.apple.dt.xctest:Default] Checking '' for privileged AX value slot attributes
2026-09-30 23:45:26.110 Df testmanagerd[88342:c7494b] [com.apple.dt.xctest:Default] Checking 'Phone' for privileged AX value slot attributes
2026-09-30 23:45:26.110 Df testmanagerd[88342:c7494b] [com.apple.dt.xctest:Default] Checking 'Phone' for privileged AX value slot attributes
2026-09-30 23:45:26.110 Df testmanagerd[88342:c7494b] [com.apple.dt.xctest:Default] Checking '' for privileged AX value slot attributes
2026-09-30 23:45:26.110 Df testmanagerd[88342:c7494b] [com.apple.dt.xctest:Default] Preferring automation type 1 instead of legacy element type OTHER derived from class/trait: WebAccessibilityObjectWrapper:NSObject 146029281280
2026-09-30 23:45:26.110 E  testmanagerd[88342:c7494b] [com.apple.dt.xctest:Default] Uncaptured runtime issue reported: Automation type mismatch: computed TextField from legacy attributes vs Other from modern attribute.
2026-09-30 23:45:26.110 E  testmanagerd[88342:c7494b] [com.apple.dt.xctest:Default] Automation type mismatch; legacy system derived element type 49 from class WebAccessibilityObjectWrapper:NSObject, traits 146029281280, but AXAutomationType returned 0 which maps to 1
2026-09-30 23:45:26.110 Df testmanagerd[88342:c7494b] [com.apple.dt.xctest:Default] Checking '' for privileged AX value slot attributes
2026-09-30 23:45:26.110 Df testmanagerd[88342:c7494b] [com.apple.dt.xctest:Default] Checking '' for privileged AX value slot attributes
2026-09-30 23:45:26.110 Df testmanagerd[88342:c7494b] [com.apple.dt.xctest:Default] Checking 'usr_contact focus  v=
usr_contact blur  v=' for privileged AX value slot attributes
2026-09-30 23:45:26.110 Df testmanagerd[88342:c7494b] [com.apple.dt.xctest:Default] Checking 'Back' for privileged AX value slot attributes
2026-09-30 23:45:26.110 Df testmanagerd[88342:c7494b] [com.apple.dt.xctest:Default] Checking 'Page Menu' for privileged AX value slot attributes
2026-09-30 23:45:26.110 Df testmanagerd[88342:c7494b] [com.apple.dt.xctest:Default] Checking '\040\^Nlocalhost' for privileged AX value slot attributes
2026-09-30 23:45:26.110 Df testmanagerd[88342:c7494b] [com.apple.dt.xctest:Default] Preferring automation type 1 instead of legacy element type OTHER derived from class/trait: SFUnifiedTabBarItemTitleContainerView:UIView 8590196736
2026-09-30 23:45:26.110 E  testmanagerd[88342:c7494b] [com.apple.dt.xctest:Default] Uncaptured runtime issue reported: Automation type mismatch: computed TextField from legacy attributes vs Other from modern attribute.
2026-09-30 23:45:26.110 E  testmanagerd[88342:c7494b] [com.apple.dt.xctest:Default] Automation type mismatch; legacy system derived element type 49 from class SFUnifiedTabBarItemTitleContainerView:UIView, traits 8590196736, but AXAutomationType returned 0 which maps to 1
2026-09-30 23:45:26.110 Df testmanagerd[88342:c7494b] [com.apple.dt.xctest:Default] Checking 'refresh' for privileged AX value slot attributes
2026-09-30 23:45:26.110 Df testmanagerd[88342:c7494b] [com.apple.dt.xctest:Default] Checking 'Tabs' for privileged AX value slot attributes
2026-09-30 23:45:26.111 Df testmanagerd[88342:c7494b] [com.apple.dt.xctest:Default] Capturing hierarchy for remote element RemotePlaceholder, pid: 24111, child of Other, {{0.0, 0.0}, {804.0, 1748.0}}
2026-09-30 23:45:26.111 Df testmanagerd[88342:c7494b] [com.apple.dt.xctest:Default] Saved original AX timeout 60 and set temporary timeout 5
2026-09-30 23:45:26.111 Df testmanagerd[88342:c7494b] [com.apple.dt.xctest:Default] Snapshot attributes 2001, 2086, 2004, 5043, 2123, 2129, 5019, 5034, 2020, 5009, 2094, 2087, 2158, 5041, 2003, 2021, 5063, 5002, 5058, 5042, 5003, 5004
2026-09-30 23:45:26.113 Df testmanagerd[88342:c7494b] [com.apple.dt.xctest:Default] Got snapshot for <AXUIElementRef 0x1047fa670> {pid=24111} {uid=[ID:9999 hash:0xf76970f036744d38]}
2026-09-30 23:45:26.113 Df testmanagerd[88342:c7494b] [com.apple.dt.xctest:Default] Restored original AX timeout 60
2026-09-30 23:45:26.113 Df testmanagerd[88342:c7494b] [com.apple.dt.xctest:Default] Capturing hierarchy for remote element RemotePlaceholder, pid: 42547, child of Other, {{0.0, 62.0}, {402.0, 812.0}}
2026-09-30 23:45:26.113 Df testmanagerd[88342:c7494b] [com.apple.dt.xctest:Default] Saved original AX timeout 60 and set temporary timeout 5
2026-09-30 23:45:26.113 Df testmanagerd[88342:c7494b] [com.apple.dt.xctest:Default] Snapshot attributes 2001, 2086, 2004, 5043, 2123, 2129, 5019, 5034, 2020, 5009, 2094, 2087, 2158, 5041, 2003, 2021, 5063, 5002, 5058, 5042, 5003, 5004
2026-09-30 23:45:26.128 Df testmanagerd[88342:c7494b] [com.apple.dt.xctest:Default] Got snapshot for <AXUIElementRef 0x104739530> {pid=42547} {uid=[ID:9999 hash:0x29ba6cb50f15d8d2]}
2026-09-30 23:45:26.128 Df testmanagerd[88342:c7494b] [com.apple.dt.xctest:Default] Restored original AX timeout 60
2026-09-30 23:45:26.128 Df testmanagerd[88342:c7494b] [com.apple.dt.xctest:Default] Checking 'Prefill values' for privileged AX value slot attributes
2026-09-30 23:45:26.128 Df testmanagerd[88342:c7494b] [com.apple.dt.xctest:Default] Preferring automation type 48 instead of legacy element type OTHER derived from class/trait: UILabel:UILabel 8590000128
2026-09-30 23:45:26.128 E  testmanagerd[88342:c7494b] [com.apple.dt.xctest:Default] Uncaptured runtime issue reported: Automation type mismatch: computed Other from legacy attributes vs StaticText from modern attribute.
2026-09-30 23:45:26.128 Df testmanagerd[88342:c7494b] [com.apple.dt.xctest:Default] CollectionView, {{0.0, 0.0}, {402.0, 812.0}} is not actually a child of Other, {{0.0, 0.0}, {402.0, 812.0}}, including at this point anyway (rdar://problem/20738636)
2026-09-30 23:45:26.128 Df testmanagerd[88342:c7494b] [com.apple.dt.xctest:Default] Preferring automation type 24 instead of legacy element type OTHER derived from class/trait: _UIFloatingBarContainerView:_UIFloatingBarContainerView 8589934592
2026-09-30 23:45:26.128 E  testmanagerd[88342:c7494b] [com.apple.dt.xctest:Default] Uncaptured runtime issue reported: Automation type mismatch: computed Other from legacy attributes vs Toolbar from modern attribute.
2026-09-30 23:45:26.128 Df testmanagerd[88342:c7494b] [com.apple.dt.xctest:Default] Other, {{0.0, 0.0}, {402.0, 812.0}} is not actually a child of Other, {{0.0, 0.0}, {402.0, 812.0}}, including at this point anyway (rdar://problem/20738636)
2026-09-30 23:45:26.128 Df testmanagerd[88342:c7494b] [com.apple.dt.xctest:Default] Capturing hierarchy for remote element RemotePlaceholder, pid: 24111, child of Other, {{0.0, 0.0}, {804.0, 1748.0}}
2026-09-30 23:45:26.128 Df testmanagerd[88342:c7494b] [com.apple.dt.xctest:Default] Saved original AX timeout 60 and set temporary timeout 5
2026-09-30 23:45:26.128 Df testmanagerd[88342:c7494b] [com.apple.dt.xctest:Default] Snapshot attributes 2001, 2086, 2004, 5043, 2123, 2129, 5019, 5034, 2020, 5009, 2094, 2087, 2158, 5041, 2003, 2021, 5063, 5002, 5058, 5042, 5003, 5004
2026-09-30 23:45:26.128 Df testmanagerd[88342:c7494b] [com.apple.dt.xctest:Default] Got snapshot for <AXUIElementRef 0x1047f8030> {pid=24111} {uid=[ID:9999 hash:0x41984df124b44d32]}
2026-09-30 23:45:26.128 Df testmanagerd[88342:c7494b] [com.apple.dt.xctest:Default] Restored original AX timeout 60
2026-09-30 23:45:26.128 Df testmanagerd[88342:c7494b] [com.apple.dt.xctest:Default] App orientation is 0 (not portrait) and UITextEffectsWindow window Window, {{0.0, 0.0}, {402.0, 874.0}} is not main window
2026-09-30 23:45:26.128 Df testmanagerd[88342:c7494b] [com.apple.dt.xctest:Default] Leaving frame unchanged for Window, {{0.0, 0.0}, {402.0, 874.0}}: either already correct or we can't detect it.
2026-09-30 23:45:26.134 Df testmanagerd[88342:c7494b] [com.apple.dt.xctest:Default] Fetching AX parameterized attribute 91505, parameter (
        {
        Height = 874;
        Width = 402;
        X = 0;
        Y = 0;
    },
    1688868969,
    1
) for Device system-wide element
2026-09-30 23:45:26.134 Df testmanagerd[88342:c7494b] [com.apple.dt.xctest:Default] Decoded {
    Height = 874;
    Width = 402;
    X = 0;
    Y = 0;
} to rect
2026-09-30 23:45:26.134 Df testmanagerd[88342:c7494b] [com.apple.dt.xctest:Default] Got AXElement for Device system-wide element: <AXUIElementRef 0x104788a50> {pid=0} {uid=[ID:1 hash:0x0]}
2026-09-30 23:45:26.135 Df testmanagerd[88342:c7494b] [com.apple.dt.xctest:Default] Value for parameterized attribute 91505: <AXValue 0x10466f100> {value = x:0.000000 y:0.000000 w:402.000000 h:874.000000 type = kAXValueCGRectType}
2026-09-30 23:45:26.136 Df testmanagerd[88342:c7494b] [com.apple.dt.xctest:Default] Fetching AX parameterized attribute 91505, parameter (
        {
        Height = 874;
        Width = 402;
        X = 0;
        Y = 0;
    },
    1688868969,
    1
) for Device system-wide element
2026-09-30 23:45:26.136 Df testmanagerd[88342:c7494b] [com.apple.dt.xctest:Default] Decoded {
    Height = 874;
    Width = 402;
    X = 0;
    Y = 0;
} to rect
2026-09-30 23:45:26.136 Df testmanagerd[88342:c7494b] [com.apple.dt.xctest:Default] Got AXElement for Device system-wide element: <AXUIElementRef 0x10478b510> {pid=0} {uid=[ID:1 hash:0x0]}
2026-09-30 23:45:26.137 Df testmanagerd[88342:c7494b] [com.apple.dt.xctest:Default] Value for parameterized attribute 91505: <AXValue 0x10466e2c0> {value = x:0.000000 y:0.000000 w:402.000000 h:874.000000 type = kAXValueCGRectType}
2026-09-30 23:45:26.137 Df testmanagerd[88342:c7494b] [com.apple.dt.xctest:Default] Fetching AX parameterized attribute 91505, parameter (
        {
        Height = 874;
        Width = 402;
        X = 0;
        Y = 0;
    },
    1688868969,
    1
) for Device system-wide element
2026-09-30 23:45:26.137 Df testmanagerd[88342:c7494b] [com.apple.dt.xctest:Default] Decoded {
    Height = 874;
    Width = 402;
    X = 0;
    Y = 0;
} to rect
2026-09-30 23:45:26.137 Df testmanagerd[88342:c7494b] [com.apple.dt.xctest:Default] Got AXElement for Device system-wide element: <AXUIElementRef 0x10478b510> {pid=0} {uid=[ID:1 hash:0x0]}
2026-09-30 23:45:26.138 Df testmanagerd[88342:c7494b] [com.apple.dt.xctest:Default] Value for parameterized attribute 91505: <AXValue 0x10466d440> {value = x:0.000000 y:0.000000 w:402.000000 h:874.000000 type = kAXValueCGRectType}
2026-09-30 23:45:26.138 Df testmanagerd[88342:c7494b] [com.apple.dt.xctest:Default] Fetching AX parameterized attribute 91505, parameter (
        {
        Height = 874;
        Width = 402;
        X = 0;
        Y = 0;
    },
    1688868969,
    1
) for Device system-wide element
2026-09-30 23:45:26.138 Df testmanagerd[88342:c7494b] [com.apple.dt.xctest:Default] Decoded {
    Height = 874;
    Width = 402;
    X = 0;
    Y = 0;
} to rect
2026-09-30 23:45:26.138 Df testmanagerd[88342:c7494b] [com.apple.dt.xctest:Default] Got AXElement for Device system-wide element: <AXUIElementRef 0x10478b510> {pid=0} {uid=[ID:1 hash:0x0]}
2026-09-30 23:45:26.139 Df testmanagerd[88342:c7494b] [com.apple.dt.xctest:Default] Value for parameterized attribute 91505: <AXValue 0x10466f100> {value = x:0.000000 y:0.000000 w:402.000000 h:874.000000 type = kAXValueCGRectType}
2026-09-30 23:45:26.139 Df testmanagerd[88342:c7494b] [com.apple.dt.xctest:Default] Fetching AX parameterized attribute 91505, parameter (
        {
        Height = 874;
        Width = 402;
        X = 0;
        Y = 0;
    },
    1688868969,
    1
) for Device system-wide element
2026-09-30 23:45:26.139 Df testmanagerd[88342:c7494b] [com.apple.dt.xctest:Default] Decoded {
    Height = 874;
    Width = 402;
    X = 0;
    Y = 0;
} to rect
2026-09-30 23:45:26.139 Df testmanagerd[88342:c7494b] [com.apple.dt.xctest:Default] Got AXElement for Device system-wide element: <AXUIElementRef 0x10478b510> {pid=0} {uid=[ID:1 hash:0x0]}
2026-09-30 23:45:26.140 Df testmanagerd[88342:c7494b] [com.apple.dt.xctest:Default] Value for parameterized attribute 91505: <AXValue 0x10466e2c0> {value = x:0.000000 y:0.000000 w:402.000000 h:874.000000 type = kAXValueCGRectType}
2026-09-30 23:45:26.140 Df testmanagerd[88342:c7494b] [com.apple.dt.xctest:Default] Fetching AX parameterized attribute 91505, parameter (
        {
        Height = 874;
        Width = 402;
        X = 0;
        Y = 0;
    },
    1688868969,
    1
) for Device system-wide element
2026-09-30 23:45:26.140 Df testmanagerd[88342:c7494b] [com.apple.dt.xctest:Default] Decoded {
    Height = 874;
    Width = 402;
    X = 0;
    Y = 0;
} to rect
2026-09-30 23:45:26.140 Df testmanagerd[88342:c7494b] [com.apple.dt.xctest:Default] Got AXElement for Device system-wide element: <AXUIElementRef 0x10478b510> {pid=0} {uid=[ID:1 hash:0x0]}
2026-09-30 23:45:26.141 Df testmanagerd[88342:c7494b] [com.apple.dt.xctest:Default] Value for parameterized attribute 91505: <AXValue 0x10466d440> {value = x:0.000000 y:0.000000 w:402.000000 h:874.000000 type = kAXValueCGRectType}
2026-09-30 23:45:26.142 Df testmanagerd[88342:c7494b] [com.apple.dt.xctest:Default] Fetching AX parameterized attribute 91505, parameter (
        {
        Height = 49;
        Width = 402;
        X = 0;
        Y = 0;
    },
    1688868969,
    1
) for Device system-wide element
2026-09-30 23:45:26.142 Df testmanagerd[88342:c7494b] [com.apple.dt.xctest:Default] Decoded {
    Height = 49;
    Width = 402;
    X = 0;
    Y = 0;
} to rect
2026-09-30 23:45:26.142 Df testmanagerd[88342:c7494b] [com.apple.dt.xctest:Default] Got AXElement for Device system-wide element: <AXUIElementRef 0x10478b510> {pid=0} {uid=[ID:1 hash:0x0]}
2026-09-30 23:45:26.142 Df testmanagerd[88342:c7494b] [com.apple.dt.xctest:Default] Value for parameterized attribute 91505: <AXValue 0x10466f100> {value = x:0.000000 y:0.000000 w:402.000000 h:49.000000 type = kAXValueCGRectType}
2026-09-30 23:45:26.143 Df testmanagerd[88342:c7494b] [com.apple.dt.xctest:Default] Fetching AX parameterized attribute 91505, parameter (
        {
        Height = 49;
        Width = 402;
        X = 0;
        Y = 0;
    },
    1688868969,
    1
) for Device system-wide element
2026-09-30 23:45:26.143 Df testmanagerd[88342:c7494b] [com.apple.dt.xctest:Default] Decoded {
    Height = 49;
    Width = 402;
    X = 0;
    Y = 0;
} to rect
2026-09-30 23:45:26.143 Df testmanagerd[88342:c7494b] [com.apple.dt.xctest:Default] Got AXElement for Device system-wide element: <AXUIElementRef 0x10478b510> {pid=0} {uid=[ID:1 hash:0x0]}
2026-09-30 23:45:26.143 Df testmanagerd[88342:c7494b] [com.apple.dt.xctest:Default] Value for parameterized attribute 91505: <AXValue 0x10466e2c0> {value = x:0.000000 y:0.000000 w:402.000000 h:49.000000 type = kAXValueCGRectType}
2026-09-30 23:45:26.144 Df testmanagerd[88342:c7494b] [com.apple.dt.xctest:Default] Fetching AX parameterized attribute 91505, parameter (
        {
        Height = 49;
        Width = 402;
        X = 0;
        Y = 0;
    },
    1688868969,
    1
) for Device system-wide element
2026-09-30 23:45:26.144 Df testmanagerd[88342:c7494b] [com.apple.dt.xctest:Default] Decoded {
    Height = 49;
    Width = 402;
    X = 0;
    Y = 0;
} to rect
2026-09-30 23:45:26.144 Df testmanagerd[88342:c7494b] [com.apple.dt.xctest:Default] Got AXElement for Device system-wide element: <AXUIElementRef 0x10478b510> {pid=0} {uid=[ID:1 hash:0x0]}
2026-09-30 23:45:26.144 Df testmanagerd[88342:c7494b] [com.apple.dt.xctest:Default] Value for parameterized attribute 91505: <AXValue 0x10466d440> {value = x:0.000000 y:0.000000 w:402.000000 h:49.000000 type = kAXValueCGRectType}
2026-09-30 23:45:26.145 Df testmanagerd[88342:c7494b] [com.apple.dt.xctest:Default] Fetching AX parameterized attribute 91505, parameter (
        {
        Height = 62;
        Width = 402;
        X = 0;
        Y = 0;
    },
    1688868969,
    1
) for Device system-wide element
2026-09-30 23:45:26.145 Df testmanagerd[88342:c7494b] [com.apple.dt.xctest:Default] Decoded {
    Height = 62;
    Width = 402;
    X = 0;
    Y = 0;
} to rect
2026-09-30 23:45:26.145 Df testmanagerd[88342:c7494b] [com.apple.dt.xctest:Default] Got AXElement for Device system-wide element: <AXUIElementRef 0x10478b510> {pid=0} {uid=[ID:1 hash:0x0]}
2026-09-30 23:45:26.145 Df testmanagerd[88342:c7494b] [com.apple.dt.xctest:Default] Value for parameterized attribute 91505: <AXValue 0x10466f100> {value = x:0.000000 y:0.000000 w:402.000000 h:62.000000 type = kAXValueCGRectType}
2026-09-30 23:45:26.146 Df testmanagerd[88342:c7494b] [com.apple.dt.xctest:Default] Fetching AX parameterized attribute 91505, parameter (
        {
        Height = 874;
        Width = 402;
        X = 0;
        Y = 0;
    },
    1688868969,
    1
) for Device system-wide element
2026-09-30 23:45:26.146 Df testmanagerd[88342:c7494b] [com.apple.dt.xctest:Default] Decoded {
    Height = 874;
    Width = 402;
    X = 0;
    Y = 0;
} to rect
2026-09-30 23:45:26.146 Df testmanagerd[88342:c7494b] [com.apple.dt.xctest:Default] Got AXElement for Device system-wide element: <AXUIElementRef 0x10478b510> {pid=0} {uid=[ID:1 hash:0x0]}
2026-09-30 23:45:26.146 Df testmanagerd[88342:c7494b] [com.apple.dt.xctest:Default] Value for parameterized attribute 91505: <AXValue 0x10466e2c0> {value = x:0.000000 y:0.000000 w:402.000000 h:874.000000 type = kAXValueCGRectType}
2026-09-30 23:45:26.147 Df testmanagerd[88342:c7494b] [com.apple.dt.xctest:Default] Fetching AX parameterized attribute 91505, parameter (
        {
        Height = 874;
        Width = 402;
        X = 0;
        Y = 0;
    },
    1688868969,
    1
) for Device system-wide element
2026-09-30 23:45:26.147 Df testmanagerd[88342:c7494b] [com.apple.dt.xctest:Default] Decoded {
    Height = 874;
    Width = 402;
    X = 0;
    Y = 0;
} to rect
2026-09-30 23:45:26.147 Df testmanagerd[88342:c7494b] [com.apple.dt.xctest:Default] Got AXElement for Device system-wide element: <AXUIElementRef 0x10478b510> {pid=0} {uid=[ID:1 hash:0x0]}
2026-09-30 23:45:26.147 Df testmanagerd[88342:c7494b] [com.apple.dt.xctest:Default] Value for parameterized attribute 91505: <AXValue 0x10466d440> {value = x:0.000000 y:0.000000 w:402.000000 h:874.000000 type = kAXValueCGRectType}
2026-09-30 23:45:26.148 Df testmanagerd[88342:c7494b] [com.apple.dt.xctest:Default] Fetching AX parameterized attribute 91505, parameter (
        {
        Height = 102;
        Width = 402;
        X = 0;
        Y = 0;
    },
    1688868969,
    1
) for Device system-wide element
2026-09-30 23:45:26.148 Df testmanagerd[88342:c7494b] [com.apple.dt.xctest:Default] Decoded {
    Height = 102;
    Width = 402;
    X = 0;
    Y = 0;
} to rect
2026-09-30 23:45:26.148 Df testmanagerd[88342:c7494b] [com.apple.dt.xctest:Default] Got AXElement for Device system-wide element: <AXUIElementRef 0x10478b510> {pid=0} {uid=[ID:1 hash:0x0]}
2026-09-30 23:45:26.148 Df testmanagerd[88342:c7494b] [com.apple.dt.xctest:Default] Value for parameterized attribute 91505: <AXValue 0x10466f100> {value = x:0.000000 y:0.000000 w:402.000000 h:102.000000 type = kAXValueCGRectType}
2026-09-30 23:45:26.148 Df testmanagerd[88342:c7494b] [com.apple.dt.xctest:Default] Fetching AX parameterized attribute 91505, parameter (
        {
        Height = 874;
        Width = 402;
        X = 0;
        Y = 0;
    },
    1688868969,
    1
) for Device system-wide element
2026-09-30 23:45:26.148 Df testmanagerd[88342:c7494b] [com.apple.dt.xctest:Default] Decoded {
    Height = 874;
    Width = 402;
    X = 0;
    Y = 0;
} to rect
2026-09-30 23:45:26.148 Df testmanagerd[88342:c7494b] [com.apple.dt.xctest:Default] Got AXElement for Device system-wide element: <AXUIElementRef 0x10478b510> {pid=0} {uid=[ID:1 hash:0x0]}
2026-09-30 23:45:26.149 Df testmanagerd[88342:c7494b] [com.apple.dt.xctest:Default] Value for parameterized attribute 91505: <AXValue 0x10466e2c0> {value = x:0.000000 y:0.000000 w:402.000000 h:874.000000 type = kAXValueCGRectType}
2026-09-30 23:45:26.149 Df testmanagerd[88342:c7494b] [com.apple.dt.xctest:Default] Fetching AX parameterized attribute 91505, parameter (
        {
        Height = 874;
        Width = 402;
        X = 0;
        Y = 0;
    },
    1688868969,
    1
) for Device system-wide element
2026-09-30 23:45:26.149 Df testmanagerd[88342:c7494b] [com.apple.dt.xctest:Default] Decoded {
    Height = 874;
    Width = 402;
    X = 0;
    Y = 0;
} to rect
2026-09-30 23:45:26.149 Df testmanagerd[88342:c7494b] [com.apple.dt.xctest:Default] Got AXElement for Device system-wide element: <AXUIElementRef 0x10478b510> {pid=0} {uid=[ID:1 hash:0x0]}
2026-09-30 23:45:26.149 Df testmanagerd[88342:c7494b] [com.apple.dt.xctest:Default] Value for parameterized attribute 91505: <AXValue 0x10466d440> {value = x:0.000000 y:0.000000 w:402.000000 h:874.000000 type = kAXValueCGRectType}
2026-09-30 23:45:26.150 Df testmanagerd[88342:c7494b] [com.apple.dt.xctest:Default] Fetching AX parameterized attribute 91505, parameter (
        {
        Height = 874;
        Width = 402;
        X = 0;
        Y = 0;
    },
    1688868969,
    1
) for Device system-wide element
2026-09-30 23:45:26.150 Df testmanagerd[88342:c7494b] [com.apple.dt.xctest:Default] Decoded {
    Height = 874;
    Width = 402;
    X = 0;
    Y = 0;
} to rect
2026-09-30 23:45:26.150 Df testmanagerd[88342:c7494b] [com.apple.dt.xctest:Default] Got AXElement for Device system-wide element: <AXUIElementRef 0x10478b510> {pid=0} {uid=[ID:1 hash:0x0]}
2026-09-30 23:45:26.150 Df testmanagerd[88342:c7494b] [com.apple.dt.xctest:Default] Value for parameterized attribute 91505: <AXValue 0x10466f100> {value = x:0.000000 y:0.000000 w:402.000000 h:874.000000 type = kAXValueCGRectType}
2026-09-30 23:45:26.151 Df testmanagerd[88342:c7494b] [com.apple.dt.xctest:Default] Fetching AX parameterized attribute 91505, parameter (
        {
        Height = 874;
        Width = 402;
        X = 0;
        Y = 0;
    },
    1688868969,
    1
) for Device system-wide element
2026-09-30 23:45:26.151 Df testmanagerd[88342:c7494b] [com.apple.dt.xctest:Default] Decoded {
    Height = 874;
    Width = 402;
    X = 0;
    Y = 0;
} to rect
2026-09-30 23:45:26.151 Df testmanagerd[88342:c7494b] [com.apple.dt.xctest:Default] Got AXElement for Device system-wide element: <AXUIElementRef 0x10478b510> {pid=0} {uid=[ID:1 hash:0x0]}
2026-09-30 23:45:26.151 Df testmanagerd[88342:c7494b] [com.apple.dt.xctest:Default] Value for parameterized attribute 91505: <AXValue 0x10466e2c0> {value = x:0.000000 y:0.000000 w:402.000000 h:874.000000 type = kAXValueCGRectType}
2026-09-30 23:45:26.152 Df testmanagerd[88342:c7494b] [com.apple.dt.xctest:Default] Fetching AX parameterized attribute 91505, parameter (
        {
        Height = 874;
        Width = 402;
        X = 0;
        Y = 0;
    },
    1688868969,
    1
) for Device system-wide element
2026-09-30 23:45:26.152 Df testmanagerd[88342:c7494b] [com.apple.dt.xctest:Default] Decoded {
    Height = 874;
    Width = 402;
    X = 0;
    Y = 0;
} to rect
2026-09-30 23:45:26.152 Df testmanagerd[88342:c7494b] [com.apple.dt.xctest:Default] Got AXElement for Device system-wide element: <AXUIElementRef 0x10478b510> {pid=0} {uid=[ID:1 hash:0x0]}
2026-09-30 23:45:26.152 Df testmanagerd[88342:c7494b] [com.apple.dt.xctest:Default] Value for parameterized attribute 91505: <AXValue 0x10466d440> {value = x:0.000000 y:0.000000 w:402.000000 h:874.000000 type = kAXValueCGRectType}
2026-09-30 23:45:26.153 Df testmanagerd[88342:c7494b] [com.apple.dt.xctest:Default] Fetching AX parameterized attribute 91505, parameter (
        {
        Height = 89;
        Width = 402;
        X = 0;
        Y = 0;
    },
    1688868969,
    1
) for Device system-wide element
2026-09-30 23:45:26.153 Df testmanagerd[88342:c7494b] [com.apple.dt.xctest:Default] Decoded {
    Height = 89;
    Width = 402;
    X = 0;
    Y = 0;
} to rect
2026-09-30 23:45:26.153 Df testmanagerd[88342:c7494b] [com.apple.dt.xctest:Default] Got AXElement for Device system-wide element: <AXUIElementRef 0x10478b510> {pid=0} {uid=[ID:1 hash:0x0]}
2026-09-30 23:45:26.153 Df testmanagerd[88342:c7494b] [com.apple.dt.xctest:Default] Value for parameterized attribute 91505: <AXValue 0x10466f100> {value = x:0.000000 y:0.000000 w:402.000000 h:89.000000 type = kAXValueCGRectType}
2026-09-30 23:45:26.154 Df testmanagerd[88342:c7494b] [com.apple.dt.xctest:Default] Fetching AX parameterized attribute 91505, parameter (
        {
        Height = 138;
        Width = 402;
        X = 0;
        Y = 736;
    },
    1688868969,
    1
) for Device system-wide element
2026-09-30 23:45:26.154 Df testmanagerd[88342:c7494b] [com.apple.dt.xctest:Default] Decoded {
    Height = 138;
    Width = 402;
    X = 0;
    Y = 736;
} to rect
2026-09-30 23:45:26.154 Df testmanagerd[88342:c7494b] [com.apple.dt.xctest:Default] Got AXElement for Device system-wide element: <AXUIElementRef 0x10478b510> {pid=0} {uid=[ID:1 hash:0x0]}
2026-09-30 23:45:26.154 Df testmanagerd[88342:c7494b] [com.apple.dt.xctest:Default] Value for parameterized attribute 91505: <AXValue 0x10466e2c0> {value = x:0.000000 y:736.000000 w:402.000000 h:138.000000 type = kAXValueCGRectType}
2026-09-30 23:45:26.155 Df testmanagerd[88342:c7494b] [com.apple.dt.xctest:Default] Fetching AX parameterized attribute 91505, parameter (
        {
        Height = 874;
        Width = 402;
        X = 0;
        Y = 0;
    },
    1688868969,
    1
) for Device system-wide element
2026-09-30 23:45:26.155 Df testmanagerd[88342:c7494b] [com.apple.dt.xctest:Default] Decoded {
    Height = 874;
    Width = 402;
    X = 0;
    Y = 0;
} to rect
2026-09-30 23:45:26.155 Df testmanagerd[88342:c7494b] [com.apple.dt.xctest:Default] Got AXElement for Device system-wide element: <AXUIElementRef 0x10478b510> {pid=0} {uid=[ID:1 hash:0x0]}
2026-09-30 23:45:26.155 Df testmanagerd[88342:c7494b] [com.apple.dt.xctest:Default] Value for parameterized attribute 91505: <AXValue 0x10466d440> {value = x:0.000000 y:0.000000 w:402.000000 h:874.000000 type = kAXValueCGRectType}
2026-09-30 23:45:26.156 Df testmanagerd[88342:c7494b] [com.apple.dt.xctest:Default] Fetching AX attributes XC_kAXXCAttributeWindowContextId for AX element pid: 42063, elementOrHash.elementID: 1389136836789547452.9999
2026-09-30 23:45:26.156 Df testmanagerd[88342:c7494b] [com.apple.dt.xctest:Default] Got attributes, transferring to dictionary for return.
2026-09-30 23:45:26.156 Df testmanagerd[88342:c7494b] [com.apple.dt.xctest:Default] Fetching AX attributes XC_kAXXCAttributeWindowDisplayId for AX element pid: 42063, elementOrHash.elementID: 1389136836789547452.9999
2026-09-30 23:45:26.156 Df testmanagerd[88342:c7494b] [com.apple.dt.xctest:Default] Got attributes, transferring to dictionary for return.
2026-09-30 23:45:26.157 Df testmanagerd[88342:c7494b] [com.apple.dt.xctest:Default] Fetching AX parameterized attribute 91505, parameter (
        {
        Height = 874;
        Width = 402;
        X = 0;
        Y = 0;
    },
    1688868969,
    1
) for Device system-wide element
2026-09-30 23:45:26.157 Df testmanagerd[88342:c7494b] [com.apple.dt.xctest:Default] Decoded {
    Height = 874;
    Width = 402;
    X = 0;
    Y = 0;
} to rect
2026-09-30 23:45:26.157 Df testmanagerd[88342:c7494b] [com.apple.dt.xctest:Default] Got AXElement for Device system-wide element: <AXUIElementRef 0x10478b510> {pid=0} {uid=[ID:1 hash:0x0]}
2026-09-30 23:45:26.157 Df testmanagerd[88342:c7494b] [com.apple.dt.xctest:Default] Value for parameterized attribute 91505: <AXValue 0x10466f100> {value = x:0.000000 y:0.000000 w:402.000000 h:874.000000 type = kAXValueCGRectType}
2026-09-30 23:45:26.158 Df testmanagerd[88342:c7494b] [com.apple.dt.xctest:Default] Fetching AX attributes XC_kAXXCAttributeWindowContextId for AX element pid: 42128, elementOrHash.elementID: 5243490848.3
2026-09-30 23:45:26.158 Df testmanagerd[88342:c7494b] [com.apple.dt.xctest:Default] Got attributes, transferring to dictionary for return.
2026-09-30 23:45:26.158 Df testmanagerd[88342:c7494b] [com.apple.dt.xctest:Default] Fetching AX attributes XC_kAXXCAttributeWindowContextId for AX element pid: 42063, elementOrHash.elementID: 1389136836789547452.9999
2026-09-30 23:45:26.158 Df testmanagerd[88342:c7494b] [com.apple.dt.xctest:Default] Got attributes, transferring to dictionary for return.
2026-09-30 23:45:26.158 Df testmanagerd[88342:c7494b] [com.apple.dt.xctest:Default] Fetching AX attributes XC_kAXXCAttributeWindowDisplayId for AX element pid: 42128, elementOrHash.elementID: 5243490848.3
2026-09-30 23:45:26.159 Df testmanagerd[88342:c7494b] [com.apple.dt.xctest:Default] Got attributes, transferring to dictionary for return.
2026-09-30 23:45:26.159 Df testmanagerd[88342:c7494b] [com.apple.dt.xctest:Default] Fetching AX attributes XC_kAXXCAttributeWindowDisplayId for AX element pid: 42063, elementOrHash.elementID: 1389136836789547452.9999
2026-09-30 23:45:26.159 Df testmanagerd[88342:c7494b] [com.apple.dt.xctest:Default] Got attributes, transferring to dictionary for return.
2026-09-30 23:45:26.159 Df testmanagerd[88342:c7494b] [com.apple.dt.xctest:Default] Fetching AX parameterized attribute 91505, parameter (
        {
        Height = 874;
        Width = 402;
        X = 0;
        Y = 0;
    },
    1688868969,
    1
) for Device system-wide element
2026-09-30 23:45:26.159 Df testmanagerd[88342:c7494b] [com.apple.dt.xctest:Default] Decoded {
    Height = 874;
    Width = 402;
    X = 0;
    Y = 0;
} to rect
2026-09-30 23:45:26.159 Df testmanagerd[88342:c7494b] [com.apple.dt.xctest:Default] Got AXElement for Device system-wide element: <AXUIElementRef 0x10478b510> {pid=0} {uid=[ID:1 hash:0x0]}
2026-09-30 23:45:26.160 Df testmanagerd[88342:c7494b] [com.apple.dt.xctest:Default] Value for parameterized attribute 91505: <AXValue 0x10466e2c0> {value = x:0.000000 y:0.000000 w:402.000000 h:874.000000 type = kAXValueCGRectType}
2026-09-30 23:45:26.160 Df testmanagerd[88342:c7494b] [com.apple.dt.xctest:Default] Fetching AX attributes XC_kAXXCAttributeWindowContextId for AX element pid: 42128, elementOrHash.elementID: 5249214016.4
2026-09-30 23:45:26.161 Df testmanagerd[88342:c7494b] [com.apple.dt.xctest:Default] Got attributes, transferring to dictionary for return.
2026-09-30 23:45:26.161 Df testmanagerd[88342:c7494b] [com.apple.dt.xctest:Default] Fetching AX attributes XC_kAXXCAttributeWindowContextId for AX element pid: 42128, elementOrHash.elementID: 5243490848.3
2026-09-30 23:45:26.161 Df testmanagerd[88342:c7494b] [com.apple.dt.xctest:Default] Got attributes, transferring to dictionary for return.
2026-09-30 23:45:26.161 Df testmanagerd[88342:c7494b] [com.apple.dt.xctest:Default] Fetching AX attributes XC_kAXXCAttributeWindowContextId for AX element pid: 42063, elementOrHash.elementID: 1389136836789547452.9999
2026-09-30 23:45:26.161 Df testmanagerd[88342:c7494b] [com.apple.dt.xctest:Default] Got attributes, transferring to dictionary for return.
2026-09-30 23:45:26.162 Df testmanagerd[88342:c7494b] [com.apple.dt.xctest:Default] Fetching AX attributes XC_kAXXCAttributeWindowDisplayId for AX element pid: 42128, elementOrHash.elementID: 5249214016.4
2026-09-30 23:45:26.162 Df testmanagerd[88342:c7494b] [com.apple.dt.xctest:Default] Got attributes, transferring to dictionary for return.
2026-09-30 23:45:26.162 Df testmanagerd[88342:c7494b] [com.apple.dt.xctest:Default] Fetching AX attributes XC_kAXXCAttributeWindowDisplayId for AX element pid: 42128, elementOrHash.elementID: 5243490848.3
2026-09-30 23:45:26.162 Df testmanagerd[88342:c7494b] [com.apple.dt.xctest:Default] Got attributes, transferring to dictionary for return.
2026-09-30 23:45:26.162 Df testmanagerd[88342:c7494b] [com.apple.dt.xctest:Default] Fetching AX attributes XC_kAXXCAttributeWindowDisplayId for AX element pid: 42063, elementOrHash.elementID: 1389136836789547452.9999
2026-09-30 23:45:26.162 Df testmanagerd[88342:c7494b] [com.apple.dt.xctest:Default] Got attributes, transferring to dictionary for return.
2026-09-30 23:45:26.163 Df testmanagerd[88342:c7494b] [com.apple.dt.xctest:Default] Fetching AX parameterized attribute 91505, parameter (
        {
        Height = 874;
        Width = 402;
        X = 0;
        Y = 62;
    },
    1688868969,
    1
) for Device system-wide element
2026-09-30 23:45:26.163 Df testmanagerd[88342:c7494b] [com.apple.dt.xctest:Default] Decoded {
    Height = 874;
    Width = 402;
    X = 0;
    Y = 62;
} to rect
2026-09-30 23:45:26.163 Df testmanagerd[88342:c7494b] [com.apple.dt.xctest:Default] Got AXElement for Device system-wide element: <AXUIElementRef 0x10478b510> {pid=0} {uid=[ID:1 hash:0x0]}
2026-09-30 23:45:26.163 Df testmanagerd[88342:c7494b] [com.apple.dt.xctest:Default] Value for parameterized attribute 91505: <AXValue 0x10466d440> {value = x:0.000000 y:62.000000 w:402.000000 h:874.000000 type = kAXValueCGRectType}
2026-09-30 23:45:26.163 Df testmanagerd[88342:c7494b] [com.apple.dt.xctest:Default] Fetching AX attributes XC_kAXXCAttributeWindowContextId for AX element pid: 42128, elementOrHash.elementID: 5249210720.5
2026-09-30 23:45:26.164 Df testmanagerd[88342:c7494b] [com.apple.dt.xctest:Default] Got attributes, transferring to dictionary for return.
2026-09-30 23:45:26.164 Df testmanagerd[88342:c7494b] [com.apple.dt.xctest:Default] Fetching AX attributes XC_kAXXCAttributeWindowContextId for AX element pid: 42128, elementOrHash.elementID: 5249214016.4
2026-09-30 23:45:26.164 Df testmanagerd[88342:c7494b] [com.apple.dt.xctest:Default] Got attributes, transferring to dictionary for return.
2026-09-30 23:45:26.164 Df testmanagerd[88342:c7494b] [com.apple.dt.xctest:Default] Fetching AX attributes XC_kAXXCAttributeWindowContextId for AX element pid: 42128, elementOrHash.elementID: 5243490848.3
2026-09-30 23:45:26.164 Df testmanagerd[88342:c7494b] [com.apple.dt.xctest:Default] Got attributes, transferring to dictionary for return.
2026-09-30 23:45:26.164 Df testmanagerd[88342:c7494b] [com.apple.dt.xctest:Default] Fetching AX attributes XC_kAXXCAttributeWindowContextId for AX element pid: 42063, elementOrHash.elementID: 1389136836789547452.9999
2026-09-30 23:45:26.165 Df testmanagerd[88342:c7494b] [com.apple.dt.xctest:Default] Got attributes, transferring to dictionary for return.
2026-09-30 23:45:26.165 Df testmanagerd[88342:c7494b] [com.apple.dt.xctest:Default] Fetching AX attributes XC_kAXXCAttributeWindowDisplayId for AX element pid: 42128, elementOrHash.elementID: 5249210720.5
2026-09-30 23:45:26.165 Df testmanagerd[88342:c7494b] [com.apple.dt.xctest:Default] Got attributes, transferring to dictionary for return.
2026-09-30 23:45:26.165 Df testmanagerd[88342:c7494b] [com.apple.dt.xctest:Default] Fetching AX attributes XC_kAXXCAttributeWindowDisplayId for AX element pid: 42128, elementOrHash.elementID: 5249214016.4
2026-09-30 23:45:26.165 Df testmanagerd[88342:c7494b] [com.apple.dt.xctest:Default] Got attributes, transferring to dictionary for return.
2026-09-30 23:45:26.166 Df testmanagerd[88342:c7494b] [com.apple.dt.xctest:Default] Fetching AX attributes XC_kAXXCAttributeWindowDisplayId for AX element pid: 42128, elementOrHash.elementID: 5243490848.3
2026-09-30 23:45:26.166 Df testmanagerd[88342:c7494b] [com.apple.dt.xctest:Default] Got attributes, transferring to dictionary for return.
2026-09-30 23:45:26.166 Df testmanagerd[88342:c7494b] [com.apple.dt.xctest:Default] Fetching AX attributes XC_kAXXCAttributeWindowDisplayId for AX element pid: 42063, elementOrHash.elementID: 1389136836789547452.9999
2026-09-30 23:45:26.166 Df testmanagerd[88342:c7494b] [com.apple.dt.xctest:Default] Got attributes, transferring to dictionary for return.
2026-09-30 23:45:26.166 Df testmanagerd[88342:c7494b] [com.apple.dt.xctest:Default] Fetching AX parameterized attribute 91505, parameter (
        {
        Height = 714;
        Width = 402;
        X = 0;
        Y = 62;
    },
    1688868969,
    1
) for Device system-wide element
2026-09-30 23:45:26.166 Df testmanagerd[88342:c7494b] [com.apple.dt.xctest:Default] Decoded {
    Height = 714;
    Width = 402;
    X = 0;
    Y = 62;
} to rect
2026-09-30 23:45:26.166 Df testmanagerd[88342:c7494b] [com.apple.dt.xctest:Default] Got AXElement for Device system-wide element: <AXUIElementRef 0x10478b510> {pid=0} {uid=[ID:1 hash:0x0]}
2026-09-30 23:45:26.166 Df testmanagerd[88342:c7494b] [com.apple.dt.xctest:Default] Value for parameterized attribute 91505: <AXValue 0x10466f100> {value = x:0.000000 y:62.000000 w:402.000000 h:714.000000 type = kAXValueCGRectType}
2026-09-30 23:45:26.167 Df testmanagerd[88342:c7494b] [com.apple.dt.xctest:Default] Fetching AX attributes XC_kAXXCAttributeWindowContextId for AX element pid: 42128, elementOrHash.elementID: 5249211296.6
2026-09-30 23:45:26.167 Df testmanagerd[88342:c7494b] [com.apple.dt.xctest:Default] Got attributes, transferring to dictionary for return.
2026-09-30 23:45:26.168 Df testmanagerd[88342:c7494b] [com.apple.dt.xctest:Default] Fetching AX attributes XC_kAXXCAttributeWindowContextId for AX element pid: 42128, elementOrHash.elementID: 5249210720.5
2026-09-30 23:45:26.168 Df testmanagerd[88342:c7494b] [com.apple.dt.xctest:Default] Got attributes, transferring to dictionary for return.
2026-09-30 23:45:26.168 Df testmanagerd[88342:c7494b] [com.apple.dt.xctest:Default] Fetching AX attributes XC_kAXXCAttributeWindowContextId for AX element pid: 42128, elementOrHash.elementID: 5249214016.4
2026-09-30 23:45:26.168 Df testmanagerd[88342:c7494b] [com.apple.dt.xctest:Default] Got attributes, transferring to dictionary for return.
2026-09-30 23:45:26.168 Df testmanagerd[88342:c7494b] [com.apple.dt.xctest:Default] Fetching AX attributes XC_kAXXCAttributeWindowContextId for AX element pid: 42128, elementOrHash.elementID: 5243490848.3
2026-09-30 23:45:26.168 Df testmanagerd[88342:c7494b] [com.apple.dt.xctest:Default] Got attributes, transferring to dictionary for return.
2026-09-30 23:45:26.169 Df testmanagerd[88342:c7494b] [com.apple.dt.xctest:Default] Fetching AX attributes XC_kAXXCAttributeWindowContextId for AX element pid: 42063, elementOrHash.elementID: 1389136836789547452.9999
2026-09-30 23:45:26.169 Df testmanagerd[88342:c7494b] [com.apple.dt.xctest:Default] Got attributes, transferring to dictionary for return.
2026-09-30 23:45:26.169 Df testmanagerd[88342:c7494b] [com.apple.dt.xctest:Default] Fetching AX attributes XC_kAXXCAttributeWindowDisplayId for AX element pid: 42128, elementOrHash.elementID: 5249211296.6
2026-09-30 23:45:26.169 Df testmanagerd[88342:c7494b] [com.apple.dt.xctest:Default] Got attributes, transferring to dictionary for return.
2026-09-30 23:45:26.169 Df testmanagerd[88342:c7494b] [com.apple.dt.xctest:Default] Fetching AX attributes XC_kAXXCAttributeWindowDisplayId for AX element pid: 42128, elementOrHash.elementID: 5249210720.5
2026-09-30 23:45:26.169 Df testmanagerd[88342:c7494b] [com.apple.dt.xctest:Default] Got attributes, transferring to dictionary for return.
2026-09-30 23:45:26.170 Df testmanagerd[88342:c7494b] [com.apple.dt.xctest:Default] Fetching AX attributes XC_kAXXCAttributeWindowDisplayId for AX element pid: 42128, elementOrHash.elementID: 5249214016.4
2026-09-30 23:45:26.170 Df testmanagerd[88342:c7494b] [com.apple.dt.xctest:Default] Got attributes, transferring to dictionary for return.
2026-09-30 23:45:26.170 Df testmanagerd[88342:c7494b] [com.apple.dt.xctest:Default] Fetching AX attributes XC_kAXXCAttributeWindowDisplayId for AX element pid: 42128, elementOrHash.elementID: 5243490848.3
2026-09-30 23:45:26.170 Df testmanagerd[88342:c7494b] [com.apple.dt.xctest:Default] Got attributes, transferring to dictionary for return.
2026-09-30 23:45:26.170 Df testmanagerd[88342:c7494b] [com.apple.dt.xctest:Default] Fetching AX attributes XC_kAXXCAttributeWindowDisplayId for AX element pid: 42063, elementOrHash.elementID: 1389136836789547452.9999
2026-09-30 23:45:26.170 Df testmanagerd[88342:c7494b] [com.apple.dt.xctest:Default] Got attributes, transferring to dictionary for return.
2026-09-30 23:45:26.171 Df testmanagerd[88342:c7494b] [com.apple.dt.xctest:Default] Fetching AX parameterized attribute 91505, parameter (
        {
        Height = 64;
        Width = 370;
        X = 16;
        Y = 78;
    },
    1688868969,
    1
) for Device system-wide element
2026-09-30 23:45:26.171 Df testmanagerd[88342:c7494b] [com.apple.dt.xctest:Default] Decoded {
    Height = 64;
    Width = 370;
    X = 16;
    Y = 78;
} to rect
2026-09-30 23:45:26.171 Df testmanagerd[88342:c7494b] [com.apple.dt.xctest:Default] Got AXElement for Device system-wide element: <AXUIElementRef 0x10478b510> {pid=0} {uid=[ID:1 hash:0x0]}
2026-09-30 23:45:26.171 Df testmanagerd[88342:c7494b] [com.apple.dt.xctest:Default] Value for parameterized attribute 91505: <AXValue 0x10466e2c0> {value = x:16.000000 y:78.000000 w:370.000000 h:64.000000 type = kAXValueCGRectType}
2026-09-30 23:45:26.172 Df testmanagerd[88342:c7494b] [com.apple.dt.xctest:Default] Fetching AX attributes XC_kAXXCAttributeWindowContextId for AX element pid: 42128, elementOrHash.elementID: 5249214240.9
2026-09-30 23:45:26.172 Df testmanagerd[88342:c7494b] [com.apple.dt.xctest:Default] Got attributes, transferring to dictionary for return.
2026-09-30 23:45:26.172 Df testmanagerd[88342:c7494b] [com.apple.dt.xctest:Default] Fetching AX attributes XC_kAXXCAttributeWindowContextId for AX element pid: 42128, elementOrHash.elementID: 5249211296.6
2026-09-30 23:45:26.172 Df testmanagerd[88342:c7494b] [com.apple.dt.xctest:Default] Got attributes, transferring to dictionary for return.
2026-09-30 23:45:26.172 Df testmanagerd[88342:c7494b] [com.apple.dt.xctest:Default] Fetching AX attributes XC_kAXXCAttributeWindowContextId for AX element pid: 42128, elementOrHash.elementID: 5249210720.5
2026-09-30 23:45:26.172 Df testmanagerd[88342:c7494b] [com.apple.dt.xctest:Default] Got attributes, transferring to dictionary for return.
2026-09-30 23:45:26.173 Df testmanagerd[88342:c7494b] [com.apple.dt.xctest:Default] Fetching AX attributes XC_kAXXCAttributeWindowContextId for AX element pid: 42128, elementOrHash.elementID: 5249214016.4
2026-09-30 23:45:26.173 Df testmanagerd[88342:c7494b] [com.apple.dt.xctest:Default] Got attributes, transferring to dictionary for return.
2026-09-30 23:45:26.173 Df testmanagerd[88342:c7494b] [com.apple.dt.xctest:Default] Fetching AX attributes XC_kAXXCAttributeWindowContextId for AX element pid: 42128, elementOrHash.elementID: 5243490848.3
2026-09-30 23:45:26.173 Df testmanagerd[88342:c7494b] [com.apple.dt.xctest:Default] Got attributes, transferring to dictionary for return.
2026-09-30 23:45:26.173 Df testmanagerd[88342:c7494b] [com.apple.dt.xctest:Default] Fetching AX attributes XC_kAXXCAttributeWindowContextId for AX element pid: 42063, elementOrHash.elementID: 1389136836789547452.9999
2026-09-30 23:45:26.173 Df testmanagerd[88342:c7494b] [com.apple.dt.xctest:Default] Got attributes, transferring to dictionary for return.
2026-09-30 23:45:26.174 Df testmanagerd[88342:c7494b] [com.apple.dt.xctest:Default] Fetching AX attributes XC_kAXXCAttributeWindowDisplayId for AX element pid: 42128, elementOrHash.elementID: 5249214240.9
2026-09-30 23:45:26.174 Df testmanagerd[88342:c7494b] [com.apple.dt.xctest:Default] Got attributes, transferring to dictionary for return.
2026-09-30 23:45:26.174 Df testmanagerd[88342:c7494b] [com.apple.dt.xctest:Default] Fetching AX attributes XC_kAXXCAttributeWindowDisplayId for AX element pid: 42128, elementOrHash.elementID: 5249211296.6
2026-09-30 23:45:26.174 Df testmanagerd[88342:c7494b] [com.apple.dt.xctest:Default] Got attributes, transferring to dictionary for return.
2026-09-30 23:45:26.174 Df testmanagerd[88342:c7494b] [com.apple.dt.xctest:Default] Fetching AX attributes XC_kAXXCAttributeWindowDisplayId for AX element pid: 42128, elementOrHash.elementID: 5249210720.5
2026-09-30 23:45:26.174 Df testmanagerd[88342:c7494b] [com.apple.dt.xctest:Default] Got attributes, transferring to dictionary for return.
2026-09-30 23:45:26.175 Df testmanagerd[88342:c7494b] [com.apple.dt.xctest:Default] Fetching AX attributes XC_kAXXCAttributeWindowDisplayId for AX element pid: 42128, elementOrHash.elementID: 5249214016.4
2026-09-30 23:45:26.175 Df testmanagerd[88342:c7494b] [com.apple.dt.xctest:Default] Got attributes, transferring to dictionary for return.
2026-09-30 23:45:26.175 Df testmanagerd[88342:c7494b] [com.apple.dt.xctest:Default] Fetching AX attributes XC_kAXXCAttributeWindowDisplayId for AX element pid: 42128, elementOrHash.elementID: 5243490848.3
2026-09-30 23:45:26.175 Df testmanagerd[88342:c7494b] [com.apple.dt.xctest:Default] Got attributes, transferring to dictionary for return.
2026-09-30 23:45:26.176 Df testmanagerd[88342:c7494b] [com.apple.dt.xctest:Default] Fetching AX attributes XC_kAXXCAttributeWindowDisplayId for AX element pid: 42063, elementOrHash.elementID: 1389136836789547452.9999
2026-09-30 23:45:26.176 Df testmanagerd[88342:c7494b] [com.apple.dt.xctest:Default] Got attributes, transferring to dictionary for return.
2026-09-30 23:45:26.176 Df testmanagerd[88342:c7494b] [com.apple.dt.xctest:Default] Fetching AX parameterized attribute 91505, parameter (
        {
        Height = 64;
        Width = 370;
        X = 16;
        Y = 78;
    },
    1688868969,
    1
) for Device system-wide element
2026-09-30 23:45:26.176 Df testmanagerd[88342:c7494b] [com.apple.dt.xctest:Default] Decoded {
    Height = 64;
    Width = 370;
    X = 16;
    Y = 78;
} to rect
2026-09-30 23:45:26.176 Df testmanagerd[88342:c7494b] [com.apple.dt.xctest:Default] Got AXElement for Device system-wide element: <AXUIElementRef 0x10478b510> {pid=0} {uid=[ID:1 hash:0x0]}
2026-09-30 23:45:26.176 Df testmanagerd[88342:c7494b] [com.apple.dt.xctest:Default] Value for parameterized attribute 91505: <AXValue 0x10466d440> {value = x:16.000000 y:78.000000 w:370.000000 h:64.000000 type = kAXValueCGRectType}
2026-09-30 23:45:26.177 Df testmanagerd[88342:c7494b] [com.apple.dt.xctest:Default] Fetching AX attributes XC_kAXXCAttributeWindowContextId for AX element pid: 42128, elementOrHash.elementID: 5249215456.12
2026-09-30 23:45:26.177 Df testmanagerd[88342:c7494b] [com.apple.dt.xctest:Default] Got attributes, transferring to dictionary for return.
2026-09-30 23:45:26.177 Df testmanagerd[88342:c7494b] [com.apple.dt.xctest:Default] Fetching AX attributes XC_kAXXCAttributeWindowContextId for AX element pid: 42128, elementOrHash.elementID: 5249214240.9
2026-09-30 23:45:26.177 Df testmanagerd[88342:c7494b] [com.apple.dt.xctest:Default] Got attributes, transferring to dictionary for return.
2026-09-30 23:45:26.177 Df testmanagerd[88342:c7494b] [com.apple.dt.xctest:Default] Fetching AX attributes XC_kAXXCAttributeWindowContextId for AX element pid: 42128, elementOrHash.elementID: 5249211296.6
2026-09-30 23:45:26.177 Df testmanagerd[88342:c7494b] [com.apple.dt.xctest:Default] Got attributes, transferring to dictionary for return.
2026-09-30 23:45:26.178 Df testmanagerd[88342:c7494b] [com.apple.dt.xctest:Default] Fetching AX attributes XC_kAXXCAttributeWindowContextId for AX element pid: 42128, elementOrHash.elementID: 5249210720.5
2026-09-30 23:45:26.178 Df testmanagerd[88342:c7494b] [com.apple.dt.xctest:Default] Got attributes, transferring to dictionary for return.
2026-09-30 23:45:26.178 Df testmanagerd[88342:c7494b] [com.apple.dt.xctest:Default] Fetching AX attributes XC_kAXXCAttributeWindowContextId for AX element pid: 42128, elementOrHash.elementID: 5249214016.4
2026-09-30 23:45:26.178 Df testmanagerd[88342:c7494b] [com.apple.dt.xctest:Default] Got attributes, transferring to dictionary for return.
2026-09-30 23:45:26.178 Df testmanagerd[88342:c7494b] [com.apple.dt.xctest:Default] Fetching AX attributes XC_kAXXCAttributeWindowContextId for AX element pid: 42128, elementOrHash.elementID: 5243490848.3
2026-09-30 23:45:26.178 Df testmanagerd[88342:c7494b] [com.apple.dt.xctest:Default] Got attributes, transferring to dictionary for return.
2026-09-30 23:45:26.179 Df testmanagerd[88342:c7494b] [com.apple.dt.xctest:Default] Fetching AX attributes XC_kAXXCAttributeWindowContextId for AX element pid: 42063, elementOrHash.elementID: 1389136836789547452.9999
2026-09-30 23:45:26.179 Df testmanagerd[88342:c7494b] [com.apple.dt.xctest:Default] Got attributes, transferring to dictionary for return.
2026-09-30 23:45:26.179 Df testmanagerd[88342:c7494b] [com.apple.dt.xctest:Default] Fetching AX attributes XC_kAXXCAttributeWindowDisplayId for AX element pid: 42128, elementOrHash.elementID: 5249215456.12
2026-09-30 23:45:26.179 Df testmanagerd[88342:c7494b] [com.apple.dt.xctest:Default] Got attributes, transferring to dictionary for return.
2026-09-30 23:45:26.179 Df testmanagerd[88342:c7494b] [com.apple.dt.xctest:Default] Fetching AX attributes XC_kAXXCAttributeWindowDisplayId for AX element pid: 42128, elementOrHash.elementID: 5249214240.9
2026-09-30 23:45:26.179 Df testmanagerd[88342:c7494b] [com.apple.dt.xctest:Default] Got attributes, transferring to dictionary for return.
2026-09-30 23:45:26.180 Df testmanagerd[88342:c7494b] [com.apple.dt.xctest:Default] Fetching AX attributes XC_kAXXCAttributeWindowDisplayId for AX element pid: 42128, elementOrHash.elementID: 5249211296.6
2026-09-30 23:45:26.180 Df testmanagerd[88342:c7494b] [com.apple.dt.xctest:Default] Got attributes, transferring to dictionary for return.
2026-09-30 23:45:26.180 Df testmanagerd[88342:c7494b] [com.apple.dt.xctest:Default] Fetching AX attributes XC_kAXXCAttributeWindowDisplayId for AX element pid: 42128, elementOrHash.elementID: 5249210720.5
2026-09-30 23:45:26.180 Df testmanagerd[88342:c7494b] [com.apple.dt.xctest:Default] Got attributes, transferring to dictionary for return.
2026-09-30 23:45:26.180 Df testmanagerd[88342:c7494b] [com.apple.dt.xctest:Default] Fetching AX attributes XC_kAXXCAttributeWindowDisplayId for AX element pid: 42128, elementOrHash.elementID: 5249214016.4
2026-09-30 23:45:26.180 Df testmanagerd[88342:c7494b] [com.apple.dt.xctest:Default] Got attributes, transferring to dictionary for return.
2026-09-30 23:45:26.180 Df testmanagerd[88342:c7494b] [com.apple.dt.xctest:Default] Fetching AX attributes XC_kAXXCAttributeWindowDisplayId for AX element pid: 42128, elementOrHash.elementID: 5243490848.3
2026-09-30 23:45:26.180 Df testmanagerd[88342:c7494b] [com.apple.dt.xctest:Default] Got attributes, transferring to dictionary for return.
2026-09-30 23:45:26.181 Df testmanagerd[88342:c7494b] [com.apple.dt.xctest:Default] Fetching AX attributes XC_kAXXCAttributeWindowDisplayId for AX element pid: 42063, elementOrHash.elementID: 1389136836789547452.9999
2026-09-30 23:45:26.181 Df testmanagerd[88342:c7494b] [com.apple.dt.xctest:Default] Got attributes, transferring to dictionary for return.
2026-09-30 23:45:26.181 Df testmanagerd[88342:c7494b] [com.apple.dt.xctest:Default] Fetching AX parameterized attribute 91505, parameter (
        {
        Height = 19;
        Width = 37;
        X = 16;
        Y = 78;
    },
    1688868969,
    1
) for Device system-wide element
2026-09-30 23:45:26.181 Df testmanagerd[88342:c7494b] [com.apple.dt.xctest:Default] Decoded {
    Height = 19;
    Width = 37;
    X = 16;
    Y = 78;
} to rect
2026-09-30 23:45:26.181 Df testmanagerd[88342:c7494b] [com.apple.dt.xctest:Default] Got AXElement for Device system-wide element: <AXUIElementRef 0x10478b510> {pid=0} {uid=[ID:1 hash:0x0]}
2026-09-30 23:45:26.181 Df testmanagerd[88342:c7494b] [com.apple.dt.xctest:Default] Value for parameterized attribute 91505: <AXValue 0x10466f100> {value = x:16.000000 y:78.000000 w:37.000000 h:19.000000 type = kAXValueCGRectType}
2026-09-30 23:45:26.182 Df testmanagerd[88342:c7494b] [com.apple.dt.xctest:Default] Fetching AX attributes XC_kAXXCAttributeWindowContextId for AX element pid: 42128, elementOrHash.elementID: 5249214720.13
2026-09-30 23:45:26.182 Df testmanagerd[88342:c7494b] [com.apple.dt.xctest:Default] Got attributes, transferring to dictionary for return.
2026-09-30 23:45:26.182 Df testmanagerd[88342:c7494b] [com.apple.dt.xctest:Default] Fetching AX attributes XC_kAXXCAttributeWindowContextId for AX element pid: 42128, elementOrHash.elementID: 5249214240.9
2026-09-30 23:45:26.182 Df testmanagerd[88342:c7494b] [com.apple.dt.xctest:Default] Got attributes, transferring to dictionary for return.
2026-09-30 23:45:26.183 Df testmanagerd[88342:c7494b] [com.apple.dt.xctest:Default] Fetching AX attributes XC_kAXXCAttributeWindowContextId for AX element pid: 42128, elementOrHash.elementID: 5249211296.6
2026-09-30 23:45:26.183 Df testmanagerd[88342:c7494b] [com.apple.dt.xctest:Default] Got attributes, transferring to dictionary for return.
2026-09-30 23:45:26.183 Df testmanagerd[88342:c7494b] [com.apple.dt.xctest:Default] Fetching AX attributes XC_kAXXCAttributeWindowContextId for AX element pid: 42128, elementOrHash.elementID: 5249210720.5
2026-09-30 23:45:26.183 Df testmanagerd[88342:c7494b] [com.apple.dt.xctest:Default] Got attributes, transferring to dictionary for return.
2026-09-30 23:45:26.183 Df testmanagerd[88342:c7494b] [com.apple.dt.xctest:Default] Fetching AX attributes XC_kAXXCAttributeWindowContextId for AX element pid: 42128, elementOrHash.elementID: 5249214016.4
2026-09-30 23:45:26.183 Df testmanagerd[88342:c7494b] [com.apple.dt.xctest:Default] Got attributes, transferring to dictionary for return.
2026-09-30 23:45:26.184 Df testmanagerd[88342:c7494b] [com.apple.dt.xctest:Default] Fetching AX attributes XC_kAXXCAttributeWindowContextId for AX element pid: 42128, elementOrHash.elementID: 5243490848.3
2026-09-30 23:45:26.184 Df testmanagerd[88342:c7494b] [com.apple.dt.xctest:Default] Got attributes, transferring to dictionary for return.
2026-09-30 23:45:26.184 Df testmanagerd[88342:c7494b] [com.apple.dt.xctest:Default] Fetching AX attributes XC_kAXXCAttributeWindowContextId for AX element pid: 42063, elementOrHash.elementID: 1389136836789547452.9999
2026-09-30 23:45:26.184 Df testmanagerd[88342:c7494b] [com.apple.dt.xctest:Default] Got attributes, transferring to dictionary for return.
2026-09-30 23:45:26.184 Df testmanagerd[88342:c7494b] [com.apple.dt.xctest:Default] Fetching AX attributes XC_kAXXCAttributeWindowDisplayId for AX element pid: 42128, elementOrHash.elementID: 5249214720.13
2026-09-30 23:45:26.184 Df testmanagerd[88342:c7494b] [com.apple.dt.xctest:Default] Got attributes, transferring to dictionary for return.
2026-09-30 23:45:26.185 Df testmanagerd[88342:c7494b] [com.apple.dt.xctest:Default] Fetching AX attributes XC_kAXXCAttributeWindowDisplayId for AX element pid: 42128, elementOrHash.elementID: 5249214240.9
2026-09-30 23:45:26.185 Df testmanagerd[88342:c7494b] [com.apple.dt.xctest:Default] Got attributes, transferring to dictionary for return.
2026-09-30 23:45:26.185 Df testmanagerd[88342:c7494b] [com.apple.dt.xctest:Default] Fetching AX attributes XC_kAXXCAttributeWindowDisplayId for AX element pid: 42128, elementOrHash.elementID: 5249211296.6
2026-09-30 23:45:26.185 Df testmanagerd[88342:c7494b] [com.apple.dt.xctest:Default] Got attributes, transferring to dictionary for return.
2026-09-30 23:45:26.185 Df testmanagerd[88342:c7494b] [com.apple.dt.xctest:Default] Fetching AX attributes XC_kAXXCAttributeWindowDisplayId for AX element pid: 42128, elementOrHash.elementID: 5249210720.5
2026-09-30 23:45:26.185 Df testmanagerd[88342:c7494b] [com.apple.dt.xctest:Default] Got attributes, transferring to dictionary for return.
2026-09-30 23:45:26.186 Df testmanagerd[88342:c7494b] [com.apple.dt.xctest:Default] Fetching AX attributes XC_kAXXCAttributeWindowDisplayId for AX element pid: 42128, elementOrHash.elementID: 5249214016.4
2026-09-30 23:45:26.186 Df testmanagerd[88342:c7494b] [com.apple.dt.xctest:Default] Got attributes, transferring to dictionary for return.
2026-09-30 23:45:26.186 Df testmanagerd[88342:c7494b] [com.apple.dt.xctest:Default] Fetching AX attributes XC_kAXXCAttributeWindowDisplayId for AX element pid: 42128, elementOrHash.elementID: 5243490848.3
2026-09-30 23:45:26.186 Df testmanagerd[88342:c7494b] [com.apple.dt.xctest:Default] Got attributes, transferring to dictionary for return.
2026-09-30 23:45:26.186 Df testmanagerd[88342:c7494b] [com.apple.dt.xctest:Default] Fetching AX attributes XC_kAXXCAttributeWindowDisplayId for AX element pid: 42063, elementOrHash.elementID: 1389136836789547452.9999
2026-09-30 23:45:26.186 Df testmanagerd[88342:c7494b] [com.apple.dt.xctest:Default] Got attributes, transferring to dictionary for return.
2026-09-30 23:45:26.187 Df testmanagerd[88342:c7494b] [com.apple.dt.xctest:Default] Fetching AX parameterized attribute 91505, parameter (
        {
        Height = 41;
        Width = 370;
        X = 16;
        Y = 101;
    },
    1688868969,
    1
) for Device system-wide element
2026-09-30 23:45:26.187 Df testmanagerd[88342:c7494b] [com.apple.dt.xctest:Default] Decoded {
    Height = 41;
    Width = 370;
    X = 16;
    Y = 101;
} to rect
2026-09-30 23:45:26.187 Df testmanagerd[88342:c7494b] [com.apple.dt.xctest:Default] Got AXElement for Device system-wide element: <AXUIElementRef 0x10478b510> {pid=0} {uid=[ID:1 hash:0x0]}
2026-09-30 23:45:26.187 Df testmanagerd[88342:c7494b] [com.apple.dt.xctest:Default] Value for parameterized attribute 91505: <AXValue 0x10466e2c0> {value = x:16.000000 y:101.000000 w:370.000000 h:41.000000 type = kAXValueCGRectType}
2026-09-30 23:45:26.187 Df testmanagerd[88342:c7494b] [com.apple.dt.xctest:Default] Fetching AX attributes XC_kAXXCAttributeWindowContextId for AX element pid: 42128, elementOrHash.elementID: 5249214880.7
2026-09-30 23:45:26.187 Df testmanagerd[88342:c7494b] [com.apple.dt.xctest:Default] Got attributes, transferring to dictionary for return.
2026-09-30 23:45:26.188 Df testmanagerd[88342:c7494b] [com.apple.dt.xctest:Default] Fetching AX attributes XC_kAXXCAttributeWindowContextId for AX element pid: 42128, elementOrHash.elementID: 5249210720.5
2026-09-30 23:45:26.188 Df testmanagerd[88342:c7494b] [com.apple.dt.xctest:Default] Got attributes, transferring to dictionary for return.
2026-09-30 23:45:26.188 Df testmanagerd[88342:c7494b] [com.apple.dt.xctest:Default] Fetching AX attributes XC_kAXXCAttributeWindowContextId for AX element pid: 42128, elementOrHash.elementID: 5249214016.4
2026-09-30 23:45:26.188 Df testmanagerd[88342:c7494b] [com.apple.dt.xctest:Default] Got attributes, transferring to dictionary for return.
2026-09-30 23:45:26.188 Df testmanagerd[88342:c7494b] [com.apple.dt.xctest:Default] Fetching AX attributes XC_kAXXCAttributeWindowContextId for AX element pid: 42128, elementOrHash.elementID: 5243490848.3
2026-09-30 23:45:26.188 Df testmanagerd[88342:c7494b] [com.apple.dt.xctest:Default] Got attributes, transferring to dictionary for return.
2026-09-30 23:45:26.189 Df testmanagerd[88342:c7494b] [com.apple.dt.xctest:Default] Fetching AX attributes XC_kAXXCAttributeWindowContextId for AX element pid: 42063, elementOrHash.elementID: 1389136836789547452.9999
2026-09-30 23:45:26.189 Df testmanagerd[88342:c7494b] [com.apple.dt.xctest:Default] Got attributes, transferring to dictionary for return.
2026-09-30 23:45:26.189 Df testmanagerd[88342:c7494b] [com.apple.dt.xctest:Default] Fetching AX attributes XC_kAXXCAttributeWindowDisplayId for AX element pid: 42128, elementOrHash.elementID: 5249214880.7
2026-09-30 23:45:26.189 Df testmanagerd[88342:c7494b] [com.apple.dt.xctest:Default] Got attributes, transferring to dictionary for return.
2026-09-30 23:45:26.189 Df testmanagerd[88342:c7494b] [com.apple.dt.xctest:Default] Fetching AX attributes XC_kAXXCAttributeWindowDisplayId for AX element pid: 42128, elementOrHash.elementID: 5249210720.5
2026-09-30 23:45:26.189 Df testmanagerd[88342:c7494b] [com.apple.dt.xctest:Default] Got attributes, transferring to dictionary for return.
2026-09-30 23:45:26.189 Df testmanagerd[88342:c7494b] [com.apple.dt.xctest:Default] Fetching AX attributes XC_kAXXCAttributeWindowDisplayId for AX element pid: 42128, elementOrHash.elementID: 5249214016.4
2026-09-30 23:45:26.190 Df testmanagerd[88342:c7494b] [com.apple.dt.xctest:Default] Got attributes, transferring to dictionary for return.
2026-09-30 23:45:26.190 Df testmanagerd[88342:c7494b] [com.apple.dt.xctest:Default] Fetching AX attributes XC_kAXXCAttributeWindowDisplayId for AX element pid: 42128, elementOrHash.elementID: 5243490848.3
2026-09-30 23:45:26.190 Df testmanagerd[88342:c7494b] [com.apple.dt.xctest:Default] Got attributes, transferring to dictionary for return.
2026-09-30 23:45:26.190 Df testmanagerd[88342:c7494b] [com.apple.dt.xctest:Default] Fetching AX attributes XC_kAXXCAttributeWindowDisplayId for AX element pid: 42063, elementOrHash.elementID: 1389136836789547452.9999
2026-09-30 23:45:26.190 Df testmanagerd[88342:c7494b] [com.apple.dt.xctest:Default] Got attributes, transferring to dictionary for return.
2026-09-30 23:45:26.190 Df testmanagerd[88342:c7494b] [com.apple.dt.xctest:Default] Fetching AX parameterized attribute 91505, parameter (
        {
        Height = 64;
        Width = 370;
        X = 16;
        Y = 154;
    },
    1688868969,
    1
) for Device system-wide element
2026-09-30 23:45:26.190 Df testmanagerd[88342:c7494b] [com.apple.dt.xctest:Default] Decoded {
    Height = 64;
    Width = 370;
    X = 16;
    Y = 154;
} to rect
2026-09-30 23:45:26.190 Df testmanagerd[88342:c7494b] [com.apple.dt.xctest:Default] Got AXElement for Device system-wide element: <AXUIElementRef 0x10478b510> {pid=0} {uid=[ID:1 hash:0x0]}
2026-09-30 23:45:26.191 Df testmanagerd[88342:c7494b] [com.apple.dt.xctest:Default] Value for parameterized attribute 91505: <AXValue 0x10466d440> {value = x:16.000000 y:154.000000 w:370.000000 h:64.000000 type = kAXValueCGRectType}
2026-09-30 23:45:26.192 Df testmanagerd[88342:c7494b] [com.apple.dt.xctest:Default] Fetching AX attributes XC_kAXXCAttributeWindowContextId for AX element pid: 42128, elementOrHash.elementID: 5249211328.10
2026-09-30 23:45:26.192 Df testmanagerd[88342:c7494b] [com.apple.dt.xctest:Default] Got attributes, transferring to dictionary for return.
2026-09-30 23:45:26.192 Df testmanagerd[88342:c7494b] [com.apple.dt.xctest:Default] Fetching AX attributes XC_kAXXCAttributeWindowContextId for AX element pid: 42128, elementOrHash.elementID: 5249214880.7
2026-09-30 23:45:26.192 Df testmanagerd[88342:c7494b] [com.apple.dt.xctest:Default] Got attributes, transferring to dictionary for return.
2026-09-30 23:45:26.192 Df testmanagerd[88342:c7494b] [com.apple.dt.xctest:Default] Fetching AX attributes XC_kAXXCAttributeWindowContextId for AX element pid: 42128, elementOrHash.elementID: 5249210720.5
2026-09-30 23:45:26.192 Df testmanagerd[88342:c7494b] [com.apple.dt.xctest:Default] Got attributes, transferring to dictionary for return.
2026-09-30 23:45:26.193 Df testmanagerd[88342:c7494b] [com.apple.dt.xctest:Default] Fetching AX attributes XC_kAXXCAttributeWindowContextId for AX element pid: 42128, elementOrHash.elementID: 5249214016.4
2026-09-30 23:45:26.193 Df testmanagerd[88342:c7494b] [com.apple.dt.xctest:Default] Got attributes, transferring to dictionary for return.
2026-09-30 23:45:26.193 Df testmanagerd[88342:c7494b] [com.apple.dt.xctest:Default] Fetching AX attributes XC_kAXXCAttributeWindowContextId for AX element pid: 42128, elementOrHash.elementID: 5243490848.3
2026-09-30 23:45:26.193 Df testmanagerd[88342:c7494b] [com.apple.dt.xctest:Default] Got attributes, transferring to dictionary for return.
2026-09-30 23:45:26.193 Df testmanagerd[88342:c7494b] [com.apple.dt.xctest:Default] Fetching AX attributes XC_kAXXCAttributeWindowContextId for AX element pid: 42063, elementOrHash.elementID: 1389136836789547452.9999
2026-09-30 23:45:26.193 Df testmanagerd[88342:c7494b] [com.apple.dt.xctest:Default] Got attributes, transferring to dictionary for return.
2026-09-30 23:45:26.193 Df testmanagerd[88342:c7494b] [com.apple.dt.xctest:Default] Fetching AX attributes XC_kAXXCAttributeWindowDisplayId for AX element pid: 42128, elementOrHash.elementID: 5249211328.10
2026-09-30 23:45:26.194 Df testmanagerd[88342:c7494b] [com.apple.dt.xctest:Default] Got attributes, transferring to dictionary for return.
2026-09-30 23:45:26.194 Df testmanagerd[88342:c7494b] [com.apple.dt.xctest:Default] Fetching AX attributes XC_kAXXCAttributeWindowDisplayId for AX element pid: 42128, elementOrHash.elementID: 5249214880.7
2026-09-30 23:45:26.194 Df testmanagerd[88342:c7494b] [com.apple.dt.xctest:Default] Got attributes, transferring to dictionary for return.
2026-09-30 23:45:26.194 Df testmanagerd[88342:c7494b] [com.apple.dt.xctest:Default] Fetching AX attributes XC_kAXXCAttributeWindowDisplayId for AX element pid: 42128, elementOrHash.elementID: 5249210720.5
2026-09-30 23:45:26.194 Df testmanagerd[88342:c7494b] [com.apple.dt.xctest:Default] Got attributes, transferring to dictionary for return.
2026-09-30 23:45:26.194 Df testmanagerd[88342:c7494b] [com.apple.dt.xctest:Default] Fetching AX attributes XC_kAXXCAttributeWindowDisplayId for AX element pid: 42128, elementOrHash.elementID: 5249214016.4
2026-09-30 23:45:26.194 Df testmanagerd[88342:c7494b] [com.apple.dt.xctest:Default] Got attributes, transferring to dictionary for return.
2026-09-30 23:45:26.195 Df testmanagerd[88342:c7494b] [com.apple.dt.xctest:Default] Fetching AX attributes XC_kAXXCAttributeWindowDisplayId for AX element pid: 42128, elementOrHash.elementID: 5243490848.3
2026-09-30 23:45:26.195 Df testmanagerd[88342:c7494b] [com.apple.dt.xctest:Default] Got attributes, transferring to dictionary for return.
2026-09-30 23:45:26.195 Df testmanagerd[88342:c7494b] [com.apple.dt.xctest:Default] Fetching AX attributes XC_kAXXCAttributeWindowDisplayId for AX element pid: 42063, elementOrHash.elementID: 1389136836789547452.9999
2026-09-30 23:45:26.195 Df testmanagerd[88342:c7494b] [com.apple.dt.xctest:Default] Got attributes, transferring to dictionary for return.
2026-09-30 23:45:26.195 Df testmanagerd[88342:c7494b] [com.apple.dt.xctest:Default] Fetching AX parameterized attribute 91505, parameter (
        {
        Height = 64;
        Width = 370;
        X = 16;
        Y = 154;
    },
    1688868969,
    1
) for Device system-wide element
2026-09-30 23:45:26.195 Df testmanagerd[88342:c7494b] [com.apple.dt.xctest:Default] Decoded {
    Height = 64;
    Width = 370;
    X = 16;
    Y = 154;
} to rect
2026-09-30 23:45:26.195 Df testmanagerd[88342:c7494b] [com.apple.dt.xctest:Default] Got AXElement for Device system-wide element: <AXUIElementRef 0x10478b510> {pid=0} {uid=[ID:1 hash:0x0]}
2026-09-30 23:45:26.195 Df testmanagerd[88342:c7494b] [com.apple.dt.xctest:Default] Value for parameterized attribute 91505: <AXValue 0x10466f100> {value = x:16.000000 y:154.000000 w:370.000000 h:64.000000 type = kAXValueCGRectType}
2026-09-30 23:45:26.196 Df testmanagerd[88342:c7494b] [com.apple.dt.xctest:Default] Fetching AX attributes XC_kAXXCAttributeWindowContextId for AX element pid: 42128, elementOrHash.elementID: 5249211392.14
2026-09-30 23:45:26.196 Df testmanagerd[88342:c7494b] [com.apple.dt.xctest:Default] Got attributes, transferring to dictionary for return.
2026-09-30 23:45:26.196 Df testmanagerd[88342:c7494b] [com.apple.dt.xctest:Default] Fetching AX attributes XC_kAXXCAttributeWindowContextId for AX element pid: 42128, elementOrHash.elementID: 5249211328.10
2026-09-30 23:45:26.196 Df testmanagerd[88342:c7494b] [com.apple.dt.xctest:Default] Got attributes, transferring to dictionary for return.
2026-09-30 23:45:26.197 Df testmanagerd[88342:c7494b] [com.apple.dt.xctest:Default] Fetching AX attributes XC_kAXXCAttributeWindowContextId for AX element pid: 42128, elementOrHash.elementID: 5249214880.7
2026-09-30 23:45:26.197 Df testmanagerd[88342:c7494b] [com.apple.dt.xctest:Default] Got attributes, transferring to dictionary for return.
2026-09-30 23:45:26.197 Df testmanagerd[88342:c7494b] [com.apple.dt.xctest:Default] Fetching AX attributes XC_kAXXCAttributeWindowContextId for AX element pid: 42128, elementOrHash.elementID: 5249210720.5
2026-09-30 23:45:26.197 Df testmanagerd[88342:c7494b] [com.apple.dt.xctest:Default] Got attributes, transferring to dictionary for return.
2026-09-30 23:45:26.197 Df testmanagerd[88342:c7494b] [com.apple.dt.xctest:Default] Fetching AX attributes XC_kAXXCAttributeWindowContextId for AX element pid: 42128, elementOrHash.elementID: 5249214016.4
2026-09-30 23:45:26.197 Df testmanagerd[88342:c7494b] [com.apple.dt.xctest:Default] Got attributes, transferring to dictionary for return.
2026-09-30 23:45:26.197 Df testmanagerd[88342:c7494b] [com.apple.dt.xctest:Default] Fetching AX attributes XC_kAXXCAttributeWindowContextId for AX element pid: 42128, elementOrHash.elementID: 5243490848.3
2026-09-30 23:45:26.198 Df testmanagerd[88342:c7494b] [com.apple.dt.xctest:Default] Got attributes, transferring to dictionary for return.
2026-09-30 23:45:26.198 Df testmanagerd[88342:c7494b] [com.apple.dt.xctest:Default] Fetching AX attributes XC_kAXXCAttributeWindowContextId for AX element pid: 42063, elementOrHash.elementID: 1389136836789547452.9999
2026-09-30 23:45:26.198 Df testmanagerd[88342:c7494b] [com.apple.dt.xctest:Default] Got attributes, transferring to dictionary for return.
2026-09-30 23:45:26.198 Df testmanagerd[88342:c7494b] [com.apple.dt.xctest:Default] Fetching AX attributes XC_kAXXCAttributeWindowDisplayId for AX element pid: 42128, elementOrHash.elementID: 5249211392.14
2026-09-30 23:45:26.198 Df testmanagerd[88342:c7494b] [com.apple.dt.xctest:Default] Got attributes, transferring to dictionary for return.
2026-09-30 23:45:26.199 Df testmanagerd[88342:c7494b] [com.apple.dt.xctest:Default] Fetching AX attributes XC_kAXXCAttributeWindowDisplayId for AX element pid: 42128, elementOrHash.elementID: 5249211328.10
2026-09-30 23:45:26.199 Df testmanagerd[88342:c7494b] [com.apple.dt.xctest:Default] Got attributes, transferring to dictionary for return.
2026-09-30 23:45:26.199 Df testmanagerd[88342:c7494b] [com.apple.dt.xctest:Default] Fetching AX attributes XC_kAXXCAttributeWindowDisplayId for AX element pid: 42128, elementOrHash.elementID: 5249214880.7
2026-09-30 23:45:26.199 Df testmanagerd[88342:c7494b] [com.apple.dt.xctest:Default] Got attributes, transferring to dictionary for return.
2026-09-30 23:45:26.199 Df testmanagerd[88342:c7494b] [com.apple.dt.xctest:Default] Fetching AX attributes XC_kAXXCAttributeWindowDisplayId for AX element pid: 42128, elementOrHash.elementID: 5249210720.5
2026-09-30 23:45:26.199 Df testmanagerd[88342:c7494b] [com.apple.dt.xctest:Default] Got attributes, transferring to dictionary for return.
2026-09-30 23:45:26.200 Df testmanagerd[88342:c7494b] [com.apple.dt.xctest:Default] Fetching AX attributes XC_kAXXCAttributeWindowDisplayId for AX element pid: 42128, elementOrHash.elementID: 5249214016.4
2026-09-30 23:45:26.200 Df testmanagerd[88342:c7494b] [com.apple.dt.xctest:Default] Got attributes, transferring to dictionary for return.
2026-09-30 23:45:26.200 Df testmanagerd[88342:c7494b] [com.apple.dt.xctest:Default] Fetching AX attributes XC_kAXXCAttributeWindowDisplayId for AX element pid: 42128, elementOrHash.elementID: 5243490848.3
2026-09-30 23:45:26.200 Df testmanagerd[88342:c7494b] [com.apple.dt.xctest:Default] Got attributes, transferring to dictionary for return.
2026-09-30 23:45:26.200 Df testmanagerd[88342:c7494b] [com.apple.dt.xctest:Default] Fetching AX attributes XC_kAXXCAttributeWindowDisplayId for AX element pid: 42063, elementOrHash.elementID: 1389136836789547452.9999
2026-09-30 23:45:26.200 Df testmanagerd[88342:c7494b] [com.apple.dt.xctest:Default] Got attributes, transferring to dictionary for return.
2026-09-30 23:45:26.201 Df testmanagerd[88342:c7494b] [com.apple.dt.xctest:Default] Fetching AX parameterized attribute 91505, parameter (
        {
        Height = 19;
        Width = 79;
        X = 16;
        Y = 154;
    },
    1688868969,
    1
) for Device system-wide element
2026-09-30 23:45:26.201 Df testmanagerd[88342:c7494b] [com.apple.dt.xctest:Default] Decoded {
    Height = 19;
    Width = 79;
    X = 16;
    Y = 154;
} to rect
2026-09-30 23:45:26.201 Df testmanagerd[88342:c7494b] [com.apple.dt.xctest:Default] Got AXElement for Device system-wide element: <AXUIElementRef 0x10478b510> {pid=0} {uid=[ID:1 hash:0x0]}
2026-09-30 23:45:26.201 Df testmanagerd[88342:c7494b] [com.apple.dt.xctest:Default] Value for parameterized attribute 91505: <AXValue 0x10466e2c0> {value = x:16.000000 y:154.000000 w:79.000000 h:19.000000 type = kAXValueCGRectType}
2026-09-30 23:45:26.201 Df testmanagerd[88342:c7494b] [com.apple.dt.xctest:Default] Fetching AX attributes XC_kAXXCAttributeWindowContextId for AX element pid: 42128, elementOrHash.elementID: 5249214304.15
2026-09-30 23:45:26.201 Df testmanagerd[88342:c7494b] [com.apple.dt.xctest:Default] Got attributes, transferring to dictionary for return.
2026-09-30 23:45:26.202 Df testmanagerd[88342:c7494b] [com.apple.dt.xctest:Default] Fetching AX attributes XC_kAXXCAttributeWindowContextId for AX element pid: 42128, elementOrHash.elementID: 5249211328.10
2026-09-30 23:45:26.202 Df testmanagerd[88342:c7494b] [com.apple.dt.xctest:Default] Got attributes, transferring to dictionary for return.
2026-09-30 23:45:26.202 Df testmanagerd[88342:c7494b] [com.apple.dt.xctest:Default] Fetching AX attributes XC_kAXXCAttributeWindowContextId for AX element pid: 42128, elementOrHash.elementID: 5249214880.7
2026-09-30 23:45:26.202 Df testmanagerd[88342:c7494b] [com.apple.dt.xctest:Default] Got attributes, transferring to dictionary for return.
2026-09-30 23:45:26.202 Df testmanagerd[88342:c7494b] [com.apple.dt.xctest:Default] Fetching AX attributes XC_kAXXCAttributeWindowContextId for AX element pid: 42128, elementOrHash.elementID: 5249210720.5
2026-09-30 23:45:26.202 Df testmanagerd[88342:c7494b] [com.apple.dt.xctest:Default] Got attributes, transferring to dictionary for return.
2026-09-30 23:45:26.203 Df testmanagerd[88342:c7494b] [com.apple.dt.xctest:Default] Fetching AX attributes XC_kAXXCAttributeWindowContextId for AX element pid: 42128, elementOrHash.elementID: 5249214016.4
2026-09-30 23:45:26.203 Df testmanagerd[88342:c7494b] [com.apple.dt.xctest:Default] Got attributes, transferring to dictionary for return.
2026-09-30 23:45:26.203 Df testmanagerd[88342:c7494b] [com.apple.dt.xctest:Default] Fetching AX attributes XC_kAXXCAttributeWindowContextId for AX element pid: 42128, elementOrHash.elementID: 5243490848.3
2026-09-30 23:45:26.203 Df testmanagerd[88342:c7494b] [com.apple.dt.xctest:Default] Got attributes, transferring to dictionary for return.
2026-09-30 23:45:26.203 Df testmanagerd[88342:c7494b] [com.apple.dt.xctest:Default] Fetching AX attributes XC_kAXXCAttributeWindowContextId for AX element pid: 42063, elementOrHash.elementID: 1389136836789547452.9999
2026-09-30 23:45:26.203 Df testmanagerd[88342:c7494b] [com.apple.dt.xctest:Default] Got attributes, transferring to dictionary for return.
2026-09-30 23:45:26.204 Df testmanagerd[88342:c7494b] [com.apple.dt.xctest:Default] Fetching AX attributes XC_kAXXCAttributeWindowDisplayId for AX element pid: 42128, elementOrHash.elementID: 5249214304.15
2026-09-30 23:45:26.204 Df testmanagerd[88342:c7494b] [com.apple.dt.xctest:Default] Got attributes, transferring to dictionary for return.
2026-09-30 23:45:26.204 Df testmanagerd[88342:c7494b] [com.apple.dt.xctest:Default] Fetching AX attributes XC_kAXXCAttributeWindowDisplayId for AX element pid: 42128, elementOrHash.elementID: 5249211328.10
2026-09-30 23:45:26.204 Df testmanagerd[88342:c7494b] [com.apple.dt.xctest:Default] Got attributes, transferring to dictionary for return.
2026-09-30 23:45:26.204 Df testmanagerd[88342:c7494b] [com.apple.dt.xctest:Default] Fetching AX attributes XC_kAXXCAttributeWindowDisplayId for AX element pid: 42128, elementOrHash.elementID: 5249214880.7
2026-09-30 23:45:26.204 Df testmanagerd[88342:c7494b] [com.apple.dt.xctest:Default] Got attributes, transferring to dictionary for return.
2026-09-30 23:45:26.204 Df testmanagerd[88342:c7494b] [com.apple.dt.xctest:Default] Fetching AX attributes XC_kAXXCAttributeWindowDisplayId for AX element pid: 42128, elementOrHash.elementID: 5249210720.5
2026-09-30 23:45:26.204 Df testmanagerd[88342:c7494b] [com.apple.dt.xctest:Default] Got attributes, transferring to dictionary for return.
2026-09-30 23:45:26.205 Df testmanagerd[88342:c7494b] [com.apple.dt.xctest:Default] Fetching AX attributes XC_kAXXCAttributeWindowDisplayId for AX element pid: 42128, elementOrHash.elementID: 5249214016.4
2026-09-30 23:45:26.205 Df testmanagerd[88342:c7494b] [com.apple.dt.xctest:Default] Got attributes, transferring to dictionary for return.
2026-09-30 23:45:26.205 Df testmanagerd[88342:c7494b] [com.apple.dt.xctest:Default] Fetching AX attributes XC_kAXXCAttributeWindowDisplayId for AX element pid: 42128, elementOrHash.elementID: 5243490848.3
2026-09-30 23:45:26.205 Df testmanagerd[88342:c7494b] [com.apple.dt.xctest:Default] Got attributes, transferring to dictionary for return.
2026-09-30 23:45:26.205 Df testmanagerd[88342:c7494b] [com.apple.dt.xctest:Default] Fetching AX attributes XC_kAXXCAttributeWindowDisplayId for AX element pid: 42063, elementOrHash.elementID: 1389136836789547452.9999
2026-09-30 23:45:26.205 Df testmanagerd[88342:c7494b] [com.apple.dt.xctest:Default] Got attributes, transferring to dictionary for return.
2026-09-30 23:45:26.206 Df testmanagerd[88342:c7494b] [com.apple.dt.xctest:Default] Fetching AX parameterized attribute 91505, parameter (
        {
        Height = 41;
        Width = 370;
        X = 16;
        Y = 177;
    },
    1688868969,
    1
) for Device system-wide element
2026-09-30 23:45:26.206 Df testmanagerd[88342:c7494b] [com.apple.dt.xctest:Default] Decoded {
    Height = 41;
    Width = 370;
    X = 16;
    Y = 177;
} to rect
2026-09-30 23:45:26.206 Df testmanagerd[88342:c7494b] [com.apple.dt.xctest:Default] Got AXElement for Device system-wide element: <AXUIElementRef 0x10478b510> {pid=0} {uid=[ID:1 hash:0x0]}
2026-09-30 23:45:26.206 Df testmanagerd[88342:c7494b] [com.apple.dt.xctest:Default] Value for parameterized attribute 91505: <AXValue 0x10466d440> {value = x:16.000000 y:177.000000 w:370.000000 h:41.000000 type = kAXValueCGRectType}
2026-09-30 23:45:26.207 Df testmanagerd[88342:c7494b] [com.apple.dt.xctest:Default] Fetching AX attributes XC_kAXXCAttributeWindowContextId for AX element pid: 42128, elementOrHash.elementID: 5249209248.8
2026-09-30 23:45:26.207 Df testmanagerd[88342:c7494b] [com.apple.dt.xctest:Default] Got attributes, transferring to dictionary for return.
2026-09-30 23:45:26.207 Df testmanagerd[88342:c7494b] [com.apple.dt.xctest:Default] Fetching AX attributes XC_kAXXCAttributeWindowContextId for AX element pid: 42128, elementOrHash.elementID: 5249210720.5
2026-09-30 23:45:26.207 Df testmanagerd[88342:c7494b] [com.apple.dt.xctest:Default] Got attributes, transferring to dictionary for return.
2026-09-30 23:45:26.207 Df testmanagerd[88342:c7494b] [com.apple.dt.xctest:Default] Fetching AX attributes XC_kAXXCAttributeWindowContextId for AX element pid: 42128, elementOrHash.elementID: 5249214016.4
2026-09-30 23:45:26.207 Df testmanagerd[88342:c7494b] [com.apple.dt.xctest:Default] Got attributes, transferring to dictionary for return.
2026-09-30 23:45:26.208 Df testmanagerd[88342:c7494b] [com.apple.dt.xctest:Default] Fetching AX attributes XC_kAXXCAttributeWindowContextId for AX element pid: 42128, elementOrHash.elementID: 5243490848.3
2026-09-30 23:45:26.208 Df testmanagerd[88342:c7494b] [com.apple.dt.xctest:Default] Got attributes, transferring to dictionary for return.
2026-09-30 23:45:26.208 Df testmanagerd[88342:c7494b] [com.apple.dt.xctest:Default] Fetching AX attributes XC_kAXXCAttributeWindowContextId for AX element pid: 42063, elementOrHash.elementID: 1389136836789547452.9999
2026-09-30 23:45:26.208 Df testmanagerd[88342:c7494b] [com.apple.dt.xctest:Default] Got attributes, transferring to dictionary for return.
2026-09-30 23:45:26.208 Df testmanagerd[88342:c7494b] [com.apple.dt.xctest:Default] Fetching AX attributes XC_kAXXCAttributeWindowDisplayId for AX element pid: 42128, elementOrHash.elementID: 5249209248.8
2026-09-30 23:45:26.208 Df testmanagerd[88342:c7494b] [com.apple.dt.xctest:Default] Got attributes, transferring to dictionary for return.
2026-09-30 23:45:26.209 Df testmanagerd[88342:c7494b] [com.apple.dt.xctest:Default] Fetching AX attributes XC_kAXXCAttributeWindowDisplayId for AX element pid: 42128, elementOrHash.elementID: 5249210720.5
2026-09-30 23:45:26.209 Df testmanagerd[88342:c7494b] [com.apple.dt.xctest:Default] Got attributes, transferring to dictionary for return.
2026-09-30 23:45:26.209 Df testmanagerd[88342:c7494b] [com.apple.dt.xctest:Default] Fetching AX attributes XC_kAXXCAttributeWindowDisplayId for AX element pid: 42128, elementOrHash.elementID: 5249214016.4
2026-09-30 23:45:26.209 Df testmanagerd[88342:c7494b] [com.apple.dt.xctest:Default] Got attributes, transferring to dictionary for return.
2026-09-30 23:45:26.209 Df testmanagerd[88342:c7494b] [com.apple.dt.xctest:Default] Fetching AX attributes XC_kAXXCAttributeWindowDisplayId for AX element pid: 42128, elementOrHash.elementID: 5243490848.3
2026-09-30 23:45:26.209 Df testmanagerd[88342:c7494b] [com.apple.dt.xctest:Default] Got attributes, transferring to dictionary for return.
2026-09-30 23:45:26.209 Df testmanagerd[88342:c7494b] [com.apple.dt.xctest:Default] Fetching AX attributes XC_kAXXCAttributeWindowDisplayId for AX element pid: 42063, elementOrHash.elementID: 1389136836789547452.9999
2026-09-30 23:45:26.209 Df testmanagerd[88342:c7494b] [com.apple.dt.xctest:Default] Got attributes, transferring to dictionary for return.
2026-09-30 23:45:26.210 Df testmanagerd[88342:c7494b] [com.apple.dt.xctest:Default] Fetching AX parameterized attribute 91505, parameter (
        {
        Height = 64;
        Width = 370;
        X = 16;
        Y = 230;
    },
    1688868969,
    1
) for Device system-wide element
2026-09-30 23:45:26.210 Df testmanagerd[88342:c7494b] [com.apple.dt.xctest:Default] Decoded {
    Height = 64;
    Width = 370;
    X = 16;
    Y = 230;
} to rect
2026-09-30 23:45:26.210 Df testmanagerd[88342:c7494b] [com.apple.dt.xctest:Default] Got AXElement for Device system-wide element: <AXUIElementRef 0x10478b510> {pid=0} {uid=[ID:1 hash:0x0]}
2026-09-30 23:45:26.210 Df testmanagerd[88342:c7494b] [com.apple.dt.xctest:Default] Value for parameterized attribute 91505: <AXValue 0x10466f100> {value = x:16.000000 y:230.000000 w:370.000000 h:64.000000 type = kAXValueCGRectType}
2026-09-30 23:45:26.211 Df testmanagerd[88342:c7494b] [com.apple.dt.xctest:Default] Fetching AX attributes XC_kAXXCAttributeWindowContextId for AX element pid: 42128, elementOrHash.elementID: 5249215168.11
2026-09-30 23:45:26.211 Df testmanagerd[88342:c7494b] [com.apple.dt.xctest:Default] Got attributes, transferring to dictionary for return.
2026-09-30 23:45:26.211 Df testmanagerd[88342:c7494b] [com.apple.dt.xctest:Default] Fetching AX attributes XC_kAXXCAttributeWindowContextId for AX element pid: 42128, elementOrHash.elementID: 5249209248.8
2026-09-30 23:45:26.211 Df testmanagerd[88342:c7494b] [com.apple.dt.xctest:Default] Got attributes, transferring to dictionary for return.
2026-09-30 23:45:26.211 Df testmanagerd[88342:c7494b] [com.apple.dt.xctest:Default] Fetching AX attributes XC_kAXXCAttributeWindowContextId for AX element pid: 42128, elementOrHash.elementID: 5249210720.5
2026-09-30 23:45:26.211 Df testmanagerd[88342:c7494b] [com.apple.dt.xctest:Default] Got attributes, transferring to dictionary for return.
2026-09-30 23:45:26.211 Df testmanagerd[88342:c7494b] [com.apple.dt.xctest:Default] Fetching AX attributes XC_kAXXCAttributeWindowContextId for AX element pid: 42128, elementOrHash.elementID: 5249214016.4
2026-09-30 23:45:26.211 Df testmanagerd[88342:c7494b] [com.apple.dt.xctest:Default] Got attributes, transferring to dictionary for return.
2026-09-30 23:45:26.212 Df testmanagerd[88342:c7494b] [com.apple.dt.xctest:Default] Fetching AX attributes XC_kAXXCAttributeWindowContextId for AX element pid: 42128, elementOrHash.elementID: 5243490848.3
2026-09-30 23:45:26.212 Df testmanagerd[88342:c7494b] [com.apple.dt.xctest:Default] Got attributes, transferring to dictionary for return.
2026-09-30 23:45:26.212 Df testmanagerd[88342:c7494b] [com.apple.dt.xctest:Default] Fetching AX attributes XC_kAXXCAttributeWindowContextId for AX element pid: 42063, elementOrHash.elementID: 1389136836789547452.9999
2026-09-30 23:45:26.212 Df testmanagerd[88342:c7494b] [com.apple.dt.xctest:Default] Got attributes, transferring to dictionary for return.
2026-09-30 23:45:26.212 Df testmanagerd[88342:c7494b] [com.apple.dt.xctest:Default] Fetching AX attributes XC_kAXXCAttributeWindowDisplayId for AX element pid: 42128, elementOrHash.elementID: 5249215168.11
2026-09-30 23:45:26.212 Df testmanagerd[88342:c7494b] [com.apple.dt.xctest:Default] Got attributes, transferring to dictionary for return.
2026-09-30 23:45:26.213 Df testmanagerd[88342:c7494b] [com.apple.dt.xctest:Default] Fetching AX attributes XC_kAXXCAttributeWindowDisplayId for AX element pid: 42128, elementOrHash.elementID: 5249209248.8
2026-09-30 23:45:26.213 Df testmanagerd[88342:c7494b] [com.apple.dt.xctest:Default] Got attributes, transferring to dictionary for return.
2026-09-30 23:45:26.213 Df testmanagerd[88342:c7494b] [com.apple.dt.xctest:Default] Fetching AX attributes XC_kAXXCAttributeWindowDisplayId for AX element pid: 42128, elementOrHash.elementID: 5249210720.5
2026-09-30 23:45:26.213 Df testmanagerd[88342:c7494b] [com.apple.dt.xctest:Default] Got attributes, transferring to dictionary for return.
2026-09-30 23:45:26.213 Df testmanagerd[88342:c7494b] [com.apple.dt.xctest:Default] Fetching AX attributes XC_kAXXCAttributeWindowDisplayId for AX element pid: 42128, elementOrHash.elementID: 5249214016.4
2026-09-30 23:45:26.213 Df testmanagerd[88342:c7494b] [com.apple.dt.xctest:Default] Got attributes, transferring to dictionary for return.
2026-09-30 23:45:26.214 Df testmanagerd[88342:c7494b] [com.apple.dt.xctest:Default] Fetching AX attributes XC_kAXXCAttributeWindowDisplayId for AX element pid: 42128, elementOrHash.elementID: 5243490848.3
2026-09-30 23:45:26.214 Df testmanagerd[88342:c7494b] [com.apple.dt.xctest:Default] Got attributes, transferring to dictionary for return.
2026-09-30 23:45:26.214 Df testmanagerd[88342:c7494b] [com.apple.dt.xctest:Default] Fetching AX attributes XC_kAXXCAttributeWindowDisplayId for AX element pid: 42063, elementOrHash.elementID: 1389136836789547452.9999
2026-09-30 23:45:26.214 Df testmanagerd[88342:c7494b] [com.apple.dt.xctest:Default] Got attributes, transferring to dictionary for return.
2026-09-30 23:45:26.214 Df testmanagerd[88342:c7494b] [com.apple.dt.xctest:Default] Fetching AX parameterized attribute 91505, parameter (
        {
        Height = 64;
        Width = 370;
        X = 16;
        Y = 230;
    },
    1688868969,
    1
) for Device system-wide element
2026-09-30 23:45:26.215 Df testmanagerd[88342:c7494b] [com.apple.dt.xctest:Default] Decoded {
    Height = 64;
    Width = 370;
    X = 16;
    Y = 230;
} to rect
2026-09-30 23:45:26.215 Df testmanagerd[88342:c7494b] [com.apple.dt.xctest:Default] Got AXElement for Device system-wide element: <AXUIElementRef 0x10478b510> {pid=0} {uid=[ID:1 hash:0x0]}
2026-09-30 23:45:26.215 Df testmanagerd[88342:c7494b] [com.apple.dt.xctest:Default] Value for parameterized attribute 91505: <AXValue 0x10466e2c0> {value = x:16.000000 y:230.000000 w:370.000000 h:64.000000 type = kAXValueCGRectType}
2026-09-30 23:45:26.215 Df testmanagerd[88342:c7494b] [com.apple.dt.xctest:Default] Fetching AX attributes XC_kAXXCAttributeWindowContextId for AX element pid: 42128, elementOrHash.elementID: 5249215616.16
2026-09-30 23:45:26.215 Df testmanagerd[88342:c7494b] [com.apple.dt.xctest:Default] Got attributes, transferring to dictionary for return.
2026-09-30 23:45:26.216 Df testmanagerd[88342:c7494b] [com.apple.dt.xctest:Default] Fetching AX attributes XC_kAXXCAttributeWindowContextId for AX element pid: 42128, elementOrHash.elementID: 5249215168.11
2026-09-30 23:45:26.216 Df testmanagerd[88342:c7494b] [com.apple.dt.xctest:Default] Got attributes, transferring to dictionary for return.
2026-09-30 23:45:26.216 Df testmanagerd[88342:c7494b] [com.apple.dt.xctest:Default] Fetching AX attributes XC_kAXXCAttributeWindowContextId for AX element pid: 42128, elementOrHash.elementID: 5249209248.8
2026-09-30 23:45:26.216 Df testmanagerd[88342:c7494b] [com.apple.dt.xctest:Default] Got attributes, transferring to dictionary for return.
2026-09-30 23:45:26.216 Df testmanagerd[88342:c7494b] [com.apple.dt.xctest:Default] Fetching AX attributes XC_kAXXCAttributeWindowContextId for AX element pid: 42128, elementOrHash.elementID: 5249210720.5
2026-09-30 23:45:26.216 Df testmanagerd[88342:c7494b] [com.apple.dt.xctest:Default] Got attributes, transferring to dictionary for return.
2026-09-30 23:45:26.217 Df testmanagerd[88342:c7494b] [com.apple.dt.xctest:Default] Fetching AX attributes XC_kAXXCAttributeWindowContextId for AX element pid: 42128, elementOrHash.elementID: 5249214016.4
2026-09-30 23:45:26.217 Df testmanagerd[88342:c7494b] [com.apple.dt.xctest:Default] Got attributes, transferring to dictionary for return.
2026-09-30 23:45:26.217 Df testmanagerd[88342:c7494b] [com.apple.dt.xctest:Default] Fetching AX attributes XC_kAXXCAttributeWindowContextId for AX element pid: 42128, elementOrHash.elementID: 5243490848.3
2026-09-30 23:45:26.217 Df testmanagerd[88342:c7494b] [com.apple.dt.xctest:Default] Got attributes, transferring to dictionary for return.
2026-09-30 23:45:26.217 Df testmanagerd[88342:c7494b] [com.apple.dt.xctest:Default] Fetching AX attributes XC_kAXXCAttributeWindowContextId for AX element pid: 42063, elementOrHash.elementID: 1389136836789547452.9999
2026-09-30 23:45:26.217 Df testmanagerd[88342:c7494b] [com.apple.dt.xctest:Default] Got attributes, transferring to dictionary for return.
2026-09-30 23:45:26.217 Df testmanagerd[88342:c7494b] [com.apple.dt.xctest:Default] Fetching AX attributes XC_kAXXCAttributeWindowDisplayId for AX element pid: 42128, elementOrHash.elementID: 5249215616.16
2026-09-30 23:45:26.217 Df testmanagerd[88342:c7494b] [com.apple.dt.xctest:Default] Got attributes, transferring to dictionary for return.
2026-09-30 23:45:26.218 Df testmanagerd[88342:c7494b] [com.apple.dt.xctest:Default] Fetching AX attributes XC_kAXXCAttributeWindowDisplayId for AX element pid: 42128, elementOrHash.elementID: 5249215168.11
2026-09-30 23:45:26.218 Df testmanagerd[88342:c7494b] [com.apple.dt.xctest:Default] Got attributes, transferring to dictionary for return.
2026-09-30 23:45:26.218 Df testmanagerd[88342:c7494b] [com.apple.dt.xctest:Default] Fetching AX attributes XC_kAXXCAttributeWindowDisplayId for AX element pid: 42128, elementOrHash.elementID: 5249209248.8
2026-09-30 23:45:26.218 Df testmanagerd[88342:c7494b] [com.apple.dt.xctest:Default] Got attributes, transferring to dictionary for return.
2026-09-30 23:45:26.218 Df testmanagerd[88342:c7494b] [com.apple.dt.xctest:Default] Fetching AX attributes XC_kAXXCAttributeWindowDisplayId for AX element pid: 42128, elementOrHash.elementID: 5249210720.5
2026-09-30 23:45:26.218 Df testmanagerd[88342:c7494b] [com.apple.dt.xctest:Default] Got attributes, transferring to dictionary for return.
2026-09-30 23:45:26.219 Df testmanagerd[88342:c7494b] [com.apple.dt.xctest:Default] Fetching AX attributes XC_kAXXCAttributeWindowDisplayId for AX element pid: 42128, elementOrHash.elementID: 5249214016.4
2026-09-30 23:45:26.219 Df testmanagerd[88342:c7494b] [com.apple.dt.xctest:Default] Got attributes, transferring to dictionary for return.
2026-09-30 23:45:26.219 Df testmanagerd[88342:c7494b] [com.apple.dt.xctest:Default] Fetching AX attributes XC_kAXXCAttributeWindowDisplayId for AX element pid: 42128, elementOrHash.elementID: 5243490848.3
2026-09-30 23:45:26.219 Df testmanagerd[88342:c7494b] [com.apple.dt.xctest:Default] Got attributes, transferring to dictionary for return.
2026-09-30 23:45:26.219 Df testmanagerd[88342:c7494b] [com.apple.dt.xctest:Default] Fetching AX attributes XC_kAXXCAttributeWindowDisplayId for AX element pid: 42063, elementOrHash.elementID: 1389136836789547452.9999
2026-09-30 23:45:26.219 Df testmanagerd[88342:c7494b] [com.apple.dt.xctest:Default] Got attributes, transferring to dictionary for return.
2026-09-30 23:45:26.219 Df testmanagerd[88342:c7494b] [com.apple.dt.xctest:Default] Fetching AX parameterized attribute 91505, parameter (
        {
        Height = 19;
        Width = 44;
        X = 16;
        Y = 230;
    },
    1688868969,
    1
) for Device system-wide element
2026-09-30 23:45:26.220 Df testmanagerd[88342:c7494b] [com.apple.dt.xctest:Default] Decoded {
    Height = 19;
    Width = 44;
    X = 16;
    Y = 230;
} to rect
2026-09-30 23:45:26.220 Df testmanagerd[88342:c7494b] [com.apple.dt.xctest:Default] Got AXElement for Device system-wide element: <AXUIElementRef 0x10478b510> {pid=0} {uid=[ID:1 hash:0x0]}
2026-09-30 23:45:26.220 Df testmanagerd[88342:c7494b] [com.apple.dt.xctest:Default] Value for parameterized attribute 91505: <AXValue 0x10466d440> {value = x:16.000000 y:230.000000 w:44.000000 h:19.000000 type = kAXValueCGRectType}
2026-09-30 23:45:26.220 Df testmanagerd[88342:c7494b] [com.apple.dt.xctest:Default] Fetching AX attributes XC_kAXXCAttributeWindowContextId for AX element pid: 42128, elementOrHash.elementID: 5249211360.17
2026-09-30 23:45:26.220 Df testmanagerd[88342:c7494b] [com.apple.dt.xctest:Default] Got attributes, transferring to dictionary for return.
2026-09-30 23:45:26.221 Df testmanagerd[88342:c7494b] [com.apple.dt.xctest:Default] Fetching AX attributes XC_kAXXCAttributeWindowContextId for AX element pid: 42128, elementOrHash.elementID: 5249215168.11
2026-09-30 23:45:26.221 Df testmanagerd[88342:c7494b] [com.apple.dt.xctest:Default] Got attributes, transferring to dictionary for return.
2026-09-30 23:45:26.221 Df testmanagerd[88342:c7494b] [com.apple.dt.xctest:Default] Fetching AX attributes XC_kAXXCAttributeWindowContextId for AX element pid: 42128, elementOrHash.elementID: 5249209248.8
2026-09-30 23:45:26.221 Df testmanagerd[88342:c7494b] [com.apple.dt.xctest:Default] Got attributes, transferring to dictionary for return.
2026-09-30 23:45:26.221 Df testmanagerd[88342:c7494b] [com.apple.dt.xctest:Default] Fetching AX attributes XC_kAXXCAttributeWindowContextId for AX element pid: 42128, elementOrHash.elementID: 5249210720.5
2026-09-30 23:45:26.221 Df testmanagerd[88342:c7494b] [com.apple.dt.xctest:Default] Got attributes, transferring to dictionary for return.
2026-09-30 23:45:26.222 Df testmanagerd[88342:c7494b] [com.apple.dt.xctest:Default] Fetching AX attributes XC_kAXXCAttributeWindowContextId for AX element pid: 42128, elementOrHash.elementID: 5249214016.4
2026-09-30 23:45:26.222 Df testmanagerd[88342:c7494b] [com.apple.dt.xctest:Default] Got attributes, transferring to dictionary for return.
2026-09-30 23:45:26.222 Df testmanagerd[88342:c7494b] [com.apple.dt.xctest:Default] Fetching AX attributes XC_kAXXCAttributeWindowContextId for AX element pid: 42128, elementOrHash.elementID: 5243490848.3
2026-09-30 23:45:26.222 Df testmanagerd[88342:c7494b] [com.apple.dt.xctest:Default] Got attributes, transferring to dictionary for return.
2026-09-30 23:45:26.222 Df testmanagerd[88342:c7494b] [com.apple.dt.xctest:Default] Fetching AX attributes XC_kAXXCAttributeWindowContextId for AX element pid: 42063, elementOrHash.elementID: 1389136836789547452.9999
2026-09-30 23:45:26.222 Df testmanagerd[88342:c7494b] [com.apple.dt.xctest:Default] Got attributes, transferring to dictionary for return.
2026-09-30 23:45:26.223 Df testmanagerd[88342:c7494b] [com.apple.dt.xctest:Default] Fetching AX attributes XC_kAXXCAttributeWindowDisplayId for AX element pid: 42128, elementOrHash.elementID: 5249211360.17
2026-09-30 23:45:26.223 Df testmanagerd[88342:c7494b] [com.apple.dt.xctest:Default] Got attributes, transferring to dictionary for return.
2026-09-30 23:45:26.223 Df testmanagerd[88342:c7494b] [com.apple.dt.xctest:Default] Fetching AX attributes XC_kAXXCAttributeWindowDisplayId for AX element pid: 42128, elementOrHash.elementID: 5249215168.11
2026-09-30 23:45:26.223 Df testmanagerd[88342:c7494b] [com.apple.dt.xctest:Default] Got attributes, transferring to dictionary for return.
2026-09-30 23:45:26.223 Df testmanagerd[88342:c7494b] [com.apple.dt.xctest:Default] Fetching AX attributes XC_kAXXCAttributeWindowDisplayId for AX element pid: 42128, elementOrHash.elementID: 5249209248.8
2026-09-30 23:45:26.223 Df testmanagerd[88342:c7494b] [com.apple.dt.xctest:Default] Got attributes, transferring to dictionary for return.
2026-09-30 23:45:26.224 Df testmanagerd[88342:c7494b] [com.apple.dt.xctest:Default] Fetching AX attributes XC_kAXXCAttributeWindowDisplayId for AX element pid: 42128, elementOrHash.elementID: 5249210720.5
2026-09-30 23:45:26.224 Df testmanagerd[88342:c7494b] [com.apple.dt.xctest:Default] Got attributes, transferring to dictionary for return.
2026-09-30 23:45:26.224 Df testmanagerd[88342:c7494b] [com.apple.dt.xctest:Default] Fetching AX attributes XC_kAXXCAttributeWindowDisplayId for AX element pid: 42128, elementOrHash.elementID: 5249214016.4
2026-09-30 23:45:26.224 Df testmanagerd[88342:c7494b] [com.apple.dt.xctest:Default] Got attributes, transferring to dictionary for return.
2026-09-30 23:45:26.224 Df testmanagerd[88342:c7494b] [com.apple.dt.xctest:Default] Fetching AX attributes XC_kAXXCAttributeWindowDisplayId for AX element pid: 42128, elementOrHash.elementID: 5243490848.3
2026-09-30 23:45:26.224 Df testmanagerd[88342:c7494b] [com.apple.dt.xctest:Default] Got attributes, transferring to dictionary for return.
2026-09-30 23:45:26.224 Df testmanagerd[88342:c7494b] [com.apple.dt.xctest:Default] Fetching AX attributes XC_kAXXCAttributeWindowDisplayId for AX element pid: 42063, elementOrHash.elementID: 1389136836789547452.9999
2026-09-30 23:45:26.225 Df testmanagerd[88342:c7494b] [com.apple.dt.xctest:Default] Got attributes, transferring to dictionary for return.
2026-09-30 23:45:26.225 Df testmanagerd[88342:c7494b] [com.apple.dt.xctest:Default] Fetching AX parameterized attribute 91505, parameter (
        {
        Height = 41;
        Width = 370;
        X = 16;
        Y = 253;
    },
    1688868969,
    1
) for Device system-wide element
2026-09-30 23:45:26.225 Df testmanagerd[88342:c7494b] [com.apple.dt.xctest:Default] Decoded {
    Height = 41;
    Width = 370;
    X = 16;
    Y = 253;
} to rect
2026-09-30 23:45:26.225 Df testmanagerd[88342:c7494b] [com.apple.dt.xctest:Default] Got AXElement for Device system-wide element: <AXUIElementRef 0x10478b510> {pid=0} {uid=[ID:1 hash:0x0]}
2026-09-30 23:45:26.225 Df testmanagerd[88342:c7494b] [com.apple.dt.xctest:Default] Value for parameterized attribute 91505: <AXValue 0x10466f100> {value = x:16.000000 y:253.000000 w:370.000000 h:41.000000 type = kAXValueCGRectType}
2026-09-30 23:45:26.226 Df testmanagerd[88342:c7494b] [com.apple.dt.xctest:Default] Fetching AX attributes XC_kAXXCAttributeWindowContextId for AX element pid: 42128, elementOrHash.elementID: 5249215392.18
2026-09-30 23:45:26.226 Df testmanagerd[88342:c7494b] [com.apple.dt.xctest:Default] Got attributes, transferring to dictionary for return.
2026-09-30 23:45:26.226 Df testmanagerd[88342:c7494b] [com.apple.dt.xctest:Default] Fetching AX attributes XC_kAXXCAttributeWindowContextId for AX element pid: 42128, elementOrHash.elementID: 5249210720.5
2026-09-30 23:45:26.226 Df testmanagerd[88342:c7494b] [com.apple.dt.xctest:Default] Got attributes, transferring to dictionary for return.
2026-09-30 23:45:26.226 Df testmanagerd[88342:c7494b] [com.apple.dt.xctest:Default] Fetching AX attributes XC_kAXXCAttributeWindowContextId for AX element pid: 42128, elementOrHash.elementID: 5249214016.4
2026-09-30 23:45:26.226 Df testmanagerd[88342:c7494b] [com.apple.dt.xctest:Default] Got attributes, transferring to dictionary for return.
2026-09-30 23:45:26.226 Df testmanagerd[88342:c7494b] [com.apple.dt.xctest:Default] Fetching AX attributes XC_kAXXCAttributeWindowContextId for AX element pid: 42128, elementOrHash.elementID: 5243490848.3
2026-09-30 23:45:26.226 Df testmanagerd[88342:c7494b] [com.apple.dt.xctest:Default] Got attributes, transferring to dictionary for return.
2026-09-30 23:45:26.227 Df testmanagerd[88342:c7494b] [com.apple.dt.xctest:Default] Fetching AX attributes XC_kAXXCAttributeWindowContextId for AX element pid: 42063, elementOrHash.elementID: 1389136836789547452.9999
2026-09-30 23:45:26.227 Df testmanagerd[88342:c7494b] [com.apple.dt.xctest:Default] Got attributes, transferring to dictionary for return.
2026-09-30 23:45:26.227 Df testmanagerd[88342:c7494b] [com.apple.dt.xctest:Default] Fetching AX attributes XC_kAXXCAttributeWindowDisplayId for AX element pid: 42128, elementOrHash.elementID: 5249215392.18
2026-09-30 23:45:26.227 Df testmanagerd[88342:c7494b] [com.apple.dt.xctest:Default] Got attributes, transferring to dictionary for return.
2026-09-30 23:45:26.227 Df testmanagerd[88342:c7494b] [com.apple.dt.xctest:Default] Fetching AX attributes XC_kAXXCAttributeWindowDisplayId for AX element pid: 42128, elementOrHash.elementID: 5249210720.5
2026-09-30 23:45:26.228 Df testmanagerd[88342:c7494b] [com.apple.dt.xctest:Default] Got attributes, transferring to dictionary for return.
2026-09-30 23:45:26.228 Df testmanagerd[88342:c7494b] [com.apple.dt.xctest:Default] Fetching AX attributes XC_kAXXCAttributeWindowDisplayId for AX element pid: 42128, elementOrHash.elementID: 5249214016.4
2026-09-30 23:45:26.228 Df testmanagerd[88342:c7494b] [com.apple.dt.xctest:Default] Got attributes, transferring to dictionary for return.
2026-09-30 23:45:26.228 Df testmanagerd[88342:c7494b] [com.apple.dt.xctest:Default] Fetching AX attributes XC_kAXXCAttributeWindowDisplayId for AX element pid: 42128, elementOrHash.elementID: 5243490848.3
2026-09-30 23:45:26.228 Df testmanagerd[88342:c7494b] [com.apple.dt.xctest:Default] Got attributes, transferring to dictionary for return.
2026-09-30 23:45:26.228 Df testmanagerd[88342:c7494b] [com.apple.dt.xctest:Default] Fetching AX attributes XC_kAXXCAttributeWindowDisplayId for AX element pid: 42063, elementOrHash.elementID: 1389136836789547452.9999
2026-09-30 23:45:26.228 Df testmanagerd[88342:c7494b] [com.apple.dt.xctest:Default] Got attributes, transferring to dictionary for return.
2026-09-30 23:45:26.229 Df testmanagerd[88342:c7494b] [com.apple.dt.xctest:Default] Fetching AX parameterized attribute 91505, parameter (
        {
        Height = 28;
        Width = 370;
        X = 16;
        Y = 305;
    },
    1688868969,
    1
) for Device system-wide element
2026-09-30 23:45:26.229 Df testmanagerd[88342:c7494b] [com.apple.dt.xctest:Default] Decoded {
    Height = 28;
    Width = 370;
    X = 16;
    Y = 305;
} to rect
2026-09-30 23:45:26.229 Df testmanagerd[88342:c7494b] [com.apple.dt.xctest:Default] Got AXElement for Device system-wide element: <AXUIElementRef 0x10478b510> {pid=0} {uid=[ID:1 hash:0x0]}
2026-09-30 23:45:26.229 Df testmanagerd[88342:c7494b] [com.apple.dt.xctest:Default] Value for parameterized attribute 91505: <AXValue 0x10466e2c0> {value = x:16.000000 y:305.000000 w:370.000000 h:28.000000 type = kAXValueCGRectType}
2026-09-30 23:45:26.230 Df testmanagerd[88342:c7494b] [com.apple.dt.xctest:Default] Fetching AX attributes XC_kAXXCAttributeWindowContextId for AX element pid: 42128, elementOrHash.elementID: 4413909056.20
2026-09-30 23:45:26.230 Df testmanagerd[88342:c7494b] [com.apple.dt.xctest:Default] Got attributes, transferring to dictionary for return.
2026-09-30 23:45:26.230 Df testmanagerd[88342:c7494b] [com.apple.dt.xctest:Default] Fetching AX attributes XC_kAXXCAttributeWindowContextId for AX element pid: 42128, elementOrHash.elementID: 5249215392.18
2026-09-30 23:45:26.230 Df testmanagerd[88342:c7494b] [com.apple.dt.xctest:Default] Got attributes, transferring to dictionary for return.
2026-09-30 23:45:26.230 Df testmanagerd[88342:c7494b] [com.apple.dt.xctest:Default] Fetching AX attributes XC_kAXXCAttributeWindowContextId for AX element pid: 42128, elementOrHash.elementID: 5249210720.5
2026-09-30 23:45:26.230 Df testmanagerd[88342:c7494b] [com.apple.dt.xctest:Default] Got attributes, transferring to dictionary for return.
2026-09-30 23:45:26.231 Df testmanagerd[88342:c7494b] [com.apple.dt.xctest:Default] Fetching AX attributes XC_kAXXCAttributeWindowContextId for AX element pid: 42128, elementOrHash.elementID: 5249214016.4
2026-09-30 23:45:26.231 Df testmanagerd[88342:c7494b] [com.apple.dt.xctest:Default] Got attributes, transferring to dictionary for return.
2026-09-30 23:45:26.231 Df testmanagerd[88342:c7494b] [com.apple.dt.xctest:Default] Fetching AX attributes XC_kAXXCAttributeWindowContextId for AX element pid: 42128, elementOrHash.elementID: 5243490848.3
2026-09-30 23:45:26.231 Df testmanagerd[88342:c7494b] [com.apple.dt.xctest:Default] Got attributes, transferring to dictionary for return.
2026-09-30 23:45:26.231 Df testmanagerd[88342:c7494b] [com.apple.dt.xctest:Default] Fetching AX attributes XC_kAXXCAttributeWindowContextId for AX element pid: 42063, elementOrHash.elementID: 1389136836789547452.9999
2026-09-30 23:45:26.231 Df testmanagerd[88342:c7494b] [com.apple.dt.xctest:Default] Got attributes, transferring to dictionary for return.
2026-09-30 23:45:26.232 Df testmanagerd[88342:c7494b] [com.apple.dt.xctest:Default] Fetching AX attributes XC_kAXXCAttributeWindowDisplayId for AX element pid: 42128, elementOrHash.elementID: 4413909056.20
2026-09-30 23:45:26.232 Df testmanagerd[88342:c7494b] [com.apple.dt.xctest:Default] Got attributes, transferring to dictionary for return.
2026-09-30 23:45:26.232 Df testmanagerd[88342:c7494b] [com.apple.dt.xctest:Default] Fetching AX attributes XC_kAXXCAttributeWindowDisplayId for AX element pid: 42128, elementOrHash.elementID: 5249215392.18
2026-09-30 23:45:26.232 Df testmanagerd[88342:c7494b] [com.apple.dt.xctest:Default] Got attributes, transferring to dictionary for return.
2026-09-30 23:45:26.232 Df testmanagerd[88342:c7494b] [com.apple.dt.xctest:Default] Fetching AX attributes XC_kAXXCAttributeWindowDisplayId for AX element pid: 42128, elementOrHash.elementID: 5249210720.5
2026-09-30 23:45:26.232 Df testmanagerd[88342:c7494b] [com.apple.dt.xctest:Default] Got attributes, transferring to dictionary for return.
2026-09-30 23:45:26.233 Df testmanagerd[88342:c7494b] [com.apple.dt.xctest:Default] Fetching AX attributes XC_kAXXCAttributeWindowDisplayId for AX element pid: 42128, elementOrHash.elementID: 5249214016.4
2026-09-30 23:45:26.233 Df testmanagerd[88342:c7494b] [com.apple.dt.xctest:Default] Got attributes, transferring to dictionary for return.
2026-09-30 23:45:26.233 Df testmanagerd[88342:c7494b] [com.apple.dt.xctest:Default] Fetching AX attributes XC_kAXXCAttributeWindowDisplayId for AX element pid: 42128, elementOrHash.elementID: 5243490848.3
2026-09-30 23:45:26.233 Df testmanagerd[88342:c7494b] [com.apple.dt.xctest:Default] Got attributes, transferring to dictionary for return.
2026-09-30 23:45:26.233 Df testmanagerd[88342:c7494b] [com.apple.dt.xctest:Default] Fetching AX attributes XC_kAXXCAttributeWindowDisplayId for AX element pid: 42063, elementOrHash.elementID: 1389136836789547452.9999
2026-09-30 23:45:26.233 Df testmanagerd[88342:c7494b] [com.apple.dt.xctest:Default] Got attributes, transferring to dictionary for return.
2026-09-30 23:45:26.233 Df testmanagerd[88342:c7494b] [com.apple.dt.xctest:Default] Fetching AX parameterized attribute 91505, parameter (
        {
        Height = 28;
        Width = 140;
        X = 16;
        Y = 305;
    },
    1688868969,
    1
) for Device system-wide element
2026-09-30 23:45:26.233 Df testmanagerd[88342:c7494b] [com.apple.dt.xctest:Default] Decoded {
    Height = 28;
    Width = 140;
    X = 16;
    Y = 305;
} to rect
2026-09-30 23:45:26.233 Df testmanagerd[88342:c7494b] [com.apple.dt.xctest:Default] Got AXElement for Device system-wide element: <AXUIElementRef 0x10478b510> {pid=0} {uid=[ID:1 hash:0x0]}
2026-09-30 23:45:26.234 Df testmanagerd[88342:c7494b] [com.apple.dt.xctest:Default] Value for parameterized attribute 91505: <AXValue 0x10466d440> {value = x:16.000000 y:305.000000 w:140.000000 h:28.000000 type = kAXValueCGRectType}
2026-09-30 23:45:26.234 Df testmanagerd[88342:c7494b] [com.apple.dt.xctest:Default] Fetching AX parameterized attribute 91505, parameter (
        {
        Height = 874;
        Width = 402;
        X = 0;
        Y = 0;
    },
    1688868969,
    1
) for Device system-wide element
2026-09-30 23:45:26.234 Df testmanagerd[88342:c7494b] [com.apple.dt.xctest:Default] Decoded {
    Height = 874;
    Width = 402;
    X = 0;
    Y = 0;
} to rect
2026-09-30 23:45:26.234 Df testmanagerd[88342:c7494b] [com.apple.dt.xctest:Default] Got AXElement for Device system-wide element: <AXUIElementRef 0x10478b510> {pid=0} {uid=[ID:1 hash:0x0]}
2026-09-30 23:45:26.234 Df testmanagerd[88342:c7494b] [com.apple.dt.xctest:Default] Value for parameterized attribute 91505: <AXValue 0x10466f100> {value = x:0.000000 y:0.000000 w:402.000000 h:874.000000 type = kAXValueCGRectType}
2026-09-30 23:45:26.235 Df testmanagerd[88342:c7494b] [com.apple.dt.xctest:Default] Fetching AX parameterized attribute 91505, parameter (
        {
        Height = 89;
        Width = 402;
        X = 0;
        Y = 0;
    },
    1688868969,
    1
) for Device system-wide element
2026-09-30 23:45:26.235 Df testmanagerd[88342:c7494b] [com.apple.dt.xctest:Default] Decoded {
    Height = 89;
    Width = 402;
    X = 0;
    Y = 0;
} to rect
2026-09-30 23:45:26.235 Df testmanagerd[88342:c7494b] [com.apple.dt.xctest:Default] Got AXElement for Device system-wide element: <AXUIElementRef 0x10478b510> {pid=0} {uid=[ID:1 hash:0x0]}
2026-09-30 23:45:26.235 Df testmanagerd[88342:c7494b] [com.apple.dt.xctest:Default] Value for parameterized attribute 91505: <AXValue 0x10466e2c0> {value = x:0.000000 y:0.000000 w:402.000000 h:89.000000 type = kAXValueCGRectType}
2026-09-30 23:45:26.236 Df testmanagerd[88342:c7494b] [com.apple.dt.xctest:Default] Fetching AX parameterized attribute 91505, parameter (
        {
        Height = 750;
        Width = 30;
        X = 369;
        Y = 62;
    },
    1688868969,
    1
) for Device system-wide element
2026-09-30 23:45:26.236 Df testmanagerd[88342:c7494b] [com.apple.dt.xctest:Default] Decoded {
    Height = 750;
    Width = 30;
    X = 369;
    Y = 62;
} to rect
2026-09-30 23:45:26.236 Df testmanagerd[88342:c7494b] [com.apple.dt.xctest:Default] Got AXElement for Device system-wide element: <AXUIElementRef 0x10478b510> {pid=0} {uid=[ID:1 hash:0x0]}
2026-09-30 23:45:26.236 Df testmanagerd[88342:c7494b] [com.apple.dt.xctest:Default] Value for parameterized attribute 91505: <AXValue 0x10466d440> {value = x:369.000000 y:62.000000 w:30.000000 h:750.000000 type = kAXValueCGRectType}
2026-09-30 23:45:26.237 Df testmanagerd[88342:c7494b] [com.apple.dt.xctest:Default] Fetching AX parameterized attribute 91505, parameter (
        {
        Height = 744;
        Width = 3;
        X = 396;
        Y = 65;
    },
    1688868969,
    1
) for Device system-wide element
2026-09-30 23:45:26.237 Df testmanagerd[88342:c7494b] [com.apple.dt.xctest:Default] Decoded {
    Height = 744;
    Width = 3;
    X = 396;
    Y = 65;
} to rect
2026-09-30 23:45:26.237 Df testmanagerd[88342:c7494b] [com.apple.dt.xctest:Default] Got AXElement for Device system-wide element: <AXUIElementRef 0x10478b510> {pid=0} {uid=[ID:1 hash:0x0]}
2026-09-30 23:45:26.237 Df testmanagerd[88342:c7494b] [com.apple.dt.xctest:Default] Value for parameterized attribute 91505: <AXValue 0x10466f100> {value = x:396.000000 y:65.000000 w:3.000000 h:744.000000 type = kAXValueCGRectType}
2026-09-30 23:45:26.237 Df testmanagerd[88342:c7494b] [com.apple.dt.xctest:Default] Fetching AX parameterized attribute 91505, parameter (
        {
        Height = 30;
        Width = 278;
        X = 62;
        Y = 841;
    },
    1688868969,
    1
) for Device system-wide element
2026-09-30 23:45:26.237 Df testmanagerd[88342:c7494b] [com.apple.dt.xctest:Default] Decoded {
    Height = 30;
    Width = 278;
    X = 62;
    Y = 841;
} to rect
2026-09-30 23:45:26.237 Df testmanagerd[88342:c7494b] [com.apple.dt.xctest:Default] Got AXElement for Device system-wide element: <AXUIElementRef 0x10478b510> {pid=0} {uid=[ID:1 hash:0x0]}
2026-09-30 23:45:26.237 Df testmanagerd[88342:c7494b] [com.apple.dt.xctest:Default] Value for parameterized attribute 91505: <AXValue 0x10466e2c0> {value = x:62.000000 y:841.000000 w:278.000000 h:30.000000 type = kAXValueCGRectType}
2026-09-30 23:45:26.238 Df testmanagerd[88342:c7494b] [com.apple.dt.xctest:Default] Fetching AX parameterized attribute 91505, parameter (
        {
        Height = 3;
        Width = 272;
        X = 65;
        Y = 868;
    },
    1688868969,
    1
) for Device system-wide element
2026-09-30 23:45:26.238 Df testmanagerd[88342:c7494b] [com.apple.dt.xctest:Default] Decoded {
    Height = 3;
    Width = 272;
    X = 65;
    Y = 868;
} to rect
2026-09-30 23:45:26.238 Df testmanagerd[88342:c7494b] [com.apple.dt.xctest:Default] Got AXElement for Device system-wide element: <AXUIElementRef 0x10478b510> {pid=0} {uid=[ID:1 hash:0x0]}
2026-09-30 23:45:26.238 Df testmanagerd[88342:c7494b] [com.apple.dt.xctest:Default] Value for parameterized attribute 91505: <AXValue 0x10466d440> {value = x:65.000000 y:868.000000 w:272.000000 h:3.000000 type = kAXValueCGRectType}
2026-09-30 23:45:26.239 Df testmanagerd[88342:c7494b] [com.apple.dt.xctest:Default] Fetching AX parameterized attribute 91505, parameter (
        {
        Height = 750;
        Width = 30;
        X = 369;
        Y = 62;
    },
    1688868969,
    1
) for Device system-wide element
2026-09-30 23:45:26.239 Df testmanagerd[88342:c7494b] [com.apple.dt.xctest:Default] Decoded {
    Height = 750;
    Width = 30;
    X = 369;
    Y = 62;
} to rect
2026-09-30 23:45:26.239 Df testmanagerd[88342:c7494b] [com.apple.dt.xctest:Default] Got AXElement for Device system-wide element: <AXUIElementRef 0x10478b510> {pid=0} {uid=[ID:1 hash:0x0]}
2026-09-30 23:45:26.239 Df testmanagerd[88342:c7494b] [com.apple.dt.xctest:Default] Value for parameterized attribute 91505: <AXValue 0x10466f100> {value = x:369.000000 y:62.000000 w:30.000000 h:750.000000 type = kAXValueCGRectType}
2026-09-30 23:45:26.240 Df testmanagerd[88342:c7494b] [com.apple.dt.xctest:Default] Fetching AX parameterized attribute 91505, parameter (
        {
        Height = 744;
        Width = 3;
        X = 396;
        Y = 65;
    },
    1688868969,
    1
) for Device system-wide element
2026-09-30 23:45:26.240 Df testmanagerd[88342:c7494b] [com.apple.dt.xctest:Default] Decoded {
    Height = 744;
    Width = 3;
    X = 396;
    Y = 65;
} to rect
2026-09-30 23:45:26.240 Df testmanagerd[88342:c7494b] [com.apple.dt.xctest:Default] Got AXElement for Device system-wide element: <AXUIElementRef 0x10478b510> {pid=0} {uid=[ID:1 hash:0x0]}
2026-09-30 23:45:26.240 Df testmanagerd[88342:c7494b] [com.apple.dt.xctest:Default] Value for parameterized attribute 91505: <AXValue 0x10466e2c0> {value = x:396.000000 y:65.000000 w:3.000000 h:744.000000 type = kAXValueCGRectType}
2026-09-30 23:45:26.241 Df testmanagerd[88342:c7494b] [com.apple.dt.xctest:Default] Fetching AX parameterized attribute 91505, parameter (
        {
        Height = 30;
        Width = 278;
        X = 62;
        Y = 841;
    },
    1688868969,
    1
) for Device system-wide element
2026-09-30 23:45:26.241 Df testmanagerd[88342:c7494b] [com.apple.dt.xctest:Default] Decoded {
    Height = 30;
    Width = 278;
    X = 62;
    Y = 841;
} to rect
2026-09-30 23:45:26.241 Df testmanagerd[88342:c7494b] [com.apple.dt.xctest:Default] Got AXElement for Device system-wide element: <AXUIElementRef 0x10478b510> {pid=0} {uid=[ID:1 hash:0x0]}
2026-09-30 23:45:26.241 Df testmanagerd[88342:c7494b] [com.apple.dt.xctest:Default] Value for parameterized attribute 91505: <AXValue 0x10466d440> {value = x:62.000000 y:841.000000 w:278.000000 h:30.000000 type = kAXValueCGRectType}
2026-09-30 23:45:26.241 Df testmanagerd[88342:c7494b] [com.apple.dt.xctest:Default] Fetching AX parameterized attribute 91505, parameter (
        {
        Height = 3;
        Width = 272;
        X = 65;
        Y = 868;
    },
    1688868969,
    1
) for Device system-wide element
2026-09-30 23:45:26.241 Df testmanagerd[88342:c7494b] [com.apple.dt.xctest:Default] Decoded {
    Height = 3;
    Width = 272;
    X = 65;
    Y = 868;
} to rect
2026-09-30 23:45:26.241 Df testmanagerd[88342:c7494b] [com.apple.dt.xctest:Default] Got AXElement for Device system-wide element: <AXUIElementRef 0x10478b510> {pid=0} {uid=[ID:1 hash:0x0]}
2026-09-30 23:45:26.241 Df testmanagerd[88342:c7494b] [com.apple.dt.xctest:Default] Value for parameterized attribute 91505: <AXValue 0x10466f100> {value = x:65.000000 y:868.000000 w:272.000000 h:3.000000 type = kAXValueCGRectType}
2026-09-30 23:45:26.242 Df testmanagerd[88342:c7494b] [com.apple.dt.xctest:Default] Fetching AX parameterized attribute 91505, parameter (
        {
        Height = 30;
        Width = 278;
        X = 62;
        Y = 841;
    },
    1688868969,
    1
) for Device system-wide element
2026-09-30 23:45:26.242 Df testmanagerd[88342:c7494b] [com.apple.dt.xctest:Default] Decoded {
    Height = 30;
    Width = 278;
    X = 62;
    Y = 841;
} to rect
2026-09-30 23:45:26.242 Df testmanagerd[88342:c7494b] [com.apple.dt.xctest:Default] Got AXElement for Device system-wide element: <AXUIElementRef 0x10478b510> {pid=0} {uid=[ID:1 hash:0x0]}
2026-09-30 23:45:26.242 Df testmanagerd[88342:c7494b] [com.apple.dt.xctest:Default] Value for parameterized attribute 91505: <AXValue 0x10466e2c0> {value = x:62.000000 y:841.000000 w:278.000000 h:30.000000 type = kAXValueCGRectType}
2026-09-30 23:45:26.243 Df testmanagerd[88342:c7494b] [com.apple.dt.xctest:Default] Fetching AX parameterized attribute 91505, parameter (
        {
        Height = 3;
        Width = 7;
        X = "334.3333333333333";
        Y = 868;
    },
    1688868969,
    1
) for Device system-wide element
2026-09-30 23:45:26.243 Df testmanagerd[88342:c7494b] [com.apple.dt.xctest:Default] Decoded {
    Height = 3;
    Width = 7;
    X = "334.3333333333333";
    Y = 868;
} to rect
2026-09-30 23:45:26.243 Df testmanagerd[88342:c7494b] [com.apple.dt.xctest:Default] Got AXElement for Device system-wide element: <AXUIElementRef 0x10478b510> {pid=0} {uid=[ID:1 hash:0x0]}
2026-09-30 23:45:26.243 Df testmanagerd[88342:c7494b] [com.apple.dt.xctest:Default] Value for parameterized attribute 91505: <AXValue 0x10466d440> {value = x:334.333333 y:868.000000 w:7.000000 h:3.000000 type = kAXValueCGRectType}
2026-09-30 23:45:26.244 Df testmanagerd[88342:c7494b] [com.apple.dt.xctest:Default] Fetching AX parameterized attribute 91505, parameter (
        {
        Height = 30;
        Width = 278;
        X = 62;
        Y = 841;
    },
    1688868969,
    1
) for Device system-wide element
2026-09-30 23:45:26.244 Df testmanagerd[88342:c7494b] [com.apple.dt.xctest:Default] Decoded {
    Height = 30;
    Width = 278;
    X = 62;
    Y = 841;
} to rect
2026-09-30 23:45:26.244 Df testmanagerd[88342:c7494b] [com.apple.dt.xctest:Default] Got AXElement for Device system-wide element: <AXUIElementRef 0x10478b510> {pid=0} {uid=[ID:1 hash:0x0]}
2026-09-30 23:45:26.244 Df testmanagerd[88342:c7494b] [com.apple.dt.xctest:Default] Value for parameterized attribute 91505: <AXValue 0x10466f100> {value = x:62.000000 y:841.000000 w:278.000000 h:30.000000 type = kAXValueCGRectType}
2026-09-30 23:45:26.245 Df testmanagerd[88342:c7494b] [com.apple.dt.xctest:Default] Fetching AX parameterized attribute 91505, parameter (
        {
        Height = 3;
        Width = 7;
        X = "334.3333333333333";
        Y = 868;
    },
    1688868969,
    1
) for Device system-wide element
2026-09-30 23:45:26.245 Df testmanagerd[88342:c7494b] [com.apple.dt.xctest:Default] Decoded {
    Height = 3;
    Width = 7;
    X = "334.3333333333333";
    Y = 868;
} to rect
2026-09-30 23:45:26.245 Df testmanagerd[88342:c7494b] [com.apple.dt.xctest:Default] Got AXElement for Device system-wide element: <AXUIElementRef 0x10478b510> {pid=0} {uid=[ID:1 hash:0x0]}
2026-09-30 23:45:26.245 Df testmanagerd[88342:c7494b] [com.apple.dt.xctest:Default] Value for parameterized attribute 91505: <AXValue 0x10466e2c0> {value = x:334.333333 y:868.000000 w:7.000000 h:3.000000 type = kAXValueCGRectType}
2026-09-30 23:45:26.245 Df testmanagerd[88342:c7494b] [com.apple.dt.xctest:Default] Fetching AX parameterized attribute 91505, parameter (
        {
        Height = 874;
        Width = 402;
        X = 0;
        Y = 0;
    },
    1688868969,
    1
) for Device system-wide element
2026-09-30 23:45:26.245 Df testmanagerd[88342:c7494b] [com.apple.dt.xctest:Default] Decoded {
    Height = 874;
    Width = 402;
    X = 0;
    Y = 0;
} to rect
2026-09-30 23:45:26.245 Df testmanagerd[88342:c7494b] [com.apple.dt.xctest:Default] Got AXElement for Device system-wide element: <AXUIElementRef 0x10478b510> {pid=0} {uid=[ID:1 hash:0x0]}
2026-09-30 23:45:26.245 Df testmanagerd[88342:c7494b] [com.apple.dt.xctest:Default] Value for parameterized attribute 91505: <AXValue 0x10466d440> {value = x:0.000000 y:0.000000 w:402.000000 h:874.000000 type = kAXValueCGRectType}
2026-09-30 23:45:26.246 Df testmanagerd[88342:c7494b] [com.apple.dt.xctest:Default] Fetching AX parameterized attribute 91505, parameter (
        {
        Height = 98;
        Width = 402;
        X = 0;
        Y = 776;
    },
    1688868969,
    1
) for Device system-wide element
2026-09-30 23:45:26.246 Df testmanagerd[88342:c7494b] [com.apple.dt.xctest:Default] Decoded {
    Height = 98;
    Width = 402;
    X = 0;
    Y = 776;
} to rect
2026-09-30 23:45:26.246 Df testmanagerd[88342:c7494b] [com.apple.dt.xctest:Default] Got AXElement for Device system-wide element: <AXUIElementRef 0x10478b510> {pid=0} {uid=[ID:1 hash:0x0]}
2026-09-30 23:45:26.246 Df testmanagerd[88342:c7494b] [com.apple.dt.xctest:Default] Value for parameterized attribute 91505: <AXValue 0x10466f100> {value = x:0.000000 y:776.000000 w:402.000000 h:98.000000 type = kAXValueCGRectType}
2026-09-30 23:45:26.247 Df testmanagerd[88342:c7494b] [com.apple.dt.xctest:Default] Fetching AX parameterized attribute 91505, parameter (
        {
        Height = 98;
        Width = 402;
        X = 0;
        Y = 776;
    },
    1688868969,
    1
) for Device system-wide element
2026-09-30 23:45:26.247 Df testmanagerd[88342:c7494b] [com.apple.dt.xctest:Default] Decoded {
    Height = 98;
    Width = 402;
    X = 0;
    Y = 776;
} to rect
2026-09-30 23:45:26.247 Df testmanagerd[88342:c7494b] [com.apple.dt.xctest:Default] Got AXElement for Device system-wide element: <AXUIElementRef 0x10478b510> {pid=0} {uid=[ID:1 hash:0x0]}
2026-09-30 23:45:26.247 Df testmanagerd[88342:c7494b] [com.apple.dt.xctest:Default] Value for parameterized attribute 91505: <AXValue 0x10466e2c0> {value = x:0.000000 y:776.000000 w:402.000000 h:98.000000 type = kAXValueCGRectType}
2026-09-30 23:45:26.248 Df testmanagerd[88342:c7494b] [com.apple.dt.xctest:Default] Fetching AX parameterized attribute 91505, parameter (
        {
        Height = 98;
        Width = 402;
        X = 0;
        Y = 776;
    },
    1688868969,
    1
) for Device system-wide element
2026-09-30 23:45:26.248 Df testmanagerd[88342:c7494b] [com.apple.dt.xctest:Default] Decoded {
    Height = 98;
    Width = 402;
    X = 0;
    Y = 776;
} to rect
2026-09-30 23:45:26.248 Df testmanagerd[88342:c7494b] [com.apple.dt.xctest:Default] Got AXElement for Device system-wide element: <AXUIElementRef 0x10478b510> {pid=0} {uid=[ID:1 hash:0x0]}
2026-09-30 23:45:26.248 Df testmanagerd[88342:c7494b] [com.apple.dt.xctest:Default] Value for parameterized attribute 91505: <AXValue 0x10466d440> {value = x:0.000000 y:776.000000 w:402.000000 h:98.000000 type = kAXValueCGRectType}
2026-09-30 23:45:26.249 Df testmanagerd[88342:c7494b] [com.apple.dt.xctest:Default] Fetching AX parameterized attribute 91505, parameter (
        {
        Height = 98;
        Width = 402;
        X = 0;
        Y = 776;
    },
    1688868969,
    1
) for Device system-wide element
2026-09-30 23:45:26.249 Df testmanagerd[88342:c7494b] [com.apple.dt.xctest:Default] Decoded {
    Height = 98;
    Width = 402;
    X = 0;
    Y = 776;
} to rect
2026-09-30 23:45:26.249 Df testmanagerd[88342:c7494b] [com.apple.dt.xctest:Default] Got AXElement for Device system-wide element: <AXUIElementRef 0x10478b510> {pid=0} {uid=[ID:1 hash:0x0]}
2026-09-30 23:45:26.249 Df testmanagerd[88342:c7494b] [com.apple.dt.xctest:Default] Value for parameterized attribute 91505: <AXValue 0x10466f100> {value = x:0.000000 y:776.000000 w:402.000000 h:98.000000 type = kAXValueCGRectType}
2026-09-30 23:45:26.249 Df testmanagerd[88342:c7494b] [com.apple.dt.xctest:Default] Fetching AX parameterized attribute 91505, parameter (
        {
        Height = 98;
        Width = 402;
        X = 0;
        Y = 776;
    },
    1688868969,
    1
) for Device system-wide element
2026-09-30 23:45:26.249 Df testmanagerd[88342:c7494b] [com.apple.dt.xctest:Default] Decoded {
    Height = 98;
    Width = 402;
    X = 0;
    Y = 776;
} to rect
2026-09-30 23:45:26.249 Df testmanagerd[88342:c7494b] [com.apple.dt.xctest:Default] Got AXElement for Device system-wide element: <AXUIElementRef 0x10478b510> {pid=0} {uid=[ID:1 hash:0x0]}
2026-09-30 23:45:26.249 Df testmanagerd[88342:c7494b] [com.apple.dt.xctest:Default] Value for parameterized attribute 91505: <AXValue 0x10466e2c0> {value = x:0.000000 y:776.000000 w:402.000000 h:98.000000 type = kAXValueCGRectType}
2026-09-30 23:45:26.250 Df testmanagerd[88342:c7494b] [com.apple.dt.xctest:Default] Fetching AX parameterized attribute 91505, parameter (
        {
        Height = 98;
        Width = 402;
        X = 0;
        Y = 776;
    },
    1688868969,
    1
) for Device system-wide element
2026-09-30 23:45:26.250 Df testmanagerd[88342:c7494b] [com.apple.dt.xctest:Default] Decoded {
    Height = 98;
    Width = 402;
    X = 0;
    Y = 776;
} to rect
2026-09-30 23:45:26.250 Df testmanagerd[88342:c7494b] [com.apple.dt.xctest:Default] Got AXElement for Device system-wide element: <AXUIElementRef 0x10478b510> {pid=0} {uid=[ID:1 hash:0x0]}
2026-09-30 23:45:26.250 Df testmanagerd[88342:c7494b] [com.apple.dt.xctest:Default] Value for parameterized attribute 91505: <AXValue 0x10466d440> {value = x:0.000000 y:776.000000 w:402.000000 h:98.000000 type = kAXValueCGRectType}
2026-09-30 23:45:26.251 Df testmanagerd[88342:c7494b] [com.apple.dt.xctest:Default] Fetching AX parameterized attribute 91505, parameter (
        {
        Height = 98;
        Width = 402;
        X = 0;
        Y = 776;
    },
    1688868969,
    1
) for Device system-wide element
2026-09-30 23:45:26.251 Df testmanagerd[88342:c7494b] [com.apple.dt.xctest:Default] Decoded {
    Height = 98;
    Width = 402;
    X = 0;
    Y = 776;
} to rect
2026-09-30 23:45:26.251 Df testmanagerd[88342:c7494b] [com.apple.dt.xctest:Default] Got AXElement for Device system-wide element: <AXUIElementRef 0x10478b510> {pid=0} {uid=[ID:1 hash:0x0]}
2026-09-30 23:45:26.251 Df testmanagerd[88342:c7494b] [com.apple.dt.xctest:Default] Value for parameterized attribute 91505: <AXValue 0x10466f100> {value = x:0.000000 y:776.000000 w:402.000000 h:98.000000 type = kAXValueCGRectType}
2026-09-30 23:45:26.252 Df testmanagerd[88342:c7494b] [com.apple.dt.xctest:Default] Fetching AX parameterized attribute 91505, parameter (
        {
        Height = 98;
        Width = 402;
        X = 0;
        Y = 776;
    },
    1688868969,
    1
) for Device system-wide element
2026-09-30 23:45:26.252 Df testmanagerd[88342:c7494b] [com.apple.dt.xctest:Default] Decoded {
    Height = 98;
    Width = 402;
    X = 0;
    Y = 776;
} to rect
2026-09-30 23:45:26.252 Df testmanagerd[88342:c7494b] [com.apple.dt.xctest:Default] Got AXElement for Device system-wide element: <AXUIElementRef 0x10478b510> {pid=0} {uid=[ID:1 hash:0x0]}
2026-09-30 23:45:26.252 Df testmanagerd[88342:c7494b] [com.apple.dt.xctest:Default] Value for parameterized attribute 91505: <AXValue 0x10466e2c0> {value = x:0.000000 y:776.000000 w:402.000000 h:98.000000 type = kAXValueCGRectType}
2026-09-30 23:45:26.253 Df testmanagerd[88342:c7494b] [com.apple.dt.xctest:Default] Fetching AX parameterized attribute 91505, parameter (
        {
        Height = 98;
        Width = 402;
        X = 0;
        Y = 776;
    },
    1688868969,
    1
) for Device system-wide element
2026-09-30 23:45:26.253 Df testmanagerd[88342:c7494b] [com.apple.dt.xctest:Default] Decoded {
    Height = 98;
    Width = 402;
    X = 0;
    Y = 776;
} to rect
2026-09-30 23:45:26.253 Df testmanagerd[88342:c7494b] [com.apple.dt.xctest:Default] Got AXElement for Device system-wide element: <AXUIElementRef 0x10478b510> {pid=0} {uid=[ID:1 hash:0x0]}
2026-09-30 23:45:26.253 Df testmanagerd[88342:c7494b] [com.apple.dt.xctest:Default] Value for parameterized attribute 91505: <AXValue 0x10466d440> {value = x:0.000000 y:776.000000 w:402.000000 h:98.000000 type = kAXValueCGRectType}
2026-09-30 23:45:26.253 Df testmanagerd[88342:c7494b] [com.apple.dt.xctest:Default] Fetching AX parameterized attribute 91505, parameter (
        {
        Height = 48;
        Width = 48;
        X = 34;
        Y = 792;
    },
    1688868969,
    1
) for Device system-wide element
2026-09-30 23:45:26.253 Df testmanagerd[88342:c7494b] [com.apple.dt.xctest:Default] Decoded {
    Height = 48;
    Width = 48;
    X = 34;
    Y = 792;
} to rect
2026-09-30 23:45:26.253 Df testmanagerd[88342:c7494b] [com.apple.dt.xctest:Default] Got AXElement for Device system-wide element: <AXUIElementRef 0x10478b510> {pid=0} {uid=[ID:1 hash:0x0]}
2026-09-30 23:45:26.253 Df testmanagerd[88342:c7494b] [com.apple.dt.xctest:Default] Value for parameterized attribute 91505: <AXValue 0x10466f100> {value = x:34.000000 y:792.000000 w:48.000000 h:48.000000 type = kAXValueCGRectType}
2026-09-30 23:45:26.254 Df testmanagerd[88342:c7494b] [com.apple.dt.xctest:Default] Fetching AX parameterized attribute 91505, parameter (
        {
        Height = 48;
        Width = 48;
        X = 34;
        Y = 792;
    },
    1688868969,
    1
) for Device system-wide element
2026-09-30 23:45:26.254 Df testmanagerd[88342:c7494b] [com.apple.dt.xctest:Default] Decoded {
    Height = 48;
    Width = 48;
    X = 34;
    Y = 792;
} to rect
2026-09-30 23:45:26.254 Df testmanagerd[88342:c7494b] [com.apple.dt.xctest:Default] Got AXElement for Device system-wide element: <AXUIElementRef 0x10478b510> {pid=0} {uid=[ID:1 hash:0x0]}
2026-09-30 23:45:26.254 Df testmanagerd[88342:c7494b] [com.apple.dt.xctest:Default] Value for parameterized attribute 91505: <AXValue 0x10466e2c0> {value = x:34.000000 y:792.000000 w:48.000000 h:48.000000 type = kAXValueCGRectType}
2026-09-30 23:45:26.255 Df testmanagerd[88342:c7494b] [com.apple.dt.xctest:Default] Fetching AX parameterized attribute 91505, parameter (
        {
        Height = 48;
        Width = 48;
        X = 34;
        Y = 792;
    },
    1688868969,
    1
) for Device system-wide element
2026-09-30 23:45:26.255 Df testmanagerd[88342:c7494b] [com.apple.dt.xctest:Default] Decoded {
    Height = 48;
    Width = 48;
    X = 34;
    Y = 792;
} to rect
2026-09-30 23:45:26.255 Df testmanagerd[88342:c7494b] [com.apple.dt.xctest:Default] Got AXElement for Device system-wide element: <AXUIElementRef 0x10478b510> {pid=0} {uid=[ID:1 hash:0x0]}
2026-09-30 23:45:26.255 Df testmanagerd[88342:c7494b] [com.apple.dt.xctest:Default] Value for parameterized attribute 91505: <AXValue 0x10466d440> {value = x:34.000000 y:792.000000 w:48.000000 h:48.000000 type = kAXValueCGRectType}
2026-09-30 23:45:26.256 Df testmanagerd[88342:c7494b] [com.apple.dt.xctest:Default] Fetching AX parameterized attribute 91505, parameter (
        {
        Height = 48;
        Width = 222;
        X = 90;
        Y = 792;
    },
    1688868969,
    1
) for Device system-wide element
2026-09-30 23:45:26.256 Df testmanagerd[88342:c7494b] [com.apple.dt.xctest:Default] Decoded {
    Height = 48;
    Width = 222;
    X = 90;
    Y = 792;
} to rect
2026-09-30 23:45:26.256 Df testmanagerd[88342:c7494b] [com.apple.dt.xctest:Default] Got AXElement for Device system-wide element: <AXUIElementRef 0x10478b510> {pid=0} {uid=[ID:1 hash:0x0]}
2026-09-30 23:45:26.256 Df testmanagerd[88342:c7494b] [com.apple.dt.xctest:Default] Value for parameterized attribute 91505: <AXValue 0x10466f100> {value = x:90.000000 y:792.000000 w:222.000000 h:48.000000 type = kAXValueCGRectType}
2026-09-30 23:45:26.256 Df testmanagerd[88342:c7494b] [com.apple.dt.xctest:Default] Fetching AX parameterized attribute 91505, parameter (
        {
        Height = 48;
        Width = 222;
        X = 90;
        Y = 792;
    },
    1688868969,
    1
) for Device system-wide element
2026-09-30 23:45:26.256 Df testmanagerd[88342:c7494b] [com.apple.dt.xctest:Default] Decoded {
    Height = 48;
    Width = 222;
    X = 90;
    Y = 792;
} to rect
2026-09-30 23:45:26.256 Df testmanagerd[88342:c7494b] [com.apple.dt.xctest:Default] Got AXElement for Device system-wide element: <AXUIElementRef 0x10478b510> {pid=0} {uid=[ID:1 hash:0x0]}
2026-09-30 23:45:26.257 Df testmanagerd[88342:c7494b] [com.apple.dt.xctest:Default] Value for parameterized attribute 91505: <AXValue 0x10466e2c0> {value = x:90.000000 y:792.000000 w:222.000000 h:48.000000 type = kAXValueCGRectType}
2026-09-30 23:45:26.257 Df testmanagerd[88342:c7494b] [com.apple.dt.xctest:Default] Fetching AX parameterized attribute 91505, parameter (
        {
        Height = 48;
        Width = 222;
        X = 90;
        Y = 792;
    },
    1688868969,
    1
) for Device system-wide element
2026-09-30 23:45:26.257 Df testmanagerd[88342:c7494b] [com.apple.dt.xctest:Default] Decoded {
    Height = 48;
    Width = 222;
    X = 90;
    Y = 792;
} to rect
2026-09-30 23:45:26.257 Df testmanagerd[88342:c7494b] [com.apple.dt.xctest:Default] Got AXElement for Device system-wide element: <AXUIElementRef 0x10478b510> {pid=0} {uid=[ID:1 hash:0x0]}
2026-09-30 23:45:26.257 Df testmanagerd[88342:c7494b] [com.apple.dt.xctest:Default] Value for parameterized attribute 91505: <AXValue 0x10466d440> {value = x:90.000000 y:792.000000 w:222.000000 h:48.000000 type = kAXValueCGRectType}
2026-09-30 23:45:26.258 Df testmanagerd[88342:c7494b] [com.apple.dt.xctest:Default] Fetching AX parameterized attribute 91505, parameter (
        {
        Height = 48;
        Width = 222;
        X = 90;
        Y = 792;
    },
    1688868969,
    1
) for Device system-wide element
2026-09-30 23:45:26.258 Df testmanagerd[88342:c7494b] [com.apple.dt.xctest:Default] Decoded {
    Height = 48;
    Width = 222;
    X = 90;
    Y = 792;
} to rect
2026-09-30 23:45:26.258 Df testmanagerd[88342:c7494b] [com.apple.dt.xctest:Default] Got AXElement for Device system-wide element: <AXUIElementRef 0x10478b510> {pid=0} {uid=[ID:1 hash:0x0]}
2026-09-30 23:45:26.258 Df testmanagerd[88342:c7494b] [com.apple.dt.xctest:Default] Value for parameterized attribute 91505: <AXValue 0x10466f100> {value = x:90.000000 y:792.000000 w:222.000000 h:48.000000 type = kAXValueCGRectType}
2026-09-30 23:45:26.259 Df testmanagerd[88342:c7494b] [com.apple.dt.xctest:Default] Fetching AX parameterized attribute 91505, parameter (
        {
        Height = 48;
        Width = 48;
        X = 90;
        Y = 792;
    },
    1688868969,
    1
) for Device system-wide element
2026-09-30 23:45:26.259 Df testmanagerd[88342:c7494b] [com.apple.dt.xctest:Default] Decoded {
    Height = 48;
    Width = 48;
    X = 90;
    Y = 792;
} to rect
2026-09-30 23:45:26.259 Df testmanagerd[88342:c7494b] [com.apple.dt.xctest:Default] Got AXElement for Device system-wide element: <AXUIElementRef 0x10478b510> {pid=0} {uid=[ID:1 hash:0x0]}
2026-09-30 23:45:26.259 Df testmanagerd[88342:c7494b] [com.apple.dt.xctest:Default] Value for parameterized attribute 91505: <AXValue 0x10466e2c0> {value = x:90.000000 y:792.000000 w:48.000000 h:48.000000 type = kAXValueCGRectType}
2026-09-30 23:45:26.260 Df testmanagerd[88342:c7494b] [com.apple.dt.xctest:Default] Fetching AX parameterized attribute 91505, parameter (
        {
        Height = "20.33333333333337";
        Width = 71;
        X = "165.6666666666667";
        Y = 806;
    },
    1688868969,
    1
) for Device system-wide element
2026-09-30 23:45:26.260 Df testmanagerd[88342:c7494b] [com.apple.dt.xctest:Default] Decoded {
    Height = "20.33333333333337";
    Width = 71;
    X = "165.6666666666667";
    Y = 806;
} to rect
2026-09-30 23:45:26.260 Df testmanagerd[88342:c7494b] [com.apple.dt.xctest:Default] Got AXElement for Device system-wide element: <AXUIElementRef 0x10478b510> {pid=0} {uid=[ID:1 hash:0x0]}
2026-09-30 23:45:26.260 Df testmanagerd[88342:c7494b] [com.apple.dt.xctest:Default] Value for parameterized attribute 91505: <AXValue 0x10466d440> {value = x:165.666667 y:806.000000 w:71.000000 h:20.333333 type = kAXValueCGRectType}
2026-09-30 23:45:26.260 Df testmanagerd[88342:c7494b] [com.apple.dt.xctest:Default] Fetching AX parameterized attribute 91505, parameter (
        {
        Height = 21;
        Width = "17.66666666666669";
        X = "281.3333333333334";
        Y = "805.6666666666666";
    },
    1688868969,
    1
) for Device system-wide element
2026-09-30 23:45:26.260 Df testmanagerd[88342:c7494b] [com.apple.dt.xctest:Default] Decoded {
    Height = 21;
    Width = "17.66666666666669";
    X = "281.3333333333334";
    Y = "805.6666666666666";
} to rect
2026-09-30 23:45:26.260 Df testmanagerd[88342:c7494b] [com.apple.dt.xctest:Default] Got AXElement for Device system-wide element: <AXUIElementRef 0x10478b510> {pid=0} {uid=[ID:1 hash:0x0]}
2026-09-30 23:45:26.261 Df testmanagerd[88342:c7494b] [com.apple.dt.xctest:Default] Value for parameterized attribute 91505: <AXValue 0x10466f100> {value = x:281.333333 y:805.666667 w:17.666667 h:21.000000 type = kAXValueCGRectType}
2026-09-30 23:45:26.261 Df testmanagerd[88342:c7494b] [com.apple.dt.xctest:Default] Fetching AX parameterized attribute 91505, parameter (
        {
        Height = 48;
        Width = 48;
        X = 320;
        Y = 792;
    },
    1688868969,
    1
) for Device system-wide element
2026-09-30 23:45:26.261 Df testmanagerd[88342:c7494b] [com.apple.dt.xctest:Default] Decoded {
    Height = 48;
    Width = 48;
    X = 320;
    Y = 792;
} to rect
2026-09-30 23:45:26.261 Df testmanagerd[88342:c7494b] [com.apple.dt.xctest:Default] Got AXElement for Device system-wide element: <AXUIElementRef 0x10478b510> {pid=0} {uid=[ID:1 hash:0x0]}
2026-09-30 23:45:26.261 Df testmanagerd[88342:c7494b] [com.apple.dt.xctest:Default] Value for parameterized attribute 91505: <AXValue 0x10466e2c0> {value = x:320.000000 y:792.000000 w:48.000000 h:48.000000 type = kAXValueCGRectType}
2026-09-30 23:45:26.262 Df testmanagerd[88342:c7494b] [com.apple.dt.xctest:Default] Fetching AX parameterized attribute 91505, parameter (
        {
        Height = 48;
        Width = 48;
        X = 320;
        Y = 792;
    },
    1688868969,
    1
) for Device system-wide element
2026-09-30 23:45:26.262 Df testmanagerd[88342:c7494b] [com.apple.dt.xctest:Default] Decoded {
    Height = 48;
    Width = 48;
    X = 320;
    Y = 792;
} to rect
2026-09-30 23:45:26.262 Df testmanagerd[88342:c7494b] [com.apple.dt.xctest:Default] Got AXElement for Device system-wide element: <AXUIElementRef 0x10478b510> {pid=0} {uid=[ID:1 hash:0x0]}
2026-09-30 23:45:26.262 Df testmanagerd[88342:c7494b] [com.apple.dt.xctest:Default] Value for parameterized attribute 91505: <AXValue 0x10466d440> {value = x:320.000000 y:792.000000 w:48.000000 h:48.000000 type = kAXValueCGRectType}
2026-09-30 23:45:26.263 Df testmanagerd[88342:c7494b] [com.apple.dt.xctest:Default] Fetching AX parameterized attribute 91505, parameter (
        {
        Height = 48;
        Width = 48;
        X = 320;
        Y = 792;
    },
    1688868969,
    1
) for Device system-wide element
2026-09-30 23:45:26.263 Df testmanagerd[88342:c7494b] [com.apple.dt.xctest:Default] Decoded {
    Height = 48;
    Width = 48;
    X = 320;
    Y = 792;
} to rect
2026-09-30 23:45:26.263 Df testmanagerd[88342:c7494b] [com.apple.dt.xctest:Default] Got AXElement for Device system-wide element: <AXUIElementRef 0x10478b510> {pid=0} {uid=[ID:1 hash:0x0]}
2026-09-30 23:45:26.263 Df testmanagerd[88342:c7494b] [com.apple.dt.xctest:Default] Value for parameterized attribute 91505: <AXValue 0x10466f100> {value = x:320.000000 y:792.000000 w:48.000000 h:48.000000 type = kAXValueCGRectType}
2026-09-30 23:45:26.264 Df testmanagerd[88342:c7494b] [com.apple.dt.xctest:Default] Fetching AX parameterized attribute 91505, parameter (
        {
        Height = 874;
        Width = 402;
        X = 0;
        Y = 0;
    },
    1688868969,
    1
) for Device system-wide element
2026-09-30 23:45:26.264 Df testmanagerd[88342:c7494b] [com.apple.dt.xctest:Default] Decoded {
    Height = 874;
    Width = 402;
    X = 0;
    Y = 0;
} to rect
2026-09-30 23:45:26.264 Df testmanagerd[88342:c7494b] [com.apple.dt.xctest:Default] Got AXElement for Device system-wide element: <AXUIElementRef 0x10478b510> {pid=0} {uid=[ID:1 hash:0x0]}
2026-09-30 23:45:26.264 Df testmanagerd[88342:c7494b] [com.apple.dt.xctest:Default] Value for parameterized attribute 91505: <AXValue 0x10466e2c0> {value = x:0.000000 y:0.000000 w:402.000000 h:874.000000 type = kAXValueCGRectType}
2026-09-30 23:45:26.265 Df testmanagerd[88342:c7494b] [com.apple.dt.xctest:Default] Fetching AX parameterized attribute 91505, parameter (
        {
        Height = 874;
        Width = 402;
        X = 0;
        Y = 0;
    },
    1688868969,
    1
) for Device system-wide element
2026-09-30 23:45:26.265 Df testmanagerd[88342:c7494b] [com.apple.dt.xctest:Default] Decoded {
    Height = 874;
    Width = 402;
    X = 0;
    Y = 0;
} to rect
2026-09-30 23:45:26.265 Df testmanagerd[88342:c7494b] [com.apple.dt.xctest:Default] Got AXElement for Device system-wide element: <AXUIElementRef 0x10478b510> {pid=0} {uid=[ID:1 hash:0x0]}
2026-09-30 23:45:26.265 Df testmanagerd[88342:c7494b] [com.apple.dt.xctest:Default] Value for parameterized attribute 91505: <AXValue 0x10466d440> {value = x:0.000000 y:0.000000 w:402.000000 h:874.000000 type = kAXValueCGRectType}
2026-09-30 23:45:26.265 Df testmanagerd[88342:c7494b] [com.apple.dt.xctest:Default] Fetching AX parameterized attribute 91505, parameter (
        {
        Height = 874;
        Width = 402;
        X = 0;
        Y = 0;
    },
    1688868969,
    1
) for Device system-wide element
2026-09-30 23:45:26.265 Df testmanagerd[88342:c7494b] [com.apple.dt.xctest:Default] Decoded {
    Height = 874;
    Width = 402;
    X = 0;
    Y = 0;
} to rect
2026-09-30 23:45:26.265 Df testmanagerd[88342:c7494b] [com.apple.dt.xctest:Default] Got AXElement for Device system-wide element: <AXUIElementRef 0x10478b510> {pid=0} {uid=[ID:1 hash:0x0]}
2026-09-30 23:45:26.265 Df testmanagerd[88342:c7494b] [com.apple.dt.xctest:Default] Value for parameterized attribute 91505: <AXValue 0x10466f100> {value = x:0.000000 y:0.000000 w:402.000000 h:874.000000 type = kAXValueCGRectType}
2026-09-30 23:45:26.266 Df testmanagerd[88342:c7494b] [com.apple.dt.xctest:Default] Fetching AX parameterized attribute 91505, parameter (
        {
        Height = 874;
        Width = 402;
        X = 0;
        Y = 0;
    },
    1688868969,
    1
) for Device system-wide element
2026-09-30 23:45:26.266 Df testmanagerd[88342:c7494b] [com.apple.dt.xctest:Default] Decoded {
    Height = 874;
    Width = 402;
    X = 0;
    Y = 0;
} to rect
2026-09-30 23:45:26.266 Df testmanagerd[88342:c7494b] [com.apple.dt.xctest:Default] Got AXElement for Device system-wide element: <AXUIElementRef 0x10478b510> {pid=0} {uid=[ID:1 hash:0x0]}
2026-09-30 23:45:26.266 Df testmanagerd[88342:c7494b] [com.apple.dt.xctest:Default] Value for parameterized attribute 91505: <AXValue 0x10466e2c0> {value = x:0.000000 y:0.000000 w:402.000000 h:874.000000 type = kAXValueCGRectType}
2026-09-30 23:45:26.267 Df testmanagerd[88342:c7494b] [com.apple.dt.xctest:Default] Fetching AX parameterized attribute 91505, parameter (
        {
        Height = 1748;
        Width = 804;
        X = 0;
        Y = 0;
    },
    1688868969,
    1
) for Device system-wide element
2026-09-30 23:45:26.267 Df testmanagerd[88342:c7494b] [com.apple.dt.xctest:Default] Decoded {
    Height = 1748;
    Width = 804;
    X = 0;
    Y = 0;
} to rect
2026-09-30 23:45:26.267 Df testmanagerd[88342:c7494b] [com.apple.dt.xctest:Default] Got AXElement for Device system-wide element: <AXUIElementRef 0x10478b510> {pid=0} {uid=[ID:1 hash:0x0]}
2026-09-30 23:45:26.267 Df testmanagerd[88342:c7494b] [com.apple.dt.xctest:Default] Value for parameterized attribute 91505: <AXValue 0x10466d440> {value = x:0.000000 y:0.000000 w:804.000000 h:1748.000000 type = kAXValueCGRectType}
2026-09-30 23:45:26.268 Df testmanagerd[88342:c7494b] [com.apple.dt.xctest:Default] Fetching AX attributes XC_kAXXCAttributeWindowDisplayId for AX element pid: 42063, elementOrHash.elementID: 17827904776930872632.9999
2026-09-30 23:45:26.268 Df testmanagerd[88342:c7494b] [com.apple.dt.xctest:Default] Got attributes, transferring to dictionary for return.
2026-09-30 23:45:26.268 Df testmanagerd[88342:c7494b] [com.apple.dt.xctest:Default] Fetching AX parameterized attribute 91505, parameter (
        {
        Height = 874;
        Width = 402;
        X = 0;
        Y = 0;
    },
    3158759381,
    1
) for Device system-wide element
2026-09-30 23:45:26.268 Df testmanagerd[88342:c7494b] [com.apple.dt.xctest:Default] Decoded {
    Height = 874;
    Width = 402;
    X = 0;
    Y = 0;
} to rect
2026-09-30 23:45:26.268 Df testmanagerd[88342:c7494b] [com.apple.dt.xctest:Default] Got AXElement for Device system-wide element: <AXUIElementRef 0x10478b510> {pid=0} {uid=[ID:1 hash:0x0]}
2026-09-30 23:45:26.268 Df testmanagerd[88342:c7494b] [com.apple.dt.xctest:Default] Value for parameterized attribute 91505: <AXValue 0x10466d440> {value = x:0.000000 y:0.000000 w:402.000000 h:874.000000 type = kAXValueCGRectType}
2026-09-30 23:45:26.269 Df testmanagerd[88342:c7494b] [com.apple.dt.xctest:Default] Fetching AX parameterized attribute 91505, parameter (
        {
        Height = 874;
        Width = 402;
        X = 0;
        Y = 0;
    },
    3158759381,
    1
) for Device system-wide element
2026-09-30 23:45:26.269 Df testmanagerd[88342:c7494b] [com.apple.dt.xctest:Default] Decoded {
    Height = 874;
    Width = 402;
    X = 0;
    Y = 0;
} to rect
2026-09-30 23:45:26.269 Df testmanagerd[88342:c7494b] [com.apple.dt.xctest:Default] Got AXElement for Device system-wide element: <AXUIElementRef 0x10478b510> {pid=0} {uid=[ID:1 hash:0x0]}
2026-09-30 23:45:26.269 Df testmanagerd[88342:c7494b] [com.apple.dt.xctest:Default] Value for parameterized attribute 91505: <AXValue 0x10466d3c0> {value = x:0.000000 y:0.000000 w:402.000000 h:874.000000 type = kAXValueCGRectType}
2026-09-30 23:45:26.270 Df testmanagerd[88342:c7494b] [com.apple.dt.xctest:Default] Fetching AX parameterized attribute 91505, parameter (
        {
        Height = 812;
        Width = 402;
        X = 0;
        Y = 62;
    },
    3158759381,
    1
) for Device system-wide element
2026-09-30 23:45:26.270 Df testmanagerd[88342:c7494b] [com.apple.dt.xctest:Default] Decoded {
    Height = 812;
    Width = 402;
    X = 0;
    Y = 62;
} to rect
2026-09-30 23:45:26.270 Df testmanagerd[88342:c7494b] [com.apple.dt.xctest:Default] Got AXElement for Device system-wide element: <AXUIElementRef 0x10478b510> {pid=0} {uid=[ID:1 hash:0x0]}
2026-09-30 23:45:26.270 Df testmanagerd[88342:c7494b] [com.apple.dt.xctest:Default] Value for parameterized attribute 91505: <AXValue 0x10466f100> {value = x:0.000000 y:62.000000 w:402.000000 h:812.000000 type = kAXValueCGRectType}
2026-09-30 23:45:26.271 Df testmanagerd[88342:c7494b] [com.apple.dt.xctest:Default] Fetching AX parameterized attribute 91505, parameter (
        {
        Height = 812;
        Width = 402;
        X = 0;
        Y = 62;
    },
    3158759381,
    1
) for Device system-wide element
2026-09-30 23:45:26.271 Df testmanagerd[88342:c7494b] [com.apple.dt.xctest:Default] Decoded {
    Height = 812;
    Width = 402;
    X = 0;
    Y = 62;
} to rect
2026-09-30 23:45:26.271 Df testmanagerd[88342:c7494b] [com.apple.dt.xctest:Default] Got AXElement for Device system-wide element: <AXUIElementRef 0x10478b510> {pid=0} {uid=[ID:1 hash:0x0]}
2026-09-30 23:45:26.271 Df testmanagerd[88342:c7494b] [com.apple.dt.xctest:Default] Value for parameterized attribute 91505: <AXValue 0x10466d440> {value = x:0.000000 y:62.000000 w:402.000000 h:812.000000 type = kAXValueCGRectType}
2026-09-30 23:45:26.272 Df testmanagerd[88342:c7494b] [com.apple.dt.xctest:Default] Fetching AX parameterized attribute 91505, parameter (
        {
        Height = 812;
        Width = 402;
        X = 0;
        Y = 62;
    },
    3158759381,
    1
) for Device system-wide element
2026-09-30 23:45:26.272 Df testmanagerd[88342:c7494b] [com.apple.dt.xctest:Default] Decoded {
    Height = 812;
    Width = 402;
    X = 0;
    Y = 62;
} to rect
2026-09-30 23:45:26.272 Df testmanagerd[88342:c7494b] [com.apple.dt.xctest:Default] Got AXElement for Device system-wide element: <AXUIElementRef 0x10478b510> {pid=0} {uid=[ID:1 hash:0x0]}
2026-09-30 23:45:26.272 Df testmanagerd[88342:c7494b] [com.apple.dt.xctest:Default] Value for parameterized attribute 91505: <AXValue 0x10466d3c0> {value = x:0.000000 y:62.000000 w:402.000000 h:812.000000 type = kAXValueCGRectType}
2026-09-30 23:45:26.273 Df testmanagerd[88342:c7494b] [com.apple.dt.xctest:Default] Fetching AX parameterized attribute 91505, parameter (
        {
        Height = 812;
        Width = 402;
        X = 0;
        Y = 62;
    },
    3158759381,
    1
) for Device system-wide element
2026-09-30 23:45:26.273 Df testmanagerd[88342:c7494b] [com.apple.dt.xctest:Default] Decoded {
    Height = 812;
    Width = 402;
    X = 0;
    Y = 62;
} to rect
2026-09-30 23:45:26.273 Df testmanagerd[88342:c7494b] [com.apple.dt.xctest:Default] Got AXElement for Device system-wide element: <AXUIElementRef 0x10478b510> {pid=0} {uid=[ID:1 hash:0x0]}
2026-09-30 23:45:26.273 Df testmanagerd[88342:c7494b] [com.apple.dt.xctest:Default] Value for parameterized attribute 91505: <AXValue 0x10466f100> {value = x:0.000000 y:62.000000 w:402.000000 h:812.000000 type = kAXValueCGRectType}
2026-09-30 23:45:26.274 Df testmanagerd[88342:c7494b] [com.apple.dt.xctest:Default] Fetching AX parameterized attribute 91505, parameter (
        {
        Height = 812;
        Width = 402;
        X = 0;
        Y = 62;
    },
    3158759381,
    1
) for Device system-wide element
2026-09-30 23:45:26.274 Df testmanagerd[88342:c7494b] [com.apple.dt.xctest:Default] Decoded {
    Height = 812;
    Width = 402;
    X = 0;
    Y = 62;
} to rect
2026-09-30 23:45:26.274 Df testmanagerd[88342:c7494b] [com.apple.dt.xctest:Default] Got AXElement for Device system-wide element: <AXUIElementRef 0x10478b510> {pid=0} {uid=[ID:1 hash:0x0]}
2026-09-30 23:45:26.274 Df testmanagerd[88342:c7494b] [com.apple.dt.xctest:Default] Value for parameterized attribute 91505: <AXValue 0x10466d440> {value = x:0.000000 y:62.000000 w:402.000000 h:812.000000 type = kAXValueCGRectType}
2026-09-30 23:45:26.274 Df testmanagerd[88342:c7494b] [com.apple.dt.xctest:Default] Fetching AX parameterized attribute 91505, parameter (
        {
        Height = 812;
        Width = 402;
        X = 0;
        Y = 62;
    },
    3158759381,
    1
) for Device system-wide element
2026-09-30 23:45:26.274 Df testmanagerd[88342:c7494b] [com.apple.dt.xctest:Default] Decoded {
    Height = 812;
    Width = 402;
    X = 0;
    Y = 62;
} to rect
2026-09-30 23:45:26.274 Df testmanagerd[88342:c7494b] [com.apple.dt.xctest:Default] Got AXElement for Device system-wide element: <AXUIElementRef 0x10478b510> {pid=0} {uid=[ID:1 hash:0x0]}
2026-09-30 23:45:26.274 Df testmanagerd[88342:c7494b] [com.apple.dt.xctest:Default] Value for parameterized attribute 91505: <AXValue 0x10466d3c0> {value = x:0.000000 y:62.000000 w:402.000000 h:812.000000 type = kAXValueCGRectType}
2026-09-30 23:45:26.275 Df testmanagerd[88342:c7494b] [com.apple.dt.xctest:Default] Fetching AX attributes XC_kAXXCAttributeWindowDisplayId for AX element pid: 24111, elementOrHash.elementID: 3006835226121197778.9999
2026-09-30 23:45:26.275 Df testmanagerd[88342:c7494b] [com.apple.dt.xctest:Default] Got attributes, transferring to dictionary for return.
2026-09-30 23:45:26.276 Df testmanagerd[88342:c7494b] [com.apple.dt.xctest:Default] Fetching AX parameterized attribute 91505, parameter (
        {
        Height = 812;
        Width = 402;
        X = 0;
        Y = 0;
    },
    2860794208,
    1
) for Device system-wide element
2026-09-30 23:45:26.276 Df testmanagerd[88342:c7494b] [com.apple.dt.xctest:Default] Decoded {
    Height = 812;
    Width = 402;
    X = 0;
    Y = 0;
} to rect
2026-09-30 23:45:26.276 Df testmanagerd[88342:c7494b] [com.apple.dt.xctest:Default] Got AXElement for Device system-wide element: <AXUIElementRef 0x10478b510> {pid=0} {uid=[ID:1 hash:0x0]}
2026-09-30 23:45:26.276 Df testmanagerd[88342:c7494b] [com.apple.dt.xctest:Default] Value for parameterized attribute 91505: <AXValue 0x10466d3c0> {value = x:0.000000 y:62.000000 w:402.000000 h:812.000000 type = kAXValueCGRectType}
2026-09-30 23:45:26.276 Df testmanagerd[88342:c7494b] [com.apple.dt.xctest:Default] Fetching AX parameterized attribute 91505, parameter (
        {
        Height = 812;
        Width = 402;
        X = 0;
        Y = 0;
    },
    2860794208,
    1
) for Device system-wide element
2026-09-30 23:45:26.276 Df testmanagerd[88342:c7494b] [com.apple.dt.xctest:Default] Decoded {
    Height = 812;
    Width = 402;
    X = 0;
    Y = 0;
} to rect
2026-09-30 23:45:26.276 Df testmanagerd[88342:c7494b] [com.apple.dt.xctest:Default] Got AXElement for Device system-wide element: <AXUIElementRef 0x10478b510> {pid=0} {uid=[ID:1 hash:0x0]}
2026-09-30 23:45:26.277 Df testmanagerd[88342:c7494b] [com.apple.dt.xctest:Default] Value for parameterized attribute 91505: <AXValue 0x10466e2c0> {value = x:0.000000 y:62.000000 w:402.000000 h:812.000000 type = kAXValueCGRectType}
2026-09-30 23:45:26.277 Df testmanagerd[88342:c7494b] [com.apple.dt.xctest:Default] Fetching AX parameterized attribute 91505, parameter (
        {
        Height = 812;
        Width = 402;
        X = 0;
        Y = 0;
    },
    2860794208,
    1
) for Device system-wide element
2026-09-30 23:45:26.277 Df testmanagerd[88342:c7494b] [com.apple.dt.xctest:Default] Decoded {
    Height = 812;
    Width = 402;
    X = 0;
    Y = 0;
} to rect
2026-09-30 23:45:26.277 Df testmanagerd[88342:c7494b] [com.apple.dt.xctest:Default] Got AXElement for Device system-wide element: <AXUIElementRef 0x10478b510> {pid=0} {uid=[ID:1 hash:0x0]}
2026-09-30 23:45:26.277 Df testmanagerd[88342:c7494b] [com.apple.dt.xctest:Default] Value for parameterized attribute 91505: <AXValue 0x10466f100> {value = x:0.000000 y:62.000000 w:402.000000 h:812.000000 type = kAXValueCGRectType}
2026-09-30 23:45:26.278 Df testmanagerd[88342:c7494b] [com.apple.dt.xctest:Default] Fetching AX parameterized attribute 91505, parameter (
        {
        Height = 812;
        Width = 402;
        X = 0;
        Y = 0;
    },
    2860794208,
    1
) for Device system-wide element
2026-09-30 23:45:26.278 Df testmanagerd[88342:c7494b] [com.apple.dt.xctest:Default] Decoded {
    Height = 812;
    Width = 402;
    X = 0;
    Y = 0;
} to rect
2026-09-30 23:45:26.278 Df testmanagerd[88342:c7494b] [com.apple.dt.xctest:Default] Got AXElement for Device system-wide element: <AXUIElementRef 0x10478b510> {pid=0} {uid=[ID:1 hash:0x0]}
2026-09-30 23:45:26.278 Df testmanagerd[88342:c7494b] [com.apple.dt.xctest:Default] Value for parameterized attribute 91505: <AXValue 0x10466d3c0> {value = x:0.000000 y:62.000000 w:402.000000 h:812.000000 type = kAXValueCGRectType}
2026-09-30 23:45:26.279 Df testmanagerd[88342:c7494b] [com.apple.dt.xctest:Default] Fetching AX parameterized attribute 91505, parameter (
        {
        Height = 812;
        Width = 402;
        X = 0;
        Y = 0;
    },
    2860794208,
    1
) for Device system-wide element
2026-09-30 23:45:26.279 Df testmanagerd[88342:c7494b] [com.apple.dt.xctest:Default] Decoded {
    Height = 812;
    Width = 402;
    X = 0;
    Y = 0;
} to rect
2026-09-30 23:45:26.279 Df testmanagerd[88342:c7494b] [com.apple.dt.xctest:Default] Got AXElement for Device system-wide element: <AXUIElementRef 0x10478b510> {pid=0} {uid=[ID:1 hash:0x0]}
2026-09-30 23:45:26.279 Df testmanagerd[88342:c7494b] [com.apple.dt.xctest:Default] Value for parameterized attribute 91505: <AXValue 0x10466e2c0> {value = x:0.000000 y:62.000000 w:402.000000 h:812.000000 type = kAXValueCGRectType}
2026-09-30 23:45:26.280 Df testmanagerd[88342:c7494b] [com.apple.dt.xctest:Default] Fetching AX parameterized attribute 91505, parameter (
        {
        Height = 812;
        Width = 402;
        X = 0;
        Y = 0;
    },
    2860794208,
    1
) for Device system-wide element
2026-09-30 23:45:26.280 Df testmanagerd[88342:c7494b] [com.apple.dt.xctest:Default] Decoded {
    Height = 812;
    Width = 402;
    X = 0;
    Y = 0;
} to rect
2026-09-30 23:45:26.280 Df testmanagerd[88342:c7494b] [com.apple.dt.xctest:Default] Got AXElement for Device system-wide element: <AXUIElementRef 0x10478b510> {pid=0} {uid=[ID:1 hash:0x0]}
2026-09-30 23:45:26.280 Df testmanagerd[88342:c7494b] [com.apple.dt.xctest:Default] Value for parameterized attribute 91505: <AXValue 0x10466f100> {value = x:0.000000 y:62.000000 w:402.000000 h:812.000000 type = kAXValueCGRectType}
2026-09-30 23:45:26.280 Df testmanagerd[88342:c7494b] [com.apple.dt.xctest:Default] Fetching AX parameterized attribute 91505, parameter (
        {
        Height = 812;
        Width = 402;
        X = 0;
        Y = 0;
    },
    2860794208,
    1
) for Device system-wide element
2026-09-30 23:45:26.281 Df testmanagerd[88342:c7494b] [com.apple.dt.xctest:Default] Decoded {
    Height = 812;
    Width = 402;
    X = 0;
    Y = 0;
} to rect
2026-09-30 23:45:26.281 Df testmanagerd[88342:c7494b] [com.apple.dt.xctest:Default] Got AXElement for Device system-wide element: <AXUIElementRef 0x10478b510> {pid=0} {uid=[ID:1 hash:0x0]}
2026-09-30 23:45:26.281 Df testmanagerd[88342:c7494b] [com.apple.dt.xctest:Default] Value for parameterized attribute 91505: <AXValue 0x10466d3c0> {value = x:0.000000 y:62.000000 w:402.000000 h:812.000000 type = kAXValueCGRectType}
2026-09-30 23:45:26.281 Df testmanagerd[88342:c7494b] [com.apple.dt.xctest:Default] Fetching AX parameterized attribute 91505, parameter (
        {
        Height = 812;
        Width = 402;
        X = 0;
        Y = 0;
    },
    2860794208,
    1
) for Device system-wide element
2026-09-30 23:45:26.281 Df testmanagerd[88342:c7494b] [com.apple.dt.xctest:Default] Decoded {
    Height = 812;
    Width = 402;
    X = 0;
    Y = 0;
} to rect
2026-09-30 23:45:26.281 Df testmanagerd[88342:c7494b] [com.apple.dt.xctest:Default] Got AXElement for Device system-wide element: <AXUIElementRef 0x10478b510> {pid=0} {uid=[ID:1 hash:0x0]}
2026-09-30 23:45:26.281 Df testmanagerd[88342:c7494b] [com.apple.dt.xctest:Default] Value for parameterized attribute 91505: <AXValue 0x10466e2c0> {value = x:0.000000 y:62.000000 w:402.000000 h:812.000000 type = kAXValueCGRectType}
2026-09-30 23:45:26.282 Df testmanagerd[88342:c7494b] [com.apple.dt.xctest:Default] Fetching AX parameterized attribute 91505, parameter (
        {
        Height = 812;
        Width = 402;
        X = 0;
        Y = 0;
    },
    2860794208,
    1
) for Device system-wide element
2026-09-30 23:45:26.282 Df testmanagerd[88342:c7494b] [com.apple.dt.xctest:Default] Decoded {
    Height = 812;
    Width = 402;
    X = 0;
    Y = 0;
} to rect
2026-09-30 23:45:26.282 Df testmanagerd[88342:c7494b] [com.apple.dt.xctest:Default] Got AXElement for Device system-wide element: <AXUIElementRef 0x10478b510> {pid=0} {uid=[ID:1 hash:0x0]}
2026-09-30 23:45:26.282 Df testmanagerd[88342:c7494b] [com.apple.dt.xctest:Default] Value for parameterized attribute 91505: <AXValue 0x10466f100> {value = x:0.000000 y:62.000000 w:402.000000 h:812.000000 type = kAXValueCGRectType}
2026-09-30 23:45:26.283 Df testmanagerd[88342:c7494b] [com.apple.dt.xctest:Default] Fetching AX parameterized attribute 91505, parameter (
        {
        Height = 106;
        Width = 402;
        X = 0;
        Y = 16;
    },
    2860794208,
    1
) for Device system-wide element
2026-09-30 23:45:26.283 Df testmanagerd[88342:c7494b] [com.apple.dt.xctest:Default] Decoded {
    Height = 106;
    Width = 402;
    X = 0;
    Y = 16;
} to rect
2026-09-30 23:45:26.283 Df testmanagerd[88342:c7494b] [com.apple.dt.xctest:Default] Got AXElement for Device system-wide element: <AXUIElementRef 0x10478b510> {pid=0} {uid=[ID:1 hash:0x0]}
2026-09-30 23:45:26.283 Df testmanagerd[88342:c7494b] [com.apple.dt.xctest:Default] Value for parameterized attribute 91505: <AXValue 0x10466d3c0> {value = x:0.000000 y:78.000000 w:402.000000 h:106.000000 type = kAXValueCGRectType}
2026-09-30 23:45:26.284 Df testmanagerd[88342:c7494b] [com.apple.dt.xctest:Default] Fetching AX parameterized attribute 91505, parameter (
        {
        Height = 36;
        Width = "76.66666666666667";
        X = 20;
        Y = 20;
    },
    2860794208,
    1
) for Device system-wide element
2026-09-30 23:45:26.284 Df testmanagerd[88342:c7494b] [com.apple.dt.xctest:Default] Decoded {
    Height = 36;
    Width = "76.66666666666667";
    X = 20;
    Y = 20;
} to rect
2026-09-30 23:45:26.284 Df testmanagerd[88342:c7494b] [com.apple.dt.xctest:Default] Got AXElement for Device system-wide element: <AXUIElementRef 0x10478b510> {pid=0} {uid=[ID:1 hash:0x0]}
2026-09-30 23:45:26.284 Df testmanagerd[88342:c7494b] [com.apple.dt.xctest:Default] Value for parameterized attribute 91505: <AXValue 0x10466e2c0> {value = x:20.000000 y:82.000000 w:76.666667 h:36.000000 type = kAXValueCGRectType}
2026-09-30 23:45:26.285 Df testmanagerd[88342:c7494b] [com.apple.dt.xctest:Default] Fetching AX parameterized attribute 91505, parameter (
        {
        Height = 36;
        Width = "76.66666666666667";
        X = 20;
        Y = 20;
    },
    2860794208,
    1
) for Device system-wide element
2026-09-30 23:45:26.285 Df testmanagerd[88342:c7494b] [com.apple.dt.xctest:Default] Decoded {
    Height = 36;
    Width = "76.66666666666667";
    X = 20;
    Y = 20;
} to rect
2026-09-30 23:45:26.285 Df testmanagerd[88342:c7494b] [com.apple.dt.xctest:Default] Got AXElement for Device system-wide element: <AXUIElementRef 0x10478b510> {pid=0} {uid=[ID:1 hash:0x0]}
2026-09-30 23:45:26.285 Df testmanagerd[88342:c7494b] [com.apple.dt.xctest:Default] Value for parameterized attribute 91505: <AXValue 0x10466f100> {value = x:20.000000 y:82.000000 w:76.666667 h:36.000000 type = kAXValueCGRectType}
2026-09-30 23:45:26.285 Df testmanagerd[88342:c7494b] [com.apple.dt.xctest:Default] Fetching AX parameterized attribute 91505, parameter (
        {
        Height = 36;
        Width = "76.66666666666666";
        X = 20;
        Y = 20;
    },
    2860794208,
    1
) for Device system-wide element
2026-09-30 23:45:26.285 Df testmanagerd[88342:c7494b] [com.apple.dt.xctest:Default] Decoded {
    Height = 36;
    Width = "76.66666666666666";
    X = 20;
    Y = 20;
} to rect
2026-09-30 23:45:26.285 Df testmanagerd[88342:c7494b] [com.apple.dt.xctest:Default] Got AXElement for Device system-wide element: <AXUIElementRef 0x10478b510> {pid=0} {uid=[ID:1 hash:0x0]}
2026-09-30 23:45:26.285 Df testmanagerd[88342:c7494b] [com.apple.dt.xctest:Default] Value for parameterized attribute 91505: <AXValue 0x10466d3c0> {value = x:20.000000 y:82.000000 w:76.666667 h:36.000000 type = kAXValueCGRectType}
2026-09-30 23:45:26.286 Df testmanagerd[88342:c7494b] [com.apple.dt.xctest:Default] Fetching AX parameterized attribute 91505, parameter (
        {
        Height = "40.66666666666667";
        Width = 201;
        X = 16;
        Y = "73.66666666666667";
    },
    2860794208,
    1
) for Device system-wide element
2026-09-30 23:45:26.286 Df testmanagerd[88342:c7494b] [com.apple.dt.xctest:Default] Decoded {
    Height = "40.66666666666667";
    Width = 201;
    X = 16;
    Y = "73.66666666666667";
} to rect
2026-09-30 23:45:26.286 Df testmanagerd[88342:c7494b] [com.apple.dt.xctest:Default] Got AXElement for Device system-wide element: <AXUIElementRef 0x10478b510> {pid=0} {uid=[ID:1 hash:0x0]}
2026-09-30 23:45:26.286 Df testmanagerd[88342:c7494b] [com.apple.dt.xctest:Default] Value for parameterized attribute 91505: <AXValue 0x10466e2c0> {value = x:16.000000 y:135.666667 w:201.000000 h:40.666667 type = kAXValueCGRectType}
2026-09-30 23:45:26.287 Df testmanagerd[88342:c7494b] [com.apple.dt.xctest:Default] Fetching AX parameterized attribute 91505, parameter (
        {
        Height = 812;
        Width = 402;
        X = 0;
        Y = 0;
    },
    2860794208,
    1
) for Device system-wide element
2026-09-30 23:45:26.287 Df testmanagerd[88342:c7494b] [com.apple.dt.xctest:Default] Decoded {
    Height = 812;
    Width = 402;
    X = 0;
    Y = 0;
} to rect
2026-09-30 23:45:26.287 Df testmanagerd[88342:c7494b] [com.apple.dt.xctest:Default] Got AXElement for Device system-wide element: <AXUIElementRef 0x10478b510> {pid=0} {uid=[ID:1 hash:0x0]}
2026-09-30 23:45:26.287 Df testmanagerd[88342:c7494b] [com.apple.dt.xctest:Default] Value for parameterized attribute 91505: <AXValue 0x10466f100> {value = x:0.000000 y:62.000000 w:402.000000 h:812.000000 type = kAXValueCGRectType}
2026-09-30 23:45:26.288 Df testmanagerd[88342:c7494b] [com.apple.dt.xctest:Default] Fetching AX parameterized attribute 91505, parameter (
        {
        Height = 812;
        Width = 402;
        X = 0;
        Y = 0;
    },
    2860794208,
    1
) for Device system-wide element
2026-09-30 23:45:26.288 Df testmanagerd[88342:c7494b] [com.apple.dt.xctest:Default] Decoded {
    Height = 812;
    Width = 402;
    X = 0;
    Y = 0;
} to rect
2026-09-30 23:45:26.288 Df testmanagerd[88342:c7494b] [com.apple.dt.xctest:Default] Got AXElement for Device system-wide element: <AXUIElementRef 0x10478b510> {pid=0} {uid=[ID:1 hash:0x0]}
2026-09-30 23:45:26.288 Df testmanagerd[88342:c7494b] [com.apple.dt.xctest:Default] Value for parameterized attribute 91505: <AXValue 0x10466d3c0> {value = x:0.000000 y:62.000000 w:402.000000 h:812.000000 type = kAXValueCGRectType}
2026-09-30 23:45:26.289 Df testmanagerd[88342:c7494b] [com.apple.dt.xctest:Default] Fetching AX parameterized attribute 91505, parameter (
        {
        Height = 812;
        Width = 402;
        X = 0;
        Y = 0;
    },
    2860794208,
    1
) for Device system-wide element
2026-09-30 23:45:26.289 Df testmanagerd[88342:c7494b] [com.apple.dt.xctest:Default] Decoded {
    Height = 812;
    Width = 402;
    X = 0;
    Y = 0;
} to rect
2026-09-30 23:45:26.289 Df testmanagerd[88342:c7494b] [com.apple.dt.xctest:Default] Got AXElement for Device system-wide element: <AXUIElementRef 0x10478b510> {pid=0} {uid=[ID:1 hash:0x0]}
2026-09-30 23:45:26.289 Df testmanagerd[88342:c7494b] [com.apple.dt.xctest:Default] Value for parameterized attribute 91505: <AXValue 0x10466e2c0> {value = x:0.000000 y:62.000000 w:402.000000 h:812.000000 type = kAXValueCGRectType}
2026-09-30 23:45:26.289 Df testmanagerd[88342:c7494b] [com.apple.dt.xctest:Default] Fetching AX parameterized attribute 91505, parameter (
        {
        Height = 812;
        Width = 402;
        X = 0;
        Y = 0;
    },
    2860794208,
    1
) for Device system-wide element
2026-09-30 23:45:26.289 Df testmanagerd[88342:c7494b] [com.apple.dt.xctest:Default] Decoded {
    Height = 812;
    Width = 402;
    X = 0;
    Y = 0;
} to rect
2026-09-30 23:45:26.289 Df testmanagerd[88342:c7494b] [com.apple.dt.xctest:Default] Got AXElement for Device system-wide element: <AXUIElementRef 0x10478b510> {pid=0} {uid=[ID:1 hash:0x0]}
2026-09-30 23:45:26.289 Df testmanagerd[88342:c7494b] [com.apple.dt.xctest:Default] Value for parameterized attribute 91505: <AXValue 0x10466f100> {value = x:0.000000 y:62.000000 w:402.000000 h:812.000000 type = kAXValueCGRectType}
2026-09-30 23:45:26.290 Df testmanagerd[88342:c7494b] [com.apple.dt.xctest:Default] Fetching AX parameterized attribute 91505, parameter (
        {
        Height = 812;
        Width = 402;
        X = 0;
        Y = 0;
    },
    2860794208,
    1
) for Device system-wide element
2026-09-30 23:45:26.290 Df testmanagerd[88342:c7494b] [com.apple.dt.xctest:Default] Decoded {
    Height = 812;
    Width = 402;
    X = 0;
    Y = 0;
} to rect
2026-09-30 23:45:26.290 Df testmanagerd[88342:c7494b] [com.apple.dt.xctest:Default] Got AXElement for Device system-wide element: <AXUIElementRef 0x10478b510> {pid=0} {uid=[ID:1 hash:0x0]}
2026-09-30 23:45:26.290 Df testmanagerd[88342:c7494b] [com.apple.dt.xctest:Default] Value for parameterized attribute 91505: <AXValue 0x10466d3c0> {value = x:0.000000 y:62.000000 w:402.000000 h:812.000000 type = kAXValueCGRectType}
2026-09-30 23:45:26.291 Df testmanagerd[88342:c7494b] [com.apple.dt.xctest:Default] Fetching AX parameterized attribute 91505, parameter (
        {
        Height = 812;
        Width = 402;
        X = 0;
        Y = 0;
    },
    2860794208,
    1
) for Device system-wide element
2026-09-30 23:45:26.291 Df testmanagerd[88342:c7494b] [com.apple.dt.xctest:Default] Decoded {
    Height = 812;
    Width = 402;
    X = 0;
    Y = 0;
} to rect
2026-09-30 23:45:26.291 Df testmanagerd[88342:c7494b] [com.apple.dt.xctest:Default] Got AXElement for Device system-wide element: <AXUIElementRef 0x10478b510> {pid=0} {uid=[ID:1 hash:0x0]}
2026-09-30 23:45:26.291 Df testmanagerd[88342:c7494b] [com.apple.dt.xctest:Default] Value for parameterized attribute 91505: <AXValue 0x10466e2c0> {value = x:0.000000 y:62.000000 w:402.000000 h:812.000000 type = kAXValueCGRectType}
2026-09-30 23:45:26.292 Df testmanagerd[88342:c7494b] [com.apple.dt.xctest:Default] Fetching AX parameterized attribute 91505, parameter (
        {
        Height = 110;
        Width = 402;
        X = 0;
        Y = 0;
    },
    2860794208,
    1
) for Device system-wide element
2026-09-30 23:45:26.292 Df testmanagerd[88342:c7494b] [com.apple.dt.xctest:Default] Decoded {
    Height = 110;
    Width = 402;
    X = 0;
    Y = 0;
} to rect
2026-09-30 23:45:26.292 Df testmanagerd[88342:c7494b] [com.apple.dt.xctest:Default] Got AXElement for Device system-wide element: <AXUIElementRef 0x10478b510> {pid=0} {uid=[ID:1 hash:0x0]}
2026-09-30 23:45:26.292 Df testmanagerd[88342:c7494b] [com.apple.dt.xctest:Default] Value for parameterized attribute 91505: <AXValue 0x10466f100> {value = x:0.000000 y:62.000000 w:402.000000 h:110.000000 type = kAXValueCGRectType}
2026-09-30 23:45:26.293 Df testmanagerd[88342:c7494b] [com.apple.dt.xctest:Default] Fetching AX parameterized attribute 91505, parameter (
        {
        Height = 812;
        Width = 402;
        X = 0;
        Y = 0;
    },
    2860794208,
    1
) for Device system-wide element
2026-09-30 23:45:26.293 Df testmanagerd[88342:c7494b] [com.apple.dt.xctest:Default] Decoded {
    Height = 812;
    Width = 402;
    X = 0;
    Y = 0;
} to rect
2026-09-30 23:45:26.293 Df testmanagerd[88342:c7494b] [com.apple.dt.xctest:Default] Got AXElement for Device system-wide element: <AXUIElementRef 0x10478b510> {pid=0} {uid=[ID:1 hash:0x0]}
2026-09-30 23:45:26.293 Df testmanagerd[88342:c7494b] [com.apple.dt.xctest:Default] Value for parameterized attribute 91505: <AXValue 0x10466d3c0> {value = x:0.000000 y:62.000000 w:402.000000 h:812.000000 type = kAXValueCGRectType}
2026-09-30 23:45:26.293 Df testmanagerd[88342:c7494b] [com.apple.dt.xctest:Default] Fetching AX parameterized attribute 91505, parameter (
        {
        Height = 52;
        Width = 370;
        X = 16;
        Y = 122;
    },
    2860794208,
    1
) for Device system-wide element
2026-09-30 23:45:26.293 Df testmanagerd[88342:c7494b] [com.apple.dt.xctest:Default] Decoded {
    Height = 52;
    Width = 370;
    X = 16;
    Y = 122;
} to rect
2026-09-30 23:45:26.293 Df testmanagerd[88342:c7494b] [com.apple.dt.xctest:Default] Got AXElement for Device system-wide element: <AXUIElementRef 0x10478b510> {pid=0} {uid=[ID:1 hash:0x0]}
2026-09-30 23:45:26.294 Df testmanagerd[88342:c7494b] [com.apple.dt.xctest:Default] Value for parameterized attribute 91505: <AXValue 0x10466e2c0> {value = x:16.000000 y:184.000000 w:370.000000 h:52.000000 type = kAXValueCGRectType}
2026-09-30 23:45:26.294 Df testmanagerd[88342:c7494b] [com.apple.dt.xctest:Default] Fetching AX parameterized attribute 91505, parameter (
        {
        Height = 52;
        Width = 370;
        X = 16;
        Y = 122;
    },
    2860794208,
    1
) for Device system-wide element
2026-09-30 23:45:26.294 Df testmanagerd[88342:c7494b] [com.apple.dt.xctest:Default] Decoded {
    Height = 52;
    Width = 370;
    X = 16;
    Y = 122;
} to rect
2026-09-30 23:45:26.294 Df testmanagerd[88342:c7494b] [com.apple.dt.xctest:Default] Got AXElement for Device system-wide element: <AXUIElementRef 0x10478b510> {pid=0} {uid=[ID:1 hash:0x0]}
2026-09-30 23:45:26.294 Df testmanagerd[88342:c7494b] [com.apple.dt.xctest:Default] Value for parameterized attribute 91505: <AXValue 0x10466f100> {value = x:16.000000 y:184.000000 w:370.000000 h:52.000000 type = kAXValueCGRectType}
2026-09-30 23:45:26.295 Df testmanagerd[88342:c7494b] [com.apple.dt.xctest:Default] Fetching AX parameterized attribute 91505, parameter (
        {
        Height = 52;
        Width = 370;
        X = 16;
        Y = 122;
    },
    2860794208,
    1
) for Device system-wide element
2026-09-30 23:45:26.295 Df testmanagerd[88342:c7494b] [com.apple.dt.xctest:Default] Decoded {
    Height = 52;
    Width = 370;
    X = 16;
    Y = 122;
} to rect
2026-09-30 23:45:26.295 Df testmanagerd[88342:c7494b] [com.apple.dt.xctest:Default] Got AXElement for Device system-wide element: <AXUIElementRef 0x10478b510> {pid=0} {uid=[ID:1 hash:0x0]}
2026-09-30 23:45:26.295 Df testmanagerd[88342:c7494b] [com.apple.dt.xctest:Default] Value for parameterized attribute 91505: <AXValue 0x10466d3c0> {value = x:16.000000 y:184.000000 w:370.000000 h:52.000000 type = kAXValueCGRectType}
2026-09-30 23:45:26.296 Df testmanagerd[88342:c7494b] [com.apple.dt.xctest:Default] Fetching AX parameterized attribute 91505, parameter (
        {
        Height = 52;
        Width = 370;
        X = 16;
        Y = 122;
    },
    2860794208,
    1
) for Device system-wide element
2026-09-30 23:45:26.296 Df testmanagerd[88342:c7494b] [com.apple.dt.xctest:Default] Decoded {
    Height = 52;
    Width = 370;
    X = 16;
    Y = 122;
} to rect
2026-09-30 23:45:26.296 Df testmanagerd[88342:c7494b] [com.apple.dt.xctest:Default] Got AXElement for Device system-wide element: <AXUIElementRef 0x10478b510> {pid=0} {uid=[ID:1 hash:0x0]}
2026-09-30 23:45:26.296 Df testmanagerd[88342:c7494b] [com.apple.dt.xctest:Default] Value for parameterized attribute 91505: <AXValue 0x10466e2c0> {value = x:16.000000 y:184.000000 w:370.000000 h:52.000000 type = kAXValueCGRectType}
2026-09-30 23:45:26.297 Df testmanagerd[88342:c7494b] [com.apple.dt.xctest:Default] Fetching AX parameterized attribute 91505, parameter (
        {
        Height = 52;
        Width = 370;
        X = 16;
        Y = 122;
    },
    2860794208,
    1
) for Device system-wide element
2026-09-30 23:45:26.297 Df testmanagerd[88342:c7494b] [com.apple.dt.xctest:Default] Decoded {
    Height = 52;
    Width = 370;
    X = 16;
    Y = 122;
} to rect
2026-09-30 23:45:26.297 Df testmanagerd[88342:c7494b] [com.apple.dt.xctest:Default] Got AXElement for Device system-wide element: <AXUIElementRef 0x10478b510> {pid=0} {uid=[ID:1 hash:0x0]}
2026-09-30 23:45:26.297 Df testmanagerd[88342:c7494b] [com.apple.dt.xctest:Default] Value for parameterized attribute 91505: <AXValue 0x10466f100> {value = x:16.000000 y:184.000000 w:370.000000 h:52.000000 type = kAXValueCGRectType}
2026-09-30 23:45:26.298 Df testmanagerd[88342:c7494b] [com.apple.dt.xctest:Default] Fetching AX parameterized attribute 91505, parameter (
        {
        Height = 52;
        Width = 370;
        X = 16;
        Y = 122;
    },
    2860794208,
    1
) for Device system-wide element
2026-09-30 23:45:26.298 Df testmanagerd[88342:c7494b] [com.apple.dt.xctest:Default] Decoded {
    Height = 52;
    Width = 370;
    X = 16;
    Y = 122;
} to rect
2026-09-30 23:45:26.298 Df testmanagerd[88342:c7494b] [com.apple.dt.xctest:Default] Got AXElement for Device system-wide element: <AXUIElementRef 0x10478b510> {pid=0} {uid=[ID:1 hash:0x0]}
2026-09-30 23:45:26.298 Df testmanagerd[88342:c7494b] [com.apple.dt.xctest:Default] Value for parameterized attribute 91505: <AXValue 0x10466d3c0> {value = x:16.000000 y:184.000000 w:370.000000 h:52.000000 type = kAXValueCGRectType}
2026-09-30 23:45:26.298 Df testmanagerd[88342:c7494b] [com.apple.dt.xctest:Default] Fetching AX parameterized attribute 91505, parameter (
        {
        Height = 52;
        Width = 370;
        X = 16;
        Y = 122;
    },
    2860794208,
    1
) for Device system-wide element
2026-09-30 23:45:26.298 Df testmanagerd[88342:c7494b] [com.apple.dt.xctest:Default] Decoded {
    Height = 52;
    Width = 370;
    X = 16;
    Y = 122;
} to rect
2026-09-30 23:45:26.298 Df testmanagerd[88342:c7494b] [com.apple.dt.xctest:Default] Got AXElement for Device system-wide element: <AXUIElementRef 0x10478b510> {pid=0} {uid=[ID:1 hash:0x0]}
2026-09-30 23:45:26.298 Df testmanagerd[88342:c7494b] [com.apple.dt.xctest:Default] Value for parameterized attribute 91505: <AXValue 0x10466e2c0> {value = x:16.000000 y:184.000000 w:370.000000 h:52.000000 type = kAXValueCGRectType}
2026-09-30 23:45:26.299 Df testmanagerd[88342:c7494b] [com.apple.dt.xctest:Default] Fetching AX parameterized attribute 91505, parameter (
        {
        Height = 52;
        Width = 370;
        X = 16;
        Y = 174;
    },
    2860794208,
    1
) for Device system-wide element
2026-09-30 23:45:26.299 Df testmanagerd[88342:c7494b] [com.apple.dt.xctest:Default] Decoded {
    Height = 52;
    Width = 370;
    X = 16;
    Y = 174;
} to rect
2026-09-30 23:45:26.299 Df testmanagerd[88342:c7494b] [com.apple.dt.xctest:Default] Got AXElement for Device system-wide element: <AXUIElementRef 0x10478b510> {pid=0} {uid=[ID:1 hash:0x0]}
2026-09-30 23:45:26.299 Df testmanagerd[88342:c7494b] [com.apple.dt.xctest:Default] Value for parameterized attribute 91505: <AXValue 0x10466f100> {value = x:16.000000 y:236.000000 w:370.000000 h:52.000000 type = kAXValueCGRectType}
2026-09-30 23:45:26.300 Df testmanagerd[88342:c7494b] [com.apple.dt.xctest:Default] Fetching AX parameterized attribute 91505, parameter (
        {
        Height = 52;
        Width = 370;
        X = 16;
        Y = 174;
    },
    2860794208,
    1
) for Device system-wide element
2026-09-30 23:45:26.300 Df testmanagerd[88342:c7494b] [com.apple.dt.xctest:Default] Decoded {
    Height = 52;
    Width = 370;
    X = 16;
    Y = 174;
} to rect
2026-09-30 23:45:26.300 Df testmanagerd[88342:c7494b] [com.apple.dt.xctest:Default] Got AXElement for Device system-wide element: <AXUIElementRef 0x10478b510> {pid=0} {uid=[ID:1 hash:0x0]}
2026-09-30 23:45:26.300 Df testmanagerd[88342:c7494b] [com.apple.dt.xctest:Default] Value for parameterized attribute 91505: <AXValue 0x10466d3c0> {value = x:16.000000 y:236.000000 w:370.000000 h:52.000000 type = kAXValueCGRectType}
2026-09-30 23:45:26.301 Df testmanagerd[88342:c7494b] [com.apple.dt.xctest:Default] Fetching AX parameterized attribute 91505, parameter (
        {
        Height = 52;
        Width = 370;
        X = 16;
        Y = 174;
    },
    2860794208,
    1
) for Device system-wide element
2026-09-30 23:45:26.301 Df testmanagerd[88342:c7494b] [com.apple.dt.xctest:Default] Decoded {
    Height = 52;
    Width = 370;
    X = 16;
    Y = 174;
} to rect
2026-09-30 23:45:26.301 Df testmanagerd[88342:c7494b] [com.apple.dt.xctest:Default] Got AXElement for Device system-wide element: <AXUIElementRef 0x10478b510> {pid=0} {uid=[ID:1 hash:0x0]}
2026-09-30 23:45:26.301 Df testmanagerd[88342:c7494b] [com.apple.dt.xctest:Default] Value for parameterized attribute 91505: <AXValue 0x10466e2c0> {value = x:16.000000 y:236.000000 w:370.000000 h:52.000000 type = kAXValueCGRectType}
2026-09-30 23:45:26.302 Df testmanagerd[88342:c7494b] [com.apple.dt.xctest:Default] Fetching AX parameterized attribute 91505, parameter (
        {
        Height = 52;
        Width = 370;
        X = 16;
        Y = 174;
    },
    2860794208,
    1
) for Device system-wide element
2026-09-30 23:45:26.302 Df testmanagerd[88342:c7494b] [com.apple.dt.xctest:Default] Decoded {
    Height = 52;
    Width = 370;
    X = 16;
    Y = 174;
} to rect
2026-09-30 23:45:26.302 Df testmanagerd[88342:c7494b] [com.apple.dt.xctest:Default] Got AXElement for Device system-wide element: <AXUIElementRef 0x10478b510> {pid=0} {uid=[ID:1 hash:0x0]}
2026-09-30 23:45:26.302 Df testmanagerd[88342:c7494b] [com.apple.dt.xctest:Default] Value for parameterized attribute 91505: <AXValue 0x10466f100> {value = x:16.000000 y:236.000000 w:370.000000 h:52.000000 type = kAXValueCGRectType}
2026-09-30 23:45:26.302 Df testmanagerd[88342:c7494b] [com.apple.dt.xctest:Default] Fetching AX parameterized attribute 91505, parameter (
        {
        Height = 52;
        Width = 370;
        X = 16;
        Y = 174;
    },
    2860794208,
    1
) for Device system-wide element
2026-09-30 23:45:26.302 Df testmanagerd[88342:c7494b] [com.apple.dt.xctest:Default] Decoded {
    Height = 52;
    Width = 370;
    X = 16;
    Y = 174;
} to rect
2026-09-30 23:45:26.302 Df testmanagerd[88342:c7494b] [com.apple.dt.xctest:Default] Got AXElement for Device system-wide element: <AXUIElementRef 0x10478b510> {pid=0} {uid=[ID:1 hash:0x0]}
2026-09-30 23:45:26.302 Df testmanagerd[88342:c7494b] [com.apple.dt.xctest:Default] Value for parameterized attribute 91505: <AXValue 0x10466d3c0> {value = x:16.000000 y:236.000000 w:370.000000 h:52.000000 type = kAXValueCGRectType}
2026-09-30 23:45:26.303 Df testmanagerd[88342:c7494b] [com.apple.dt.xctest:Default] Fetching AX parameterized attribute 91505, parameter (
        {
        Height = 52;
        Width = 370;
        X = 16;
        Y = 174;
    },
    2860794208,
    1
) for Device system-wide element
2026-09-30 23:45:26.303 Df testmanagerd[88342:c7494b] [com.apple.dt.xctest:Default] Decoded {
    Height = 52;
    Width = 370;
    X = 16;
    Y = 174;
} to rect
2026-09-30 23:45:26.303 Df testmanagerd[88342:c7494b] [com.apple.dt.xctest:Default] Got AXElement for Device system-wide element: <AXUIElementRef 0x10478b510> {pid=0} {uid=[ID:1 hash:0x0]}
2026-09-30 23:45:26.303 Df testmanagerd[88342:c7494b] [com.apple.dt.xctest:Default] Value for parameterized attribute 91505: <AXValue 0x10466e2c0> {value = x:16.000000 y:236.000000 w:370.000000 h:52.000000 type = kAXValueCGRectType}
2026-09-30 23:45:26.304 Df testmanagerd[88342:c7494b] [com.apple.dt.xctest:Default] Fetching AX parameterized attribute 91505, parameter (
        {
        Height = 52;
        Width = 370;
        X = 16;
        Y = 174;
    },
    2860794208,
    1
) for Device system-wide element
2026-09-30 23:45:26.304 Df testmanagerd[88342:c7494b] [com.apple.dt.xctest:Default] Decoded {
    Height = 52;
    Width = 370;
    X = 16;
    Y = 174;
} to rect
2026-09-30 23:45:26.304 Df testmanagerd[88342:c7494b] [com.apple.dt.xctest:Default] Got AXElement for Device system-wide element: <AXUIElementRef 0x10478b510> {pid=0} {uid=[ID:1 hash:0x0]}
2026-09-30 23:45:26.304 Df testmanagerd[88342:c7494b] [com.apple.dt.xctest:Default] Value for parameterized attribute 91505: <AXValue 0x10466f100> {value = x:16.000000 y:236.000000 w:370.000000 h:52.000000 type = kAXValueCGRectType}
2026-09-30 23:45:26.305 Df testmanagerd[88342:c7494b] [com.apple.dt.xctest:Default] Fetching AX parameterized attribute 91505, parameter (
        {
        Height = 1;
        Width = 338;
        X = 32;
        Y = 173;
    },
    2860794208,
    1
) for Device system-wide element
2026-09-30 23:45:26.305 Df testmanagerd[88342:c7494b] [com.apple.dt.xctest:Default] Decoded {
    Height = 1;
    Width = 338;
    X = 32;
    Y = 173;
} to rect
2026-09-30 23:45:26.305 Df testmanagerd[88342:c7494b] [com.apple.dt.xctest:Default] Got AXElement for Device system-wide element: <AXUIElementRef 0x10478b510> {pid=0} {uid=[ID:1 hash:0x0]}
2026-09-30 23:45:26.305 Df testmanagerd[88342:c7494b] [com.apple.dt.xctest:Default] Value for parameterized attribute 91505: <AXValue 0x10466d3c0> {value = x:32.000000 y:235.000000 w:338.000000 h:1.000000 type = kAXValueCGRectType}
2026-09-30 23:45:26.306 Df testmanagerd[88342:c7494b] [com.apple.dt.xctest:Default] Fetching AX parameterized attribute 91505, parameter (
        {
        Height = 52;
        Width = 370;
        X = 16;
        Y = 226;
    },
    2860794208,
    1
) for Device system-wide element
2026-09-30 23:45:26.306 Df testmanagerd[88342:c7494b] [com.apple.dt.xctest:Default] Decoded {
    Height = 52;
    Width = 370;
    X = 16;
    Y = 226;
} to rect
2026-09-30 23:45:26.306 Df testmanagerd[88342:c7494b] [com.apple.dt.xctest:Default] Got AXElement for Device system-wide element: <AXUIElementRef 0x10478b510> {pid=0} {uid=[ID:1 hash:0x0]}
2026-09-30 23:45:26.306 Df testmanagerd[88342:c7494b] [com.apple.dt.xctest:Default] Value for parameterized attribute 91505: <AXValue 0x10466e2c0> {value = x:16.000000 y:288.000000 w:370.000000 h:52.000000 type = kAXValueCGRectType}
2026-09-30 23:45:26.306 Df testmanagerd[88342:c7494b] [com.apple.dt.xctest:Default] Fetching AX parameterized attribute 91505, parameter (
        {
        Height = 52;
        Width = 370;
        X = 16;
        Y = 226;
    },
    2860794208,
    1
) for Device system-wide element
2026-09-30 23:45:26.306 Df testmanagerd[88342:c7494b] [com.apple.dt.xctest:Default] Decoded {
    Height = 52;
    Width = 370;
    X = 16;
    Y = 226;
} to rect
2026-09-30 23:45:26.306 Df testmanagerd[88342:c7494b] [com.apple.dt.xctest:Default] Got AXElement for Device system-wide element: <AXUIElementRef 0x10478b510> {pid=0} {uid=[ID:1 hash:0x0]}
2026-09-30 23:45:26.306 Df testmanagerd[88342:c7494b] [com.apple.dt.xctest:Default] Value for parameterized attribute 91505: <AXValue 0x10466f100> {value = x:16.000000 y:288.000000 w:370.000000 h:52.000000 type = kAXValueCGRectType}
2026-09-30 23:45:26.307 Df testmanagerd[88342:c7494b] [com.apple.dt.xctest:Default] Fetching AX parameterized attribute 91505, parameter (
        {
        Height = 52;
        Width = 370;
        X = 16;
        Y = 226;
    },
    2860794208,
    1
) for Device system-wide element
2026-09-30 23:45:26.307 Df testmanagerd[88342:c7494b] [com.apple.dt.xctest:Default] Decoded {
    Height = 52;
    Width = 370;
    X = 16;
    Y = 226;
} to rect
2026-09-30 23:45:26.307 Df testmanagerd[88342:c7494b] [com.apple.dt.xctest:Default] Got AXElement for Device system-wide element: <AXUIElementRef 0x10478b510> {pid=0} {uid=[ID:1 hash:0x0]}
2026-09-30 23:45:26.307 Df testmanagerd[88342:c7494b] [com.apple.dt.xctest:Default] Value for parameterized attribute 91505: <AXValue 0x10466d3c0> {value = x:16.000000 y:288.000000 w:370.000000 h:52.000000 type = kAXValueCGRectType}
2026-09-30 23:45:26.308 Df testmanagerd[88342:c7494b] [com.apple.dt.xctest:Default] Fetching AX parameterized attribute 91505, parameter (
        {
        Height = 52;
        Width = 370;
        X = 16;
        Y = 226;
    },
    2860794208,
    1
) for Device system-wide element
2026-09-30 23:45:26.308 Df testmanagerd[88342:c7494b] [com.apple.dt.xctest:Default] Decoded {
    Height = 52;
    Width = 370;
    X = 16;
    Y = 226;
} to rect
2026-09-30 23:45:26.308 Df testmanagerd[88342:c7494b] [com.apple.dt.xctest:Default] Got AXElement for Device system-wide element: <AXUIElementRef 0x10478b510> {pid=0} {uid=[ID:1 hash:0x0]}
2026-09-30 23:45:26.308 Df testmanagerd[88342:c7494b] [com.apple.dt.xctest:Default] Value for parameterized attribute 91505: <AXValue 0x10466e2c0> {value = x:16.000000 y:288.000000 w:370.000000 h:52.000000 type = kAXValueCGRectType}
2026-09-30 23:45:26.309 Df testmanagerd[88342:c7494b] [com.apple.dt.xctest:Default] Fetching AX parameterized attribute 91505, parameter (
        {
        Height = 52;
        Width = 370;
        X = 16;
        Y = 226;
    },
    2860794208,
    1
) for Device system-wide element
2026-09-30 23:45:26.309 Df testmanagerd[88342:c7494b] [com.apple.dt.xctest:Default] Decoded {
    Height = 52;
    Width = 370;
    X = 16;
    Y = 226;
} to rect
2026-09-30 23:45:26.309 Df testmanagerd[88342:c7494b] [com.apple.dt.xctest:Default] Got AXElement for Device system-wide element: <AXUIElementRef 0x10478b510> {pid=0} {uid=[ID:1 hash:0x0]}
2026-09-30 23:45:26.309 Df testmanagerd[88342:c7494b] [com.apple.dt.xctest:Default] Value for parameterized attribute 91505: <AXValue 0x10466f100> {value = x:16.000000 y:288.000000 w:370.000000 h:52.000000 type = kAXValueCGRectType}
2026-09-30 23:45:26.311 Df testmanagerd[88342:c7494b] [com.apple.dt.xctest:Default] Fetching AX parameterized attribute 91505, parameter (
        {
        Height = 52;
        Width = 370;
        X = 16;
        Y = 226;
    },
    2860794208,
    1
) for Device system-wide element
2026-09-30 23:45:26.311 Df testmanagerd[88342:c7494b] [com.apple.dt.xctest:Default] Decoded {
    Height = 52;
    Width = 370;
    X = 16;
    Y = 226;
} to rect
2026-09-30 23:45:26.311 Df testmanagerd[88342:c7494b] [com.apple.dt.xctest:Default] Got AXElement for Device system-wide element: <AXUIElementRef 0x10478b510> {pid=0} {uid=[ID:1 hash:0x0]}
2026-09-30 23:45:26.311 Df testmanagerd[88342:c7494b] [com.apple.dt.xctest:Default] Value for parameterized attribute 91505: <AXValue 0x10466d3c0> {value = x:16.000000 y:288.000000 w:370.000000 h:52.000000 type = kAXValueCGRectType}
2026-09-30 23:45:26.312 Df testmanagerd[88342:c7494b] [com.apple.dt.xctest:Default] Fetching AX parameterized attribute 91505, parameter (
        {
        Height = 52;
        Width = 370;
        X = 16;
        Y = 226;
    },
    2860794208,
    1
) for Device system-wide element
2026-09-30 23:45:26.312 Df testmanagerd[88342:c7494b] [com.apple.dt.xctest:Default] Decoded {
    Height = 52;
    Width = 370;
    X = 16;
    Y = 226;
} to rect
2026-09-30 23:45:26.312 Df testmanagerd[88342:c7494b] [com.apple.dt.xctest:Default] Got AXElement for Device system-wide element: <AXUIElementRef 0x10478b510> {pid=0} {uid=[ID:1 hash:0x0]}
2026-09-30 23:45:26.312 Df testmanagerd[88342:c7494b] [com.apple.dt.xctest:Default] Value for parameterized attribute 91505: <AXValue 0x10466e2c0> {value = x:16.000000 y:288.000000 w:370.000000 h:52.000000 type = kAXValueCGRectType}
2026-09-30 23:45:26.313 Df testmanagerd[88342:c7494b] [com.apple.dt.xctest:Default] Fetching AX parameterized attribute 91505, parameter (
        {
        Height = 1;
        Width = 338;
        X = 32;
        Y = 225;
    },
    2860794208,
    1
) for Device system-wide element
2026-09-30 23:45:26.313 Df testmanagerd[88342:c7494b] [com.apple.dt.xctest:Default] Decoded {
    Height = 1;
    Width = 338;
    X = 32;
    Y = 225;
} to rect
2026-09-30 23:45:26.313 Df testmanagerd[88342:c7494b] [com.apple.dt.xctest:Default] Got AXElement for Device system-wide element: <AXUIElementRef 0x10478b510> {pid=0} {uid=[ID:1 hash:0x0]}
2026-09-30 23:45:26.313 Df testmanagerd[88342:c7494b] [com.apple.dt.xctest:Default] Value for parameterized attribute 91505: <AXValue 0x10466f100> {value = x:32.000000 y:287.000000 w:338.000000 h:1.000000 type = kAXValueCGRectType}
2026-09-30 23:45:26.315 Df testmanagerd[88342:c7494b] [com.apple.dt.xctest:Default] Fetching AX parameterized attribute 91505, parameter (
        {
        Height = 680;
        Width = 30;
        X = 369;
        Y = 70;
    },
    2860794208,
    1
) for Device system-wide element
2026-09-30 23:45:26.315 Df testmanagerd[88342:c7494b] [com.apple.dt.xctest:Default] Decoded {
    Height = 680;
    Width = 30;
    X = 369;
    Y = 70;
} to rect
2026-09-30 23:45:26.315 Df testmanagerd[88342:c7494b] [com.apple.dt.xctest:Default] Got AXElement for Device system-wide element: <AXUIElementRef 0x10478b510> {pid=0} {uid=[ID:1 hash:0x0]}
2026-09-30 23:45:26.315 Df testmanagerd[88342:c7494b] [com.apple.dt.xctest:Default] Value for parameterized attribute 91505: <AXValue 0x10466d3c0> {value = x:369.000000 y:132.000000 w:30.000000 h:680.000000 type = kAXValueCGRectType}
2026-09-30 23:45:26.316 Df testmanagerd[88342:c7494b] [com.apple.dt.xctest:Default] Fetching AX parameterized attribute 91505, parameter (
        {
        Height = 194;
        Width = 3;
        X = 396;
        Y = 553;
    },
    2860794208,
    1
) for Device system-wide element
2026-09-30 23:45:26.316 Df testmanagerd[88342:c7494b] [com.apple.dt.xctest:Default] Decoded {
    Height = 194;
    Width = 3;
    X = 396;
    Y = 553;
} to rect
2026-09-30 23:45:26.316 Df testmanagerd[88342:c7494b] [com.apple.dt.xctest:Default] Got AXElement for Device system-wide element: <AXUIElementRef 0x10478b510> {pid=0} {uid=[ID:1 hash:0x0]}
2026-09-30 23:45:26.316 Df testmanagerd[88342:c7494b] [com.apple.dt.xctest:Default] Value for parameterized attribute 91505: <AXValue 0x10466e2c0> {value = x:396.000000 y:615.000000 w:3.000000 h:194.000000 type = kAXValueCGRectType}
2026-09-30 23:45:26.317 Df testmanagerd[88342:c7494b] [com.apple.dt.xctest:Default] Fetching AX parameterized attribute 91505, parameter (
        {
        Height = 680;
        Width = 30;
        X = 369;
        Y = 70;
    },
    2860794208,
    1
) for Device system-wide element
2026-09-30 23:45:26.317 Df testmanagerd[88342:c7494b] [com.apple.dt.xctest:Default] Decoded {
    Height = 680;
    Width = 30;
    X = 369;
    Y = 70;
} to rect
2026-09-30 23:45:26.317 Df testmanagerd[88342:c7494b] [com.apple.dt.xctest:Default] Got AXElement for Device system-wide element: <AXUIElementRef 0x10478b510> {pid=0} {uid=[ID:1 hash:0x0]}
2026-09-30 23:45:26.317 Df testmanagerd[88342:c7494b] [com.apple.dt.xctest:Default] Value for parameterized attribute 91505: <AXValue 0x10466f100> {value = x:369.000000 y:132.000000 w:30.000000 h:680.000000 type = kAXValueCGRectType}
2026-09-30 23:45:26.319 Df testmanagerd[88342:c7494b] [com.apple.dt.xctest:Default] Fetching AX parameterized attribute 91505, parameter (
        {
        Height = 194;
        Width = 3;
        X = 396;
        Y = 553;
    },
    2860794208,
    1
) for Device system-wide element
2026-09-30 23:45:26.319 Df testmanagerd[88342:c7494b] [com.apple.dt.xctest:Default] Decoded {
    Height = 194;
    Width = 3;
    X = 396;
    Y = 553;
} to rect
2026-09-30 23:45:26.319 Df testmanagerd[88342:c7494b] [com.apple.dt.xctest:Default] Got AXElement for Device system-wide element: <AXUIElementRef 0x10478b510> {pid=0} {uid=[ID:1 hash:0x0]}
2026-09-30 23:45:26.319 Df testmanagerd[88342:c7494b] [com.apple.dt.xctest:Default] Value for parameterized attribute 91505: <AXValue 0x10466d3c0> {value = x:396.000000 y:615.000000 w:3.000000 h:194.000000 type = kAXValueCGRectType}
2026-09-30 23:45:26.321 Df testmanagerd[88342:c7494b] [com.apple.dt.xctest:Default] Fetching AX parameterized attribute 91505, parameter (
        {
        Height = 812;
        Width = 402;
        X = 0;
        Y = 0;
    },
    2860794208,
    1
) for Device system-wide element
2026-09-30 23:45:26.321 Df testmanagerd[88342:c7494b] [com.apple.dt.xctest:Default] Decoded {
    Height = 812;
    Width = 402;
    X = 0;
    Y = 0;
} to rect
2026-09-30 23:45:26.321 Df testmanagerd[88342:c7494b] [com.apple.dt.xctest:Default] Got AXElement for Device system-wide element: <AXUIElementRef 0x10478b510> {pid=0} {uid=[ID:1 hash:0x0]}
2026-09-30 23:45:26.321 Df testmanagerd[88342:c7494b] [com.apple.dt.xctest:Default] Value for parameterized attribute 91505: <AXValue 0x10466e2c0> {value = x:0.000000 y:62.000000 w:402.000000 h:812.000000 type = kAXValueCGRectType}
2026-09-30 23:45:26.322 Df testmanagerd[88342:c7494b] [com.apple.dt.xctest:Default] Fetching AX parameterized attribute 91505, parameter (
        {
        Height = 812;
        Width = 402;
        X = 0;
        Y = 0;
    },
    2860794208,
    1
) for Device system-wide element
2026-09-30 23:45:26.322 Df testmanagerd[88342:c7494b] [com.apple.dt.xctest:Default] Decoded {
    Height = 812;
    Width = 402;
    X = 0;
    Y = 0;
} to rect
2026-09-30 23:45:26.322 Df testmanagerd[88342:c7494b] [com.apple.dt.xctest:Default] Got AXElement for Device system-wide element: <AXUIElementRef 0x10478b510> {pid=0} {uid=[ID:1 hash:0x0]}
2026-09-30 23:45:26.322 Df testmanagerd[88342:c7494b] [com.apple.dt.xctest:Default] Value for parameterized attribute 91505: <AXValue 0x10466f100> {value = x:0.000000 y:62.000000 w:402.000000 h:812.000000 type = kAXValueCGRectType}
2026-09-30 23:45:26.323 Df testmanagerd[88342:c7494b] [com.apple.dt.xctest:Default] Fetching AX parameterized attribute 91505, parameter (
        {
        Height = 874;
        Width = 402;
        X = 0;
        Y = 0;
    },
    554734495,
    1
) for Device system-wide element
2026-09-30 23:45:26.323 Df testmanagerd[88342:c7494b] [com.apple.dt.xctest:Default] Decoded {
    Height = 874;
    Width = 402;
    X = 0;
    Y = 0;
} to rect
2026-09-30 23:45:26.323 Df testmanagerd[88342:c7494b] [com.apple.dt.xctest:Default] Got AXElement for Device system-wide element: <AXUIElementRef 0x10478b510> {pid=0} {uid=[ID:1 hash:0x0]}
2026-09-30 23:45:26.323 Df testmanagerd[88342:c7494b] [com.apple.dt.xctest:Default] Value for parameterized attribute 91505: <AXValue 0x10466d3c0> {value = x:0.000000 y:0.000000 w:402.000000 h:874.000000 type = kAXValueCGRectType}
2026-09-30 23:45:26.324 Df testmanagerd[88342:c7494b] [com.apple.dt.xctest:Default] Fetching AX parameterized attribute 91505, parameter (
        {
        Height = 874;
        Width = 402;
        X = 0;
        Y = 0;
    },
    554734495,
    1
) for Device system-wide element
2026-09-30 23:45:26.324 Df testmanagerd[88342:c7494b] [com.apple.dt.xctest:Default] Decoded {
    Height = 874;
    Width = 402;
    X = 0;
    Y = 0;
} to rect
2026-09-30 23:45:26.324 Df testmanagerd[88342:c7494b] [com.apple.dt.xctest:Default] Got AXElement for Device system-wide element: <AXUIElementRef 0x10478b510> {pid=0} {uid=[ID:1 hash:0x0]}
2026-09-30 23:45:26.324 Df testmanagerd[88342:c7494b] [com.apple.dt.xctest:Default] Value for parameterized attribute 91505: <AXValue 0x10466e2c0> {value = x:0.000000 y:0.000000 w:402.000000 h:874.000000 type = kAXValueCGRectType}
2026-09-30 23:45:26.324 Df testmanagerd[88342:c7494b] [com.apple.dt.xctest:Default] Fetching AX parameterized attribute 91505, parameter (
        {
        Height = 874;
        Width = 402;
        X = 0;
        Y = 0;
    },
    554734495,
    1
) for Device system-wide element
2026-09-30 23:45:26.324 Df testmanagerd[88342:c7494b] [com.apple.dt.xctest:Default] Decoded {
    Height = 874;
    Width = 402;
    X = 0;
    Y = 0;
} to rect
2026-09-30 23:45:26.324 Df testmanagerd[88342:c7494b] [com.apple.dt.xctest:Default] Got AXElement for Device system-wide element: <AXUIElementRef 0x10478b510> {pid=0} {uid=[ID:1 hash:0x0]}
2026-09-30 23:45:26.325 Df testmanagerd[88342:c7494b] [com.apple.dt.xctest:Default] Value for parameterized attribute 91505: <AXValue 0x10466f100> {value = x:0.000000 y:0.000000 w:402.000000 h:874.000000 type = kAXValueCGRectType}
2026-09-30 23:45:26.327 Df testmanagerd[88342:c7494b] [com.apple.dt.xctest:Default] Fetching AX attributes XC_kAXXCAttributeValue for App element pid: 42063
2026-09-30 23:45:26.327 Df testmanagerd[88342:c7494b] [com.apple.dt.xctest:Default] Got attributes, transferring to dictionary for return.
2026-09-30 23:45:26.327 Df testmanagerd[88342:c7494b] [com.apple.dt.xctest:Default] Fetching AX attributes XC_kAXXCAttributePlaceholderValue for App element pid: 42063
2026-09-30 23:45:26.327 Df testmanagerd[88342:c7494b] [com.apple.dt.xctest:Default] Got attributes, transferring to dictionary for return.
2026-09-30 23:45:26.329 Df testmanagerd[88342:c7494b] [com.apple.dt.xctest:Default] XCTPerformOnMainRunLoop[not MT]: about to CFRunLoopPerform
2026-09-30 23:45:26.329 Df testmanagerd[88342:c7494b] [com.apple.dt.xctest:Default] XCTPerformOnMainRunLoop[not MT]: waiting with 30.00s responsiveness timeout
2026-09-30 23:45:26.329 Df testmanagerd[88342:c35c14] [com.apple.dt.xctest:Default] XCTPerformOnMainRunLoop[MT]: inside CFRunLoopPerform
2026-09-30 23:45:26.329 Df testmanagerd[88342:c35c14] [com.apple.dt.xctest:Default] XCTPerformOnMainRunLoop[MT]: MT responded in time (won the race to the busy flag)
2026-09-30 23:45:26.329 Df testmanagerd[88342:c7494b] [com.apple.dt.xctest:Default] XCTPerformOnMainRunLoop[not MT]: waiting 60.00s for work to complete
2026-09-30 23:45:26.329 Df testmanagerd[88342:c35c14] [com.apple.dt.xctest:Default] Got main window <AXUIElementRef 0x10478b2a0> {pid=42063} {uid=[ID:5 hash:0x13c615800]}
2026-09-30 23:45:26.329 Df testmanagerd[88342:c35c14] [com.apple.dt.xctest:Default] Capturing hierarchy with attributes XC_kAXXCAttributeLabel, XC_kAXXCAttributeHorizontalSizeClass, XC_kAXXCAttributeTraits, XC_kAXXCAttributePlaceholderValue, XC_kAXXCAttributeWindowDisplayId, XC_kAXXCAttributeBannerIsStickyAttribute, XC_kAXXCAttributeIdentifier, XC_kAXXCAttributeIsUserInteractionEnabled, XC_kAXXCAttributeURL, XC_kAXXCAttributeUserTestingElements, XC_kAXXCAttributeHasNativeFocus, XC_kAXXCAttributeVerticalSizeClass, XC_kAXXCAttributeTruncatedValue, XC_kAXXCAttributeViewControllerTitle, XC_kAXXCAttributeFrame, XC_kAXXCAttributeWindowContextId, XC_kAXXCAttributeSystemAutomationProperties, XC_kAXXCAttributeParent, XC_kAXXCAttributeAutomationType, XC_kAXXCAttributeViewControllerClassName, XC_kAXXCAttributeElementType, XC_kAXXCAttributeElementBaseType
2026-09-30 23:45:26.329 Df testmanagerd[88342:c35c14] [com.apple.dt.xctest:Default] Capturing hierarchy with parameters {
    attributes =     (
        2001,
        2086,
        2004,
        5043,
        2123,
        2129,
        5019,
        5034,
        2020,
        5009,
        2094,
        2087,
        2158,
        5041,
        2003,
        2021,
        5063,
        5002,
        5058,
        5042,
        5003,
        5004
    );
    maxArrayCount = 2147483647;
    maxChildren = 2147483647;
    maxDepth = 2147483647;
    snapshotKeyHonorModalViews = 0;
    traverseFromParentsToChildren = 1;
}
2026-09-30 23:45:26.329 Df testmanagerd[88342:c35c14] [com.apple.dt.xctest:Default] Snapshot attributes 2001, 2086, 2004, 5043, 2123, 2129, 5019, 5034, 2020, 5009, 2094, 2087, 2158, 5041, 2003, 2021, 5063, 5002, 5058, 5042, 5003, 5004
2026-09-30 23:45:26.338 Df testmanagerd[88342:c35c14] [com.apple.dt.xctest:Default] Got snapshot for <AXUIElementRef 0x10478b510> {pid=42063} {uid=[ID:1 hash:0x0]}
2026-09-30 23:45:26.338 Df testmanagerd[88342:c35c14] [com.apple.dt.xctest:Default] Got app orientation 0
2026-09-30 23:45:26.338 Df testmanagerd[88342:c35c14] [com.apple.dt.xctest:Default] Captured accessibility snapshot data in 0.01s
2026-09-30 23:45:26.338 Df testmanagerd[88342:c7494b] [com.apple.dt.xctest:Default] Found main window: Window, {{0.0, 0.0}, {402.0, 874.0}}
2026-09-30 23:45:26.338 Df testmanagerd[88342:c7494b] [com.apple.dt.xctest:Default] Preferring automation type 58 instead of legacy element type OTHER derived from class/trait: _SFWebView:UIView 146028888064
2026-09-30 23:45:26.338 E  testmanagerd[88342:c7494b] [com.apple.dt.xctest:Default] Uncaptured runtime issue reported: Automation type mismatch: computed Other from legacy attributes vs WebView from modern attribute.
2026-09-30 23:45:26.338 Df testmanagerd[88342:c7494b] [com.apple.dt.xctest:Default] Preferring automation type 58 instead of legacy element type OTHER derived from class/trait: WKContentView:UIView 146028888064
2026-09-30 23:45:26.338 E  testmanagerd[88342:c7494b] [com.apple.dt.xctest:Default] Uncaptured runtime issue reported: Automation type mismatch: computed Other from legacy attributes vs WebView from modern attribute.
2026-09-30 23:45:26.338 Df testmanagerd[88342:c7494b] [com.apple.dt.xctest:Default] Capturing hierarchy for remote element RemotePlaceholder, pid: 42128, child of WebView, {{0.0, 0.0}, {402.0, 874.0}}
2026-09-30 23:45:26.338 Df testmanagerd[88342:c7494b] [com.apple.dt.xctest:Default] Saved original AX timeout 60 and set temporary timeout 5
2026-09-30 23:45:26.338 Df testmanagerd[88342:c7494b] [com.apple.dt.xctest:Default] Snapshot attributes 2001, 2086, 2004, 5043, 2123, 2129, 5019, 5034, 2020, 5009, 2094, 2087, 2158, 5041, 2003, 2021, 5063, 5002, 5058, 5042, 5003, 5004
2026-09-30 23:45:26.342 Df testmanagerd[88342:c7494b] [com.apple.dt.xctest:Default] Got snapshot for <AXUIElementRef 0x10473a9d0> {pid=42128} {uid=[ID:9999 hash:0x13473497d54031bc]}
2026-09-30 23:45:26.342 Df testmanagerd[88342:c7494b] [com.apple.dt.xctest:Default] Restored original AX timeout 60
2026-09-30 23:45:26.342 Df testmanagerd[88342:c7494b] [com.apple.dt.xctest:Default] Checking '' for privileged AX value slot attributes
2026-09-30 23:45:26.342 Df testmanagerd[88342:c7494b] [com.apple.dt.xctest:Default] Checking '' for privileged AX value slot attributes
2026-09-30 23:45:26.342 Df testmanagerd[88342:c7494b] [com.apple.dt.xctest:Default] Checking 'Text insert spike' for privileged AX value slot attributes
2026-09-30 23:45:26.342 Df testmanagerd[88342:c7494b] [com.apple.dt.xctest:Default] WARNING: Value http://localhost:8804/form.html could not be safely stored, returning its description.
2026-09-30 23:45:26.342 Df testmanagerd[88342:c7494b] [com.apple.dt.xctest:Default] Checking '' for privileged AX value slot attributes
2026-09-30 23:45:26.342 Df testmanagerd[88342:c7494b] [com.apple.dt.xctest:Default] Checking 'form' for privileged AX value slot attributes
2026-09-30 23:45:26.342 Df testmanagerd[88342:c7494b] [com.apple.dt.xctest:Default] Checking '' for privileged AX value slot attributes
2026-09-30 23:45:26.342 Df testmanagerd[88342:c7494b] [com.apple.dt.xctest:Default] Checking '' for privileged AX value slot attributes
2026-09-30 23:45:26.342 Df testmanagerd[88342:c7494b] [com.apple.dt.xctest:Default] Checking '' for privileged AX value slot attributes
2026-09-30 23:45:26.342 Df testmanagerd[88342:c7494b] [com.apple.dt.xctest:Default] Checking 'Email' for privileged AX value slot attributes
2026-09-30 23:45:26.342 Df testmanagerd[88342:c7494b] [com.apple.dt.xctest:Default] Checking 'Email' for privileged AX value slot attributes
2026-09-30 23:45:26.342 Df testmanagerd[88342:c7494b] [com.apple.dt.xctest:Default] Checking '' for privileged AX value slot attributes
2026-09-30 23:45:26.342 Df testmanagerd[88342:c7494b] [com.apple.dt.xctest:Default] Preferring automation type 1 instead of legacy element type OTHER derived from class/trait: WebAccessibilityObjectWrapper:NSObject 146029281280
2026-09-30 23:45:26.342 E  testmanagerd[88342:c7494b] [com.apple.dt.xctest:Default] Uncaptured runtime issue reported: Automation type mismatch: computed TextField from legacy attributes vs Other from modern attribute.
2026-09-30 23:45:26.342 E  testmanagerd[88342:c7494b] [com.apple.dt.xctest:Default] Automation type mismatch; legacy system derived element type 49 from class WebAccessibilityObjectWrapper:NSObject, traits 146029281280, but AXAutomationType returned 0 which maps to 1
2026-09-30 23:45:26.342 Df testmanagerd[88342:c7494b] [com.apple.dt.xctest:Default] Checking 'form' for privileged AX value slot attributes
2026-09-30 23:45:26.342 Df testmanagerd[88342:c7494b] [com.apple.dt.xctest:Default] Checking '' for privileged AX value slot attributes
2026-09-30 23:45:26.342 Df testmanagerd[88342:c7494b] [com.apple.dt.xctest:Default] Checking '' for privileged AX value slot attributes
2026-09-30 23:45:26.342 Df testmanagerd[88342:c7494b] [com.apple.dt.xctest:Default] Checking '' for privileged AX value slot attributes
2026-09-30 23:45:26.343 Df testmanagerd[88342:c7494b] [com.apple.dt.xctest:Default] Checking 'Your e-mail' for privileged AX value slot attributes
2026-09-30 23:45:26.343 Df testmanagerd[88342:c7494b] [com.apple.dt.xctest:Default] Checking 'Your e-mail' for privileged AX value slot attributes
2026-09-30 23:45:26.343 Df testmanagerd[88342:c7494b] [com.apple.dt.xctest:Default] Checking '' for privileged AX value slot attributes
2026-09-30 23:45:26.343 Df testmanagerd[88342:c7494b] [com.apple.dt.xctest:Default] Preferring automation type 1 instead of legacy element type OTHER derived from class/trait: WebAccessibilityObjectWrapper:NSObject 146031378432
2026-09-30 23:45:26.343 E  testmanagerd[88342:c7494b] [com.apple.dt.xctest:Default] Uncaptured runtime issue reported: Automation type mismatch: computed TextField from legacy attributes vs Other from modern attribute.
2026-09-30 23:45:26.343 E  testmanagerd[88342:c7494b] [com.apple.dt.xctest:Default] Automation type mismatch; legacy system derived element type 49 from class WebAccessibilityObjectWrapper:NSObject, traits 146031378432, but AXAutomationType returned 0 which maps to 1
2026-09-30 23:45:26.343 Df testmanagerd[88342:c7494b] [com.apple.dt.xctest:Default] Checking 'form' for privileged AX value slot attributes
2026-09-30 23:45:26.343 Df testmanagerd[88342:c7494b] [com.apple.dt.xctest:Default] Checking '' for privileged AX value slot attributes
2026-09-30 23:45:26.343 Df testmanagerd[88342:c7494b] [com.apple.dt.xctest:Default] Checking '' for privileged AX value slot attributes
2026-09-30 23:45:26.343 Df testmanagerd[88342:c7494b] [com.apple.dt.xctest:Default] Checking '' for privileged AX value slot attributes
2026-09-30 23:45:26.343 Df testmanagerd[88342:c7494b] [com.apple.dt.xctest:Default] Checking 'Phone' for privileged AX value slot attributes
2026-09-30 23:45:26.343 Df testmanagerd[88342:c7494b] [com.apple.dt.xctest:Default] Checking 'Phone' for privileged AX value slot attributes
2026-09-30 23:45:26.343 Df testmanagerd[88342:c7494b] [com.apple.dt.xctest:Default] Checking '' for privileged AX value slot attributes
2026-09-30 23:45:26.343 Df testmanagerd[88342:c7494b] [com.apple.dt.xctest:Default] Preferring automation type 1 instead of legacy element type OTHER derived from class/trait: WebAccessibilityObjectWrapper:NSObject 146029281280
2026-09-30 23:45:26.343 E  testmanagerd[88342:c7494b] [com.apple.dt.xctest:Default] Uncaptured runtime issue reported: Automation type mismatch: computed TextField from legacy attributes vs Other from modern attribute.
2026-09-30 23:45:26.343 E  testmanagerd[88342:c7494b] [com.apple.dt.xctest:Default] Automation type mismatch; legacy system derived element type 49 from class WebAccessibilityObjectWrapper:NSObject, traits 146029281280, but AXAutomationType returned 0 which maps to 1
2026-09-30 23:45:26.343 Df testmanagerd[88342:c7494b] [com.apple.dt.xctest:Default] Checking '' for privileged AX value slot attributes
2026-09-30 23:45:26.343 Df testmanagerd[88342:c7494b] [com.apple.dt.xctest:Default] Checking '' for privileged AX value slot attributes
2026-09-30 23:45:26.343 Df testmanagerd[88342:c7494b] [com.apple.dt.xctest:Default] Checking 'usr_contact focus  v=
usr_contact blur  v=' for privileged AX value slot attributes
2026-09-30 23:45:26.343 Df testmanagerd[88342:c7494b] [com.apple.dt.xctest:Default] Checking 'Back' for privileged AX value slot attributes
2026-09-30 23:45:26.343 Df testmanagerd[88342:c7494b] [com.apple.dt.xctest:Default] Checking 'Page Menu' for privileged AX value slot attributes
2026-09-30 23:45:26.343 Df testmanagerd[88342:c7494b] [com.apple.dt.xctest:Default] Checking '\040\^Nlocalhost' for privileged AX value slot attributes
2026-09-30 23:45:26.343 Df testmanagerd[88342:c7494b] [com.apple.dt.xctest:Default] Preferring automation type 1 instead of legacy element type OTHER derived from class/trait: SFUnifiedTabBarItemTitleContainerView:UIView 8590196736
2026-09-30 23:45:26.343 E  testmanagerd[88342:c7494b] [com.apple.dt.xctest:Default] Uncaptured runtime issue reported: Automation type mismatch: computed TextField from legacy attributes vs Other from modern attribute.
2026-09-30 23:45:26.343 E  testmanagerd[88342:c7494b] [com.apple.dt.xctest:Default] Automation type mismatch; legacy system derived element type 49 from class SFUnifiedTabBarItemTitleContainerView:UIView, traits 8590196736, but AXAutomationType returned 0 which maps to 1
2026-09-30 23:45:26.343 Df testmanagerd[88342:c7494b] [com.apple.dt.xctest:Default] Checking 'refresh' for privileged AX value slot attributes
2026-09-30 23:45:26.343 Df testmanagerd[88342:c7494b] [com.apple.dt.xctest:Default] Checking 'Tabs' for privileged AX value slot attributes
2026-09-30 23:45:26.343 Df testmanagerd[88342:c7494b] [com.apple.dt.xctest:Default] Capturing hierarchy for remote element RemotePlaceholder, pid: 24111, child of Other, {{0.0, 0.0}, {804.0, 1748.0}}
2026-09-30 23:45:26.343 Df testmanagerd[88342:c7494b] [com.apple.dt.xctest:Default] Saved original AX timeout 60 and set temporary timeout 5
2026-09-30 23:45:26.343 Df testmanagerd[88342:c7494b] [com.apple.dt.xctest:Default] Snapshot attributes 2001, 2086, 2004, 5043, 2123, 2129, 5019, 5034, 2020, 5009, 2094, 2087, 2158, 5041, 2003, 2021, 5063, 5002, 5058, 5042, 5003, 5004
2026-09-30 23:45:26.345 Df testmanagerd[88342:c7494b] [com.apple.dt.xctest:Default] Got snapshot for <AXUIElementRef 0x104739e60> {pid=24111} {uid=[ID:9999 hash:0xf76970f036744d38]}
2026-09-30 23:45:26.345 Df testmanagerd[88342:c7494b] [com.apple.dt.xctest:Default] Restored original AX timeout 60
2026-09-30 23:45:26.345 Df testmanagerd[88342:c7494b] [com.apple.dt.xctest:Default] Capturing hierarchy for remote element RemotePlaceholder, pid: 42547, child of Other, {{0.0, 62.0}, {402.0, 812.0}}
2026-09-30 23:45:26.345 Df testmanagerd[88342:c7494b] [com.apple.dt.xctest:Default] Saved original AX timeout 60 and set temporary timeout 5
2026-09-30 23:45:26.345 Df testmanagerd[88342:c7494b] [com.apple.dt.xctest:Default] Snapshot attributes 2001, 2086, 2004, 5043, 2123, 2129, 5019, 5034, 2020, 5009, 2094, 2087, 2158, 5041, 2003, 2021, 5063, 5002, 5058, 5042, 5003, 5004
2026-09-30 23:45:26.355 Df testmanagerd[88342:c7494b] [com.apple.dt.xctest:Default] Got snapshot for <AXUIElementRef 0x1084802d0> {pid=42547} {uid=[ID:9999 hash:0x29ba6cb50f15d8d2]}
2026-09-30 23:45:26.355 Df testmanagerd[88342:c7494b] [com.apple.dt.xctest:Default] Restored original AX timeout 60
2026-09-30 23:45:26.355 Df testmanagerd[88342:c7494b] [com.apple.dt.xctest:Default] Checking 'Prefill values' for privileged AX value slot attributes
2026-09-30 23:45:26.355 Df testmanagerd[88342:c7494b] [com.apple.dt.xctest:Default] Preferring automation type 48 instead of legacy element type OTHER derived from class/trait: UILabel:UILabel 8590000128
2026-09-30 23:45:26.355 E  testmanagerd[88342:c7494b] [com.apple.dt.xctest:Default] Uncaptured runtime issue reported: Automation type mismatch: computed Other from legacy attributes vs StaticText from modern attribute.
2026-09-30 23:45:26.355 Df testmanagerd[88342:c7494b] [com.apple.dt.xctest:Default] CollectionView, {{0.0, 0.0}, {402.0, 812.0}} is not actually a child of Other, {{0.0, 0.0}, {402.0, 812.0}}, including at this point anyway (rdar://problem/20738636)
2026-09-30 23:45:26.355 Df testmanagerd[88342:c7494b] [com.apple.dt.xctest:Default] Preferring automation type 24 instead of legacy element type OTHER derived from class/trait: _UIFloatingBarContainerView:_UIFloatingBarContainerView 8589934592
2026-09-30 23:45:26.355 E  testmanagerd[88342:c7494b] [com.apple.dt.xctest:Default] Uncaptured runtime issue reported: Automation type mismatch: computed Other from legacy attributes vs Toolbar from modern attribute.
2026-09-30 23:45:26.355 Df testmanagerd[88342:c7494b] [com.apple.dt.xctest:Default] Other, {{0.0, 0.0}, {402.0, 812.0}} is not actually a child of Other, {{0.0, 0.0}, {402.0, 812.0}}, including at this point anyway (rdar://problem/20738636)
2026-09-30 23:45:26.355 Df testmanagerd[88342:c7494b] [com.apple.dt.xctest:Default] Capturing hierarchy for remote element RemotePlaceholder, pid: 24111, child of Other, {{0.0, 0.0}, {804.0, 1748.0}}
2026-09-30 23:45:26.355 Df testmanagerd[88342:c7494b] [com.apple.dt.xctest:Default] Saved original AX timeout 60 and set temporary timeout 5
2026-09-30 23:45:26.355 Df testmanagerd[88342:c7494b] [com.apple.dt.xctest:Default] Snapshot attributes 2001, 2086, 2004, 5043, 2123, 2129, 5019, 5034, 2020, 5009, 2094, 2087, 2158, 5041, 2003, 2021, 5063, 5002, 5058, 5042, 5003, 5004
2026-09-30 23:45:26.355 Df testmanagerd[88342:c7494b] [com.apple.dt.xctest:Default] Got snapshot for <AXUIElementRef 0x10473b600> {pid=24111} {uid=[ID:9999 hash:0x41984df124b44d32]}
2026-09-30 23:45:26.355 Df testmanagerd[88342:c7494b] [com.apple.dt.xctest:Default] Restored original AX timeout 60
2026-09-30 23:45:26.355 Df testmanagerd[88342:c7494b] [com.apple.dt.xctest:Default] App orientation is 0 (not portrait) and UITextEffectsWindow window Window, {{0.0, 0.0}, {402.0, 874.0}} is not main window
2026-09-30 23:45:26.355 Df testmanagerd[88342:c7494b] [com.apple.dt.xctest:Default] Leaving frame unchanged for Window, {{0.0, 0.0}, {402.0, 874.0}}: either already correct or we can't detect it.
2026-09-30 23:45:26.360 Df MobileSafari[42063:c751fd] [com.apple.dt.xctest:Default] Received attributes request for element: App element pid: 42063. Attributes: (
    "XC_kAXXCAttributeValue"
)
2026-09-30 23:45:26.360 Df MobileSafari[42063:c756c2] [com.apple.dt.xctest:Default] XCTPerformOnMainRunLoop[not MT]: about to CFRunLoopPerform
2026-09-30 23:45:26.360 Df MobileSafari[42063:c756c2] [com.apple.dt.xctest:Default] XCTPerformOnMainRunLoop[not MT]: waiting with 30.00s responsiveness timeout
2026-09-30 23:45:26.360 Df MobileSafari[42063:c75080] [com.apple.dt.xctest:Default] XCTPerformOnMainRunLoop[MT]: inside CFRunLoopPerform
2026-09-30 23:45:26.360 Df MobileSafari[42063:c75080] [com.apple.dt.xctest:Default] XCTPerformOnMainRunLoop[MT]: MT responded in time (won the race to the busy flag)
2026-09-30 23:45:26.360 Df MobileSafari[42063:c756c2] [com.apple.dt.xctest:Default] XCTPerformOnMainRunLoop[not MT]: waiting 60.00s for work to complete
2026-09-30 23:45:26.360 Df MobileSafari[42063:c75080] [com.apple.dt.xctest:Default] Fetching AX attributes XC_kAXXCAttributeValue for App element pid: 42063
2026-09-30 23:45:26.360 Df MobileSafari[42063:c75080] [com.apple.dt.xctest:Default] Got attributes, transferring to dictionary for return.
2026-09-30 23:45:26.360 Df MobileSafari[42063:c756c2] [com.apple.dt.xctest:Default] Replying with attribute values: {
}
2026-09-30 23:45:26.361 Df MobileSafari[42063:c756c2] [com.apple.dt.xctest:Default] Received attributes request for element: App element pid: 42063. Attributes: (
    "XC_kAXXCAttributePlaceholderValue"
)
2026-09-30 23:45:26.361 Df MobileSafari[42063:c756c2] [com.apple.dt.xctest:Default] XCTPerformOnMainRunLoop[not MT]: about to CFRunLoopPerform
2026-09-30 23:45:26.361 Df MobileSafari[42063:c756c2] [com.apple.dt.xctest:Default] XCTPerformOnMainRunLoop[not MT]: waiting with 30.00s responsiveness timeout
2026-09-30 23:45:26.361 Df MobileSafari[42063:c75080] [com.apple.dt.xctest:Default] XCTPerformOnMainRunLoop[MT]: inside CFRunLoopPerform
2026-09-30 23:45:26.361 Df MobileSafari[42063:c75080] [com.apple.dt.xctest:Default] XCTPerformOnMainRunLoop[MT]: MT responded in time (won the race to the busy flag)
2026-09-30 23:45:26.361 Df MobileSafari[42063:c756c2] [com.apple.dt.xctest:Default] XCTPerformOnMainRunLoop[not MT]: waiting 60.00s for work to complete
2026-09-30 23:45:26.361 Df MobileSafari[42063:c75080] [com.apple.dt.xctest:Default] Fetching AX attributes XC_kAXXCAttributePlaceholderValue for App element pid: 42063
2026-09-30 23:45:26.361 Df MobileSafari[42063:c75080] [com.apple.dt.xctest:Default] Got attributes, transferring to dictionary for return.
2026-09-30 23:45:26.361 Df MobileSafari[42063:c756c2] [com.apple.dt.xctest:Default] Replying with attribute values: {
}
2026-09-30 23:45:26.361 Df TextInsertUITests-Runner[41970:c74e7f] [com.apple.CFNetwork:Default] Task <FDDDAFCF-732C-4BD2-8A24-D8A2168DFFB9>.<4> resuming, timeouts(60.0, 604800.0) qos(0x21) voucher((null)) activity(00000000-0000-0000-0000-000000000000)
2026-09-30 23:45:26.361 A  TextInsertUITests-Runner[41970:c74fe8] (Security) SecTrustReportNetworkingAnalytics
2026-09-30 23:45:26.362 Df TextInsertUITests-Runner[41970:c74f18] [com.apple.CFNetwork:Default] Connection 8: starting, TC(0x0)
2026-09-30 23:45:26.362 Df TextInsertUITests-Runner[41970:c74f18] [com.apple.network:connection] [C8 9A258B16-8759-4343-B1E1-5A0D02BBD9AA 127.0.0.1:8805 tcp, url: http://127.0.0.1:8805/tree, definite, attribution: developer, context: com.apple.CFNetwork.NSURLSession.{3BD4F843-8E8B-49E7-BAF1-F0B43A7A31A4}{(null)}{Y}{2}{0x0} (private), proc: 3464360A-0B4C-3AD7-A7DA-7A3F1F63EB75, delegated upid: 0] start
2026-09-30 23:45:26.362 Df TextInsertUITests-Runner[41970:c74f18] [com.apple.network:connection] [C8 127.0.0.1:8805 initial parent-flow ((null))] event: path:start @0.000s
2026-09-30 23:45:26.362 Df TextInsertUITests-Runner[41970:c74f18] [com.apple.network:connection] [C8 127.0.0.1:8805 waiting parent-flow (satisfied (Path is satisfied), interface: lo0)] event: path:satisfied @0.000s, uuid: 230E5054-6516-4451-89C7-F6CAAAD62B9A
2026-09-30 23:45:26.362 Df trustd[87797:c75440] [com.apple.securityd:SecError] TextInsertUITest[41970]/1#-1 LF=0 NetworkingAnalyticsReport Error Domain=NSOSStatusErrorDomain Code=-4 "Networking analytics not supported in this environment" UserInfo={numberOfErrorsDeep=0, NSDescription=Networking analytics not supported in this environment}
2026-09-30 23:45:26.362 Df TextInsertUITests-Runner[41970:c74fe8] [com.apple.securityd:SecError] SecTrustReportNetworkingAnalytics failed with error: -4
2026-09-30 23:45:26.362 Df TextInsertUITests-Runner[41970:c74f18] [com.apple.network:connection] [C8 127.0.0.1:8805 in_progress socket-flow (satisfied (Path is satisfied), interface: lo0)] event: flow:start_connect @0.000s
2026-09-30 23:45:26.362 Df TextInsertUITests-Runner[41970:c74f18] [com.apple.network:connection] nw_connection_report_state_with_handler_on_nw_queue [C8] reporting state preparing
2026-09-30 23:45:26.362 Df TextInsertUITests-Runner[41970:c74f18] [com.apple.CFNetwork:Default] Task <FDDDAFCF-732C-4BD2-8A24-D8A2168DFFB9>.<4> setting up Connection 8
2026-09-30 23:45:26.362 Df TextInsertUITests-Runner[41970:c74f18] [com.apple.network:connection] nw_socket_handle_socket_event [C8:2] Socket received CONNECTED event
2026-09-30 23:45:26.362 Df TextInsertUITests-Runner[41970:c74f18] [com.apple.network:connection] nw_flow_connected [C8 127.0.0.1:8805 in_progress socket-flow (satisfied (Path is satisfied), interface: lo0)] Transport protocol connected (socket)
2026-09-30 23:45:26.362 Df TextInsertUITests-Runner[41970:c74f18] [com.apple.network:connection] [C8 127.0.0.1:8805 in_progress socket-flow (satisfied (Path is satisfied), interface: lo0)] event: flow:finish_transport @0.000s
2026-09-30 23:45:26.362 Df TextInsertUITests-Runner[41970:c74f18] [com.apple.network:connection] nw_flow_connected [C8 127.0.0.1:8805 in_progress socket-flow (satisfied (Path is satisfied), interface: lo0)] Output protocol connected (CFNetworkConnection-1630071214)
2026-09-30 23:45:26.362 Df TextInsertUITests-Runner[41970:c74f18] [com.apple.network:connection] [C8 127.0.0.1:8805 ready socket-flow (satisfied (Path is satisfied), interface: lo0)] event: flow:finish_connect @0.000s
2026-09-30 23:45:26.362 Df TextInsertUITests-Runner[41970:c74f18] [com.apple.network:connection] nw_connection_report_state_with_handler_on_nw_queue [C8] reporting state ready
2026-09-30 23:45:26.362 Df TextInsertUITests-Runner[41970:c74f18] [com.apple.CFNetwork:Default] Connection 8: connected successfully
2026-09-30 23:45:26.362 Df TextInsertUITests-Runner[41970:c74f18] [com.apple.CFNetwork:Default] Connection 8: ready C(N) E(N)
2026-09-30 23:45:26.362 Df TextInsertUITests-Runner[41970:c74f18] [com.apple.CFNetwork:Default] Task <FDDDAFCF-732C-4BD2-8A24-D8A2168DFFB9>.<4> now using Connection 8
2026-09-30 23:45:26.362 Df TextInsertUITests-Runner[41970:c74fe8] [com.apple.CFNetwork:Default] Task <FDDDAFCF-732C-4BD2-8A24-D8A2168DFFB9>.<4> sent request, body S 14511
2026-09-30 23:45:26.363 Df TextInsertUITests-Runner[41970:c74fe8] [com.apple.network:connection] nw_socket_handle_socket_event [C8:2] Socket received READ_CLOSE event
2026-09-30 23:45:26.363 Df TextInsertUITests-Runner[41970:c74fe8] [com.apple.CFNetwork:Default] Task <FDDDAFCF-732C-4BD2-8A24-D8A2168DFFB9>.<4> received response, status 200 content U
2026-09-30 23:45:26.363 Df TextInsertUITests-Runner[41970:c74fe8] [com.apple.CFNetwork:Default] Connection 8: read-side closed
2026-09-30 23:45:26.363 Df TextInsertUITests-Runner[41970:c74fe8] [com.apple.CFNetwork:Default] Connection 8: final read 0:0, complete[Y], final[N]
2026-09-30 23:45:26.363 Df TextInsertUITests-Runner[41970:c74fe8] [com.apple.CFNetwork:Default] Connection 8: cleaning up
2026-09-30 23:45:26.363 Df TextInsertUITests-Runner[41970:c74fe8] [com.apple.network:connection] [C8 9A258B16-8759-4343-B1E1-5A0D02BBD9AA 127.0.0.1:8805 tcp, url: http://127.0.0.1:8805/tree, definite, attribution: developer] cancel
2026-09-30 23:45:26.363 Df TextInsertUITests-Runner[41970:c74fe8] [com.apple.network:connection] [C8 9A258B16-8759-4343-B1E1-5A0D02BBD9AA 127.0.0.1:8805 tcp, url: http://127.0.0.1:8805/tree, definite, attribution: developer] cancelled
	[C8 230E5054-6516-4451-89C7-F6CAAAD62B9A 127.0.0.1:57133<->127.0.0.1:8805]
	Connected Path: satisfied (Path is satisfied), interface: lo0
	Privacy Stance: Not Eligible
	Duration: 0.001s, TCP @0.000s took 0.000s
	bytes in/out: 92/14838, packets in/out: 2/2, rtt: 0.001s, retransmitted bytes: 0, out-of-order bytes: 0
	ecn packets sent/acked/marked/lost: 0/0/0/0
2026-09-30 23:45:26.363 Df TextInsertUITests-Runner[41970:c74fe8] [com.apple.network:connection] nw_connection_report_state_with_handler_on_nw_queue [C8] reporting state cancelled
2026-09-30 23:45:26.363 Df TextInsertUITests-Runner[41970:c74fe8] [com.apple.CFNetwork:Default] Task <FDDDAFCF-732C-4BD2-8A24-D8A2168DFFB9>.<4> response ended
2026-09-30 23:45:26.363 Df TextInsertUITests-Runner[41970:c74fe8] [com.apple.CFNetwork:Default] Task <FDDDAFCF-732C-4BD2-8A24-D8A2168DFFB9>.<4> done using Connection 8
2026-09-30 23:45:26.363 Df TextInsertUITests-Runner[41970:c74fe8] [com.apple.CFNetwork:Default] Connection 8: done
2026-09-30 23:45:26.363 Df TextInsertUITests-Runner[41970:c74f18] [com.apple.CFNetwork:Summary] Task <FDDDAFCF-732C-4BD2-8A24-D8A2168DFFB9>.<4> summary for task success {transaction_duration_ms=1, response_status=200, connection=8, protocol="http/1.1", domain_lookup_duration_ms=0, connect_duration_ms=0, secure_connection_duration_ms=0, private_relay=false, request_start_ms=0, request_duration_ms=0, response_start_ms=1, response_duration_ms=0, request_bytes=14838, request_throughput_kbps=920296, response_bytes=92, response_throughput_kbps=4872, cache_hit=false}
2026-09-30 23:45:26.363 Df TextInsertUITests-Runner[41970:c74fe8] [com.apple.CFNetwork:Default] Task <FDDDAFCF-732C-4BD2-8A24-D8A2168DFFB9>.<4> finished successfully
2026-09-30 23:45:26.364 Df testmanagerd[88342:c7494b] [com.apple.dt.xctest:Default] XCTPerformOnMainRunLoop[not MT]: about to CFRunLoopPerform
2026-09-30 23:45:26.364 Df testmanagerd[88342:c7494b] [com.apple.dt.xctest:Default] XCTPerformOnMainRunLoop[not MT]: waiting with 30.00s responsiveness timeout
2026-09-30 23:45:26.364 Df testmanagerd[88342:c35c14] [com.apple.dt.xctest:Default] XCTPerformOnMainRunLoop[MT]: inside CFRunLoopPerform
2026-09-30 23:45:26.364 Df testmanagerd[88342:c35c14] [com.apple.dt.xctest:Default] XCTPerformOnMainRunLoop[MT]: MT responded in time (won the race to the busy flag)
2026-09-30 23:45:26.364 Df testmanagerd[88342:c7494b] [com.apple.dt.xctest:Default] XCTPerformOnMainRunLoop[not MT]: waiting 60.00s for work to complete
2026-09-30 23:45:26.365 Df testmanagerd[88342:c35c14] [com.apple.dt.xctest:Default] Got main window <AXUIElementRef 0x1084979f0> {pid=86754} {uid=[ID:107 hash:0x118c1d000]}
2026-09-30 23:45:26.365 Df testmanagerd[88342:c35c14] [com.apple.dt.xctest:Default] Capturing hierarchy with attributes XC_kAXXCAttributeLabel, XC_kAXXCAttributeHorizontalSizeClass, XC_kAXXCAttributeTraits, XC_kAXXCAttributePlaceholderValue, XC_kAXXCAttributeWindowDisplayId, XC_kAXXCAttributeBannerIsStickyAttribute, XC_kAXXCAttributeIdentifier, XC_kAXXCAttributeIsUserInteractionEnabled, XC_kAXXCAttributeURL, XC_kAXXCAttributeUserTestingElements, XC_kAXXCAttributeHasNativeFocus, XC_kAXXCAttributeVerticalSizeClass, XC_kAXXCAttributeTruncatedValue, XC_kAXXCAttributeViewControllerTitle, XC_kAXXCAttributeFrame, XC_kAXXCAttributeWindowContextId, XC_kAXXCAttributeSystemAutomationProperties, XC_kAXXCAttributeParent, XC_kAXXCAttributeAutomationType, XC_kAXXCAttributeViewControllerClassName, XC_kAXXCAttributeElementType, XC_kAXXCAttributeElementBaseType
2026-09-30 23:45:26.365 Df testmanagerd[88342:c35c14] [com.apple.dt.xctest:Default] Capturing hierarchy with parameters {
    attributes =     (
        2001,
        2086,
        2004,
        5043,
        2123,
        2129,
        5019,
        5034,
        2020,
        5009,
        2094,
        2087,
        2158,
        5041,
        2003,
        2021,
        5063,
        5002,
        5058,
        5042,
        5003,
        5004
    );
    maxArrayCount = 2147483647;
    maxChildren = 2147483647;
    maxDepth = 2147483647;
    snapshotKeyHonorModalViews = 0;
    traverseFromParentsToChildren = 1;
}
2026-09-30 23:45:26.365 Df testmanagerd[88342:c35c14] [com.apple.dt.xctest:Default] Snapshot attributes 2001, 2086, 2004, 5043, 2123, 2129, 5019, 5034, 2020, 5009, 2094, 2087, 2158, 5041, 2003, 2021, 5063, 5002, 5058, 5042, 5003, 5004
2026-09-30 23:45:26.386 Df testmanagerd[88342:c35c14] [com.apple.dt.xctest:Default] Got snapshot for <AXUIElementRef 0x108495110> {pid=86754} {uid=[ID:1 hash:0x0]}
2026-09-30 23:45:26.386 Df testmanagerd[88342:c35c14] [com.apple.dt.xctest:Default] Got app orientation 1
2026-09-30 23:45:26.386 Df testmanagerd[88342:c35c14] [com.apple.dt.xctest:Default] Captured accessibility snapshot data in 0.02s
2026-09-30 23:45:26.386 Df testmanagerd[88342:c7494b] [com.apple.dt.xctest:Default] Preferring automation type 2 instead of legacy element type OTHER derived from class/trait: SpringBoard:UISystemShellApplication 0
2026-09-30 23:45:26.386 E  testmanagerd[88342:c7494b] [com.apple.dt.xctest:Default] Uncaptured runtime issue reported: Automation type mismatch: computed Other from legacy attributes vs Application from modern attribute.
2026-09-30 23:45:26.387 Df testmanagerd[88342:c7494b] [com.apple.dt.xctest:Default] Preferring automation type 4 instead of legacy element type OTHER derived from class/trait: UIRootSceneWindow:UIRootSceneWindow 0
2026-09-30 23:45:26.387 E  testmanagerd[88342:c7494b] [com.apple.dt.xctest:Default] Uncaptured runtime issue reported: Automation type mismatch: computed Other from legacy attributes vs Window from modern attribute.
2026-09-30 23:45:26.387 Df testmanagerd[88342:c7494b] [com.apple.dt.xctest:Default] Preferring automation type 4 instead of legacy element type OTHER derived from class/trait: _UISystemGestureWindow:_UISystemGestureWindow 0
2026-09-30 23:45:26.387 E  testmanagerd[88342:c7494b] [com.apple.dt.xctest:Default] Uncaptured runtime issue reported: Automation type mismatch: computed Other from legacy attributes vs Window from modern attribute.
2026-09-30 23:45:26.387 Df testmanagerd[88342:c7494b] [com.apple.dt.xctest:Default] Preferring automation type 25 instead of legacy element type OTHER derived from class/trait: STUIStatusBar_Wrapper:UIStatusBar_Base 8589934592
2026-09-30 23:45:26.387 E  testmanagerd[88342:c7494b] [com.apple.dt.xctest:Default] Uncaptured runtime issue reported: Automation type mismatch: computed Other from legacy attributes vs StatusBar from modern attribute.
2026-09-30 23:45:26.387 Df testmanagerd[88342:c7494b] [com.apple.dt.xctest:Default] Checking '11:45 PM' for privileged AX value slot attributes
2026-09-30 23:45:26.387 Df testmanagerd[88342:c7494b] [com.apple.dt.xctest:Default] Checking 'Cellular' for privileged AX value slot attributes
2026-09-30 23:45:26.387 Df testmanagerd[88342:c7494b] [com.apple.dt.xctest:Default] Checking 'SSID, 3 of 3 Wi-Fi bars' for privileged AX value slot attributes
2026-09-30 23:45:26.387 Df testmanagerd[88342:c7494b] [com.apple.dt.xctest:Default] Checking 'Wi-Fi' for privileged AX value slot attributes
2026-09-30 23:45:26.387 Df testmanagerd[88342:c7494b] [com.apple.dt.xctest:Default] Preferring automation type 4 instead of legacy element type OTHER derived from class/trait: SBRecordingIndicatorAboveBlankingWindow:_UIRootWindow 0
2026-09-30 23:45:26.387 E  testmanagerd[88342:c7494b] [com.apple.dt.xctest:Default] Uncaptured runtime issue reported: Automation type mismatch: computed Other from legacy attributes vs Window from modern attribute.
2026-09-30 23:45:26.387 Df testmanagerd[88342:c7494b] [com.apple.dt.xctest:Default] Preferring automation type 25 instead of legacy element type OTHER derived from class/trait: STUIStatusBar_Wrapper:UIStatusBar_Base 0
2026-09-30 23:45:26.387 E  testmanagerd[88342:c7494b] [com.apple.dt.xctest:Default] Uncaptured runtime issue reported: Automation type mismatch: computed Other from legacy attributes vs StatusBar from modern attribute.
2026-09-30 23:45:26.387 Df testmanagerd[88342:c7494b] [com.apple.dt.xctest:Default] Found main window: Window, {{0.0, 0.0}, {402.0, 874.0}}
2026-09-30 23:45:26.387 Df testmanagerd[88342:c7494b] [com.apple.dt.xctest:Default] Capturing hierarchy for remote element RemotePlaceholder, pid: 97297, child of Other, {{0.0, 0.0}, {402.0, 874.0}}
2026-09-30 23:45:26.387 Df testmanagerd[88342:c7494b] [com.apple.dt.xctest:Default] Saved original AX timeout 60 and set temporary timeout 5
2026-09-30 23:45:26.387 Df testmanagerd[88342:c7494b] [com.apple.dt.xctest:Default] Snapshot attributes 2001, 2086, 2004, 5043, 2123, 2129, 5019, 5034, 2020, 5009, 2094, 2087, 2158, 5041, 2003, 2021, 5063, 5002, 5058, 5042, 5003, 5004
2026-09-30 23:45:26.387 Df launchd_sim[86751:c75b33] [user/502:] could not find endpoint in pid namespace: pid = 97297, name = com.apple.iphone.axserver
2026-09-30 23:45:26.387 Df launchd_sim[86751:c75b33] [system:] could not find endpoint in pid namespace: pid = 97297, name = com.apple.iphone.axserver
2026-09-30 23:45:26.387 Df launchd_sim[86751:c75b33] [user/502:] failed lookup: name = com.apple.iphone.axserver, handle = 97297, flags = 0x3, requestor = testmanagerd[88342], error = 3: No such process
2026-09-30 23:45:26.387 Df launchd_sim[86751:c75b33] [user/502:] could not find endpoint in pid namespace: pid = 97297, name = com.apple.iphone.axserver
2026-09-30 23:45:26.390 E  testmanagerd[88342:c7494b] [com.apple.Accessibility:AXRuntimeCommon] AX Lookup problem - errorCode:1102 error:Unknown service name portName:'com.apple.iphone.axserver' PID:97297 (
	0   AXRuntime                           0x00000001d164ffd0 _AXGetPortFromCache + 736
	1   AXRuntime                           0x00000001d1650a90 AXUIElementCopyParameterizedAttributeValueRecursive + 1120
	2   AXRuntime                           0x00000001d165059c AXUIElementCopyParameterizedAttributeValue + 92
	3   XCTAutomationSupport                0x000000010360354c -[XCTAccessibilityFramework userTestingSnapshotForElement:options:error:] + 352
	4   XCTAutomationSupport                0x000000010360aaf8 __119-[XCTElementSnapshotRequest(PlatformImplementation) _snapshotFromRemoteElementUserTestingSnapshot:parentElement:error:]_block_invoke + 76
	5   XCTAutomationSupport                0x00000001036042d4 -[XCTAccessibilityFramework performWithAXTimeout:block:] + 448
	6   XCTAutomationSupport                0x000000010360a8fc -[XCTElementSnapshotRequest(PlatformImplementation) _snapshotFromRemoteElementUserTestingSnapshot:paren
2026-09-30 23:45:26.390 E  testmanagerd[88342:c7494b] [com.apple.dt.xctest:Default] XCTAS Error: XCTAutomationSupportErrorSnapshotFailure: Error kAXErrorServerNotFound getting snapshot for element <AXUIElementRef 0x10478cb70> {pid=97297} {uid=[ID:9999 hash:0x6f8343adb6ccbe80]}
2026-09-30 23:45:26.390 Df testmanagerd[88342:c7494b] [com.apple.dt.xctest:Default] Restored original AX timeout 60
2026-09-30 23:45:26.390 E  testmanagerd[88342:c7494b] [com.apple.dt.xctest:Default] Error snapshotting remote element RemotePlaceholder, pid: 97297, child of Other, {{0.0, 0.0}, {402.0, 874.0}}: Error Domain=com.apple.dt.xctest.automation-support.error Code=5 "Error kAXErrorServerNotFound getting snapshot for element <AXUIElementRef 0x10478cb70> {pid=97297} {uid=[ID:9999 hash:0x6f8343adb6ccbe80]}" UserInfo={accessibility-error=-25215, NSLocalizedDescription=Error kAXErrorServerNotFound getting snapshot for element <AXUIElementRef 0x10478cb70> {pid=97297} {uid=[ID:9999 hash:0x6f8343adb6ccbe80]}}
2026-09-30 23:45:26.390 Df testmanagerd[88342:c7494b] [com.apple.dt.xctest:Default] Using placeholder for remote element RemotePlaceholder, pid: 97297, child of Other, {{0.0, 0.0}, {402.0, 874.0}} because AX server is unable to query pid 86754
2026-09-30 23:45:26.390 Df testmanagerd[88342:c7494b] [com.apple.dt.xctest:Default] Capturing hierarchy for remote element RemotePlaceholder, pid: 97297, child of Other, {{0.0, 0.0}, {402.0, 874.0}}
2026-09-30 23:45:26.390 Df testmanagerd[88342:c7494b] [com.apple.dt.xctest:Default] Saved original AX timeout 60 and set temporary timeout 5
2026-09-30 23:45:26.390 Df testmanagerd[88342:c7494b] [com.apple.dt.xctest:Default] Snapshot attributes 2001, 2086, 2004, 5043, 2123, 2129, 5019, 5034, 2020, 5009, 2094, 2087, 2158, 5041, 2003, 2021, 5063, 5002, 5058, 5042, 5003, 5004
2026-09-30 23:45:26.390 Df launchd_sim[86751:c75b47] [system:] could not find endpoint in pid namespace: pid = 97297, name = com.apple.iphone.axserver
2026-09-30 23:45:26.390 Df launchd_sim[86751:c75b47] [user/502:] failed lookup: name = com.apple.iphone.axserver, handle = 97297, flags = 0x3, requestor = testmanagerd[88342], error = 3: No such process
2026-09-30 23:45:26.390 Df launchd_sim[86751:c75b47] [user/502:] could not find endpoint in pid namespace: pid = 97297, name = com.apple.iphone.axserver
2026-09-30 23:45:26.390 Df launchd_sim[86751:c75b16] Last log repeated 1 times
2026-09-30 23:45:26.390 E  testmanagerd[88342:c7494b] [com.apple.Accessibility:AXRuntimeCommon] AX Lookup problem - errorCode:1102 error:Unknown service name portName:'com.apple.iphone.axserver' PID:97297 (
	0   AXRuntime                           0x00000001d164ffd0 _AXGetPortFromCache + 736
	1   AXRuntime                           0x00000001d1650a90 AXUIElementCopyParameterizedAttributeValueRecursive + 1120
	2   AXRuntime                           0x00000001d165059c AXUIElementCopyParameterizedAttributeValue + 92
	3   XCTAutomationSupport                0x000000010360354c -[XCTAccessibilityFramework userTestingSnapshotForElement:options:error:] + 352
	4   XCTAutomationSupport                0x000000010360aaf8 __119-[XCTElementSnapshotRequest(PlatformImplementation) _snapshotFromRemoteElementUserTestingSnapshot:parentElement:error:]_block_invoke + 76
	5   XCTAutomationSupport                0x00000001036042d4 -[XCTAccessibilityFramework performWithAXTimeout:block:] + 448
	6   XCTAutomationSupport                0x000000010360a8fc -[XCTElementSnapshotRequest(PlatformImplementation) _snapshotFromRemoteElementUserTestingSnapshot:paren
2026-09-30 23:45:26.390 E  testmanagerd[88342:c7494b] [com.apple.dt.xctest:Default] XCTAS Error: XCTAutomationSupportErrorSnapshotFailure: Error kAXErrorServerNotFound getting snapshot for element <AXUIElementRef 0x10478cc30> {pid=97297} {uid=[ID:9999 hash:0xd077d4e72916c861]}
2026-09-30 23:45:26.390 Df testmanagerd[88342:c7494b] [com.apple.dt.xctest:Default] Restored original AX timeout 60
2026-09-30 23:45:26.390 E  testmanagerd[88342:c7494b] [com.apple.dt.xctest:Default] Error snapshotting remote element RemotePlaceholder, pid: 97297, child of Other, {{0.0, 0.0}, {402.0, 874.0}}: Error Domain=com.apple.dt.xctest.automation-support.error Code=5 "Error kAXErrorServerNotFound getting snapshot for element <AXUIElementRef 0x10478cc30> {pid=97297} {uid=[ID:9999 hash:0xd077d4e72916c861]}" UserInfo={accessibility-error=-25215, NSLocalizedDescription=Error kAXErrorServerNotFound getting snapshot for element <AXUIElementRef 0x10478cc30> {pid=97297} {uid=[ID:9999 hash:0xd077d4e72916c861]}}
2026-09-30 23:45:26.390 Df testmanagerd[88342:c7494b] [com.apple.dt.xctest:Default] Using placeholder for remote element RemotePlaceholder, pid: 97297, child of Other, {{0.0, 0.0}, {402.0, 874.0}} because AX server is unable to query pid 86754
2026-09-30 23:45:26.394 Df testmanagerd[88342:c7494b] [com.apple.dt.xctest:Default] Fetching AX parameterized attribute 91505, parameter (
        {
        Height = 874;
        Width = 402;
        X = 0;
        Y = 0;
    },
    3045337449,
    1
) for Device system-wide element
2026-09-30 23:45:26.394 Df testmanagerd[88342:c7494b] [com.apple.dt.xctest:Default] Decoded {
    Height = 874;
    Width = 402;
    X = 0;
    Y = 0;
} to rect
2026-09-30 23:45:26.394 Df testmanagerd[88342:c7494b] [com.apple.dt.xctest:Default] Got AXElement for Device system-wide element: <AXUIElementRef 0x104530b10> {pid=0} {uid=[ID:1 hash:0x0]}
2026-09-30 23:45:26.394 Df testmanagerd[88342:c7494b] [com.apple.dt.xctest:Default] Value for parameterized attribute 91505: <AXValue 0x108426980> {value = x:0.000000 y:0.000000 w:402.000000 h:874.000000 type = kAXValueCGRectType}
2026-09-30 23:45:26.395 Df testmanagerd[88342:c7494b] [com.apple.dt.xctest:Default] Fetching AX parameterized attribute 91505, parameter (
        {
        Height = 874;
        Width = 402;
        X = 0;
        Y = 0;
    },
    3045337449,
    1
) for Device system-wide element
2026-09-30 23:45:26.395 Df testmanagerd[88342:c7494b] [com.apple.dt.xctest:Default] Decoded {
    Height = 874;
    Width = 402;
    X = 0;
    Y = 0;
} to rect
2026-09-30 23:45:26.395 Df testmanagerd[88342:c7494b] [com.apple.dt.xctest:Default] Got AXElement for Device system-wide element: <AXUIElementRef 0x104533f60> {pid=0} {uid=[ID:1 hash:0x0]}
2026-09-30 23:45:26.396 Df testmanagerd[88342:c7494b] [com.apple.dt.xctest:Default] Value for parameterized attribute 91505: <AXValue 0x108424280> {value = x:0.000000 y:0.000000 w:402.000000 h:874.000000 type = kAXValueCGRectType}
2026-09-30 23:45:26.397 Df testmanagerd[88342:c7494b] [com.apple.dt.xctest:Default] Fetching AX parameterized attribute 91505, parameter (
        {
        Height = 874;
        Width = 402;
        X = 0;
        Y = 0;
    },
    373771588,
    1
) for Device system-wide element
2026-09-30 23:45:26.397 Df testmanagerd[88342:c7494b] [com.apple.dt.xctest:Default] Decoded {
    Height = 874;
    Width = 402;
    X = 0;
    Y = 0;
} to rect
2026-09-30 23:45:26.397 Df testmanagerd[88342:c7494b] [com.apple.dt.xctest:Default] Got AXElement for Device system-wide element: <AXUIElementRef 0x104533f60> {pid=0} {uid=[ID:1 hash:0x0]}
2026-09-30 23:45:26.397 Df testmanagerd[88342:c7494b] [com.apple.dt.xctest:Default] Value for parameterized attribute 91505: <AXValue 0x108424dc0> {value = x:0.000000 y:0.000000 w:402.000000 h:874.000000 type = kAXValueCGRectType}
2026-09-30 23:45:26.397 Df testmanagerd[88342:c7494b] [com.apple.dt.xctest:Default] Fetching AX parameterized attribute 91505, parameter (
        {
        Height = 874;
        Width = 402;
        X = 0;
        Y = 0;
    },
    373771588,
    1
) for Device system-wide element
2026-09-30 23:45:26.397 Df testmanagerd[88342:c7494b] [com.apple.dt.xctest:Default] Decoded {
    Height = 874;
    Width = 402;
    X = 0;
    Y = 0;
} to rect
2026-09-30 23:45:26.397 Df testmanagerd[88342:c7494b] [com.apple.dt.xctest:Default] Got AXElement for Device system-wide element: <AXUIElementRef 0x104533f60> {pid=0} {uid=[ID:1 hash:0x0]}
2026-09-30 23:45:26.398 Df testmanagerd[88342:c7494b] [com.apple.dt.xctest:Default] Value for parameterized attribute 91505: <AXValue 0x108426980> {value = x:0.000000 y:0.000000 w:402.000000 h:874.000000 type = kAXValueCGRectType}
2026-09-30 23:45:26.398 Df testmanagerd[88342:c7494b] [com.apple.dt.xctest:Default] Fetching AX parameterized attribute 91505, parameter (
        {
        Height = 874;
        Width = 402;
        X = 0;
        Y = 0;
    },
    373771588,
    1
) for Device system-wide element
2026-09-30 23:45:26.398 Df testmanagerd[88342:c7494b] [com.apple.dt.xctest:Default] Decoded {
    Height = 874;
    Width = 402;
    X = 0;
    Y = 0;
} to rect
2026-09-30 23:45:26.398 Df testmanagerd[88342:c7494b] [com.apple.dt.xctest:Default] Got AXElement for Device system-wide element: <AXUIElementRef 0x104533f60> {pid=0} {uid=[ID:1 hash:0x0]}
2026-09-30 23:45:26.398 Df testmanagerd[88342:c7494b] [com.apple.dt.xctest:Default] Value for parameterized attribute 91505: <AXValue 0x108424280> {value = x:0.000000 y:0.000000 w:402.000000 h:874.000000 type = kAXValueCGRectType}
2026-09-30 23:45:26.399 Df testmanagerd[88342:c7494b] [com.apple.dt.xctest:Default] Fetching AX parameterized attribute 91505, parameter (
        {
        Height = 874;
        Width = 402;
        X = 0;
        Y = 0;
    },
    373771588,
    1
) for Device system-wide element
2026-09-30 23:45:26.399 Df testmanagerd[88342:c7494b] [com.apple.dt.xctest:Default] Decoded {
    Height = 874;
    Width = 402;
    X = 0;
    Y = 0;
} to rect
2026-09-30 23:45:26.399 Df testmanagerd[88342:c7494b] [com.apple.dt.xctest:Default] Got AXElement for Device system-wide element: <AXUIElementRef 0x104533f60> {pid=0} {uid=[ID:1 hash:0x0]}
2026-09-30 23:45:26.399 Df testmanagerd[88342:c7494b] [com.apple.dt.xctest:Default] Value for parameterized attribute 91505: <AXValue 0x108424dc0> {value = x:0.000000 y:0.000000 w:402.000000 h:874.000000 type = kAXValueCGRectType}
2026-09-30 23:45:26.400 Df testmanagerd[88342:c7494b] [com.apple.dt.xctest:Default] Fetching AX parameterized attribute 91505, parameter (
        {
        Height = 874;
        Width = 402;
        X = 0;
        Y = 0;
    },
    373771588,
    1
) for Device system-wide element
2026-09-30 23:45:26.400 Df testmanagerd[88342:c7494b] [com.apple.dt.xctest:Default] Decoded {
    Height = 874;
    Width = 402;
    X = 0;
    Y = 0;
} to rect
2026-09-30 23:45:26.400 Df testmanagerd[88342:c7494b] [com.apple.dt.xctest:Default] Got AXElement for Device system-wide element: <AXUIElementRef 0x104533f60> {pid=0} {uid=[ID:1 hash:0x0]}
2026-09-30 23:45:26.400 Df testmanagerd[88342:c7494b] [com.apple.dt.xctest:Default] Value for parameterized attribute 91505: <AXValue 0x108426980> {value = x:0.000000 y:0.000000 w:402.000000 h:874.000000 type = kAXValueCGRectType}
2026-09-30 23:45:26.401 Df testmanagerd[88342:c7494b] [com.apple.dt.xctest:Default] Fetching AX parameterized attribute 91505, parameter (
        {
        Height = "36.66666666666667";
        Width = "125.3333333333333";
        X = "138.3333333333333";
        Y = "14.00000000000001";
    },
    373771588,
    1
) for Device system-wide element
2026-09-30 23:45:26.401 Df testmanagerd[88342:c7494b] [com.apple.dt.xctest:Default] Decoded {
    Height = "36.66666666666667";
    Width = "125.3333333333333";
    X = "138.3333333333333";
    Y = "14.00000000000001";
} to rect
2026-09-30 23:45:26.401 Df testmanagerd[88342:c7494b] [com.apple.dt.xctest:Default] Got AXElement for Device system-wide element: <AXUIElementRef 0x104533f60> {pid=0} {uid=[ID:1 hash:0x0]}
2026-09-30 23:45:26.401 Df testmanagerd[88342:c7494b] [com.apple.dt.xctest:Default] Value for parameterized attribute 91505: <AXValue 0x108424280> {value = x:138.333333 y:14.000000 w:125.333333 h:36.666667 type = kAXValueCGRectType}
2026-09-30 23:45:26.402 Df testmanagerd[88342:c7494b] [com.apple.dt.xctest:Default] Fetching AX parameterized attribute 91505, parameter (
        {
        Height = "36.66666666666666";
        Width = "125.3333333333333";
        X = "138.3333333333333";
        Y = "14.00000000000001";
    },
    373771588,
    1
) for Device system-wide element
2026-09-30 23:45:26.402 Df testmanagerd[88342:c7494b] [com.apple.dt.xctest:Default] Decoded {
    Height = "36.66666666666666";
    Width = "125.3333333333333";
    X = "138.3333333333333";
    Y = "14.00000000000001";
} to rect
2026-09-30 23:45:26.402 Df testmanagerd[88342:c7494b] [com.apple.dt.xctest:Default] Got AXElement for Device system-wide element: <AXUIElementRef 0x104533f60> {pid=0} {uid=[ID:1 hash:0x0]}
2026-09-30 23:45:26.402 Df testmanagerd[88342:c7494b] [com.apple.dt.xctest:Default] Value for parameterized attribute 91505: <AXValue 0x108424dc0> {value = x:138.333333 y:14.000000 w:125.333333 h:36.666667 type = kAXValueCGRectType}
2026-09-30 23:45:26.403 Df testmanagerd[88342:c7494b] [com.apple.dt.xctest:Default] Fetching AX parameterized attribute 91505, parameter (
        {
        Height = 874;
        Width = 402;
        X = 0;
        Y = 0;
    },
    2821538781,
    1
) for Device system-wide element
2026-09-30 23:45:26.403 Df testmanagerd[88342:c7494b] [com.apple.dt.xctest:Default] Decoded {
    Height = 874;
    Width = 402;
    X = 0;
    Y = 0;
} to rect
2026-09-30 23:45:26.403 Df testmanagerd[88342:c7494b] [com.apple.dt.xctest:Default] Got AXElement for Device system-wide element: <AXUIElementRef 0x104533f60> {pid=0} {uid=[ID:1 hash:0x0]}
2026-09-30 23:45:26.403 Df testmanagerd[88342:c7494b] [com.apple.dt.xctest:Default] Value for parameterized attribute 91505: <AXValue 0x108426980> {value = x:0.000000 y:0.000000 w:402.000000 h:874.000000 type = kAXValueCGRectType}
2026-09-30 23:45:26.404 Df testmanagerd[88342:c7494b] [com.apple.dt.xctest:Default] Fetching AX parameterized attribute 91505, parameter (
        {
        Height = 874;
        Width = 402;
        X = 0;
        Y = 0;
    },
    2821538781,
    1
) for Device system-wide element
2026-09-30 23:45:26.404 Df testmanagerd[88342:c7494b] [com.apple.dt.xctest:Default] Decoded {
    Height = 874;
    Width = 402;
    X = 0;
    Y = 0;
} to rect
2026-09-30 23:45:26.404 Df testmanagerd[88342:c7494b] [com.apple.dt.xctest:Default] Got AXElement for Device system-wide element: <AXUIElementRef 0x104533f60> {pid=0} {uid=[ID:1 hash:0x0]}
2026-09-30 23:45:26.404 Df testmanagerd[88342:c7494b] [com.apple.dt.xctest:Default] Value for parameterized attribute 91505: <AXValue 0x108424280> {value = x:0.000000 y:0.000000 w:402.000000 h:874.000000 type = kAXValueCGRectType}
2026-09-30 23:45:26.404 Df testmanagerd[88342:c7494b] [com.apple.dt.xctest:Default] Fetching AX parameterized attribute 91505, parameter (
        {
        Height = 874;
        Width = 402;
        X = 0;
        Y = 0;
    },
    2821538781,
    1
) for Device system-wide element
2026-09-30 23:45:26.405 Df testmanagerd[88342:c7494b] [com.apple.dt.xctest:Default] Decoded {
    Height = 874;
    Width = 402;
    X = 0;
    Y = 0;
} to rect
2026-09-30 23:45:26.405 Df testmanagerd[88342:c7494b] [com.apple.dt.xctest:Default] Got AXElement for Device system-wide element: <AXUIElementRef 0x104533f60> {pid=0} {uid=[ID:1 hash:0x0]}
2026-09-30 23:45:26.405 Df testmanagerd[88342:c7494b] [com.apple.dt.xctest:Default] Value for parameterized attribute 91505: <AXValue 0x108424dc0> {value = x:0.000000 y:0.000000 w:402.000000 h:874.000000 type = kAXValueCGRectType}
2026-09-30 23:45:26.405 Df testmanagerd[88342:c7494b] [com.apple.dt.xctest:Default] Fetching AX parameterized attribute 91505, parameter (
        {
        Height = 874;
        Width = 402;
        X = 0;
        Y = 0;
    },
    2821538781,
    1
) for Device system-wide element
2026-09-30 23:45:26.405 Df testmanagerd[88342:c7494b] [com.apple.dt.xctest:Default] Decoded {
    Height = 874;
    Width = 402;
    X = 0;
    Y = 0;
} to rect
2026-09-30 23:45:26.405 Df testmanagerd[88342:c7494b] [com.apple.dt.xctest:Default] Got AXElement for Device system-wide element: <AXUIElementRef 0x104533f60> {pid=0} {uid=[ID:1 hash:0x0]}
2026-09-30 23:45:26.405 Df testmanagerd[88342:c7494b] [com.apple.dt.xctest:Default] Value for parameterized attribute 91505: <AXValue 0x108426980> {value = x:0.000000 y:0.000000 w:402.000000 h:874.000000 type = kAXValueCGRectType}
2026-09-30 23:45:26.406 Df testmanagerd[88342:c7494b] [com.apple.dt.xctest:Default] Fetching AX parameterized attribute 91505, parameter (
        {
        Height = "36.66666666666666";
        Width = "125.3333333333333";
        X = "138.3333333333333";
        Y = 14;
    },
    2821538781,
    1
) for Device system-wide element
2026-09-30 23:45:26.406 Df testmanagerd[88342:c7494b] [com.apple.dt.xctest:Default] Decoded {
    Height = "36.66666666666666";
    Width = "125.3333333333333";
    X = "138.3333333333333";
    Y = 14;
} to rect
2026-09-30 23:45:26.406 Df testmanagerd[88342:c7494b] [com.apple.dt.xctest:Default] Got AXElement for Device system-wide element: <AXUIElementRef 0x104533f60> {pid=0} {uid=[ID:1 hash:0x0]}
2026-09-30 23:45:26.406 Df testmanagerd[88342:c7494b] [com.apple.dt.xctest:Default] Value for parameterized attribute 91505: <AXValue 0x108424280> {value = x:138.333333 y:14.000000 w:125.333333 h:36.666667 type = kAXValueCGRectType}
2026-09-30 23:45:26.407 Df testmanagerd[88342:c7494b] [com.apple.dt.xctest:Default] Fetching AX parameterized attribute 91505, parameter (
        {
        Height = "36.66666666666666";
        Width = "125.3333333333333";
        X = "138.3333333333333";
        Y = 14;
    },
    2821538781,
    1
) for Device system-wide element
2026-09-30 23:45:26.407 Df testmanagerd[88342:c7494b] [com.apple.dt.xctest:Default] Decoded {
    Height = "36.66666666666666";
    Width = "125.3333333333333";
    X = "138.3333333333333";
    Y = 14;
} to rect
2026-09-30 23:45:26.407 Df testmanagerd[88342:c7494b] [com.apple.dt.xctest:Default] Got AXElement for Device system-wide element: <AXUIElementRef 0x104533f60> {pid=0} {uid=[ID:1 hash:0x0]}
2026-09-30 23:45:26.407 Df testmanagerd[88342:c7494b] [com.apple.dt.xctest:Default] Value for parameterized attribute 91505: <AXValue 0x108424dc0> {value = x:138.333333 y:14.000000 w:125.333333 h:36.666667 type = kAXValueCGRectType}
2026-09-30 23:45:26.408 Df testmanagerd[88342:c7494b] [com.apple.dt.xctest:Default] Fetching AX parameterized attribute 91505, parameter (
        {
        Height = "36.66666666666666";
        Width = "125.3333333333333";
        X = "138.3333333333333";
        Y = 14;
    },
    2821538781,
    1
) for Device system-wide element
2026-09-30 23:45:26.408 Df testmanagerd[88342:c7494b] [com.apple.dt.xctest:Default] Decoded {
    Height = "36.66666666666666";
    Width = "125.3333333333333";
    X = "138.3333333333333";
    Y = 14;
} to rect
2026-09-30 23:45:26.408 Df testmanagerd[88342:c7494b] [com.apple.dt.xctest:Default] Got AXElement for Device system-wide element: <AXUIElementRef 0x104533f60> {pid=0} {uid=[ID:1 hash:0x0]}
2026-09-30 23:45:26.408 Df testmanagerd[88342:c7494b] [com.apple.dt.xctest:Default] Value for parameterized attribute 91505: <AXValue 0x108426980> {value = x:138.333333 y:14.000000 w:125.333333 h:36.666667 type = kAXValueCGRectType}
2026-09-30 23:45:26.409 Df testmanagerd[88342:c7494b] [com.apple.dt.xctest:Default] Fetching AX parameterized attribute 91505, parameter (
        {
        Height = "36.66666666666666";
        Width = "125.3333333333333";
        X = "138.3333333333333";
        Y = 14;
    },
    2821538781,
    1
) for Device system-wide element
2026-09-30 23:45:26.409 Df testmanagerd[88342:c7494b] [com.apple.dt.xctest:Default] Decoded {
    Height = "36.66666666666666";
    Width = "125.3333333333333";
    X = "138.3333333333333";
    Y = 14;
} to rect
2026-09-30 23:45:26.409 Df testmanagerd[88342:c7494b] [com.apple.dt.xctest:Default] Got AXElement for Device system-wide element: <AXUIElementRef 0x104533f60> {pid=0} {uid=[ID:1 hash:0x0]}
2026-09-30 23:45:26.409 Df testmanagerd[88342:c7494b] [com.apple.dt.xctest:Default] Value for parameterized attribute 91505: <AXValue 0x108424280> {value = x:138.333333 y:14.000000 w:125.333333 h:36.666667 type = kAXValueCGRectType}
2026-09-30 23:45:26.409 Df testmanagerd[88342:c7494b] [com.apple.dt.xctest:Default] Fetching AX parameterized attribute 91505, parameter (
        {
        Height = "34.66666666666666";
        Width = "123.3333333333333";
        X = "139.3333333333333";
        Y = 15;
    },
    2821538781,
    1
) for Device system-wide element
2026-09-30 23:45:26.409 Df testmanagerd[88342:c7494b] [com.apple.dt.xctest:Default] Decoded {
    Height = "34.66666666666666";
    Width = "123.3333333333333";
    X = "139.3333333333333";
    Y = 15;
} to rect
2026-09-30 23:45:26.409 Df testmanagerd[88342:c7494b] [com.apple.dt.xctest:Default] Got AXElement for Device system-wide element: <AXUIElementRef 0x104533f60> {pid=0} {uid=[ID:1 hash:0x0]}
2026-09-30 23:45:26.410 Df testmanagerd[88342:c7494b] [com.apple.dt.xctest:Default] Value for parameterized attribute 91505: <AXValue 0x108424dc0> {value = x:139.333333 y:15.000000 w:123.333333 h:34.666667 type = kAXValueCGRectType}
2026-09-30 23:45:26.410 Df testmanagerd[88342:c7494b] [com.apple.dt.xctest:Default] Fetching AX parameterized attribute 91505, parameter (
        {
        Height = 874;
        Width = 402;
        X = 0;
        Y = 0;
    },
    2821538781,
    1
) for Device system-wide element
2026-09-30 23:45:26.410 Df testmanagerd[88342:c7494b] [com.apple.dt.xctest:Default] Decoded {
    Height = 874;
    Width = 402;
    X = 0;
    Y = 0;
} to rect
2026-09-30 23:45:26.410 Df testmanagerd[88342:c7494b] [com.apple.dt.xctest:Default] Got AXElement for Device system-wide element: <AXUIElementRef 0x104533f60> {pid=0} {uid=[ID:1 hash:0x0]}
2026-09-30 23:45:26.410 Df testmanagerd[88342:c7494b] [com.apple.dt.xctest:Default] Value for parameterized attribute 91505: <AXValue 0x108426980> {value = x:0.000000 y:0.000000 w:402.000000 h:874.000000 type = kAXValueCGRectType}
2026-09-30 23:45:26.411 Df testmanagerd[88342:c7494b] [com.apple.dt.xctest:Default] Fetching AX parameterized attribute 91505, parameter (
        {
        Height = "36.66666666666666";
        Width = "125.3333333333333";
        X = "138.3333333333333";
        Y = 14;
    },
    2821538781,
    1
) for Device system-wide element
2026-09-30 23:45:26.411 Df testmanagerd[88342:c7494b] [com.apple.dt.xctest:Default] Decoded {
    Height = "36.66666666666666";
    Width = "125.3333333333333";
    X = "138.3333333333333";
    Y = 14;
} to rect
2026-09-30 23:45:26.411 Df testmanagerd[88342:c7494b] [com.apple.dt.xctest:Default] Got AXElement for Device system-wide element: <AXUIElementRef 0x104533f60> {pid=0} {uid=[ID:1 hash:0x0]}
2026-09-30 23:45:26.411 Df testmanagerd[88342:c7494b] [com.apple.dt.xctest:Default] Value for parameterized attribute 91505: <AXValue 0x108424280> {value = x:138.333333 y:14.000000 w:125.333333 h:36.666667 type = kAXValueCGRectType}
2026-09-30 23:45:26.412 Df testmanagerd[88342:c7494b] [com.apple.dt.xctest:Default] Fetching AX parameterized attribute 91505, parameter (
        {
        Height = "36.66666666666666";
        Width = "125.3333333333333";
        X = "138.3333333333333";
        Y = 14;
    },
    2821538781,
    1
) for Device system-wide element
2026-09-30 23:45:26.412 Df testmanagerd[88342:c7494b] [com.apple.dt.xctest:Default] Decoded {
    Height = "36.66666666666666";
    Width = "125.3333333333333";
    X = "138.3333333333333";
    Y = 14;
} to rect
2026-09-30 23:45:26.412 Df testmanagerd[88342:c7494b] [com.apple.dt.xctest:Default] Got AXElement for Device system-wide element: <AXUIElementRef 0x104533f60> {pid=0} {uid=[ID:1 hash:0x0]}
2026-09-30 23:45:26.412 Df testmanagerd[88342:c7494b] [com.apple.dt.xctest:Default] Value for parameterized attribute 91505: <AXValue 0x108424dc0> {value = x:138.333333 y:14.000000 w:125.333333 h:36.666667 type = kAXValueCGRectType}
2026-09-30 23:45:26.413 Df testmanagerd[88342:c7494b] [com.apple.dt.xctest:Default] Fetching AX parameterized attribute 91505, parameter (
        {
        Height = "36.66666666666666";
        Width = "125.3333333333333";
        X = "138.3333333333333";
        Y = 14;
    },
    2821538781,
    1
) for Device system-wide element
2026-09-30 23:45:26.413 Df testmanagerd[88342:c7494b] [com.apple.dt.xctest:Default] Decoded {
    Height = "36.66666666666666";
    Width = "125.3333333333333";
    X = "138.3333333333333";
    Y = 14;
} to rect
2026-09-30 23:45:26.413 Df testmanagerd[88342:c7494b] [com.apple.dt.xctest:Default] Got AXElement for Device system-wide element: <AXUIElementRef 0x104533f60> {pid=0} {uid=[ID:1 hash:0x0]}
2026-09-30 23:45:26.413 Df testmanagerd[88342:c7494b] [com.apple.dt.xctest:Default] Value for parameterized attribute 91505: <AXValue 0x108426980> {value = x:138.333333 y:14.000000 w:125.333333 h:36.666667 type = kAXValueCGRectType}
2026-09-30 23:45:26.414 Df testmanagerd[88342:c7494b] [com.apple.dt.xctest:Default] Fetching AX parameterized attribute 91505, parameter (
        {
        Height = "35.33333333333333";
        Width = 124;
        X = 139;
        Y = "14.66666666666666";
    },
    2821538781,
    1
) for Device system-wide element
2026-09-30 23:45:26.414 Df testmanagerd[88342:c7494b] [com.apple.dt.xctest:Default] Decoded {
    Height = "35.33333333333333";
    Width = 124;
    X = 139;
    Y = "14.66666666666666";
} to rect
2026-09-30 23:45:26.414 Df testmanagerd[88342:c7494b] [com.apple.dt.xctest:Default] Got AXElement for Device system-wide element: <AXUIElementRef 0x104533f60> {pid=0} {uid=[ID:1 hash:0x0]}
2026-09-30 23:45:26.414 Df testmanagerd[88342:c7494b] [com.apple.dt.xctest:Default] Value for parameterized attribute 91505: <AXValue 0x108424280> {value = x:139.000000 y:14.666667 w:124.000000 h:35.333333 type = kAXValueCGRectType}
2026-09-30 23:45:26.415 Df testmanagerd[88342:c7494b] [com.apple.dt.xctest:Default] Fetching AX parameterized attribute 91505, parameter (
        {
        Height = 874;
        Width = 402;
        X = 0;
        Y = 0;
    },
    2821538781,
    1
) for Device system-wide element
2026-09-30 23:45:26.415 Df testmanagerd[88342:c7494b] [com.apple.dt.xctest:Default] Decoded {
    Height = 874;
    Width = 402;
    X = 0;
    Y = 0;
} to rect
2026-09-30 23:45:26.415 Df testmanagerd[88342:c7494b] [com.apple.dt.xctest:Default] Got AXElement for Device system-wide element: <AXUIElementRef 0x104533f60> {pid=0} {uid=[ID:1 hash:0x0]}
2026-09-30 23:45:26.415 Df testmanagerd[88342:c7494b] [com.apple.dt.xctest:Default] Value for parameterized attribute 91505: <AXValue 0x108424dc0> {value = x:0.000000 y:0.000000 w:402.000000 h:874.000000 type = kAXValueCGRectType}
2026-09-30 23:45:26.415 Df testmanagerd[88342:c7494b] [com.apple.dt.xctest:Default] Fetching AX parameterized attribute 91505, parameter (
        {
        Height = "36.66666666666666";
        Width = "125.3333333333333";
        X = "138.3333333333333";
        Y = 14;
    },
    2821538781,
    1
) for Device system-wide element
2026-09-30 23:45:26.415 Df testmanagerd[88342:c7494b] [com.apple.dt.xctest:Default] Decoded {
    Height = "36.66666666666666";
    Width = "125.3333333333333";
    X = "138.3333333333333";
    Y = 14;
} to rect
2026-09-30 23:45:26.415 Df testmanagerd[88342:c7494b] [com.apple.dt.xctest:Default] Got AXElement for Device system-wide element: <AXUIElementRef 0x104533f60> {pid=0} {uid=[ID:1 hash:0x0]}
2026-09-30 23:45:26.416 Df testmanagerd[88342:c7494b] [com.apple.dt.xctest:Default] Value for parameterized attribute 91505: <AXValue 0x108426980> {value = x:138.333333 y:14.000000 w:125.333333 h:36.666667 type = kAXValueCGRectType}
2026-09-30 23:45:26.416 Df testmanagerd[88342:c7494b] [com.apple.dt.xctest:Default] Fetching AX parameterized attribute 91505, parameter (
        {
        Height = 52;
        Width = "145.3333333333333";
        X = "128.3333333333333";
        Y = 10;
    },
    2821538781,
    1
) for Device system-wide element
2026-09-30 23:45:26.416 Df testmanagerd[88342:c7494b] [com.apple.dt.xctest:Default] Decoded {
    Height = 52;
    Width = "145.3333333333333";
    X = "128.3333333333333";
    Y = 10;
} to rect
2026-09-30 23:45:26.416 Df testmanagerd[88342:c7494b] [com.apple.dt.xctest:Default] Got AXElement for Device system-wide element: <AXUIElementRef 0x104533f60> {pid=0} {uid=[ID:1 hash:0x0]}
2026-09-30 23:45:26.416 Df testmanagerd[88342:c7494b] [com.apple.dt.xctest:Default] Value for parameterized attribute 91505: <AXValue 0x108424280> {value = x:128.333333 y:10.000000 w:145.333333 h:52.000000 type = kAXValueCGRectType}
2026-09-30 23:45:26.417 Df testmanagerd[88342:c7494b] [com.apple.dt.xctest:Default] Fetching AX parameterized attribute 91505, parameter (
        {
        Height = "36.66666666666666";
        Width = "125.3333333333333";
        X = "138.3333333333333";
        Y = 14;
    },
    2821538781,
    1
) for Device system-wide element
2026-09-30 23:45:26.417 Df testmanagerd[88342:c7494b] [com.apple.dt.xctest:Default] Decoded {
    Height = "36.66666666666666";
    Width = "125.3333333333333";
    X = "138.3333333333333";
    Y = 14;
} to rect
2026-09-30 23:45:26.417 Df testmanagerd[88342:c7494b] [com.apple.dt.xctest:Default] Got AXElement for Device system-wide element: <AXUIElementRef 0x104533f60> {pid=0} {uid=[ID:1 hash:0x0]}
2026-09-30 23:45:26.417 Df testmanagerd[88342:c7494b] [com.apple.dt.xctest:Default] Value for parameterized attribute 91505: <AXValue 0x108424dc0> {value = x:138.333333 y:14.000000 w:125.333333 h:36.666667 type = kAXValueCGRectType}
2026-09-30 23:45:26.418 Df testmanagerd[88342:c7494b] [com.apple.dt.xctest:Default] Fetching AX parameterized attribute 91505, parameter (
        {
        Height = "36.66666666666666";
        Width = "125.3333333333333";
        X = "138.3333333333333";
        Y = 14;
    },
    2821538781,
    1
) for Device system-wide element
2026-09-30 23:45:26.418 Df testmanagerd[88342:c7494b] [com.apple.dt.xctest:Default] Decoded {
    Height = "36.66666666666666";
    Width = "125.3333333333333";
    X = "138.3333333333333";
    Y = 14;
} to rect
2026-09-30 23:45:26.418 Df testmanagerd[88342:c7494b] [com.apple.dt.xctest:Default] Got AXElement for Device system-wide element: <AXUIElementRef 0x104533f60> {pid=0} {uid=[ID:1 hash:0x0]}
2026-09-30 23:45:26.418 Df testmanagerd[88342:c7494b] [com.apple.dt.xctest:Default] Value for parameterized attribute 91505: <AXValue 0x108426980> {value = x:138.333333 y:14.000000 w:125.333333 h:36.666667 type = kAXValueCGRectType}
2026-09-30 23:45:26.419 Df testmanagerd[88342:c7494b] [com.apple.dt.xctest:Default] Fetching AX parameterized attribute 91505, parameter (
        {
        Height = "36.66666666666666";
        Width = "125.3333333333333";
        X = "138.3333333333333";
        Y = 14;
    },
    2821538781,
    1
) for Device system-wide element
2026-09-30 23:45:26.419 Df testmanagerd[88342:c7494b] [com.apple.dt.xctest:Default] Decoded {
    Height = "36.66666666666666";
    Width = "125.3333333333333";
    X = "138.3333333333333";
    Y = 14;
} to rect
2026-09-30 23:45:26.419 Df testmanagerd[88342:c7494b] [com.apple.dt.xctest:Default] Got AXElement for Device system-wide element: <AXUIElementRef 0x104533f60> {pid=0} {uid=[ID:1 hash:0x0]}
2026-09-30 23:45:26.419 Df testmanagerd[88342:c7494b] [com.apple.dt.xctest:Default] Value for parameterized attribute 91505: <AXValue 0x108424280> {value = x:138.333333 y:14.000000 w:125.333333 h:36.666667 type = kAXValueCGRectType}
2026-09-30 23:45:26.420 Df testmanagerd[88342:c7494b] [com.apple.dt.xctest:Default] Fetching AX parameterized attribute 91505, parameter (
        {
        Height = "36.66666666666666";
        Width = "125.3333333333333";
        X = "138.3333333333333";
        Y = 14;
    },
    2821538781,
    1
) for Device system-wide element
2026-09-30 23:45:26.420 Df testmanagerd[88342:c7494b] [com.apple.dt.xctest:Default] Decoded {
    Height = "36.66666666666666";
    Width = "125.3333333333333";
    X = "138.3333333333333";
    Y = 14;
} to rect
2026-09-30 23:45:26.420 Df testmanagerd[88342:c7494b] [com.apple.dt.xctest:Default] Got AXElement for Device system-wide element: <AXUIElementRef 0x104533f60> {pid=0} {uid=[ID:1 hash:0x0]}
2026-09-30 23:45:26.420 Df testmanagerd[88342:c7494b] [com.apple.dt.xctest:Default] Value for parameterized attribute 91505: <AXValue 0x108424dc0> {value = x:138.333333 y:14.000000 w:125.333333 h:36.666667 type = kAXValueCGRectType}
2026-09-30 23:45:26.421 Df testmanagerd[88342:c7494b] [com.apple.dt.xctest:Default] Fetching AX parameterized attribute 91505, parameter (
        {
        Height = 9;
        Width = 9;
        X = 218;
        Y = 28;
    },
    2821538781,
    1
) for Device system-wide element
2026-09-30 23:45:26.421 Df testmanagerd[88342:c7494b] [com.apple.dt.xctest:Default] Decoded {
    Height = 9;
    Width = 9;
    X = 218;
    Y = 28;
} to rect
2026-09-30 23:45:26.421 Df testmanagerd[88342:c7494b] [com.apple.dt.xctest:Default] Got AXElement for Device system-wide element: <AXUIElementRef 0x104533f60> {pid=0} {uid=[ID:1 hash:0x0]}
2026-09-30 23:45:26.421 Df testmanagerd[88342:c7494b] [com.apple.dt.xctest:Default] Value for parameterized attribute 91505: <AXValue 0x108426980> {value = x:218.000000 y:28.000000 w:9.000000 h:9.000000 type = kAXValueCGRectType}
2026-09-30 23:45:26.422 Df testmanagerd[88342:c7494b] [com.apple.dt.xctest:Default] Fetching AX parameterized attribute 91505, parameter (
        {
        Height = 2622;
        Width = 1206;
        X = 0;
        Y = 0;
    },
    3846676491,
    1
) for Device system-wide element
2026-09-30 23:45:26.422 Df testmanagerd[88342:c7494b] [com.apple.dt.xctest:Default] Decoded {
    Height = 2622;
    Width = 1206;
    X = 0;
    Y = 0;
} to rect
2026-09-30 23:45:26.422 Df testmanagerd[88342:c7494b] [com.apple.dt.xctest:Default] Got AXElement for Device system-wide element: <AXUIElementRef 0x104533f60> {pid=0} {uid=[ID:1 hash:0x0]}
2026-09-30 23:45:26.422 Df testmanagerd[88342:c7494b] [com.apple.dt.xctest:Default] Value for parameterized attribute 91505: <AXValue 0x108424280> {value = x:0.000000 y:0.000000 w:402.000000 h:874.000000 type = kAXValueCGRectType}
2026-09-30 23:45:26.422 Df testmanagerd[88342:c7494b] [com.apple.dt.xctest:Default] Fetching AX parameterized attribute 91505, parameter (
        {
        Height = 2622;
        Width = 1206;
        X = 0;
        Y = 0;
    },
    3846676491,
    1
) for Device system-wide element
2026-09-30 23:45:26.422 Df testmanagerd[88342:c7494b] [com.apple.dt.xctest:Default] Decoded {
    Height = 2622;
    Width = 1206;
    X = 0;
    Y = 0;
} to rect
2026-09-30 23:45:26.422 Df testmanagerd[88342:c7494b] [com.apple.dt.xctest:Default] Got AXElement for Device system-wide element: <AXUIElementRef 0x104533f60> {pid=0} {uid=[ID:1 hash:0x0]}
2026-09-30 23:45:26.423 Df testmanagerd[88342:c7494b] [com.apple.dt.xctest:Default] Value for parameterized attribute 91505: <AXValue 0x108424dc0> {value = x:0.000000 y:0.000000 w:402.000000 h:874.000000 type = kAXValueCGRectType}
2026-09-30 23:45:26.423 Df testmanagerd[88342:c7494b] [com.apple.dt.xctest:Default] Fetching AX parameterized attribute 91505, parameter (
        {
        Height = 2622;
        Width = 1206;
        X = 0;
        Y = 0;
    },
    3846676491,
    1
) for Device system-wide element
2026-09-30 23:45:26.423 Df testmanagerd[88342:c7494b] [com.apple.dt.xctest:Default] Decoded {
    Height = 2622;
    Width = 1206;
    X = 0;
    Y = 0;
} to rect
2026-09-30 23:45:26.423 Df testmanagerd[88342:c7494b] [com.apple.dt.xctest:Default] Got AXElement for Device system-wide element: <AXUIElementRef 0x104533f60> {pid=0} {uid=[ID:1 hash:0x0]}
2026-09-30 23:45:26.423 Df testmanagerd[88342:c7494b] [com.apple.dt.xctest:Default] Value for parameterized attribute 91505: <AXValue 0x108426980> {value = x:0.000000 y:0.000000 w:402.000000 h:874.000000 type = kAXValueCGRectType}
2026-09-30 23:45:26.424 Df testmanagerd[88342:c7494b] [com.apple.dt.xctest:Default] Fetching AX parameterized attribute 91505, parameter (
        {
        Height = 2622;
        Width = 1206;
        X = 0;
        Y = 0;
    },
    3846676491,
    1
) for Device system-wide element
2026-09-30 23:45:26.424 Df testmanagerd[88342:c7494b] [com.apple.dt.xctest:Default] Decoded {
    Height = 2622;
    Width = 1206;
    X = 0;
    Y = 0;
} to rect
2026-09-30 23:45:26.424 Df testmanagerd[88342:c7494b] [com.apple.dt.xctest:Default] Got AXElement for Device system-wide element: <AXUIElementRef 0x104533f60> {pid=0} {uid=[ID:1 hash:0x0]}
2026-09-30 23:45:26.424 Df testmanagerd[88342:c7494b] [com.apple.dt.xctest:Default] Value for parameterized attribute 91505: <AXValue 0x108424280> {value = x:0.000000 y:0.000000 w:402.000000 h:874.000000 type = kAXValueCGRectType}
2026-09-30 23:45:26.425 Df testmanagerd[88342:c7494b] [com.apple.dt.xctest:Default] Fetching AX parameterized attribute 91505, parameter (
        {
        Height = 2622;
        Width = 1206;
        X = 0;
        Y = 0;
    },
    3846676491,
    1
) for Device system-wide element
2026-09-30 23:45:26.425 Df testmanagerd[88342:c7494b] [com.apple.dt.xctest:Default] Decoded {
    Height = 2622;
    Width = 1206;
    X = 0;
    Y = 0;
} to rect
2026-09-30 23:45:26.425 Df testmanagerd[88342:c7494b] [com.apple.dt.xctest:Default] Got AXElement for Device system-wide element: <AXUIElementRef 0x104533f60> {pid=0} {uid=[ID:1 hash:0x0]}
2026-09-30 23:45:26.425 Df testmanagerd[88342:c7494b] [com.apple.dt.xctest:Default] Value for parameterized attribute 91505: <AXValue 0x108424dc0> {value = x:0.000000 y:0.000000 w:402.000000 h:874.000000 type = kAXValueCGRectType}
2026-09-30 23:45:26.426 Df testmanagerd[88342:c7494b] [com.apple.dt.xctest:Default] Fetching AX parameterized attribute 91505, parameter (
        {
        Height = 2622;
        Width = 1206;
        X = 0;
        Y = 0;
    },
    3846676491,
    1
) for Device system-wide element
2026-09-30 23:45:26.426 Df testmanagerd[88342:c7494b] [com.apple.dt.xctest:Default] Decoded {
    Height = 2622;
    Width = 1206;
    X = 0;
    Y = 0;
} to rect
2026-09-30 23:45:26.426 Df testmanagerd[88342:c7494b] [com.apple.dt.xctest:Default] Got AXElement for Device system-wide element: <AXUIElementRef 0x104533f60> {pid=0} {uid=[ID:1 hash:0x0]}
2026-09-30 23:45:26.426 Df testmanagerd[88342:c7494b] [com.apple.dt.xctest:Default] Value for parameterized attribute 91505: <AXValue 0x108426980> {value = x:0.000000 y:0.000000 w:402.000000 h:874.000000 type = kAXValueCGRectType}
2026-09-30 23:45:26.426 Df testmanagerd[88342:c7494b] [com.apple.dt.xctest:Default] Fetching AX parameterized attribute 91505, parameter (
        {
        Height = 2622;
        Width = 1206;
        X = 0;
        Y = 0;
    },
    573862113,
    1
) for Device system-wide element
2026-09-30 23:45:26.427 Df testmanagerd[88342:c7494b] [com.apple.dt.xctest:Default] Decoded {
    Height = 2622;
    Width = 1206;
    X = 0;
    Y = 0;
} to rect
2026-09-30 23:45:26.427 Df testmanagerd[88342:c7494b] [com.apple.dt.xctest:Default] Got AXElement for Device system-wide element: <AXUIElementRef 0x104533f60> {pid=0} {uid=[ID:1 hash:0x0]}
2026-09-30 23:45:26.427 Df testmanagerd[88342:c7494b] [com.apple.dt.xctest:Default] Value for parameterized attribute 91505: <AXValue 0x108424280> {value = x:0.000000 y:0.000000 w:402.000000 h:874.000000 type = kAXValueCGRectType}
2026-09-30 23:45:26.427 Df testmanagerd[88342:c7494b] [com.apple.dt.xctest:Default] Fetching AX parameterized attribute 91505, parameter (
        {
        Height = 2622;
        Width = 1206;
        X = 0;
        Y = 0;
    },
    573862113,
    1
) for Device system-wide element
2026-09-30 23:45:26.427 Df testmanagerd[88342:c7494b] [com.apple.dt.xctest:Default] Decoded {
    Height = 2622;
    Width = 1206;
    X = 0;
    Y = 0;
} to rect
2026-09-30 23:45:26.427 Df testmanagerd[88342:c7494b] [com.apple.dt.xctest:Default] Got AXElement for Device system-wide element: <AXUIElementRef 0x104533f60> {pid=0} {uid=[ID:1 hash:0x0]}
2026-09-30 23:45:26.427 Df testmanagerd[88342:c7494b] [com.apple.dt.xctest:Default] Value for parameterized attribute 91505: <AXValue 0x108424dc0> {value = x:0.000000 y:0.000000 w:402.000000 h:874.000000 type = kAXValueCGRectType}
2026-09-30 23:45:26.428 Df testmanagerd[88342:c7494b] [com.apple.dt.xctest:Default] Fetching AX parameterized attribute 91505, parameter (
        {
        Height = 874;
        Width = 402;
        X = 0;
        Y = 0;
    },
    1202208167,
    1
) for Device system-wide element
2026-09-30 23:45:26.428 Df testmanagerd[88342:c7494b] [com.apple.dt.xctest:Default] Decoded {
    Height = 874;
    Width = 402;
    X = 0;
    Y = 0;
} to rect
2026-09-30 23:45:26.428 Df testmanagerd[88342:c7494b] [com.apple.dt.xctest:Default] Got AXElement for Device system-wide element: <AXUIElementRef 0x104533f60> {pid=0} {uid=[ID:1 hash:0x0]}
2026-09-30 23:45:26.428 Df testmanagerd[88342:c7494b] [com.apple.dt.xctest:Default] Value for parameterized attribute 91505: <AXValue 0x108426980> {value = x:0.000000 y:0.000000 w:402.000000 h:874.000000 type = kAXValueCGRectType}
2026-09-30 23:45:26.429 Df testmanagerd[88342:c7494b] [com.apple.dt.xctest:Default] Fetching AX parameterized attribute 91505, parameter (
        {
        Height = 874;
        Width = 402;
        X = 0;
        Y = 0;
    },
    1202208167,
    1
) for Device system-wide element
2026-09-30 23:45:26.429 Df testmanagerd[88342:c7494b] [com.apple.dt.xctest:Default] Decoded {
    Height = 874;
    Width = 402;
    X = 0;
    Y = 0;
} to rect
2026-09-30 23:45:26.429 Df testmanagerd[88342:c7494b] [com.apple.dt.xctest:Default] Got AXElement for Device system-wide element: <AXUIElementRef 0x104533f60> {pid=0} {uid=[ID:1 hash:0x0]}
2026-09-30 23:45:26.429 Df testmanagerd[88342:c7494b] [com.apple.dt.xctest:Default] Value for parameterized attribute 91505: <AXValue 0x108424280> {value = x:0.000000 y:0.000000 w:402.000000 h:874.000000 type = kAXValueCGRectType}
2026-09-30 23:45:26.430 Df testmanagerd[88342:c7494b] [com.apple.dt.xctest:Default] Fetching AX parameterized attribute 91505, parameter (
        {
        Height = 874;
        Width = 402;
        X = 0;
        Y = 0;
    },
    1202208167,
    1
) for Device system-wide element
2026-09-30 23:45:26.430 Df testmanagerd[88342:c7494b] [com.apple.dt.xctest:Default] Decoded {
    Height = 874;
    Width = 402;
    X = 0;
    Y = 0;
} to rect
2026-09-30 23:45:26.430 Df testmanagerd[88342:c7494b] [com.apple.dt.xctest:Default] Got AXElement for Device system-wide element: <AXUIElementRef 0x104533f60> {pid=0} {uid=[ID:1 hash:0x0]}
2026-09-30 23:45:26.430 Df testmanagerd[88342:c7494b] [com.apple.dt.xctest:Default] Value for parameterized attribute 91505: <AXValue 0x108424dc0> {value = x:0.000000 y:0.000000 w:402.000000 h:874.000000 type = kAXValueCGRectType}
2026-09-30 23:45:26.431 Df testmanagerd[88342:c7494b] [com.apple.dt.xctest:Default] Fetching AX parameterized attribute 91505, parameter (
        {
        Height = 874;
        Width = 402;
        X = 0;
        Y = 0;
    },
    1202208167,
    1
) for Device system-wide element
2026-09-30 23:45:26.431 Df testmanagerd[88342:c7494b] [com.apple.dt.xctest:Default] Decoded {
    Height = 874;
    Width = 402;
    X = 0;
    Y = 0;
} to rect
2026-09-30 23:45:26.431 Df testmanagerd[88342:c7494b] [com.apple.dt.xctest:Default] Got AXElement for Device system-wide element: <AXUIElementRef 0x104533f60> {pid=0} {uid=[ID:1 hash:0x0]}
2026-09-30 23:45:26.431 Df testmanagerd[88342:c7494b] [com.apple.dt.xctest:Default] Value for parameterized attribute 91505: <AXValue 0x108426980> {value = x:0.000000 y:0.000000 w:402.000000 h:874.000000 type = kAXValueCGRectType}
2026-09-30 23:45:26.431 Df testmanagerd[88342:c7494b] [com.apple.dt.xctest:Default] Fetching AX parameterized attribute 91505, parameter (
        {
        Height = 874;
        Width = 402;
        X = 0;
        Y = 0;
    },
    1202208167,
    1
) for Device system-wide element
2026-09-30 23:45:26.431 Df testmanagerd[88342:c7494b] [com.apple.dt.xctest:Default] Decoded {
    Height = 874;
    Width = 402;
    X = 0;
    Y = 0;
} to rect
2026-09-30 23:45:26.431 Df testmanagerd[88342:c7494b] [com.apple.dt.xctest:Default] Got AXElement for Device system-wide element: <AXUIElementRef 0x104533f60> {pid=0} {uid=[ID:1 hash:0x0]}
2026-09-30 23:45:26.431 Df testmanagerd[88342:c7494b] [com.apple.dt.xctest:Default] Value for parameterized attribute 91505: <AXValue 0x108424280> {value = x:0.000000 y:0.000000 w:402.000000 h:874.000000 type = kAXValueCGRectType}
2026-09-30 23:45:26.432 Df testmanagerd[88342:c7494b] [com.apple.dt.xctest:Default] Fetching AX parameterized attribute 91505, parameter (
        {
        Height = 874;
        Width = 402;
        X = 0;
        Y = 0;
    },
    1202208167,
    1
) for Device system-wide element
2026-09-30 23:45:26.432 Df testmanagerd[88342:c7494b] [com.apple.dt.xctest:Default] Decoded {
    Height = 874;
    Width = 402;
    X = 0;
    Y = 0;
} to rect
2026-09-30 23:45:26.432 Df testmanagerd[88342:c7494b] [com.apple.dt.xctest:Default] Got AXElement for Device system-wide element: <AXUIElementRef 0x104533f60> {pid=0} {uid=[ID:1 hash:0x0]}
2026-09-30 23:45:26.432 Df testmanagerd[88342:c7494b] [com.apple.dt.xctest:Default] Value for parameterized attribute 91505: <AXValue 0x108424dc0> {value = x:0.000000 y:0.000000 w:402.000000 h:874.000000 type = kAXValueCGRectType}
2026-09-30 23:45:26.433 Df testmanagerd[88342:c7494b] [com.apple.dt.xctest:Default] Fetching AX parameterized attribute 91505, parameter (
        {
        Height = 874;
        Width = 402;
        X = 0;
        Y = 0;
    },
    1202208167,
    1
) for Device system-wide element
2026-09-30 23:45:26.433 Df testmanagerd[88342:c7494b] [com.apple.dt.xctest:Default] Decoded {
    Height = 874;
    Width = 402;
    X = 0;
    Y = 0;
} to rect
2026-09-30 23:45:26.433 Df testmanagerd[88342:c7494b] [com.apple.dt.xctest:Default] Got AXElement for Device system-wide element: <AXUIElementRef 0x104533f60> {pid=0} {uid=[ID:1 hash:0x0]}
2026-09-30 23:45:26.433 Df testmanagerd[88342:c7494b] [com.apple.dt.xctest:Default] Value for parameterized attribute 91505: <AXValue 0x108426980> {value = x:0.000000 y:0.000000 w:402.000000 h:874.000000 type = kAXValueCGRectType}
2026-09-30 23:45:26.434 Df testmanagerd[88342:c7494b] [com.apple.dt.xctest:Default] Fetching AX parameterized attribute 91505, parameter (
        {
        Height = 874;
        Width = 402;
        X = 0;
        Y = 0;
    },
    1202208167,
    1
) for Device system-wide element
2026-09-30 23:45:26.434 Df testmanagerd[88342:c7494b] [com.apple.dt.xctest:Default] Decoded {
    Height = 874;
    Width = 402;
    X = 0;
    Y = 0;
} to rect
2026-09-30 23:45:26.434 Df testmanagerd[88342:c7494b] [com.apple.dt.xctest:Default] Got AXElement for Device system-wide element: <AXUIElementRef 0x104533f60> {pid=0} {uid=[ID:1 hash:0x0]}
2026-09-30 23:45:26.434 Df testmanagerd[88342:c7494b] [com.apple.dt.xctest:Default] Value for parameterized attribute 91505: <AXValue 0x108424280> {value = x:0.000000 y:0.000000 w:402.000000 h:874.000000 type = kAXValueCGRectType}
2026-09-30 23:45:26.435 Df testmanagerd[88342:c7494b] [com.apple.dt.xctest:Default] Fetching AX parameterized attribute 91505, parameter (
        {
        Height = 874;
        Width = 402;
        X = 0;
        Y = 0;
    },
    1202208167,
    1
) for Device system-wide element
2026-09-30 23:45:26.435 Df testmanagerd[88342:c7494b] [com.apple.dt.xctest:Default] Decoded {
    Height = 874;
    Width = 402;
    X = 0;
    Y = 0;
} to rect
2026-09-30 23:45:26.435 Df testmanagerd[88342:c7494b] [com.apple.dt.xctest:Default] Got AXElement for Device system-wide element: <AXUIElementRef 0x104533f60> {pid=0} {uid=[ID:1 hash:0x0]}
2026-09-30 23:45:26.435 Df testmanagerd[88342:c7494b] [com.apple.dt.xctest:Default] Value for parameterized attribute 91505: <AXValue 0x108424dc0> {value = x:0.000000 y:0.000000 w:402.000000 h:874.000000 type = kAXValueCGRectType}
2026-09-30 23:45:26.435 Df testmanagerd[88342:c7494b] [com.apple.dt.xctest:Default] Fetching AX parameterized attribute 91505, parameter (
        {
        Height = 874;
        Width = 402;
        X = 0;
        Y = 0;
    },
    1202208167,
    1
) for Device system-wide element
2026-09-30 23:45:26.435 Df testmanagerd[88342:c7494b] [com.apple.dt.xctest:Default] Decoded {
    Height = 874;
    Width = 402;
    X = 0;
    Y = 0;
} to rect
2026-09-30 23:45:26.435 Df testmanagerd[88342:c7494b] [com.apple.dt.xctest:Default] Got AXElement for Device system-wide element: <AXUIElementRef 0x104533f60> {pid=0} {uid=[ID:1 hash:0x0]}
2026-09-30 23:45:26.436 Df testmanagerd[88342:c7494b] [com.apple.dt.xctest:Default] Value for parameterized attribute 91505: <AXValue 0x108426980> {value = x:0.000000 y:0.000000 w:402.000000 h:874.000000 type = kAXValueCGRectType}
2026-09-30 23:45:26.436 Df testmanagerd[88342:c7494b] [com.apple.dt.xctest:Default] Fetching AX parameterized attribute 91505, parameter (
        {
        Height = 874;
        Width = 402;
        X = 0;
        Y = 0;
    },
    1202208167,
    1
) for Device system-wide element
2026-09-30 23:45:26.436 Df testmanagerd[88342:c7494b] [com.apple.dt.xctest:Default] Decoded {
    Height = 874;
    Width = 402;
    X = 0;
    Y = 0;
} to rect
2026-09-30 23:45:26.436 Df testmanagerd[88342:c7494b] [com.apple.dt.xctest:Default] Got AXElement for Device system-wide element: <AXUIElementRef 0x104533f60> {pid=0} {uid=[ID:1 hash:0x0]}
2026-09-30 23:45:26.436 Df testmanagerd[88342:c7494b] [com.apple.dt.xctest:Default] Value for parameterized attribute 91505: <AXValue 0x108424280> {value = x:0.000000 y:0.000000 w:402.000000 h:874.000000 type = kAXValueCGRectType}
2026-09-30 23:45:26.437 Df testmanagerd[88342:c7494b] [com.apple.dt.xctest:Default] Fetching AX parameterized attribute 91505, parameter (
        {
        Height = 874;
        Width = 402;
        X = 0;
        Y = 0;
    },
    1202208167,
    1
) for Device system-wide element
2026-09-30 23:45:26.437 Df testmanagerd[88342:c7494b] [com.apple.dt.xctest:Default] Decoded {
    Height = 874;
    Width = 402;
    X = 0;
    Y = 0;
} to rect
2026-09-30 23:45:26.437 Df testmanagerd[88342:c7494b] [com.apple.dt.xctest:Default] Got AXElement for Device system-wide element: <AXUIElementRef 0x104533f60> {pid=0} {uid=[ID:1 hash:0x0]}
2026-09-30 23:45:26.437 Df testmanagerd[88342:c7494b] [com.apple.dt.xctest:Default] Value for parameterized attribute 91505: <AXValue 0x108424dc0> {value = x:0.000000 y:0.000000 w:402.000000 h:874.000000 type = kAXValueCGRectType}
2026-09-30 23:45:26.438 Df testmanagerd[88342:c7494b] [com.apple.dt.xctest:Default] Fetching AX parameterized attribute 91505, parameter (
        {
        Height = 874;
        Width = 402;
        X = 0;
        Y = 0;
    },
    1202208167,
    1
) for Device system-wide element
2026-09-30 23:45:26.438 Df testmanagerd[88342:c7494b] [com.apple.dt.xctest:Default] Decoded {
    Height = 874;
    Width = 402;
    X = 0;
    Y = 0;
} to rect
2026-09-30 23:45:26.438 Df testmanagerd[88342:c7494b] [com.apple.dt.xctest:Default] Got AXElement for Device system-wide element: <AXUIElementRef 0x104533f60> {pid=0} {uid=[ID:1 hash:0x0]}
2026-09-30 23:45:26.438 Df testmanagerd[88342:c7494b] [com.apple.dt.xctest:Default] Value for parameterized attribute 91505: <AXValue 0x108426980> {value = x:0.000000 y:0.000000 w:402.000000 h:874.000000 type = kAXValueCGRectType}
2026-09-30 23:45:26.439 Df testmanagerd[88342:c7494b] [com.apple.dt.xctest:Default] Fetching AX parameterized attribute 91505, parameter (
        {
        Height = 874;
        Width = 402;
        X = 0;
        Y = 0;
    },
    1202208167,
    1
) for Device system-wide element
2026-09-30 23:45:26.439 Df testmanagerd[88342:c7494b] [com.apple.dt.xctest:Default] Decoded {
    Height = 874;
    Width = 402;
    X = 0;
    Y = 0;
} to rect
2026-09-30 23:45:26.439 Df testmanagerd[88342:c7494b] [com.apple.dt.xctest:Default] Got AXElement for Device system-wide element: <AXUIElementRef 0x104533f60> {pid=0} {uid=[ID:1 hash:0x0]}
2026-09-30 23:45:26.439 Df testmanagerd[88342:c7494b] [com.apple.dt.xctest:Default] Value for parameterized attribute 91505: <AXValue 0x108424280> {value = x:0.000000 y:0.000000 w:402.000000 h:874.000000 type = kAXValueCGRectType}
2026-09-30 23:45:26.439 Df testmanagerd[88342:c7494b] [com.apple.dt.xctest:Default] Fetching AX parameterized attribute 91505, parameter (
        {
        Height = 874;
        Width = 402;
        X = 0;
        Y = 0;
    },
    1202208167,
    1
) for Device system-wide element
2026-09-30 23:45:26.439 Df testmanagerd[88342:c7494b] [com.apple.dt.xctest:Default] Decoded {
    Height = 874;
    Width = 402;
    X = 0;
    Y = 0;
} to rect
2026-09-30 23:45:26.439 Df testmanagerd[88342:c7494b] [com.apple.dt.xctest:Default] Got AXElement for Device system-wide element: <AXUIElementRef 0x104533f60> {pid=0} {uid=[ID:1 hash:0x0]}
2026-09-30 23:45:26.440 Df testmanagerd[88342:c7494b] [com.apple.dt.xctest:Default] Value for parameterized attribute 91505: <AXValue 0x108424dc0> {value = x:0.000000 y:0.000000 w:402.000000 h:874.000000 type = kAXValueCGRectType}
2026-09-30 23:45:26.440 Df testmanagerd[88342:c7494b] [com.apple.dt.xctest:Default] Fetching AX parameterized attribute 91505, parameter (
        {
        Height = 874;
        Width = 402;
        X = 0;
        Y = 0;
    },
    1202208167,
    1
) for Device system-wide element
2026-09-30 23:45:26.440 Df testmanagerd[88342:c7494b] [com.apple.dt.xctest:Default] Decoded {
    Height = 874;
    Width = 402;
    X = 0;
    Y = 0;
} to rect
2026-09-30 23:45:26.440 Df testmanagerd[88342:c7494b] [com.apple.dt.xctest:Default] Got AXElement for Device system-wide element: <AXUIElementRef 0x104533f60> {pid=0} {uid=[ID:1 hash:0x0]}
2026-09-30 23:45:26.440 Df testmanagerd[88342:c7494b] [com.apple.dt.xctest:Default] Value for parameterized attribute 91505: <AXValue 0x108426980> {value = x:0.000000 y:0.000000 w:402.000000 h:874.000000 type = kAXValueCGRectType}
2026-09-30 23:45:26.441 Df testmanagerd[88342:c7494b] [com.apple.dt.xctest:Default] Fetching AX parameterized attribute 91505, parameter (
        {
        Height = 874;
        Width = 402;
        X = 0;
        Y = 0;
    },
    1202208167,
    1
) for Device system-wide element
2026-09-30 23:45:26.441 Df testmanagerd[88342:c7494b] [com.apple.dt.xctest:Default] Decoded {
    Height = 874;
    Width = 402;
    X = 0;
    Y = 0;
} to rect
2026-09-30 23:45:26.441 Df testmanagerd[88342:c7494b] [com.apple.dt.xctest:Default] Got AXElement for Device system-wide element: <AXUIElementRef 0x104533f60> {pid=0} {uid=[ID:1 hash:0x0]}
2026-09-30 23:45:26.441 Df testmanagerd[88342:c7494b] [com.apple.dt.xctest:Default] Value for parameterized attribute 91505: <AXValue 0x108424280> {value = x:0.000000 y:0.000000 w:402.000000 h:874.000000 type = kAXValueCGRectType}
2026-09-30 23:45:26.442 Df testmanagerd[88342:c7494b] [com.apple.dt.xctest:Default] Fetching AX parameterized attribute 91505, parameter (
        {
        Height = 874;
        Width = 402;
        X = 0;
        Y = 0;
    },
    1202208167,
    1
) for Device system-wide element
2026-09-30 23:45:26.442 Df testmanagerd[88342:c7494b] [com.apple.dt.xctest:Default] Decoded {
    Height = 874;
    Width = 402;
    X = 0;
    Y = 0;
} to rect
2026-09-30 23:45:26.442 Df testmanagerd[88342:c7494b] [com.apple.dt.xctest:Default] Got AXElement for Device system-wide element: <AXUIElementRef 0x104533f60> {pid=0} {uid=[ID:1 hash:0x0]}
2026-09-30 23:45:26.442 Df testmanagerd[88342:c7494b] [com.apple.dt.xctest:Default] Value for parameterized attribute 91505: <AXValue 0x108424dc0> {value = x:0.000000 y:0.000000 w:402.000000 h:874.000000 type = kAXValueCGRectType}
2026-09-30 23:45:26.443 Df testmanagerd[88342:c7494b] [com.apple.dt.xctest:Default] Fetching AX parameterized attribute 91505, parameter (
        {
        Height = 874;
        Width = 402;
        X = 0;
        Y = 0;
    },
    1202208167,
    1
) for Device system-wide element
2026-09-30 23:45:26.443 Df testmanagerd[88342:c7494b] [com.apple.dt.xctest:Default] Decoded {
    Height = 874;
    Width = 402;
    X = 0;
    Y = 0;
} to rect
2026-09-30 23:45:26.443 Df testmanagerd[88342:c7494b] [com.apple.dt.xctest:Default] Got AXElement for Device system-wide element: <AXUIElementRef 0x104533f60> {pid=0} {uid=[ID:1 hash:0x0]}
2026-09-30 23:45:26.443 Df testmanagerd[88342:c7494b] [com.apple.dt.xctest:Default] Value for parameterized attribute 91505: <AXValue 0x108426980> {value = x:0.000000 y:0.000000 w:402.000000 h:874.000000 type = kAXValueCGRectType}
2026-09-30 23:45:26.444 Df testmanagerd[88342:c7494b] [com.apple.dt.xctest:Default] Fetching AX parameterized attribute 91505, parameter (
        {
        Height = 874;
        Width = 402;
        X = 0;
        Y = 0;
    },
    1202208167,
    1
) for Device system-wide element
2026-09-30 23:45:26.444 Df testmanagerd[88342:c7494b] [com.apple.dt.xctest:Default] Decoded {
    Height = 874;
    Width = 402;
    X = 0;
    Y = 0;
} to rect
2026-09-30 23:45:26.444 Df testmanagerd[88342:c7494b] [com.apple.dt.xctest:Default] Got AXElement for Device system-wide element: <AXUIElementRef 0x104533f60> {pid=0} {uid=[ID:1 hash:0x0]}
2026-09-30 23:45:26.444 Df testmanagerd[88342:c7494b] [com.apple.dt.xctest:Default] Value for parameterized attribute 91505: <AXValue 0x108424280> {value = x:0.000000 y:0.000000 w:402.000000 h:874.000000 type = kAXValueCGRectType}
2026-09-30 23:45:26.444 Df testmanagerd[88342:c7494b] [com.apple.dt.xctest:Default] Fetching AX parameterized attribute 91505, parameter (
        {
        Height = 874;
        Width = 402;
        X = 0;
        Y = 0;
    },
    1202208167,
    1
) for Device system-wide element
2026-09-30 23:45:26.444 Df testmanagerd[88342:c7494b] [com.apple.dt.xctest:Default] Decoded {
    Height = 874;
    Width = 402;
    X = 0;
    Y = 0;
} to rect
2026-09-30 23:45:26.444 Df testmanagerd[88342:c7494b] [com.apple.dt.xctest:Default] Got AXElement for Device system-wide element: <AXUIElementRef 0x104533f60> {pid=0} {uid=[ID:1 hash:0x0]}
2026-09-30 23:45:26.444 Df testmanagerd[88342:c7494b] [com.apple.dt.xctest:Default] Value for parameterized attribute 91505: <AXValue 0x108424dc0> {value = x:0.000000 y:0.000000 w:402.000000 h:874.000000 type = kAXValueCGRectType}
2026-09-30 23:45:26.445 Df testmanagerd[88342:c7494b] [com.apple.dt.xctest:Default] Fetching AX parameterized attribute 91505, parameter (
        {
        Height = 874;
        Width = 402;
        X = 0;
        Y = 0;
    },
    1202208167,
    1
) for Device system-wide element
2026-09-30 23:45:26.445 Df testmanagerd[88342:c7494b] [com.apple.dt.xctest:Default] Decoded {
    Height = 874;
    Width = 402;
    X = 0;
    Y = 0;
} to rect
2026-09-30 23:45:26.445 Df testmanagerd[88342:c7494b] [com.apple.dt.xctest:Default] Got AXElement for Device system-wide element: <AXUIElementRef 0x104533f60> {pid=0} {uid=[ID:1 hash:0x0]}
2026-09-30 23:45:26.445 Df testmanagerd[88342:c7494b] [com.apple.dt.xctest:Default] Value for parameterized attribute 91505: <AXValue 0x108426980> {value = x:0.000000 y:0.000000 w:402.000000 h:874.000000 type = kAXValueCGRectType}
2026-09-30 23:45:26.446 Df testmanagerd[88342:c7494b] [com.apple.dt.xctest:Default] Fetching AX parameterized attribute 91505, parameter (
        {
        Height = 874;
        Width = 402;
        X = 0;
        Y = 0;
    },
    1202208167,
    1
) for Device system-wide element
2026-09-30 23:45:26.446 Df testmanagerd[88342:c7494b] [com.apple.dt.xctest:Default] Decoded {
    Height = 874;
    Width = 402;
    X = 0;
    Y = 0;
} to rect
2026-09-30 23:45:26.446 Df testmanagerd[88342:c7494b] [com.apple.dt.xctest:Default] Got AXElement for Device system-wide element: <AXUIElementRef 0x104533f60> {pid=0} {uid=[ID:1 hash:0x0]}
2026-09-30 23:45:26.446 Df testmanagerd[88342:c7494b] [com.apple.dt.xctest:Default] Value for parameterized attribute 91505: <AXValue 0x108424280> {value = x:0.000000 y:0.000000 w:402.000000 h:874.000000 type = kAXValueCGRectType}
2026-09-30 23:45:26.447 Df testmanagerd[88342:c7494b] [com.apple.dt.xctest:Default] Fetching AX parameterized attribute 91505, parameter (
        {
        Height = 874;
        Width = 402;
        X = 0;
        Y = 0;
    },
    1202208167,
    1
) for Device system-wide element
2026-09-30 23:45:26.447 Df testmanagerd[88342:c7494b] [com.apple.dt.xctest:Default] Decoded {
    Height = 874;
    Width = 402;
    X = 0;
    Y = 0;
} to rect
2026-09-30 23:45:26.447 Df testmanagerd[88342:c7494b] [com.apple.dt.xctest:Default] Got AXElement for Device system-wide element: <AXUIElementRef 0x104533f60> {pid=0} {uid=[ID:1 hash:0x0]}
2026-09-30 23:45:26.447 Df testmanagerd[88342:c7494b] [com.apple.dt.xctest:Default] Value for parameterized attribute 91505: <AXValue 0x108424dc0> {value = x:0.000000 y:0.000000 w:402.000000 h:874.000000 type = kAXValueCGRectType}
2026-09-30 23:45:26.447 Df testmanagerd[88342:c7494b] [com.apple.dt.xctest:Default] Fetching AX parameterized attribute 91505, parameter (
        {
        Height = 874;
        Width = 402;
        X = 0;
        Y = 0;
    },
    1202208167,
    1
) for Device system-wide element
2026-09-30 23:45:26.447 Df testmanagerd[88342:c7494b] [com.apple.dt.xctest:Default] Decoded {
    Height = 874;
    Width = 402;
    X = 0;
    Y = 0;
} to rect
2026-09-30 23:45:26.447 Df testmanagerd[88342:c7494b] [com.apple.dt.xctest:Default] Got AXElement for Device system-wide element: <AXUIElementRef 0x104533f60> {pid=0} {uid=[ID:1 hash:0x0]}
2026-09-30 23:45:26.448 Df testmanagerd[88342:c7494b] [com.apple.dt.xctest:Default] Value for parameterized attribute 91505: <AXValue 0x108426980> {value = x:0.000000 y:0.000000 w:402.000000 h:874.000000 type = kAXValueCGRectType}
2026-09-30 23:45:26.448 Df testmanagerd[88342:c7494b] [com.apple.dt.xctest:Default] Fetching AX parameterized attribute 91505, parameter (
        {
        Height = 54;
        Width = 402;
        X = 0;
        Y = 0;
    },
    1202208167,
    1
) for Device system-wide element
2026-09-30 23:45:26.448 Df testmanagerd[88342:c7494b] [com.apple.dt.xctest:Default] Decoded {
    Height = 54;
    Width = 402;
    X = 0;
    Y = 0;
} to rect
2026-09-30 23:45:26.448 Df testmanagerd[88342:c7494b] [com.apple.dt.xctest:Default] Got AXElement for Device system-wide element: <AXUIElementRef 0x104533f60> {pid=0} {uid=[ID:1 hash:0x0]}
2026-09-30 23:45:26.448 Df testmanagerd[88342:c7494b] [com.apple.dt.xctest:Default] Value for parameterized attribute 91505: <AXValue 0x108424280> {value = x:0.000000 y:0.000000 w:402.000000 h:54.000000 type = kAXValueCGRectType}
2026-09-30 23:45:26.449 Df testmanagerd[88342:c7494b] [com.apple.dt.xctest:Default] Fetching AX parameterized attribute 91505, parameter (
        {
        Height = 54;
        Width = 402;
        X = 0;
        Y = 0;
    },
    1202208167,
    1
) for Device system-wide element
2026-09-30 23:45:26.449 Df testmanagerd[88342:c7494b] [com.apple.dt.xctest:Default] Decoded {
    Height = 54;
    Width = 402;
    X = 0;
    Y = 0;
} to rect
2026-09-30 23:45:26.449 Df testmanagerd[88342:c7494b] [com.apple.dt.xctest:Default] Got AXElement for Device system-wide element: <AXUIElementRef 0x104533f60> {pid=0} {uid=[ID:1 hash:0x0]}
2026-09-30 23:45:26.449 Df testmanagerd[88342:c7494b] [com.apple.dt.xctest:Default] Value for parameterized attribute 91505: <AXValue 0x108424dc0> {value = x:0.000000 y:0.000000 w:402.000000 h:54.000000 type = kAXValueCGRectType}
2026-09-30 23:45:26.450 Df testmanagerd[88342:c7494b] [com.apple.dt.xctest:Default] Fetching AX parameterized attribute 91505, parameter (
        {
        Height = 54;
        Width = 402;
        X = 0;
        Y = 0;
    },
    1202208167,
    1
) for Device system-wide element
2026-09-30 23:45:26.450 Df testmanagerd[88342:c7494b] [com.apple.dt.xctest:Default] Decoded {
    Height = 54;
    Width = 402;
    X = 0;
    Y = 0;
} to rect
2026-09-30 23:45:26.450 Df testmanagerd[88342:c7494b] [com.apple.dt.xctest:Default] Got AXElement for Device system-wide element: <AXUIElementRef 0x104533f60> {pid=0} {uid=[ID:1 hash:0x0]}
2026-09-30 23:45:26.450 Df testmanagerd[88342:c7494b] [com.apple.dt.xctest:Default] Value for parameterized attribute 91505: <AXValue 0x108426980> {value = x:0.000000 y:0.000000 w:402.000000 h:54.000000 type = kAXValueCGRectType}
2026-09-30 23:45:26.451 Df testmanagerd[88342:c7494b] [com.apple.dt.xctest:Default] Fetching AX parameterized attribute 91505, parameter (
        {
        Height = "21.66666666666667";
        Width = "45.33333333333333";
        X = "51.33333333333333";
        Y = "21.66666666666669";
    },
    1202208167,
    1
) for Device system-wide element
2026-09-30 23:45:26.451 Df testmanagerd[88342:c7494b] [com.apple.dt.xctest:Default] Decoded {
    Height = "21.66666666666667";
    Width = "45.33333333333333";
    X = "51.33333333333333";
    Y = "21.66666666666669";
} to rect
2026-09-30 23:45:26.451 Df testmanagerd[88342:c7494b] [com.apple.dt.xctest:Default] Got AXElement for Device system-wide element: <AXUIElementRef 0x104533f60> {pid=0} {uid=[ID:1 hash:0x0]}
2026-09-30 23:45:26.451 Df testmanagerd[88342:c7494b] [com.apple.dt.xctest:Default] Value for parameterized attribute 91505: <AXValue 0x108424280> {value = x:51.333333 y:21.666667 w:45.333333 h:21.666667 type = kAXValueCGRectType}
2026-09-30 23:45:26.451 Df testmanagerd[88342:c7494b] [com.apple.dt.xctest:Default] Fetching AX parameterized attribute 91505, parameter (
        {
        Height = "36.66666666666666";
        Width = "36.66666666666667";
        X = "55.66666666666667";
        Y = "14.33333333333331";
    },
    1202208167,
    1
) for Device system-wide element
2026-09-30 23:45:26.451 Df testmanagerd[88342:c7494b] [com.apple.dt.xctest:Default] Decoded {
    Height = "36.66666666666666";
    Width = "36.66666666666667";
    X = "55.66666666666667";
    Y = "14.33333333333331";
} to rect
2026-09-30 23:45:26.451 Df testmanagerd[88342:c7494b] [com.apple.dt.xctest:Default] Got AXElement for Device system-wide element: <AXUIElementRef 0x104533f60> {pid=0} {uid=[ID:1 hash:0x0]}
2026-09-30 23:45:26.451 Df testmanagerd[88342:c7494b] [com.apple.dt.xctest:Default] Value for parameterized attribute 91505: <AXValue 0x108424dc0> {value = x:55.666667 y:14.333333 w:36.666667 h:36.666667 type = kAXValueCGRectType}
2026-09-30 23:45:26.452 Df testmanagerd[88342:c7494b] [com.apple.dt.xctest:Default] Fetching AX parameterized attribute 91505, parameter (
        {
        Height = "36.66666666666666";
        Width = "36.66666666666669";
        X = 309;
        Y = "14.33333333333331";
    },
    1202208167,
    1
) for Device system-wide element
2026-09-30 23:45:26.452 Df testmanagerd[88342:c7494b] [com.apple.dt.xctest:Default] Decoded {
    Height = "36.66666666666666";
    Width = "36.66666666666669";
    X = 309;
    Y = "14.33333333333331";
} to rect
2026-09-30 23:45:26.452 Df testmanagerd[88342:c7494b] [com.apple.dt.xctest:Default] Got AXElement for Device system-wide element: <AXUIElementRef 0x104533f60> {pid=0} {uid=[ID:1 hash:0x0]}
2026-09-30 23:45:26.452 Df testmanagerd[88342:c7494b] [com.apple.dt.xctest:Default] Value for parameterized attribute 91505: <AXValue 0x108426980> {value = x:309.000000 y:14.333333 w:36.666667 h:36.666667 type = kAXValueCGRectType}
2026-09-30 23:45:26.453 Df testmanagerd[88342:c7494b] [com.apple.dt.xctest:Default] Fetching AX parameterized attribute 91505, parameter (
        {
        Height = "13.66666666666666";
        Width = "20.33333333333331";
        X = "284.6666666666667";
        Y = 25;
    },
    1202208167,
    1
) for Device system-wide element
2026-09-30 23:45:26.453 Df testmanagerd[88342:c7494b] [com.apple.dt.xctest:Default] Decoded {
    Height = "13.66666666666666";
    Width = "20.33333333333331";
    X = "284.6666666666667";
    Y = 25;
} to rect
2026-09-30 23:45:26.453 Df testmanagerd[88342:c7494b] [com.apple.dt.xctest:Default] Got AXElement for Device system-wide element: <AXUIElementRef 0x104533f60> {pid=0} {uid=[ID:1 hash:0x0]}
2026-09-30 23:45:26.453 Df testmanagerd[88342:c7494b] [com.apple.dt.xctest:Default] Value for parameterized attribute 91505: <AXValue 0x108424280> {value = x:284.666667 y:25.000000 w:20.333333 h:13.666667 type = kAXValueCGRectType}
2026-09-30 23:45:26.454 Df testmanagerd[88342:c7494b] [com.apple.dt.xctest:Default] Fetching AX parameterized attribute 91505, parameter (
        {
        Height = "12.66666666666666";
        Width = "17.66666666666669";
        X = 314;
        Y = 26;
    },
    1202208167,
    1
) for Device system-wide element
2026-09-30 23:45:26.454 Df testmanagerd[88342:c7494b] [com.apple.dt.xctest:Default] Decoded {
    Height = "12.66666666666666";
    Width = "17.66666666666669";
    X = 314;
    Y = 26;
} to rect
2026-09-30 23:45:26.454 Df testmanagerd[88342:c7494b] [com.apple.dt.xctest:Default] Got AXElement for Device system-wide element: <AXUIElementRef 0x104533f60> {pid=0} {uid=[ID:1 hash:0x0]}
2026-09-30 23:45:26.454 Df testmanagerd[88342:c7494b] [com.apple.dt.xctest:Default] Value for parameterized attribute 91505: <AXValue 0x108424dc0> {value = x:314.000000 y:26.000000 w:17.666667 h:12.666667 type = kAXValueCGRectType}
2026-09-30 23:45:26.455 Df testmanagerd[88342:c7494b] [com.apple.dt.xctest:Default] Fetching AX parameterized attribute 91505, parameter (
        {
        Height = "17.66666666666667";
        Width = 23;
        X = "311.3333333333333";
        Y = "23.66666666666669";
    },
    1202208167,
    1
) for Device system-wide element
2026-09-30 23:45:26.455 Df testmanagerd[88342:c7494b] [com.apple.dt.xctest:Default] Decoded {
    Height = "17.66666666666667";
    Width = 23;
    X = "311.3333333333333";
    Y = "23.66666666666669";
} to rect
2026-09-30 23:45:26.455 Df testmanagerd[88342:c7494b] [com.apple.dt.xctest:Default] Got AXElement for Device system-wide element: <AXUIElementRef 0x104533f60> {pid=0} {uid=[ID:1 hash:0x0]}
2026-09-30 23:45:26.455 Df testmanagerd[88342:c7494b] [com.apple.dt.xctest:Default] Value for parameterized attribute 91505: <AXValue 0x108426980> {value = x:311.333333 y:23.666667 w:23.000000 h:17.666667 type = kAXValueCGRectType}
2026-09-30 23:45:26.456 Df testmanagerd[88342:c7494b] [com.apple.dt.xctest:Default] Fetching AX parameterized attribute 91505, parameter (
        {
        Height = "13.66666666666666";
        Width = 29;
        X = "340.6666666666667";
        Y = "25.33333333333331";
    },
    1202208167,
    1
) for Device system-wide element
2026-09-30 23:45:26.456 Df testmanagerd[88342:c7494b] [com.apple.dt.xctest:Default] Decoded {
    Height = "13.66666666666666";
    Width = 29;
    X = "340.6666666666667";
    Y = "25.33333333333331";
} to rect
2026-09-30 23:45:26.456 Df testmanagerd[88342:c7494b] [com.apple.dt.xctest:Default] Got AXElement for Device system-wide element: <AXUIElementRef 0x104533f60> {pid=0} {uid=[ID:1 hash:0x0]}
2026-09-30 23:45:26.456 Df testmanagerd[88342:c7494b] [com.apple.dt.xctest:Default] Value for parameterized attribute 91505: <AXValue 0x108424280> {value = x:340.666667 y:25.333333 w:29.000000 h:13.666667 type = kAXValueCGRectType}
2026-09-30 23:45:26.456 Df testmanagerd[88342:c7494b] [com.apple.dt.xctest:Default] Fetching AX parameterized attribute 91505, parameter (
        {
        Height = 874;
        Width = 402;
        X = 0;
        Y = 0;
    },
    1202208167,
    1
) for Device system-wide element
2026-09-30 23:45:26.456 Df testmanagerd[88342:c7494b] [com.apple.dt.xctest:Default] Decoded {
    Height = 874;
    Width = 402;
    X = 0;
    Y = 0;
} to rect
2026-09-30 23:45:26.456 Df testmanagerd[88342:c7494b] [com.apple.dt.xctest:Default] Got AXElement for Device system-wide element: <AXUIElementRef 0x104533f60> {pid=0} {uid=[ID:1 hash:0x0]}
2026-09-30 23:45:26.456 Df testmanagerd[88342:c7494b] [com.apple.dt.xctest:Default] Value for parameterized attribute 91505: <AXValue 0x108424dc0> {value = x:0.000000 y:0.000000 w:402.000000 h:874.000000 type = kAXValueCGRectType}
2026-09-30 23:45:26.457 Df testmanagerd[88342:c7494b] [com.apple.dt.xctest:Default] Fetching AX parameterized attribute 91505, parameter (
        {
        Height = 874;
        Width = 402;
        X = 0;
        Y = 0;
    },
    1202208167,
    1
) for Device system-wide element
2026-09-30 23:45:26.457 Df testmanagerd[88342:c7494b] [com.apple.dt.xctest:Default] Decoded {
    Height = 874;
    Width = 402;
    X = 0;
    Y = 0;
} to rect
2026-09-30 23:45:26.457 Df testmanagerd[88342:c7494b] [com.apple.dt.xctest:Default] Got AXElement for Device system-wide element: <AXUIElementRef 0x104533f60> {pid=0} {uid=[ID:1 hash:0x0]}
2026-09-30 23:45:26.457 Df testmanagerd[88342:c7494b] [com.apple.dt.xctest:Default] Value for parameterized attribute 91505: <AXValue 0x108426980> {value = x:0.000000 y:0.000000 w:402.000000 h:874.000000 type = kAXValueCGRectType}
2026-09-30 23:45:26.458 Df testmanagerd[88342:c7494b] [com.apple.dt.xctest:Default] Fetching AX parameterized attribute 91505, parameter (
        {
        Height = 874;
        Width = 402;
        X = 0;
        Y = 0;
    },
    1202208167,
    1
) for Device system-wide element
2026-09-30 23:45:26.458 Df testmanagerd[88342:c7494b] [com.apple.dt.xctest:Default] Decoded {
    Height = 874;
    Width = 402;
    X = 0;
    Y = 0;
} to rect
2026-09-30 23:45:26.458 Df testmanagerd[88342:c7494b] [com.apple.dt.xctest:Default] Got AXElement for Device system-wide element: <AXUIElementRef 0x104533f60> {pid=0} {uid=[ID:1 hash:0x0]}
2026-09-30 23:45:26.458 Df testmanagerd[88342:c7494b] [com.apple.dt.xctest:Default] Value for parameterized attribute 91505: <AXValue 0x108424280> {value = x:0.000000 y:0.000000 w:402.000000 h:874.000000 type = kAXValueCGRectType}
2026-09-30 23:45:26.459 Df testmanagerd[88342:c7494b] [com.apple.dt.xctest:Default] Fetching AX parameterized attribute 91505, parameter (
        {
        Height = 874;
        Width = 402;
        X = 0;
        Y = 0;
    },
    1202208167,
    1
) for Device system-wide element
2026-09-30 23:45:26.459 Df testmanagerd[88342:c7494b] [com.apple.dt.xctest:Default] Decoded {
    Height = 874;
    Width = 402;
    X = 0;
    Y = 0;
} to rect
2026-09-30 23:45:26.459 Df testmanagerd[88342:c7494b] [com.apple.dt.xctest:Default] Got AXElement for Device system-wide element: <AXUIElementRef 0x104533f60> {pid=0} {uid=[ID:1 hash:0x0]}
2026-09-30 23:45:26.459 Df testmanagerd[88342:c7494b] [com.apple.dt.xctest:Default] Value for parameterized attribute 91505: <AXValue 0x108424dc0> {value = x:0.000000 y:0.000000 w:402.000000 h:874.000000 type = kAXValueCGRectType}
2026-09-30 23:45:26.460 Df testmanagerd[88342:c7494b] [com.apple.dt.xctest:Default] Fetching AX parameterized attribute 91505, parameter (
        {
        Height = 874;
        Width = 402;
        X = 0;
        Y = 0;
    },
    1202208167,
    1
) for Device system-wide element
2026-09-30 23:45:26.460 Df testmanagerd[88342:c7494b] [com.apple.dt.xctest:Default] Decoded {
    Height = 874;
    Width = 402;
    X = 0;
    Y = 0;
} to rect
2026-09-30 23:45:26.460 Df testmanagerd[88342:c7494b] [com.apple.dt.xctest:Default] Got AXElement for Device system-wide element: <AXUIElementRef 0x104533f60> {pid=0} {uid=[ID:1 hash:0x0]}
2026-09-30 23:45:26.460 Df testmanagerd[88342:c7494b] [com.apple.dt.xctest:Default] Value for parameterized attribute 91505: <AXValue 0x108426980> {value = x:0.000000 y:0.000000 w:402.000000 h:874.000000 type = kAXValueCGRectType}
2026-09-30 23:45:26.460 Df testmanagerd[88342:c7494b] [com.apple.dt.xctest:Default] Fetching AX parameterized attribute 91505, parameter (
        {
        Height = 874;
        Width = 402;
        X = 0;
        Y = 0;
    },
    1202208167,
    1
) for Device system-wide element
2026-09-30 23:45:26.460 Df testmanagerd[88342:c7494b] [com.apple.dt.xctest:Default] Decoded {
    Height = 874;
    Width = 402;
    X = 0;
    Y = 0;
} to rect
2026-09-30 23:45:26.460 Df testmanagerd[88342:c7494b] [com.apple.dt.xctest:Default] Got AXElement for Device system-wide element: <AXUIElementRef 0x104533f60> {pid=0} {uid=[ID:1 hash:0x0]}
2026-09-30 23:45:26.460 Df testmanagerd[88342:c7494b] [com.apple.dt.xctest:Default] Value for parameterized attribute 91505: <AXValue 0x108424280> {value = x:0.000000 y:0.000000 w:402.000000 h:874.000000 type = kAXValueCGRectType}
2026-09-30 23:45:26.461 Df testmanagerd[88342:c7494b] [com.apple.dt.xctest:Default] Fetching AX parameterized attribute 91505, parameter (
        {
        Height = 874;
        Width = 402;
        X = 0;
        Y = 0;
    },
    1202208167,
    1
) for Device system-wide element
2026-09-30 23:45:26.461 Df testmanagerd[88342:c7494b] [com.apple.dt.xctest:Default] Decoded {
    Height = 874;
    Width = 402;
    X = 0;
    Y = 0;
} to rect
2026-09-30 23:45:26.461 Df testmanagerd[88342:c7494b] [com.apple.dt.xctest:Default] Got AXElement for Device system-wide element: <AXUIElementRef 0x104533f60> {pid=0} {uid=[ID:1 hash:0x0]}
2026-09-30 23:45:26.461 Df testmanagerd[88342:c7494b] [com.apple.dt.xctest:Default] Value for parameterized attribute 91505: <AXValue 0x108424dc0> {value = x:0.000000 y:0.000000 w:402.000000 h:874.000000 type = kAXValueCGRectType}
2026-09-30 23:45:26.462 Df testmanagerd[88342:c7494b] [com.apple.dt.xctest:Default] Fetching AX parameterized attribute 91505, parameter (
        {
        Height = 874;
        Width = 402;
        X = 0;
        Y = 0;
    },
    1202208167,
    1
) for Device system-wide element
2026-09-30 23:45:26.462 Df testmanagerd[88342:c7494b] [com.apple.dt.xctest:Default] Decoded {
    Height = 874;
    Width = 402;
    X = 0;
    Y = 0;
} to rect
2026-09-30 23:45:26.462 Df testmanagerd[88342:c7494b] [com.apple.dt.xctest:Default] Got AXElement for Device system-wide element: <AXUIElementRef 0x104533f60> {pid=0} {uid=[ID:1 hash:0x0]}
2026-09-30 23:45:26.462 Df testmanagerd[88342:c7494b] [com.apple.dt.xctest:Default] Value for parameterized attribute 91505: <AXValue 0x108426980> {value = x:0.000000 y:0.000000 w:402.000000 h:874.000000 type = kAXValueCGRectType}
2026-09-30 23:45:26.463 Df testmanagerd[88342:c7494b] [com.apple.dt.xctest:Default] Fetching AX parameterized attribute 91505, parameter (
        {
        Height = 874;
        Width = 402;
        X = 0;
        Y = 0;
    },
    1202208167,
    1
) for Device system-wide element
2026-09-30 23:45:26.463 Df testmanagerd[88342:c7494b] [com.apple.dt.xctest:Default] Decoded {
    Height = 874;
    Width = 402;
    X = 0;
    Y = 0;
} to rect
2026-09-30 23:45:26.463 Df testmanagerd[88342:c7494b] [com.apple.dt.xctest:Default] Got AXElement for Device system-wide element: <AXUIElementRef 0x104533f60> {pid=0} {uid=[ID:1 hash:0x0]}
2026-09-30 23:45:26.463 Df testmanagerd[88342:c7494b] [com.apple.dt.xctest:Default] Value for parameterized attribute 91505: <AXValue 0x108424280> {value = x:0.000000 y:0.000000 w:402.000000 h:874.000000 type = kAXValueCGRectType}
2026-09-30 23:45:26.463 Df testmanagerd[88342:c7494b] [com.apple.dt.xctest:Default] Fetching AX parameterized attribute 91505, parameter (
        {
        Height = 874;
        Width = 402;
        X = 0;
        Y = 0;
    },
    1202208167,
    1
) for Device system-wide element
2026-09-30 23:45:26.463 Df testmanagerd[88342:c7494b] [com.apple.dt.xctest:Default] Decoded {
    Height = 874;
    Width = 402;
    X = 0;
    Y = 0;
} to rect
2026-09-30 23:45:26.463 Df testmanagerd[88342:c7494b] [com.apple.dt.xctest:Default] Got AXElement for Device system-wide element: <AXUIElementRef 0x104533f60> {pid=0} {uid=[ID:1 hash:0x0]}
2026-09-30 23:45:26.463 Df testmanagerd[88342:c7494b] [com.apple.dt.xctest:Default] Value for parameterized attribute 91505: <AXValue 0x108424dc0> {value = x:0.000000 y:0.000000 w:402.000000 h:874.000000 type = kAXValueCGRectType}
2026-09-30 23:45:26.464 Df testmanagerd[88342:c7494b] [com.apple.dt.xctest:Default] Fetching AX parameterized attribute 91505, parameter (
        {
        Height = 5;
        Width = 144;
        X = 129;
        Y = 861;
    },
    1202208167,
    1
) for Device system-wide element
2026-09-30 23:45:26.464 Df testmanagerd[88342:c7494b] [com.apple.dt.xctest:Default] Decoded {
    Height = 5;
    Width = 144;
    X = 129;
    Y = 861;
} to rect
2026-09-30 23:45:26.464 Df testmanagerd[88342:c7494b] [com.apple.dt.xctest:Default] Got AXElement for Device system-wide element: <AXUIElementRef 0x104533f60> {pid=0} {uid=[ID:1 hash:0x0]}
2026-09-30 23:45:26.464 Df testmanagerd[88342:c7494b] [com.apple.dt.xctest:Default] Value for parameterized attribute 91505: <AXValue 0x108426980> {value = x:129.000000 y:861.000000 w:144.000000 h:5.000000 type = kAXValueCGRectType}
2026-09-30 23:45:26.465 Df testmanagerd[88342:c7494b] [com.apple.dt.xctest:Default] Fetching AX parameterized attribute 91505, parameter (
        {
        Height = 5;
        Width = 144;
        X = 129;
        Y = 861;
    },
    1202208167,
    1
) for Device system-wide element
2026-09-30 23:45:26.465 Df testmanagerd[88342:c7494b] [com.apple.dt.xctest:Default] Decoded {
    Height = 5;
    Width = 144;
    X = 129;
    Y = 861;
} to rect
2026-09-30 23:45:26.465 Df testmanagerd[88342:c7494b] [com.apple.dt.xctest:Default] Got AXElement for Device system-wide element: <AXUIElementRef 0x104533f60> {pid=0} {uid=[ID:1 hash:0x0]}
2026-09-30 23:45:26.465 Df testmanagerd[88342:c7494b] [com.apple.dt.xctest:Default] Value for parameterized attribute 91505: <AXValue 0x108424280> {value = x:129.000000 y:861.000000 w:144.000000 h:5.000000 type = kAXValueCGRectType}
2026-09-30 23:45:26.466 Df testmanagerd[88342:c7494b] [com.apple.dt.xctest:Default] Fetching AX parameterized attribute 91505, parameter (
        {
        Height = 5;
        Width = 144;
        X = 129;
        Y = 861;
    },
    1202208167,
    1
) for Device system-wide element
2026-09-30 23:45:26.466 Df testmanagerd[88342:c7494b] [com.apple.dt.xctest:Default] Decoded {
    Height = 5;
    Width = 144;
    X = 129;
    Y = 861;
} to rect
2026-09-30 23:45:26.466 Df testmanagerd[88342:c7494b] [com.apple.dt.xctest:Default] Got AXElement for Device system-wide element: <AXUIElementRef 0x104533f60> {pid=0} {uid=[ID:1 hash:0x0]}
2026-09-30 23:45:26.466 Df testmanagerd[88342:c7494b] [com.apple.dt.xctest:Default] Value for parameterized attribute 91505: <AXValue 0x108424dc0> {value = x:129.000000 y:861.000000 w:144.000000 h:5.000000 type = kAXValueCGRectType}
2026-09-30 23:45:26.467 Df testmanagerd[88342:c7494b] [com.apple.dt.xctest:Default] Fetching AX parameterized attribute 91505, parameter (
        {
        Height = 5;
        Width = 144;
        X = 129;
        Y = 861;
    },
    1202208167,
    1
) for Device system-wide element
2026-09-30 23:45:26.467 Df testmanagerd[88342:c7494b] [com.apple.dt.xctest:Default] Decoded {
    Height = 5;
    Width = 144;
    X = 129;
    Y = 861;
} to rect
2026-09-30 23:45:26.467 Df testmanagerd[88342:c7494b] [com.apple.dt.xctest:Default] Got AXElement for Device system-wide element: <AXUIElementRef 0x104533f60> {pid=0} {uid=[ID:1 hash:0x0]}
2026-09-30 23:45:26.467 Df testmanagerd[88342:c7494b] [com.apple.dt.xctest:Default] Value for parameterized attribute 91505: <AXValue 0x108426980> {value = x:129.000000 y:861.000000 w:144.000000 h:5.000000 type = kAXValueCGRectType}
2026-09-30 23:45:26.467 Df testmanagerd[88342:c7494b] [com.apple.dt.xctest:Default] Fetching AX parameterized attribute 91505, parameter (
        {
        Height = 874;
        Width = 402;
        X = 0;
        Y = 0;
    },
    1735808353,
    1
) for Device system-wide element
2026-09-30 23:45:26.467 Df testmanagerd[88342:c7494b] [com.apple.dt.xctest:Default] Decoded {
    Height = 874;
    Width = 402;
    X = 0;
    Y = 0;
} to rect
2026-09-30 23:45:26.467 Df testmanagerd[88342:c7494b] [com.apple.dt.xctest:Default] Got AXElement for Device system-wide element: <AXUIElementRef 0x104533f60> {pid=0} {uid=[ID:1 hash:0x0]}
2026-09-30 23:45:26.467 Df testmanagerd[88342:c7494b] [com.apple.dt.xctest:Default] Value for parameterized attribute 91505: <AXValue 0x108424280> {value = x:0.000000 y:0.000000 w:402.000000 h:874.000000 type = kAXValueCGRectType}
2026-09-30 23:45:26.468 Df testmanagerd[88342:c7494b] [com.apple.dt.xctest:Default] Fetching AX parameterized attribute 91505, parameter (
        {
        Height = 874;
        Width = 402;
        X = 0;
        Y = 0;
    },
    1735808353,
    1
) for Device system-wide element
2026-09-30 23:45:26.468 Df testmanagerd[88342:c7494b] [com.apple.dt.xctest:Default] Decoded {
    Height = 874;
    Width = 402;
    X = 0;
    Y = 0;
} to rect
2026-09-30 23:45:26.468 Df testmanagerd[88342:c7494b] [com.apple.dt.xctest:Default] Got AXElement for Device system-wide element: <AXUIElementRef 0x104533f60> {pid=0} {uid=[ID:1 hash:0x0]}
2026-09-30 23:45:26.468 Df testmanagerd[88342:c7494b] [com.apple.dt.xctest:Default] Value for parameterized attribute 91505: <AXValue 0x108424dc0> {value = x:0.000000 y:0.000000 w:402.000000 h:874.000000 type = kAXValueCGRectType}
2026-09-30 23:45:26.469 Df testmanagerd[88342:c7494b] [com.apple.dt.xctest:Default] Fetching AX parameterized attribute 91505, parameter (
        {
        Height = 874;
        Width = 402;
        X = 0;
        Y = 0;
    },
    1735808353,
    1
) for Device system-wide element
2026-09-30 23:45:26.469 Df testmanagerd[88342:c7494b] [com.apple.dt.xctest:Default] Decoded {
    Height = 874;
    Width = 402;
    X = 0;
    Y = 0;
} to rect
2026-09-30 23:45:26.469 Df testmanagerd[88342:c7494b] [com.apple.dt.xctest:Default] Got AXElement for Device system-wide element: <AXUIElementRef 0x104533f60> {pid=0} {uid=[ID:1 hash:0x0]}
2026-09-30 23:45:26.469 Df testmanagerd[88342:c7494b] [com.apple.dt.xctest:Default] Value for parameterized attribute 91505: <AXValue 0x108426980> {value = x:0.000000 y:0.000000 w:402.000000 h:874.000000 type = kAXValueCGRectType}
2026-09-30 23:45:26.470 Df testmanagerd[88342:c7494b] [com.apple.dt.xctest:Default] Fetching AX parameterized attribute 91505, parameter (
        {
        Height = 874;
        Width = 402;
        X = 0;
        Y = 0;
    },
    1538746291,
    1
) for Device system-wide element
2026-09-30 23:45:26.470 Df testmanagerd[88342:c7494b] [com.apple.dt.xctest:Default] Decoded {
    Height = 874;
    Width = 402;
    X = 0;
    Y = 0;
} to rect
2026-09-30 23:45:26.470 Df testmanagerd[88342:c7494b] [com.apple.dt.xctest:Default] Got AXElement for Device system-wide element: <AXUIElementRef 0x104533f60> {pid=0} {uid=[ID:1 hash:0x0]}
2026-09-30 23:45:26.470 Df testmanagerd[88342:c7494b] [com.apple.dt.xctest:Default] Value for parameterized attribute 91505: <AXValue 0x108424280> {value = x:0.000000 y:0.000000 w:402.000000 h:874.000000 type = kAXValueCGRectType}
2026-09-30 23:45:26.471 Df testmanagerd[88342:c7494b] [com.apple.dt.xctest:Default] Fetching AX parameterized attribute 91505, parameter (
        {
        Height = 874;
        Width = 402;
        X = 0;
        Y = 0;
    },
    1538746291,
    1
) for Device system-wide element
2026-09-30 23:45:26.471 Df testmanagerd[88342:c7494b] [com.apple.dt.xctest:Default] Decoded {
    Height = 874;
    Width = 402;
    X = 0;
    Y = 0;
} to rect
2026-09-30 23:45:26.471 Df testmanagerd[88342:c7494b] [com.apple.dt.xctest:Default] Got AXElement for Device system-wide element: <AXUIElementRef 0x104533f60> {pid=0} {uid=[ID:1 hash:0x0]}
2026-09-30 23:45:26.471 Df testmanagerd[88342:c7494b] [com.apple.dt.xctest:Default] Value for parameterized attribute 91505: <AXValue 0x108424dc0> {value = x:0.000000 y:0.000000 w:402.000000 h:874.000000 type = kAXValueCGRectType}
2026-09-30 23:45:26.471 Df testmanagerd[88342:c7494b] [com.apple.dt.xctest:Default] Fetching AX parameterized attribute 91505, parameter (
        {
        Height = 874;
        Width = 402;
        X = 0;
        Y = 0;
    },
    1538746291,
    1
) for Device system-wide element
2026-09-30 23:45:26.471 Df testmanagerd[88342:c7494b] [com.apple.dt.xctest:Default] Decoded {
    Height = 874;
    Width = 402;
    X = 0;
    Y = 0;
} to rect
2026-09-30 23:45:26.471 Df testmanagerd[88342:c7494b] [com.apple.dt.xctest:Default] Got AXElement for Device system-wide element: <AXUIElementRef 0x104533f60> {pid=0} {uid=[ID:1 hash:0x0]}
2026-09-30 23:45:26.471 Df testmanagerd[88342:c7494b] [com.apple.dt.xctest:Default] Value for parameterized attribute 91505: <AXValue 0x108426980> {value = x:0.000000 y:0.000000 w:402.000000 h:874.000000 type = kAXValueCGRectType}
2026-09-30 23:45:26.472 Df testmanagerd[88342:c7494b] [com.apple.dt.xctest:Default] Fetching AX parameterized attribute 91505, parameter (
        {
        Height = 874;
        Width = 402;
        X = 0;
        Y = 0;
    },
    618838632,
    1
) for Device system-wide element
2026-09-30 23:45:26.472 Df testmanagerd[88342:c7494b] [com.apple.dt.xctest:Default] Decoded {
    Height = 874;
    Width = 402;
    X = 0;
    Y = 0;
} to rect
2026-09-30 23:45:26.472 Df testmanagerd[88342:c7494b] [com.apple.dt.xctest:Default] Got AXElement for Device system-wide element: <AXUIElementRef 0x104533f60> {pid=0} {uid=[ID:1 hash:0x0]}
2026-09-30 23:45:26.472 Df testmanagerd[88342:c7494b] [com.apple.dt.xctest:Default] Value for parameterized attribute 91505: <AXValue 0x108424280> {value = x:0.000000 y:0.000000 w:402.000000 h:874.000000 type = kAXValueCGRectType}
2026-09-30 23:45:26.473 Df testmanagerd[88342:c7494b] [com.apple.dt.xctest:Default] Fetching AX parameterized attribute 91505, parameter (
        {
        Height = 874;
        Width = 402;
        X = 0;
        Y = 0;
    },
    618838632,
    1
) for Device system-wide element
2026-09-30 23:45:26.473 Df testmanagerd[88342:c7494b] [com.apple.dt.xctest:Default] Decoded {
    Height = 874;
    Width = 402;
    X = 0;
    Y = 0;
} to rect
2026-09-30 23:45:26.473 Df testmanagerd[88342:c7494b] [com.apple.dt.xctest:Default] Got AXElement for Device system-wide element: <AXUIElementRef 0x104533f60> {pid=0} {uid=[ID:1 hash:0x0]}
2026-09-30 23:45:26.473 Df testmanagerd[88342:c7494b] [com.apple.dt.xctest:Default] Value for parameterized attribute 91505: <AXValue 0x108424dc0> {value = x:0.000000 y:0.000000 w:402.000000 h:874.000000 type = kAXValueCGRectType}
2026-09-30 23:45:26.474 Df testmanagerd[88342:c7494b] [com.apple.dt.xctest:Default] Fetching AX parameterized attribute 91505, parameter (
        {
        Height = 874;
        Width = 402;
        X = 0;
        Y = 0;
    },
    618838632,
    1
) for Device system-wide element
2026-09-30 23:45:26.474 Df testmanagerd[88342:c7494b] [com.apple.dt.xctest:Default] Decoded {
    Height = 874;
    Width = 402;
    X = 0;
    Y = 0;
} to rect
2026-09-30 23:45:26.474 Df testmanagerd[88342:c7494b] [com.apple.dt.xctest:Default] Got AXElement for Device system-wide element: <AXUIElementRef 0x104533f60> {pid=0} {uid=[ID:1 hash:0x0]}
2026-09-30 23:45:26.474 Df testmanagerd[88342:c7494b] [com.apple.dt.xctest:Default] Value for parameterized attribute 91505: <AXValue 0x108426980> {value = x:0.000000 y:0.000000 w:402.000000 h:874.000000 type = kAXValueCGRectType}
2026-09-30 23:45:26.475 Df testmanagerd[88342:c7494b] [com.apple.dt.xctest:Default] Fetching AX parameterized attribute 91505, parameter (
        {
        Height = 874;
        Width = 402;
        X = 0;
        Y = 0;
    },
    2181891096,
    1
) for Device system-wide element
2026-09-30 23:45:26.475 Df testmanagerd[88342:c7494b] [com.apple.dt.xctest:Default] Decoded {
    Height = 874;
    Width = 402;
    X = 0;
    Y = 0;
} to rect
2026-09-30 23:45:26.475 Df testmanagerd[88342:c7494b] [com.apple.dt.xctest:Default] Got AXElement for Device system-wide element: <AXUIElementRef 0x104533f60> {pid=0} {uid=[ID:1 hash:0x0]}
2026-09-30 23:45:26.475 Df testmanagerd[88342:c7494b] [com.apple.dt.xctest:Default] Value for parameterized attribute 91505: <AXValue 0x108424280> {value = x:0.000000 y:0.000000 w:134.000000 h:291.333333 type = kAXValueCGRectType}
2026-09-30 23:45:26.476 Df testmanagerd[88342:c7494b] [com.apple.dt.xctest:Default] Fetching AX parameterized attribute 91505, parameter (
        {
        Height = 874;
        Width = 402;
        X = 0;
        Y = 0;
    },
    2181891096,
    1
) for Device system-wide element
2026-09-30 23:45:26.476 Df testmanagerd[88342:c7494b] [com.apple.dt.xctest:Default] Decoded {
    Height = 874;
    Width = 402;
    X = 0;
    Y = 0;
} to rect
2026-09-30 23:45:26.476 Df testmanagerd[88342:c7494b] [com.apple.dt.xctest:Default] Got AXElement for Device system-wide element: <AXUIElementRef 0x104533f60> {pid=0} {uid=[ID:1 hash:0x0]}
2026-09-30 23:45:26.476 Df testmanagerd[88342:c7494b] [com.apple.dt.xctest:Default] Value for parameterized attribute 91505: <AXValue 0x108424dc0> {value = x:0.000000 y:0.000000 w:134.000000 h:291.333333 type = kAXValueCGRectType}
2026-09-30 23:45:26.476 Df testmanagerd[88342:c7494b] [com.apple.dt.xctest:Default] Fetching AX parameterized attribute 91505, parameter (
        {
        Height = 874;
        Width = 402;
        X = 0;
        Y = 0;
    },
    2181891096,
    1
) for Device system-wide element
2026-09-30 23:45:26.476 Df testmanagerd[88342:c7494b] [com.apple.dt.xctest:Default] Decoded {
    Height = 874;
    Width = 402;
    X = 0;
    Y = 0;
} to rect
2026-09-30 23:45:26.476 Df testmanagerd[88342:c7494b] [com.apple.dt.xctest:Default] Got AXElement for Device system-wide element: <AXUIElementRef 0x104533f60> {pid=0} {uid=[ID:1 hash:0x0]}
2026-09-30 23:45:26.476 Df testmanagerd[88342:c7494b] [com.apple.dt.xctest:Default] Value for parameterized attribute 91505: <AXValue 0x108426980> {value = x:0.000000 y:0.000000 w:134.000000 h:291.333333 type = kAXValueCGRectType}
2026-09-30 23:45:26.477 Df testmanagerd[88342:c7494b] [com.apple.dt.xctest:Default] Fetching AX parameterized attribute 91505, parameter (
        {
        Height = 874;
        Width = 402;
        X = 0;
        Y = 0;
    },
    594638341,
    1
) for Device system-wide element
2026-09-30 23:45:26.477 Df testmanagerd[88342:c7494b] [com.apple.dt.xctest:Default] Decoded {
    Height = 874;
    Width = 402;
    X = 0;
    Y = 0;
} to rect
2026-09-30 23:45:26.477 Df testmanagerd[88342:c7494b] [com.apple.dt.xctest:Default] Got AXElement for Device system-wide element: <AXUIElementRef 0x104533f60> {pid=0} {uid=[ID:1 hash:0x0]}
2026-09-30 23:45:26.477 Df testmanagerd[88342:c7494b] [com.apple.dt.xctest:Default] Value for parameterized attribute 91505: <AXValue 0x108424280> {value = x:0.000000 y:0.000000 w:402.000000 h:874.000000 type = kAXValueCGRectType}
2026-09-30 23:45:26.478 Df testmanagerd[88342:c7494b] [com.apple.dt.xctest:Default] Fetching AX parameterized attribute 91505, parameter (
        {
        Height = 874;
        Width = 402;
        X = 0;
        Y = 0;
    },
    594638341,
    1
) for Device system-wide element
2026-09-30 23:45:26.478 Df testmanagerd[88342:c7494b] [com.apple.dt.xctest:Default] Decoded {
    Height = 874;
    Width = 402;
    X = 0;
    Y = 0;
} to rect
2026-09-30 23:45:26.478 Df testmanagerd[88342:c7494b] [com.apple.dt.xctest:Default] Got AXElement for Device system-wide element: <AXUIElementRef 0x104533f60> {pid=0} {uid=[ID:1 hash:0x0]}
2026-09-30 23:45:26.478 Df testmanagerd[88342:c7494b] [com.apple.dt.xctest:Default] Value for parameterized attribute 91505: <AXValue 0x108424dc0> {value = x:0.000000 y:0.000000 w:402.000000 h:874.000000 type = kAXValueCGRectType}
2026-09-30 23:45:26.479 Df testmanagerd[88342:c7494b] [com.apple.dt.xctest:Default] Fetching AX parameterized attribute 91505, parameter (
        {
        Height = 874;
        Width = 402;
        X = 0;
        Y = 0;
    },
    594638341,
    1
) for Device system-wide element
2026-09-30 23:45:26.479 Df testmanagerd[88342:c7494b] [com.apple.dt.xctest:Default] Decoded {
    Height = 874;
    Width = 402;
    X = 0;
    Y = 0;
} to rect
2026-09-30 23:45:26.479 Df testmanagerd[88342:c7494b] [com.apple.dt.xctest:Default] Got AXElement for Device system-wide element: <AXUIElementRef 0x104533f60> {pid=0} {uid=[ID:1 hash:0x0]}
2026-09-30 23:45:26.479 Df testmanagerd[88342:c7494b] [com.apple.dt.xctest:Default] Value for parameterized attribute 91505: <AXValue 0x108426980> {value = x:0.000000 y:0.000000 w:402.000000 h:874.000000 type = kAXValueCGRectType}
2026-09-30 23:45:26.480 Df testmanagerd[88342:c7494b] [com.apple.dt.xctest:Default] Fetching AX parameterized attribute 91505, parameter (
        {
        Height = 2622;
        Width = 1206;
        X = 0;
        Y = 0;
    },
    4223689978,
    1
) for Device system-wide element
2026-09-30 23:45:26.480 Df testmanagerd[88342:c7494b] [com.apple.dt.xctest:Default] Decoded {
    Height = 2622;
    Width = 1206;
    X = 0;
    Y = 0;
} to rect
2026-09-30 23:45:26.480 Df testmanagerd[88342:c7494b] [com.apple.dt.xctest:Default] Got AXElement for Device system-wide element: <AXUIElementRef 0x104533f60> {pid=0} {uid=[ID:1 hash:0x0]}
2026-09-30 23:45:26.480 Df testmanagerd[88342:c7494b] [com.apple.dt.xctest:Default] Value for parameterized attribute 91505: <AXValue 0x108424280> {value = x:0.000000 y:0.000000 w:402.000000 h:874.000000 type = kAXValueCGRectType}
2026-09-30 23:45:26.480 Df testmanagerd[88342:c7494b] [com.apple.dt.xctest:Default] Fetching AX parameterized attribute 91505, parameter (
        {
        Height = 110;
        Width = 376;
        X = 415;
        Y = "42.00000000000001";
    },
    4223689978,
    1
) for Device system-wide element
2026-09-30 23:45:26.480 Df testmanagerd[88342:c7494b] [com.apple.dt.xctest:Default] Decoded {
    Height = 110;
    Width = 376;
    X = 415;
    Y = "42.00000000000001";
} to rect
2026-09-30 23:45:26.480 Df testmanagerd[88342:c7494b] [com.apple.dt.xctest:Default] Got AXElement for Device system-wide element: <AXUIElementRef 0x104533f60> {pid=0} {uid=[ID:1 hash:0x0]}
2026-09-30 23:45:26.480 Df testmanagerd[88342:c7494b] [com.apple.dt.xctest:Default] Value for parameterized attribute 91505: <AXValue 0x108424dc0> {value = x:138.333333 y:14.000000 w:125.333333 h:36.666667 type = kAXValueCGRectType}
2026-09-30 23:45:26.481 Df testmanagerd[88342:c7494b] [com.apple.dt.xctest:Default] Fetching AX parameterized attribute 91505, parameter (
        {
        Height = 874;
        Width = 402;
        X = 0;
        Y = 0;
    },
    1767072275,
    1
) for Device system-wide element
2026-09-30 23:45:26.481 Df testmanagerd[88342:c7494b] [com.apple.dt.xctest:Default] Decoded {
    Height = 874;
    Width = 402;
    X = 0;
    Y = 0;
} to rect
2026-09-30 23:45:26.481 Df testmanagerd[88342:c7494b] [com.apple.dt.xctest:Default] Got AXElement for Device system-wide element: <AXUIElementRef 0x104533f60> {pid=0} {uid=[ID:1 hash:0x0]}
2026-09-30 23:45:26.481 Df testmanagerd[88342:c7494b] [com.apple.dt.xctest:Default] Value for parameterized attribute 91505: <AXValue 0x108426980> {value = x:0.000000 y:0.000000 w:402.000000 h:874.000000 type = kAXValueCGRectType}
2026-09-30 23:45:26.482 Df testmanagerd[88342:c7494b] [com.apple.dt.xctest:Default] Fetching AX parameterized attribute 91505, parameter (
        {
        Height = 54;
        Width = 402;
        X = 0;
        Y = 0;
    },
    1767072275,
    1
) for Device system-wide element
2026-09-30 23:45:26.482 Df testmanagerd[88342:c7494b] [com.apple.dt.xctest:Default] Decoded {
    Height = 54;
    Width = 402;
    X = 0;
    Y = 0;
} to rect
2026-09-30 23:45:26.482 Df testmanagerd[88342:c7494b] [com.apple.dt.xctest:Default] Got AXElement for Device system-wide element: <AXUIElementRef 0x104533f60> {pid=0} {uid=[ID:1 hash:0x0]}
2026-09-30 23:45:26.482 Df testmanagerd[88342:c7494b] [com.apple.dt.xctest:Default] Value for parameterized attribute 91505: <AXValue 0x108424280> {value = x:0.000000 y:0.000000 w:402.000000 h:54.000000 type = kAXValueCGRectType}
2026-09-30 23:45:26.483 Df testmanagerd[88342:c7494b] [com.apple.dt.xctest:Default] Fetching AX parameterized attribute 91505, parameter (
        {
        Height = 874;
        Width = 402;
        X = 0;
        Y = 0;
    },
    3431287586,
    1
) for Device system-wide element
2026-09-30 23:45:26.483 Df testmanagerd[88342:c7494b] [com.apple.dt.xctest:Default] Decoded {
    Height = 874;
    Width = 402;
    X = 0;
    Y = 0;
} to rect
2026-09-30 23:45:26.483 Df testmanagerd[88342:c7494b] [com.apple.dt.xctest:Default] Got AXElement for Device system-wide element: <AXUIElementRef 0x104533f60> {pid=0} {uid=[ID:1 hash:0x0]}
2026-09-30 23:45:26.483 Df testmanagerd[88342:c7494b] [com.apple.dt.xctest:Default] Value for parameterized attribute 91505: <AXValue 0x108424dc0> {value = x:0.000000 y:0.000000 w:402.000000 h:874.000000 type = kAXValueCGRectType}
2026-09-30 23:45:26.484 Df testmanagerd[88342:c7494b] [com.apple.dt.xctest:Default] Fetching AX parameterized attribute 91505, parameter (
        {
        Height = 874;
        Width = 402;
        X = 0;
        Y = 0;
    },
    3431287586,
    1
) for Device system-wide element
2026-09-30 23:45:26.484 Df testmanagerd[88342:c7494b] [com.apple.dt.xctest:Default] Decoded {
    Height = 874;
    Width = 402;
    X = 0;
    Y = 0;
} to rect
2026-09-30 23:45:26.484 Df testmanagerd[88342:c7494b] [com.apple.dt.xctest:Default] Got AXElement for Device system-wide element: <AXUIElementRef 0x104533f60> {pid=0} {uid=[ID:1 hash:0x0]}
2026-09-30 23:45:26.484 Df testmanagerd[88342:c7494b] [com.apple.dt.xctest:Default] Value for parameterized attribute 91505: <AXValue 0x108426980> {value = x:0.000000 y:0.000000 w:402.000000 h:874.000000 type = kAXValueCGRectType}
2026-09-30 23:45:26.484 Df testmanagerd[88342:c7494b] [com.apple.dt.xctest:Default] Fetching AX parameterized attribute 91505, parameter (
        {
        Height = 874;
        Width = 402;
        X = 0;
        Y = 0;
    },
    3760845519,
    1
) for Device system-wide element
2026-09-30 23:45:26.484 Df testmanagerd[88342:c7494b] [com.apple.dt.xctest:Default] Decoded {
    Height = 874;
    Width = 402;
    X = 0;
    Y = 0;
} to rect
2026-09-30 23:45:26.484 Df testmanagerd[88342:c7494b] [com.apple.dt.xctest:Default] Got AXElement for Device system-wide element: <AXUIElementRef 0x104533f60> {pid=0} {uid=[ID:1 hash:0x0]}
2026-09-30 23:45:26.484 Df testmanagerd[88342:c7494b] [com.apple.dt.xctest:Default] Value for parameterized attribute 91505: <AXValue 0x108424280> {value = x:0.000000 y:0.000000 w:402.000000 h:874.000000 type = kAXValueCGRectType}
2026-09-30 23:45:26.485 Df testmanagerd[88342:c7494b] [com.apple.dt.xctest:Default] Fetching AX parameterized attribute 91505, parameter (
        {
        Height = 874;
        Width = 402;
        X = 0;
        Y = 0;
    },
    3760845519,
    1
) for Device system-wide element
2026-09-30 23:45:26.485 Df testmanagerd[88342:c7494b] [com.apple.dt.xctest:Default] Decoded {
    Height = 874;
    Width = 402;
    X = 0;
    Y = 0;
} to rect
2026-09-30 23:45:26.485 Df testmanagerd[88342:c7494b] [com.apple.dt.xctest:Default] Got AXElement for Device system-wide element: <AXUIElementRef 0x104533f60> {pid=0} {uid=[ID:1 hash:0x0]}
2026-09-30 23:45:26.485 Df testmanagerd[88342:c7494b] [com.apple.dt.xctest:Default] Value for parameterized attribute 91505: <AXValue 0x108424dc0> {value = x:0.000000 y:0.000000 w:402.000000 h:874.000000 type = kAXValueCGRectType}
2026-09-30 23:45:26.486 Df testmanagerd[88342:c7494b] [com.apple.dt.xctest:Default] Fetching AX parameterized attribute 91505, parameter (
        {
        Height = 874;
        Width = 402;
        X = 0;
        Y = 0;
    },
    601298199,
    1
) for Device system-wide element
2026-09-30 23:45:26.486 Df testmanagerd[88342:c7494b] [com.apple.dt.xctest:Default] Decoded {
    Height = 874;
    Width = 402;
    X = 0;
    Y = 0;
} to rect
2026-09-30 23:45:26.486 Df testmanagerd[88342:c7494b] [com.apple.dt.xctest:Default] Got AXElement for Device system-wide element: <AXUIElementRef 0x104533f60> {pid=0} {uid=[ID:1 hash:0x0]}
2026-09-30 23:45:26.486 Df testmanagerd[88342:c7494b] [com.apple.dt.xctest:Default] Value for parameterized attribute 91505: <AXValue 0x108426980> {value = x:0.000000 y:0.000000 w:402.000000 h:874.000000 type = kAXValueCGRectType}
2026-09-30 23:45:26.487 Df testmanagerd[88342:c7494b] [com.apple.dt.xctest:Default] Fetching AX parameterized attribute 91505, parameter (
        {
        Height = 874;
        Width = 402;
        X = 0;
        Y = 0;
    },
    601298199,
    1
) for Device system-wide element
2026-09-30 23:45:26.487 Df testmanagerd[88342:c7494b] [com.apple.dt.xctest:Default] Decoded {
    Height = 874;
    Width = 402;
    X = 0;
    Y = 0;
} to rect
2026-09-30 23:45:26.487 Df testmanagerd[88342:c7494b] [com.apple.dt.xctest:Default] Got AXElement for Device system-wide element: <AXUIElementRef 0x104533f60> {pid=0} {uid=[ID:1 hash:0x0]}
2026-09-30 23:45:26.487 Df testmanagerd[88342:c7494b] [com.apple.dt.xctest:Default] Value for parameterized attribute 91505: <AXValue 0x108424280> {value = x:0.000000 y:0.000000 w:402.000000 h:874.000000 type = kAXValueCGRectType}
2026-09-30 23:45:26.488 Df testmanagerd[88342:c7494b] [com.apple.dt.xctest:Default] Fetching AX parameterized attribute 91505, parameter (
        {
        Height = 874;
        Width = 402;
        X = 0;
        Y = 0;
    },
    601298199,
    1
) for Device system-wide element
2026-09-30 23:45:26.488 Df testmanagerd[88342:c7494b] [com.apple.dt.xctest:Default] Decoded {
    Height = 874;
    Width = 402;
    X = 0;
    Y = 0;
} to rect
2026-09-30 23:45:26.488 Df testmanagerd[88342:c7494b] [com.apple.dt.xctest:Default] Got AXElement for Device system-wide element: <AXUIElementRef 0x104533f60> {pid=0} {uid=[ID:1 hash:0x0]}
2026-09-30 23:45:26.488 Df testmanagerd[88342:c7494b] [com.apple.dt.xctest:Default] Value for parameterized attribute 91505: <AXValue 0x108424dc0> {value = x:0.000000 y:0.000000 w:402.000000 h:874.000000 type = kAXValueCGRectType}
2026-09-30 23:45:26.488 Df testmanagerd[88342:c7494b] [com.apple.dt.xctest:Default] Fetching AX parameterized attribute 91505, parameter (
        {
        Height = 874;
        Width = 402;
        X = 0;
        Y = 0;
    },
    601298199,
    1
) for Device system-wide element
2026-09-30 23:45:26.488 Df testmanagerd[88342:c7494b] [com.apple.dt.xctest:Default] Decoded {
    Height = 874;
    Width = 402;
    X = 0;
    Y = 0;
} to rect
2026-09-30 23:45:26.488 Df testmanagerd[88342:c7494b] [com.apple.dt.xctest:Default] Got AXElement for Device system-wide element: <AXUIElementRef 0x104533f60> {pid=0} {uid=[ID:1 hash:0x0]}
2026-09-30 23:45:26.488 Df testmanagerd[88342:c7494b] [com.apple.dt.xctest:Default] Value for parameterized attribute 91505: <AXValue 0x108426980> {value = x:0.000000 y:0.000000 w:402.000000 h:874.000000 type = kAXValueCGRectType}
2026-09-30 23:45:26.489 Df testmanagerd[88342:c7494b] [com.apple.dt.xctest:Default] Fetching AX attributes XC_kAXXCAttributeFrame, XC_kAXXCAttributeWindowDisplayId, XC_kAXXCAttributeWindowContextId for AX element pid: 97297, elementOrHash.elementID: 8035340573534371456.9999
2026-09-30 23:45:26.489 Df launchd_sim[86751:c75b16] [system:] could not find endpoint in pid namespace: pid = 97297, name = com.apple.iphone.axserver
2026-09-30 23:45:26.489 Df launchd_sim[86751:c75b16] [user/502:] failed lookup: name = com.apple.iphone.axserver, handle = 97297, flags = 0x3, requestor = testmanagerd[88342], error = 3: No such process
2026-09-30 23:45:26.489 Df launchd_sim[86751:c75b16] [user/502:] could not find endpoint in pid namespace: pid = 97297, name = com.apple.iphone.axserver
2026-09-30 23:45:26.489 Df launchd_sim[86751:c75b47] Last log repeated 1 times
2026-09-30 23:45:26.490 E  testmanagerd[88342:c7494b] [com.apple.Accessibility:AXRuntimeCommon] AX Lookup problem - errorCode:1102 error:Unknown service name portName:'com.apple.iphone.axserver' PID:97297 (
	0   AXRuntime                           0x00000001d164ffd0 _AXGetPortFromCache + 736
	1   AXRuntime                           0x00000001d16516c8 AXUIElementCopyMultipleAttributeValues + 672
	2   XCTAutomationSupport                0x0000000103603f84 -[XCTAccessibilityFramework attributes:forElement:error:] + 128
	3   XCTAutomationSupport                0x0000000103602ef0 -[XCTAccessibilityFramework attributesForElement:attributes:error:] + 328
	4   testmanagerd                        0x0000000102d3db24 -[XCAXManager_iOS attributesForElement:attributes:error:] + 92
	5   testmanagerd                        0x0000000102d5f1ac -[XCTestSession _XCT_fetchAttributes:forElement:reply:] + 148
	6   Foundation                          0x00000001c069c91c __NSXPCCONNECTION_IS_CALLING_OUT_TO_EXPORTED_OBJECT_S1__ + 12
	7   Foundation                          0x00000001c069b6e0 -[NSXPCConnection _decodeAndInvokeMessageWithEvent:reply:flags:] +
2026-09-30 23:45:26.490 E  testmanagerd[88342:c7494b] [com.apple.dt.xctest:Default] XCTAS Error: XCTAutomationSupportErrorWrappedAccessibilityError: Accessibility error kAXErrorServerNotFound from AXUIElementCopyMultipleAttributeValues for 2003, 2123, 2021
2026-09-30 23:45:26.490 Df testmanagerd[88342:c7494b] [com.apple.dt.xctest:Default] Fetching AX attributes XC_kAXXCAttributeFrame, XC_kAXXCAttributeWindowDisplayId, XC_kAXXCAttributeWindowContextId for AX element pid: 97297, elementOrHash.elementID: 15021709171409471585.9999
2026-09-30 23:45:26.490 Df launchd_sim[86751:c75b27] [system:] could not find endpoint in pid namespace: pid = 97297, name = com.apple.iphone.axserver
2026-09-30 23:45:26.490 Df launchd_sim[86751:c75b27] [user/502:] failed lookup: name = com.apple.iphone.axserver, handle = 97297, flags = 0x3, requestor = testmanagerd[88342], error = 3: No such process
2026-09-30 23:45:26.490 Df launchd_sim[86751:c75b27] [user/502:] could not find endpoint in pid namespace: pid = 97297, name = com.apple.iphone.axserver
2026-09-30 23:45:26.490 Df launchd_sim[86751:c75b16] Last log repeated 1 times
2026-09-30 23:45:26.490 E  testmanagerd[88342:c7494b] [com.apple.Accessibility:AXRuntimeCommon] AX Lookup problem - errorCode:1102 error:Unknown service name portName:'com.apple.iphone.axserver' PID:97297 (
	0   AXRuntime                           0x00000001d164ffd0 _AXGetPortFromCache + 736
	1   AXRuntime                           0x00000001d16516c8 AXUIElementCopyMultipleAttributeValues + 672
	2   XCTAutomationSupport                0x0000000103603f84 -[XCTAccessibilityFramework attributes:forElement:error:] + 128
	3   XCTAutomationSupport                0x0000000103602ef0 -[XCTAccessibilityFramework attributesForElement:attributes:error:] + 328
	4   testmanagerd                        0x0000000102d3db24 -[XCAXManager_iOS attributesForElement:attributes:error:] + 92
	5   testmanagerd                        0x0000000102d5f1ac -[XCTestSession _XCT_fetchAttributes:forElement:reply:] + 148
	6   Foundation                          0x00000001c069c91c __NSXPCCONNECTION_IS_CALLING_OUT_TO_EXPORTED_OBJECT_S1__ + 12
	7   Foundation                          0x00000001c069b6e0 -[NSXPCConnection _decodeAndInvokeMessageWithEvent:reply:flags:] +
2026-09-30 23:45:26.490 E  testmanagerd[88342:c7494b] [com.apple.dt.xctest:Default] XCTAS Error: XCTAutomationSupportErrorWrappedAccessibilityError: Accessibility error kAXErrorServerNotFound from AXUIElementCopyMultipleAttributeValues for 2003, 2123, 2021
2026-09-30 23:45:26.491 Df testmanagerd[88342:c7494b] [com.apple.dt.xctest:Default] Fetching AX attributes XC_kAXXCAttributeValue for App element pid: 86754
2026-09-30 23:45:26.492 Df testmanagerd[88342:c7494b] [com.apple.dt.xctest:Default] Got attributes, transferring to dictionary for return.
2026-09-30 23:45:26.492 Df testmanagerd[88342:c7494b] [com.apple.dt.xctest:Default] Fetching AX attributes XC_kAXXCAttributePlaceholderValue for App element pid: 86754
2026-09-30 23:45:26.492 Df testmanagerd[88342:c7494b] [com.apple.dt.xctest:Default] Got attributes, transferring to dictionary for return.
2026-09-30 23:45:26.493 Df testmanagerd[88342:c7494b] [com.apple.dt.xctest:Default] XCTPerformOnMainRunLoop[not MT]: about to CFRunLoopPerform
2026-09-30 23:45:26.493 Df testmanagerd[88342:c7494b] [com.apple.dt.xctest:Default] XCTPerformOnMainRunLoop[not MT]: waiting with 30.00s responsiveness timeout
2026-09-30 23:45:26.493 Df testmanagerd[88342:c35c14] [com.apple.dt.xctest:Default] XCTPerformOnMainRunLoop[MT]: inside CFRunLoopPerform
2026-09-30 23:45:26.493 Df testmanagerd[88342:c35c14] [com.apple.dt.xctest:Default] XCTPerformOnMainRunLoop[MT]: MT responded in time (won the race to the busy flag)
2026-09-30 23:45:26.493 Df testmanagerd[88342:c7494b] [com.apple.dt.xctest:Default] XCTPerformOnMainRunLoop[not MT]: waiting 60.00s for work to complete
2026-09-30 23:45:26.494 Df testmanagerd[88342:c35c14] [com.apple.dt.xctest:Default] Got main window <AXUIElementRef 0x1045314d0> {pid=86754} {uid=[ID:107 hash:0x118c1d000]}
2026-09-30 23:45:26.494 Df testmanagerd[88342:c35c14] [com.apple.dt.xctest:Default] Capturing hierarchy with attributes XC_kAXXCAttributeLabel, XC_kAXXCAttributeHorizontalSizeClass, XC_kAXXCAttributeTraits, XC_kAXXCAttributePlaceholderValue, XC_kAXXCAttributeWindowDisplayId, XC_kAXXCAttributeBannerIsStickyAttribute, XC_kAXXCAttributeIdentifier, XC_kAXXCAttributeIsUserInteractionEnabled, XC_kAXXCAttributeURL, XC_kAXXCAttributeUserTestingElements, XC_kAXXCAttributeHasNativeFocus, XC_kAXXCAttributeVerticalSizeClass, XC_kAXXCAttributeTruncatedValue, XC_kAXXCAttributeViewControllerTitle, XC_kAXXCAttributeFrame, XC_kAXXCAttributeWindowContextId, XC_kAXXCAttributeSystemAutomationProperties, XC_kAXXCAttributeParent, XC_kAXXCAttributeAutomationType, XC_kAXXCAttributeViewControllerClassName, XC_kAXXCAttributeElementType, XC_kAXXCAttributeElementBaseType
2026-09-30 23:45:26.494 Df testmanagerd[88342:c35c14] [com.apple.dt.xctest:Default] Capturing hierarchy with parameters {
    attributes =     (
        2001,
        2086,
        2004,
        5043,
        2123,
        2129,
        5019,
        5034,
        2020,
        5009,
        2094,
        2087,
        2158,
        5041,
        2003,
        2021,
        5063,
        5002,
        5058,
        5042,
        5003,
        5004
    );
    maxArrayCount = 2147483647;
    maxChildren = 2147483647;
    maxDepth = 2147483647;
    snapshotKeyHonorModalViews = 0;
    traverseFromParentsToChildren = 1;
}
2026-09-30 23:45:26.494 Df testmanagerd[88342:c35c14] [com.apple.dt.xctest:Default] Snapshot attributes 2001, 2086, 2004, 5043, 2123, 2129, 5019, 5034, 2020, 5009, 2094, 2087, 2158, 5041, 2003, 2021, 5063, 5002, 5058, 5042, 5003, 5004
2026-09-30 23:45:26.508 Df testmanagerd[88342:c35c14] [com.apple.dt.xctest:Default] Got snapshot for <AXUIElementRef 0x104533f60> {pid=86754} {uid=[ID:1 hash:0x0]}
2026-09-30 23:45:26.508 Df testmanagerd[88342:c35c14] [com.apple.dt.xctest:Default] Got app orientation 1
2026-09-30 23:45:26.508 Df testmanagerd[88342:c35c14] [com.apple.dt.xctest:Default] Captured accessibility snapshot data in 0.01s
2026-09-30 23:45:26.508 Df testmanagerd[88342:c7494b] [com.apple.dt.xctest:Default] Preferring automation type 2 instead of legacy element type OTHER derived from class/trait: SpringBoard:UISystemShellApplication 0
2026-09-30 23:45:26.508 E  testmanagerd[88342:c7494b] [com.apple.dt.xctest:Default] Uncaptured runtime issue reported: Automation type mismatch: computed Other from legacy attributes vs Application from modern attribute.
2026-09-30 23:45:26.508 Df testmanagerd[88342:c7494b] [com.apple.dt.xctest:Default] Preferring automation type 4 instead of legacy element type OTHER derived from class/trait: UIRootSceneWindow:UIRootSceneWindow 0
2026-09-30 23:45:26.508 E  testmanagerd[88342:c7494b] [com.apple.dt.xctest:Default] Uncaptured runtime issue reported: Automation type mismatch: computed Other from legacy attributes vs Window from modern attribute.
2026-09-30 23:45:26.508 Df testmanagerd[88342:c7494b] [com.apple.dt.xctest:Default] Preferring automation type 4 instead of legacy element type OTHER derived from class/trait: _UISystemGestureWindow:_UISystemGestureWindow 0
2026-09-30 23:45:26.508 E  testmanagerd[88342:c7494b] [com.apple.dt.xctest:Default] Uncaptured runtime issue reported: Automation type mismatch: computed Other from legacy attributes vs Window from modern attribute.
2026-09-30 23:45:26.508 Df testmanagerd[88342:c7494b] [com.apple.dt.xctest:Default] Preferring automation type 25 instead of legacy element type OTHER derived from class/trait: STUIStatusBar_Wrapper:UIStatusBar_Base 8589934592
2026-09-30 23:45:26.508 E  testmanagerd[88342:c7494b] [com.apple.dt.xctest:Default] Uncaptured runtime issue reported: Automation type mismatch: computed Other from legacy attributes vs StatusBar from modern attribute.
2026-09-30 23:45:26.508 Df testmanagerd[88342:c7494b] [com.apple.dt.xctest:Default] Checking '11:45 PM' for privileged AX value slot attributes
2026-09-30 23:45:26.508 Df testmanagerd[88342:c7494b] [com.apple.dt.xctest:Default] Checking 'Cellular' for privileged AX value slot attributes
2026-09-30 23:45:26.508 Df testmanagerd[88342:c7494b] [com.apple.dt.xctest:Default] Checking 'SSID, 3 of 3 Wi-Fi bars' for privileged AX value slot attributes
2026-09-30 23:45:26.508 Df testmanagerd[88342:c7494b] [com.apple.dt.xctest:Default] Checking 'Wi-Fi' for privileged AX value slot attributes
2026-09-30 23:45:26.508 Df testmanagerd[88342:c7494b] [com.apple.dt.xctest:Default] Preferring automation type 4 instead of legacy element type OTHER derived from class/trait: SBRecordingIndicatorAboveBlankingWindow:_UIRootWindow 0
2026-09-30 23:45:26.508 E  testmanagerd[88342:c7494b] [com.apple.dt.xctest:Default] Uncaptured runtime issue reported: Automation type mismatch: computed Other from legacy attributes vs Window from modern attribute.
2026-09-30 23:45:26.509 Df testmanagerd[88342:c7494b] [com.apple.dt.xctest:Default] Preferring automation type 25 instead of legacy element type OTHER derived from class/trait: STUIStatusBar_Wrapper:UIStatusBar_Base 0
2026-09-30 23:45:26.509 E  testmanagerd[88342:c7494b] [com.apple.dt.xctest:Default] Uncaptured runtime issue reported: Automation type mismatch: computed Other from legacy attributes vs StatusBar from modern attribute.
2026-09-30 23:45:26.509 Df testmanagerd[88342:c7494b] [com.apple.dt.xctest:Default] Found main window: Window, {{0.0, 0.0}, {402.0, 874.0}}
2026-09-30 23:45:26.509 Df testmanagerd[88342:c7494b] [com.apple.dt.xctest:Default] Capturing hierarchy for remote element RemotePlaceholder, pid: 97297, child of Other, {{0.0, 0.0}, {402.0, 874.0}}
2026-09-30 23:45:26.509 Df testmanagerd[88342:c7494b] [com.apple.dt.xctest:Default] Saved original AX timeout 60 and set temporary timeout 5
2026-09-30 23:45:26.509 Df testmanagerd[88342:c7494b] [com.apple.dt.xctest:Default] Snapshot attributes 2001, 2086, 2004, 5043, 2123, 2129, 5019, 5034, 2020, 5009, 2094, 2087, 2158, 5041, 2003, 2021, 5063, 5002, 5058, 5042, 5003, 5004
2026-09-30 23:45:26.509 Df launchd_sim[86751:c75b16] [system:] could not find endpoint in pid namespace: pid = 97297, name = com.apple.iphone.axserver
2026-09-30 23:45:26.509 Df launchd_sim[86751:c75b16] [user/502:] failed lookup: name = com.apple.iphone.axserver, handle = 97297, flags = 0x3, requestor = testmanagerd[88342], error = 3: No such process
2026-09-30 23:45:26.509 Df launchd_sim[86751:c75b16] [user/502:] could not find endpoint in pid namespace: pid = 97297, name = com.apple.iphone.axserver
2026-09-30 23:45:26.509 Df launchd_sim[86751:c75b27] Last log repeated 1 times
2026-09-30 23:45:26.509 E  testmanagerd[88342:c7494b] [com.apple.Accessibility:AXRuntimeCommon] AX Lookup problem - errorCode:1102 error:Unknown service name portName:'com.apple.iphone.axserver' PID:97297 (
	0   AXRuntime                           0x00000001d164ffd0 _AXGetPortFromCache + 736
	1   AXRuntime                           0x00000001d1650a90 AXUIElementCopyParameterizedAttributeValueRecursive + 1120
	2   AXRuntime                           0x00000001d165059c AXUIElementCopyParameterizedAttributeValue + 92
	3   XCTAutomationSupport                0x000000010360354c -[XCTAccessibilityFramework userTestingSnapshotForElement:options:error:] + 352
	4   XCTAutomationSupport                0x000000010360aaf8 __119-[XCTElementSnapshotRequest(PlatformImplementation) _snapshotFromRemoteElementUserTestingSnapshot:parentElement:error:]_block_invoke + 76
	5   XCTAutomationSupport                0x00000001036042d4 -[XCTAccessibilityFramework performWithAXTimeout:block:] + 448
	6   XCTAutomationSupport                0x000000010360a8fc -[XCTElementSnapshotRequest(PlatformImplementation) _snapshotFromRemoteElementUserTestingSnapshot:paren
2026-09-30 23:45:26.509 E  testmanagerd[88342:c7494b] [com.apple.dt.xctest:Default] XCTAS Error: XCTAutomationSupportErrorSnapshotFailure: Error kAXErrorServerNotFound getting snapshot for element <AXUIElementRef 0x10478cb70> {pid=97297} {uid=[ID:9999 hash:0x6f8343adb6ccbe80]}
2026-09-30 23:45:26.509 Df testmanagerd[88342:c7494b] [com.apple.dt.xctest:Default] Restored original AX timeout 60
2026-09-30 23:45:26.509 E  testmanagerd[88342:c7494b] [com.apple.dt.xctest:Default] Error snapshotting remote element RemotePlaceholder, pid: 97297, child of Other, {{0.0, 0.0}, {402.0, 874.0}}: Error Domain=com.apple.dt.xctest.automation-support.error Code=5 "Error kAXErrorServerNotFound getting snapshot for element <AXUIElementRef 0x10478cb70> {pid=97297} {uid=[ID:9999 hash:0x6f8343adb6ccbe80]}" UserInfo={accessibility-error=-25215, NSLocalizedDescription=Error kAXErrorServerNotFound getting snapshot for element <AXUIElementRef 0x10478cb70> {pid=97297} {uid=[ID:9999 hash:0x6f8343adb6ccbe80]}}
2026-09-30 23:45:26.509 Df testmanagerd[88342:c7494b] [com.apple.dt.xctest:Default] Using placeholder for remote element RemotePlaceholder, pid: 97297, child of Other, {{0.0, 0.0}, {402.0, 874.0}} because AX server is unable to query pid 86754
2026-09-30 23:45:26.509 Df testmanagerd[88342:c7494b] [com.apple.dt.xctest:Default] Capturing hierarchy for remote element RemotePlaceholder, pid: 97297, child of Other, {{0.0, 0.0}, {402.0, 874.0}}
2026-09-30 23:45:26.509 Df testmanagerd[88342:c7494b] [com.apple.dt.xctest:Default] Saved original AX timeout 60 and set temporary timeout 5
2026-09-30 23:45:26.509 Df testmanagerd[88342:c7494b] [com.apple.dt.xctest:Default] Snapshot attributes 2001, 2086, 2004, 5043, 2123, 2129, 5019, 5034, 2020, 5009, 2094, 2087, 2158, 5041, 2003, 2021, 5063, 5002, 5058, 5042, 5003, 5004
2026-09-30 23:45:26.509 Df launchd_sim[86751:c75b27] [system:] could not find endpoint in pid namespace: pid = 97297, name = com.apple.iphone.axserver
2026-09-30 23:45:26.509 Df launchd_sim[86751:c75b27] [user/502:] failed lookup: name = com.apple.iphone.axserver, handle = 97297, flags = 0x3, requestor = testmanagerd[88342], error = 3: No such process
2026-09-30 23:45:26.509 Df launchd_sim[86751:c75b27] [user/502:] could not find endpoint in pid namespace: pid = 97297, name = com.apple.iphone.axserver
2026-09-30 23:45:26.509 Df launchd_sim[86751:c75b27] Last log repeated 1 times
2026-09-30 23:45:26.510 E  testmanagerd[88342:c7494b] [com.apple.Accessibility:AXRuntimeCommon] AX Lookup problem - errorCode:1102 error:Unknown service name portName:'com.apple.iphone.axserver' PID:97297 (
	0   AXRuntime                           0x00000001d164ffd0 _AXGetPortFromCache + 736
	1   AXRuntime                           0x00000001d1650a90 AXUIElementCopyParameterizedAttributeValueRecursive + 1120
	2   AXRuntime                           0x00000001d165059c AXUIElementCopyParameterizedAttributeValue + 92
	3   XCTAutomationSupport                0x000000010360354c -[XCTAccessibilityFramework userTestingSnapshotForElement:options:error:] + 352
	4   XCTAutomationSupport                0x000000010360aaf8 __119-[XCTElementSnapshotRequest(PlatformImplementation) _snapshotFromRemoteElementUserTestingSnapshot:parentElement:error:]_block_invoke + 76
	5   XCTAutomationSupport                0x00000001036042d4 -[XCTAccessibilityFramework performWithAXTimeout:block:] + 448
	6   XCTAutomationSupport                0x000000010360a8fc -[XCTElementSnapshotRequest(PlatformImplementation) _snapshotFromRemoteElementUserTestingSnapshot:paren
2026-09-30 23:45:26.510 E  testmanagerd[88342:c7494b] [com.apple.dt.xctest:Default] XCTAS Error: XCTAutomationSupportErrorSnapshotFailure: Error kAXErrorServerNotFound getting snapshot for element <AXUIElementRef 0x10478cc30> {pid=97297} {uid=[ID:9999 hash:0xd077d4e72916c861]}
2026-09-30 23:45:26.510 Df testmanagerd[88342:c7494b] [com.apple.dt.xctest:Default] Restored original AX timeout 60
2026-09-30 23:45:26.510 E  testmanagerd[88342:c7494b] [com.apple.dt.xctest:Default] Error snapshotting remote element RemotePlaceholder, pid: 97297, child of Other, {{0.0, 0.0}, {402.0, 874.0}}: Error Domain=com.apple.dt.xctest.automation-support.error Code=5 "Error kAXErrorServerNotFound getting snapshot for element <AXUIElementRef 0x10478cc30> {pid=97297} {uid=[ID:9999 hash:0xd077d4e72916c861]}" UserInfo={accessibility-error=-25215, NSLocalizedDescription=Error kAXErrorServerNotFound getting snapshot for element <AXUIElementRef 0x10478cc30> {pid=97297} {uid=[ID:9999 hash:0xd077d4e72916c861]}}
2026-09-30 23:45:26.510 Df testmanagerd[88342:c7494b] [com.apple.dt.xctest:Default] Using placeholder for remote element RemotePlaceholder, pid: 97297, child of Other, {{0.0, 0.0}, {402.0, 874.0}} because AX server is unable to query pid 86754
2026-09-30 23:45:26.514 Df SpringBoard[86754:c74af9] [com.apple.dt.xctest:Default] Received attributes request for element: App element pid: 86754. Attributes: (
    "XC_kAXXCAttributeValue"
)
2026-09-30 23:45:26.514 Df SpringBoard[86754:c73659] [com.apple.dt.xctest:Default] XCTPerformOnMainRunLoop[not MT]: about to CFRunLoopPerform
2026-09-30 23:45:26.514 Df SpringBoard[86754:c73659] [com.apple.dt.xctest:Default] XCTPerformOnMainRunLoop[not MT]: waiting with 30.00s responsiveness timeout
2026-09-30 23:45:26.514 Df SpringBoard[86754:c334f8] [com.apple.dt.xctest:Default] XCTPerformOnMainRunLoop[MT]: inside CFRunLoopPerform
2026-09-30 23:45:26.514 Df SpringBoard[86754:c334f8] [com.apple.dt.xctest:Default] XCTPerformOnMainRunLoop[MT]: MT responded in time (won the race to the busy flag)
2026-09-30 23:45:26.514 Df SpringBoard[86754:c73659] [com.apple.dt.xctest:Default] XCTPerformOnMainRunLoop[not MT]: waiting 60.00s for work to complete
2026-09-30 23:45:26.514 Df SpringBoard[86754:c334f8] [com.apple.dt.xctest:Default] Fetching AX attributes XC_kAXXCAttributeValue for App element pid: 86754
2026-09-30 23:45:26.514 Df SpringBoard[86754:c334f8] [com.apple.dt.xctest:Default] Got attributes, transferring to dictionary for return.
2026-09-30 23:45:26.514 Df SpringBoard[86754:c73659] [com.apple.dt.xctest:Default] Replying with attribute values: {
}
2026-09-30 23:45:26.514 Df SpringBoard[86754:c73659] [com.apple.dt.xctest:Default] Received attributes request for element: App element pid: 86754. Attributes: (
    "XC_kAXXCAttributePlaceholderValue"
)
2026-09-30 23:45:26.514 Df SpringBoard[86754:c73659] [com.apple.dt.xctest:Default] XCTPerformOnMainRunLoop[not MT]: about to CFRunLoopPerform
2026-09-30 23:45:26.514 Df SpringBoard[86754:c73659] [com.apple.dt.xctest:Default] XCTPerformOnMainRunLoop[not MT]: waiting with 30.00s responsiveness timeout
2026-09-30 23:45:26.515 Df SpringBoard[86754:c334f8] [com.apple.dt.xctest:Default] XCTPerformOnMainRunLoop[MT]: inside CFRunLoopPerform
2026-09-30 23:45:26.515 Df SpringBoard[86754:c334f8] [com.apple.dt.xctest:Default] XCTPerformOnMainRunLoop[MT]: MT responded in time (won the race to the busy flag)
2026-09-30 23:45:26.515 Df SpringBoard[86754:c73659] [com.apple.dt.xctest:Default] XCTPerformOnMainRunLoop[not MT]: waiting 60.00s for work to complete
2026-09-30 23:45:26.515 Df SpringBoard[86754:c334f8] [com.apple.dt.xctest:Default] Fetching AX attributes XC_kAXXCAttributePlaceholderValue for App element pid: 86754
2026-09-30 23:45:26.515 Df SpringBoard[86754:c334f8] [com.apple.dt.xctest:Default] Got attributes, transferring to dictionary for return.
2026-09-30 23:45:26.515 Df SpringBoard[86754:c73659] [com.apple.dt.xctest:Default] Replying with attribute values: {
}
2026-09-30 23:45:26.515 Df TextInsertUITests-Runner[41970:c74e7f] [com.apple.CFNetwork:Default] Task <02373035-1DD6-4403-8D07-5E5A0D04B916>.<5> resuming, timeouts(60.0, 604800.0) qos(0x21) voucher((null)) activity(00000000-0000-0000-0000-000000000000)
2026-09-30 23:45:26.515 A  TextInsertUITests-Runner[41970:c74fe7] (Security) SecTrustReportNetworkingAnalytics
2026-09-30 23:45:26.515 Df TextInsertUITests-Runner[41970:c74f18] [com.apple.CFNetwork:Default] Connection 9: starting, TC(0x0)
2026-09-30 23:45:26.515 Df TextInsertUITests-Runner[41970:c74f18] [com.apple.network:connection] [C9 D877B188-61EF-4D6E-8EDD-4CE24E4E89CC 127.0.0.1:8805 tcp, url: http://127.0.0.1:8805/tree, definite, attribution: developer, context: com.apple.CFNetwork.NSURLSession.{3BD4F843-8E8B-49E7-BAF1-F0B43A7A31A4}{(null)}{Y}{2}{0x0} (private), proc: 3464360A-0B4C-3AD7-A7DA-7A3F1F63EB75, delegated upid: 0] start
2026-09-30 23:45:26.515 Df TextInsertUITests-Runner[41970:c74f18] [com.apple.network:connection] [C9 127.0.0.1:8805 initial parent-flow ((null))] event: path:start @0.000s
2026-09-30 23:45:26.515 Df TextInsertUITests-Runner[41970:c74f18] [com.apple.network:connection] [C9 127.0.0.1:8805 waiting parent-flow (satisfied (Path is satisfied), interface: lo0)] event: path:satisfied @0.000s, uuid: 230E5054-6516-4451-89C7-F6CAAAD62B9A
2026-09-30 23:45:26.515 Df trustd[87797:c75440] [com.apple.securityd:SecError] TextInsertUITest[41970]/1#-1 LF=0 NetworkingAnalyticsReport Error Domain=NSOSStatusErrorDomain Code=-4 "Networking analytics not supported in this environment" UserInfo={numberOfErrorsDeep=0, NSDescription=Networking analytics not supported in this environment}
2026-09-30 23:45:26.516 Df TextInsertUITests-Runner[41970:c74fe7] [com.apple.securityd:SecError] SecTrustReportNetworkingAnalytics failed with error: -4
2026-09-30 23:45:26.516 Df TextInsertUITests-Runner[41970:c74f18] [com.apple.network:connection] [C9 127.0.0.1:8805 in_progress socket-flow (satisfied (Path is satisfied), interface: lo0)] event: flow:start_connect @0.000s
2026-09-30 23:45:26.516 Df TextInsertUITests-Runner[41970:c74f18] [com.apple.network:connection] nw_connection_report_state_with_handler_on_nw_queue [C9] reporting state preparing
2026-09-30 23:45:26.516 Df TextInsertUITests-Runner[41970:c74f18] [com.apple.CFNetwork:Default] Task <02373035-1DD6-4403-8D07-5E5A0D04B916>.<5> setting up Connection 9
2026-09-30 23:45:26.516 Df TextInsertUITests-Runner[41970:c74f18] [com.apple.network:connection] nw_socket_handle_socket_event [C9:2] Socket received CONNECTED event
2026-09-30 23:45:26.516 Df TextInsertUITests-Runner[41970:c74f18] [com.apple.network:connection] nw_flow_connected [C9 127.0.0.1:8805 in_progress socket-flow (satisfied (Path is satisfied), interface: lo0)] Transport protocol connected (socket)
2026-09-30 23:45:26.516 Df TextInsertUITests-Runner[41970:c74f18] [com.apple.network:connection] [C9 127.0.0.1:8805 in_progress socket-flow (satisfied (Path is satisfied), interface: lo0)] event: flow:finish_transport @0.000s
2026-09-30 23:45:26.516 Df TextInsertUITests-Runner[41970:c74f18] [com.apple.network:connection] nw_flow_connected [C9 127.0.0.1:8805 in_progress socket-flow (satisfied (Path is satisfied), interface: lo0)] Output protocol connected (CFNetworkConnection-1630071214)
2026-09-30 23:45:26.516 Df TextInsertUITests-Runner[41970:c74f18] [com.apple.network:connection] [C9 127.0.0.1:8805 ready socket-flow (satisfied (Path is satisfied), interface: lo0)] event: flow:finish_connect @0.000s
2026-09-30 23:45:26.516 Df TextInsertUITests-Runner[41970:c74f18] [com.apple.network:connection] nw_connection_report_state_with_handler_on_nw_queue [C9] reporting state ready
2026-09-30 23:45:26.516 Df TextInsertUITests-Runner[41970:c74f18] [com.apple.CFNetwork:Default] Connection 9: connected successfully
2026-09-30 23:45:26.516 Df TextInsertUITests-Runner[41970:c74f18] [com.apple.CFNetwork:Default] Connection 9: ready C(N) E(N)
2026-09-30 23:45:26.516 Df TextInsertUITests-Runner[41970:c74f18] [com.apple.CFNetwork:Default] Task <02373035-1DD6-4403-8D07-5E5A0D04B916>.<5> now using Connection 9
2026-09-30 23:45:26.516 Df TextInsertUITests-Runner[41970:c74f18] [com.apple.CFNetwork:Default] Task <02373035-1DD6-4403-8D07-5E5A0D04B916>.<5> sent request, body S 8821
2026-09-30 23:45:26.516 Df TextInsertUITests-Runner[41970:c74f18] [com.apple.network:connection] nw_socket_handle_socket_event [C9:2] Socket received READ_CLOSE event
2026-09-30 23:45:26.516 Df TextInsertUITests-Runner[41970:c74f18] [com.apple.CFNetwork:Default] Task <02373035-1DD6-4403-8D07-5E5A0D04B916>.<5> received response, status 200 content U
2026-09-30 23:45:26.516 Df TextInsertUITests-Runner[41970:c74f18] [com.apple.CFNetwork:Default] Connection 9: read-side closed
2026-09-30 23:45:26.516 Df TextInsertUITests-Runner[41970:c74f18] [com.apple.CFNetwork:Default] Connection 9: final read 0:0, complete[Y], final[N]
2026-09-30 23:45:26.516 Df TextInsertUITests-Runner[41970:c74f18] [com.apple.CFNetwork:Default] Connection 9: cleaning up
2026-09-30 23:45:26.516 Df TextInsertUITests-Runner[41970:c74f18] [com.apple.network:connection] [C9 D877B188-61EF-4D6E-8EDD-4CE24E4E89CC 127.0.0.1:8805 tcp, url: http://127.0.0.1:8805/tree, definite, attribution: developer] cancel
2026-09-30 23:45:26.517 Df TextInsertUITests-Runner[41970:c74f18] [com.apple.network:connection] [C9 D877B188-61EF-4D6E-8EDD-4CE24E4E89CC 127.0.0.1:8805 tcp, url: http://127.0.0.1:8805/tree, definite, attribution: developer] cancelled
	[C9 230E5054-6516-4451-89C7-F6CAAAD62B9A 127.0.0.1:57136<->127.0.0.1:8805]
	Connected Path: satisfied (Path is satisfied), interface: lo0
	Privacy Stance: Not Eligible
	Duration: 0.001s, TCP @0.000s took 0.000s
	bytes in/out: 92/9159, packets in/out: 2/2, rtt: 0.001s, retransmitted bytes: 0, out-of-order bytes: 0
	ecn packets sent/acked/marked/lost: 0/0/0/0
2026-09-30 23:45:26.517 Df TextInsertUITests-Runner[41970:c74f18] [com.apple.network:connection] nw_connection_report_state_with_handler_on_nw_queue [C9] reporting state cancelled
2026-09-30 23:45:26.517 Df TextInsertUITests-Runner[41970:c74f18] [com.apple.CFNetwork:Default] Task <02373035-1DD6-4403-8D07-5E5A0D04B916>.<5> response ended
2026-09-30 23:45:26.517 Df TextInsertUITests-Runner[41970:c74f18] [com.apple.CFNetwork:Default] Task <02373035-1DD6-4403-8D07-5E5A0D04B916>.<5> done using Connection 9
2026-09-30 23:45:26.517 Df TextInsertUITests-Runner[41970:c74f18] [com.apple.CFNetwork:Default] Connection 9: done
2026-09-30 23:45:26.517 Df TextInsertUITests-Runner[41970:c74fe7] [com.apple.CFNetwork:Summary] Task <02373035-1DD6-4403-8D07-5E5A0D04B916>.<5> summary for task success {transaction_duration_ms=1, response_status=200, connection=9, protocol="http/1.1", domain_lookup_duration_ms=0, connect_duration_ms=0, secure_connection_duration_ms=0, private_relay=false, request_start_ms=0, request_duration_ms=0, response_start_ms=1, response_duration_ms=0, request_bytes=9159, request_throughput_kbps=615881, response_bytes=92, response_throughput_kbps=4406, cache_hit=false}
2026-09-30 23:45:26.517 Df TextInsertUITests-Runner[41970:c74f18] [com.apple.CFNetwork:Default] Task <02373035-1DD6-4403-8D07-5E5A0D04B916>.<5> finished successfully
2026-09-30 23:45:26.518 Df MobileSafari[42063:c756c2] [com.apple.dt.xctest:Default] Received request to notify when the main run loop is idle
2026-09-30 23:45:26.518 Df MobileSafari[42063:c756c2] [com.apple.dt.xctest:Default] Idle notifier finished setting up run loop observer
2026-09-30 23:45:26.518 Df MobileSafari[42063:c75080] [com.apple.dt.xctest:Default] Idle notifier run loop observer fired
2026-09-30 23:45:26.518 Df MobileSafari[42063:c75080] [com.apple.dt.xctest:Default] Sending main run loop idle reply
2026-09-30 23:45:26.518 Df MobileSafari[42063:c756c2] [com.apple.dt.xctest:Default] Received request to notify when animations are idle
2026-09-30 23:45:26.518 Df MobileSafari[42063:c756c2] [com.apple.dt.xctest:Default] Sending animations idle reply with error: (null)
2026-09-30 23:45:26.520 Df MobileSafari[42063:c756c2] [com.apple.dt.xctest:Default] Received request to fetch matches for query: ↪︎ Descendants matching type Button
    ↪︎ Elements matching predicate '"ti-one@example.net" IN identifiers'
2026-09-30 23:45:26.520 Df MobileSafari[42063:c756c2] [com.apple.dt.xctest:Default] Evaluating query:
 ↪︎ Descendants matching type Button
    ↪︎ Elements matching predicate '"ti-one@example.net" IN identifiers'
2026-09-30 23:45:26.520 Df MobileSafari[42063:c756c2] [com.apple.dt.xctest:Default] Getting root element snapshot
2026-09-30 23:45:26.520 Df MobileSafari[42063:c756c2] [com.apple.dt.xctest:Default] Getting snapshot for App element pid: 42063 for query ↪︎ Descendants matching type Button
    ↪︎ Elements matching predicate '"ti-one@example.net" IN identifiers'
2026-09-30 23:45:26.520 Df MobileSafari[42063:c756c2] [com.apple.dt.xctest:Default] Query requires iOS snapshot attributes XC_kAXXCAttributeElementBaseType, XC_kAXXCAttributeIdentifier, XC_kAXXCAttributeElementType, XC_kAXXCAttributeAutomationType, XC_kAXXCAttributeLabel, XC_kAXXCAttributeValue, XC_kAXXCAttributeTraits, XC_kAXXCAttributePlaceholderValue.
2026-09-30 23:45:26.520 Df MobileSafari[42063:c756c2] [com.apple.dt.xctest:Default] XCTPerformOnMainRunLoop[not MT]: about to CFRunLoopPerform
2026-09-30 23:45:26.520 Df MobileSafari[42063:c756c2] [com.apple.dt.xctest:Default] XCTPerformOnMainRunLoop[not MT]: waiting with 30.00s responsiveness timeout
2026-09-30 23:45:26.520 Df MobileSafari[42063:c75080] [com.apple.dt.xctest:Default] XCTPerformOnMainRunLoop[MT]: inside CFRunLoopPerform
2026-09-30 23:45:26.520 Df MobileSafari[42063:c75080] [com.apple.dt.xctest:Default] XCTPerformOnMainRunLoop[MT]: MT responded in time (won the race to the busy flag)
2026-09-30 23:45:26.520 Df MobileSafari[42063:c756c2] [com.apple.dt.xctest:Default] XCTPerformOnMainRunLoop[not MT]: waiting 60.00s for work to complete
2026-09-30 23:45:26.520 Df MobileSafari[42063:c75080] [com.apple.dt.xctest:Default] Got main window <AXUIElementRef 0x13d663720> {pid=42063} {uid=[ID:5 hash:0x13c615800]}
2026-09-30 23:45:26.520 Df MobileSafari[42063:c75080] [com.apple.dt.xctest:Default] Capturing hierarchy with attributes XC_kAXXCAttributeElementBaseType, XC_kAXXCAttributeIdentifier, XC_kAXXCAttributeElementType, XC_kAXXCAttributeAutomationType, XC_kAXXCAttributeLabel, XC_kAXXCAttributeTraits, XC_kAXXCAttributeTruncatedValue, XC_kAXXCAttributeParent, XC_kAXXCAttributePlaceholderValue
2026-09-30 23:45:26.520 Df MobileSafari[42063:c75080] [com.apple.dt.xctest:Default] Capturing hierarchy with parameters {
    attributes =     (
        5004,
        5019,
        5003,
        5058,
        2001,
        2004,
        2158,
        5002,
        5043
    );
    maxArrayCount = 2147483647;
    maxChildren = 2147483647;
    maxDepth = 2147483647;
    snapshotKeyHonorModalViews = 0;
    traverseFromParentsToChildren = 1;
}
2026-09-30 23:45:26.520 Df MobileSafari[42063:c75080] [com.apple.dt.xctest:Default] Snapshot attributes 5004, 5019, 5003, 5058, 2001, 2004, 2158, 5002, 5043
2026-09-30 23:45:26.526 Df MobileSafari[42063:c75080] [com.apple.dt.xctest:Default] Got snapshot for <AXUIElementRef 0x13da792f0> {pid=42063} {uid=[ID:1 hash:0x0]}
2026-09-30 23:45:26.526 Df MobileSafari[42063:c75080] [com.apple.dt.xctest:Default] Got app orientation 0
2026-09-30 23:45:26.526 Df MobileSafari[42063:c75080] [com.apple.dt.xctest:Default] Captured accessibility snapshot data in 0.01s
2026-09-30 23:45:26.526 Df MobileSafari[42063:c756c2] [com.apple.dt.xctest:Default] Found main window: Window
2026-09-30 23:45:26.526 Df MobileSafari[42063:c756c2] [com.apple.dt.xctest:Default] Preferring automation type 58 instead of legacy element type OTHER derived from class/trait: _SFWebView:UIView 146028888064
2026-09-30 23:45:26.526 Df MobileSafari[42063:c756c2] [com.apple.dt.xctest:Default] Preferring automation type 58 instead of legacy element type OTHER derived from class/trait: WKContentView:UIView 146028888064
2026-09-30 23:45:26.526 Df MobileSafari[42063:c756c2] [com.apple.dt.xctest:Default] Using placeholder for remote element RemotePlaceholder, pid: 42128, child of WebView because AX remote access is disabled
2026-09-30 23:45:26.526 Df MobileSafari[42063:c756c2] [com.apple.dt.xctest:Default] Checking 'Back' for privileged AX value slot attributes
2026-09-30 23:45:26.526 Df MobileSafari[42063:c756c2] [com.apple.dt.xctest:Default] Checking 'Page Menu' for privileged AX value slot attributes
2026-09-30 23:45:26.526 Df MobileSafari[42063:c756c2] [com.apple.dt.xctest:Default] Checking '\040\^Nlocalhost' for privileged AX value slot attributes
2026-09-30 23:45:26.526 Df MobileSafari[42063:c756c2] [com.apple.dt.xctest:Default] Preferring automation type 1 instead of legacy element type OTHER derived from class/trait: SFUnifiedTabBarItemTitleContainerView:UIView 8590196736
2026-09-30 23:45:26.526 E  MobileSafari[42063:c756c2] [com.apple.dt.xctest:Default] Automation type mismatch; legacy system derived element type 49 from class SFUnifiedTabBarItemTitleContainerView:UIView, traits 8590196736, but AXAutomationType returned 0 which maps to 1
2026-09-30 23:45:26.526 Df MobileSafari[42063:c756c2] [com.apple.dt.xctest:Default] Checking 'refresh' for privileged AX value slot attributes
2026-09-30 23:45:26.526 Df MobileSafari[42063:c756c2] [com.apple.dt.xctest:Default] Checking 'Tabs' for privileged AX value slot attributes
2026-09-30 23:45:26.526 Df MobileSafari[42063:c756c2] [com.apple.dt.xctest:Default] Using placeholder for remote element RemotePlaceholder, pid: 24111, child of Other because AX remote access is disabled
2026-09-30 23:45:26.526 Df MobileSafari[42063:c756c2] [com.apple.dt.xctest:Default] Using placeholder for remote element RemotePlaceholder, pid: 24111, child of Other because AX remote access is disabled
2026-09-30 23:45:26.526 Df MobileSafari[42063:c756c2] [com.apple.dt.xctest:Default] App orientation is 0 (not portrait) and UITextEffectsWindow window Window is not main window
2026-09-30 23:45:26.526 Df MobileSafari[42063:c756c2] [com.apple.dt.xctest:Default] Leaving frame unchanged for Window: either already correct or we can't detect it.
2026-09-30 23:45:26.526 Df MobileSafari[42063:c756c2] [com.apple.dt.xctest:Default] XCTPerformOnMainRunLoop[not MT]: about to CFRunLoopPerform
2026-09-30 23:45:26.526 Df MobileSafari[42063:c756c2] [com.apple.dt.xctest:Default] XCTPerformOnMainRunLoop[not MT]: waiting with 30.00s responsiveness timeout
2026-09-30 23:45:26.526 Df MobileSafari[42063:c75080] [com.apple.dt.xctest:Default] XCTPerformOnMainRunLoop[MT]: inside CFRunLoopPerform
2026-09-30 23:45:26.526 Df MobileSafari[42063:c75080] [com.apple.dt.xctest:Default] XCTPerformOnMainRunLoop[MT]: MT responded in time (won the race to the busy flag)
2026-09-30 23:45:26.526 Df MobileSafari[42063:c756c2] [com.apple.dt.xctest:Default] XCTPerformOnMainRunLoop[not MT]: waiting 60.00s for work to complete
2026-09-30 23:45:26.526 Df MobileSafari[42063:c75080] [com.apple.dt.xctest:Default] XCTElementQuery: set data source for rootElementSnapshot to <XCTAutomationSession: 0x10753fd40>
2026-09-30 23:45:26.527 Df MobileSafari[42063:c756c2] [com.apple.dt.xctest:Default] Finding all matches with input Application, pid: 42063, label: 'Safari' using transformers 
↪︎ Descendants matching type Button
    ↪︎ Elements matching predicate '"ti-one@example.net" IN identifiers'
2026-09-30 23:45:26.527 Df MobileSafari[42063:c756c2] [com.apple.dt.xctest:Default] [Match All] applied transformer `Descendants matching type Button` to input {(
    Application, pid: 42063, label: 'Safari'
)}, found {(
    Button, identifier: 'BackButton', label: 'Back',
    Button, identifier: 'TabOverviewButton', label: 'Tabs',
    Button, identifier: 'MoreMenuButton', label: 'Page Menu',
    Button, identifier: 'ReloadButton', label: 'refresh'
)}
2026-09-30 23:45:26.527 Df MobileSafari[42063:c756c2] [com.apple.dt.xctest:Default] [Match All] applied transformer `Elements matching predicate '"ti-one@example.net" IN identifiers'` to input {(
    Button, identifier: 'BackButton', label: 'Back',
    Button, identifier: 'TabOverviewButton', label: 'Tabs',
    Button, identifier: 'MoreMenuButton', label: 'Page Menu',
    Button, identifier: 'ReloadButton', label: 'refresh'
)}, found {(
)}
2026-09-30 23:45:26.527 Df MobileSafari[42063:c756c2] [com.apple.dt.xctest:Default] [Match All] setting out related elements in early return {(
)}
2026-09-30 23:45:26.527 Df MobileSafari[42063:c756c2] [com.apple.dt.xctest:Default] Current tree:
Application, 0x16e0b61c0, pid: 42063, label: 'Safari' <App element pid: 42063>
  Window (Main), 0x16e0b6e40 <AX element pid: 42063, elementOrHash.elementID: 5307979776.5>
    Other, 0x16e0b5540 <AX element pid: 42063, elementOrHash.elementID: 4459691520.7>
      Other, 0x16e0b70c0 <AX element pid: 42063, elementOrHash.elementID: 4459799936.9>
        Other, 0x16e0b6f80, identifier: 'SafariWindow?View=Narrow&BarsKeptMinimized=false&UUID=E099565E-1415-4A1E-BC66-9B28868CD65D&UsingLoweredBar=true&IsSecure=false&IsTabBarAvailable=false' <AX element pid: 42063, elementOrHash.elementID: 5309089088.11>
          Other, 0x16e0b6300 <AX element pid: 42063, elementOrHash.elementID: 5309089536.12>
            Other, 0x16e0b6a80 <AX element pid: 42063, elementOrHash.elementID: 5309089984.14>
              Other, 0x16e0b48c0 <AX element pid: 42063, elementOrHash.elementID: 4459688448.16>
                Other, 0x16e0b66c0 <AX element pid: 42063, elementOrHash.elementID: 5309119360.23>
                Other, 0x16e0
2026-09-30 23:45:26.527 Df MobileSafari[42063:c756c2] [com.apple.dt.xctest:Default] Query ↪︎ Descendants matching type Button
    ↪︎ Elements matching predicate '"ti-one@example.net" IN identifiers' found matching snapshots: {(
)} (error: (null))
2026-09-30 23:45:26.527 Df MobileSafari[42063:c756c2] [com.apple.dt.xctest:Default] Found remote element in snapshot tree: RemotePlaceholder, pid: 42128
2026-09-30 23:45:26.527 Df MobileSafari[42063:c756c2] [com.apple.dt.xctest:Default] Found remote element in snapshot tree: RemotePlaceholder, pid: 24111
2026-09-30 23:45:26.527 Df MobileSafari[42063:c756c2] [com.apple.dt.xctest:Default] Found remote element in snapshot tree: RemotePlaceholder, pid: 24111
2026-09-30 23:45:26.527 Df MobileSafari[42063:c756c2] [com.apple.dt.xctest:Default] Replying to query ↪︎ Descendants matching type Button
    ↪︎ Elements matching predicate '"ti-one@example.net" IN identifiers' with results: <XCTElementQueryResults: 0x173a7ecd0> (error: (null))
2026-09-30 23:45:26.528 Df testmanagerd[88342:c7494b] [com.apple.dt.xctest:Default] XCTPerformOnMainRunLoop[not MT]: about to CFRunLoopPerform
2026-09-30 23:45:26.528 Df testmanagerd[88342:c7494b] [com.apple.dt.xctest:Default] XCTPerformOnMainRunLoop[not MT]: waiting with 30.00s responsiveness timeout
2026-09-30 23:45:26.528 Df testmanagerd[88342:c35c14] [com.apple.dt.xctest:Default] XCTPerformOnMainRunLoop[MT]: inside CFRunLoopPerform
2026-09-30 23:45:26.528 Df testmanagerd[88342:c35c14] [com.apple.dt.xctest:Default] XCTPerformOnMainRunLoop[MT]: MT responded in time (won the race to the busy flag)
2026-09-30 23:45:26.528 Df testmanagerd[88342:c7494b] [com.apple.dt.xctest:Default] XCTPerformOnMainRunLoop[not MT]: waiting 60.00s for work to complete
2026-09-30 23:45:26.528 E  testmanagerd[88342:c35c14] [com.apple.dt.xctest:Default] Error kAXErrorNoValue getting main window for element <AXUIElementRef 0x108494f00> {pid=42128} {uid=[ID:9999 hash:0x13473497d54031bc]}, not raising, just returning nil.
2026-09-30 23:45:26.528 Df testmanagerd[88342:c35c14] [com.apple.dt.xctest:Default] Continuing with snapshot despite main window not being found
2026-09-30 23:45:26.529 Df testmanagerd[88342:c35c14] [com.apple.dt.xctest:Default] Capturing hierarchy with attributes XC_kAXXCAttributeElementBaseType, XC_kAXXCAttributeIdentifier, XC_kAXXCAttributeElementType, XC_kAXXCAttributeAutomationType, XC_kAXXCAttributeLabel, XC_kAXXCAttributeTraits, XC_kAXXCAttributeTruncatedValue, XC_kAXXCAttributeParent, XC_kAXXCAttributePlaceholderValue
2026-09-30 23:45:26.529 Df testmanagerd[88342:c35c14] [com.apple.dt.xctest:Default] Capturing hierarchy with parameters {
    attributes =     (
        5004,
        5019,
        5003,
        5058,
        2001,
        2004,
        2158,
        5002,
        5043
    );
    maxArrayCount = 2147483647;
    maxChildren = 2147483647;
    maxDepth = 2147483647;
    snapshotKeyHonorModalViews = 0;
    traverseFromParentsToChildren = 1;
}
2026-09-30 23:45:26.529 Df testmanagerd[88342:c35c14] [com.apple.dt.xctest:Default] Snapshot attributes 5004, 5019, 5003, 5058, 2001, 2004, 2158, 5002, 5043
2026-09-30 23:45:26.530 Df sharingd[86776:c735ea] [com.apple.xpc:connection] [0x10ac54c80] Re-initialization successful; calling out to event handler with XPC_ERROR_CONNECTION_INTERRUPTED
2026-09-30 23:45:26.530 Df rapportd[86788:c5b9a0] [com.apple.xpc:connection] [0x1056d4dc0] Re-initialization successful; calling out to event handler with XPC_ERROR_CONNECTION_INTERRUPTED
2026-09-30 23:45:26.530 Df apsd[86799:c74f60] [com.apple.xpc:connection] [0x10315ebc0] invalidated because the client process (pid 86991) either cancelled the connection or exited
2026-09-30 23:45:26.530 Df cfprefsd[86798:c73d15] [com.apple.xpc:connection] [0x105665b80] invalidated because the client process (pid 86991) either cancelled the connection or exited
2026-09-30 23:45:26.530 Df cloudd[86810:c75669] [com.apple.xpc:connection] [0x103edc640] invalidated because the client process (pid 86991) either cancelled the connection or exited
2026-09-30 23:45:26.530 Df apsd[86799:c3358f] peer(86991) received XPC_ERROR_CONNECTION_INVALID
2026-09-30 23:45:26.530 Df apsd[86799:c3358f] [com.apple.apsd:connectionServer] Replacing xpc conn <xpc object> with (null) for <APSConnectionServer: 0x1031f0a80; development/com.apple.findmy.push.com.apple.findmy.container/findmylocated 0> (com.apple.findmy.push.com.apple.findmy.container)
2026-09-30 23:45:26.530 Df distnoted[86782:c73611] [com.apple.xpc:connection] [0x1030c3840] invalidated because the client process (pid 86991) either cancelled the connection or exited
2026-09-30 23:45:26.530 F  apsd[86799:c3358f] [com.apple.apsd:connectionServer] Unexpected replacement of connection in <APSConnectionServer: 0x1031f0a80; development/com.apple.findmy.push.com.apple.findmy.container/findmylocated 0>
2026-09-30 23:45:26.530 A  apsd[86799:c3358f] (libsystem_trace.dylib) Activity for state dumps
2026-09-30 23:45:26.530 F  apsd[86799:c3358f] [com.apple.apsd:connectionServer] Unexpected nilling of connection via setter in <APSConnectionServer: 0x1031f0a80; development/com.apple.findmy.push.com.apple.findmy.container/findmylocated 0>
2026-09-30 23:45:26.530 A  apsd[86799:c3358f] (libsystem_trace.dylib) Activity for state dumps
2026-09-30 23:45:26.530 Df locationd[86778:c7453e] [com.apple.xpc:connection] [0x1090a75c0] invalidated because the client process (pid 86991) either cancelled the connection or exited
2026-09-30 23:45:26.530 Df locationd[86778:c72c9a] [com.apple.xpc:connection] [0x1090a6940] invalidated because the client process (pid 86991) either cancelled the connection or exited
2026-09-30 23:45:26.530 Df securityd[86804:c75028] [com.apple.xpc:connection] [0x1039826c0] invalidated because the client process (pid 86991) either cancelled the connection or exited
2026-09-30 23:45:26.530 Df locationd[86778:c7453e] [com.apple.LocationSupport:Connection] #Warning Location connection invalid!
2026-09-30 23:45:26.530 Df remindd[86786:c3d5fc] [com.apple.xpc:connection] [0x106f952c0] Re-initialization successful; calling out to event handler with XPC_ERROR_CONNECTION_INTERRUPTED
2026-09-30 23:45:26.530 A  locationd[86778:c7453e] (LocationSupport) CL: CLConnection::handleDisconnection
2026-09-30 23:45:26.530 Df locationd[86778:c7453e] [com.apple.LocationSupport:Connection] {"msg":"CLConnection::handleDisconnection", "event":activity}
2026-09-30 23:45:26.530 Df locationd[86778:c7453e] [com.apple.locationd.Core:Core] Client p/System/Library/PrivateFrameworks/FMF.framework: disconnected
2026-09-30 23:45:26.531 Df testmanagerd[88342:c35c14] [com.apple.dt.xctest:Default] Got snapshot for <AXUIElementRef 0x108494f00> {pid=42128} {uid=[ID:9999 hash:0x13473497d54031bc]}
2026-09-30 23:45:26.531 Df testmanagerd[88342:c35c14] [com.apple.dt.xctest:Default] Got app orientation 0
2026-09-30 23:45:26.531 Df testmanagerd[88342:c35c14] [com.apple.dt.xctest:Default] Captured accessibility snapshot data in 0.00s
2026-09-30 23:45:26.531 Df testmanagerd[88342:c7494b] [com.apple.dt.xctest:Default] Checking '' for privileged AX value slot attributes
2026-09-30 23:45:26.531 Df testmanagerd[88342:c7494b] [com.apple.dt.xctest:Default] Checking '' for privileged AX value slot attributes
2026-09-30 23:45:26.531 Df testmanagerd[88342:c7494b] [com.apple.dt.xctest:Default] Checking 'Text insert spike' for privileged AX value slot attributes
2026-09-30 23:45:26.531 Df testmanagerd[88342:c7494b] [com.apple.dt.xctest:Default] Checking '' for privileged AX value slot attributes
2026-09-30 23:45:26.531 Df testmanagerd[88342:c7494b] [com.apple.dt.xctest:Default] Checking 'form' for privileged AX value slot attributes
2026-09-30 23:45:26.531 Df testmanagerd[88342:c7494b] [com.apple.dt.xctest:Default] Checking '' for privileged AX value slot attributes
2026-09-30 23:45:26.531 Df testmanagerd[88342:c7494b] [com.apple.dt.xctest:Default] Checking '' for privileged AX value slot attributes
2026-09-30 23:45:26.531 Df testmanagerd[88342:c7494b] [com.apple.dt.xctest:Default] Checking '' for privileged AX value slot attributes
2026-09-30 23:45:26.531 Df testmanagerd[88342:c7494b] [com.apple.dt.xctest:Default] Checking 'Email' for privileged AX value slot attributes
2026-09-30 23:45:26.531 Df testmanagerd[88342:c7494b] [com.apple.dt.xctest:Default] Checking 'Email' for privileged AX value slot attributes
2026-09-30 23:45:26.531 Df testmanagerd[88342:c7494b] [com.apple.dt.xctest:Default] Checking '' for privileged AX value slot attributes
2026-09-30 23:45:26.531 Df testmanagerd[88342:c7494b] [com.apple.dt.xctest:Default] Preferring automation type 1 instead of legacy element type OTHER derived from class/trait: WebAccessibilityObjectWrapper:NSObject 146029281280
2026-09-30 23:45:26.532 E  testmanagerd[88342:c7494b] [com.apple.dt.xctest:Default] Uncaptured runtime issue reported: Automation type mismatch: computed TextField from legacy attributes vs Other from modern attribute.
2026-09-30 23:45:26.532 E  testmanagerd[88342:c7494b] [com.apple.dt.xctest:Default] Automation type mismatch; legacy system derived element type 49 from class WebAccessibilityObjectWrapper:NSObject, traits 146029281280, but AXAutomationType returned 0 which maps to 1
2026-09-30 23:45:26.532 Df testmanagerd[88342:c7494b] [com.apple.dt.xctest:Default] Checking 'form' for privileged AX value slot attributes
2026-09-30 23:45:26.532 Df testmanagerd[88342:c7494b] [com.apple.dt.xctest:Default] Checking '' for privileged AX value slot attributes
2026-09-30 23:45:26.532 Df testmanagerd[88342:c7494b] [com.apple.dt.xctest:Default] Checking '' for privileged AX value slot attributes
2026-09-30 23:45:26.532 Df testmanagerd[88342:c7494b] [com.apple.dt.xctest:Default] Checking '' for privileged AX value slot attributes
2026-09-30 23:45:26.532 Df testmanagerd[88342:c7494b] [com.apple.dt.xctest:Default] Checking 'Your e-mail' for privileged AX value slot attributes
2026-09-30 23:45:26.532 Df testmanagerd[88342:c7494b] [com.apple.dt.xctest:Default] Checking 'Your e-mail' for privileged AX value slot attributes
2026-09-30 23:45:26.532 Df testmanagerd[88342:c7494b] [com.apple.dt.xctest:Default] Checking '' for privileged AX value slot attributes
2026-09-30 23:45:26.532 Df testmanagerd[88342:c7494b] [com.apple.dt.xctest:Default] Preferring automation type 1 instead of legacy element type OTHER derived from class/trait: WebAccessibilityObjectWrapper:NSObject 146031378432
2026-09-30 23:45:26.532 E  testmanagerd[88342:c7494b] [com.apple.dt.xctest:Default] Uncaptured runtime issue reported: Automation type mismatch: computed TextField from legacy attributes vs Other from modern attribute.
2026-09-30 23:45:26.532 E  testmanagerd[88342:c7494b] [com.apple.dt.xctest:Default] Automation type mismatch; legacy system derived element type 49 from class WebAccessibilityObjectWrapper:NSObject, traits 146031378432, but AXAutomationType returned 0 which maps to 1
2026-09-30 23:45:26.532 Df testmanagerd[88342:c7494b] [com.apple.dt.xctest:Default] Checking 'form' for privileged AX value slot attributes
2026-09-30 23:45:26.532 Df testmanagerd[88342:c7494b] [com.apple.dt.xctest:Default] Checking '' for privileged AX value slot attributes
2026-09-30 23:45:26.532 Df testmanagerd[88342:c7494b] [com.apple.dt.xctest:Default] Checking '' for privileged AX value slot attributes
2026-09-30 23:45:26.532 Df testmanagerd[88342:c7494b] [com.apple.dt.xctest:Default] Checking '' for privileged AX value slot attributes
2026-09-30 23:45:26.532 Df testmanagerd[88342:c7494b] [com.apple.dt.xctest:Default] Checking 'Phone' for privileged AX value slot attributes
2026-09-30 23:45:26.532 Df testmanagerd[88342:c7494b] [com.apple.dt.xctest:Default] Checking 'Phone' for privileged AX value slot attributes
2026-09-30 23:45:26.532 Df testmanagerd[88342:c7494b] [com.apple.dt.xctest:Default] Checking '' for privileged AX value slot attributes
2026-09-30 23:45:26.532 Df testmanagerd[88342:c7494b] [com.apple.dt.xctest:Default] Preferring automation type 1 instead of legacy element type OTHER derived from class/trait: WebAccessibilityObjectWrapper:NSObject 146029281280
2026-09-30 23:45:26.532 E  testmanagerd[88342:c7494b] [com.apple.dt.xctest:Default] Uncaptured runtime issue reported: Automation type mismatch: computed TextField from legacy attributes vs Other from modern attribute.
2026-09-30 23:45:26.532 E  testmanagerd[88342:c7494b] [com.apple.dt.xctest:Default] Automation type mismatch; legacy system derived element type 49 from class WebAccessibilityObjectWrapper:NSObject, traits 146029281280, but AXAutomationType returned 0 which maps to 1
2026-09-30 23:45:26.532 Df testmanagerd[88342:c7494b] [com.apple.dt.xctest:Default] Checking '' for privileged AX value slot attributes
2026-09-30 23:45:26.532 Df testmanagerd[88342:c7494b] [com.apple.dt.xctest:Default] Checking '' for privileged AX value slot attributes
2026-09-30 23:45:26.532 Df testmanagerd[88342:c7494b] [com.apple.dt.xctest:Default] Checking 'usr_contact focus  v=
usr_contact blur  v=' for privileged AX value slot attributes
2026-09-30 23:45:26.532 Df locationd[86778:c7453e] [com.apple.locationd.Core:Core] {"msg":"updating ClientServiceSessionInfo cache", "Client":p/System/Library/PrivateFrameworks/FMF.framework:, "anchor":/System/Library/PrivateFrameworks/FMF.framework, "adjustRefCountForWhenInUseServiceSession":0, "adjustRefCountForAlwaysServiceSession":1, "adjustRefCountForLearnedRoutesServiceSession":0, "adjustRefCountForVisitHistoryServiceSession":0, "adjustRefCountForOldSDKLinking":0, "coming":0}
2026-09-30 23:45:26.533 Df testmanagerd[88342:c7494b] [com.apple.dt.xctest:Default] XCTPerformOnMainRunLoop[not MT]: about to CFRunLoopPerform
2026-09-30 23:45:26.533 Df testmanagerd[88342:c7494b] [com.apple.dt.xctest:Default] XCTPerformOnMainRunLoop[not MT]: waiting with 30.00s responsiveness timeout
2026-09-30 23:45:26.533 Df testmanagerd[88342:c35c14] [com.apple.dt.xctest:Default] XCTPerformOnMainRunLoop[MT]: inside CFRunLoopPerform
2026-09-30 23:45:26.533 Df testmanagerd[88342:c7494b] [com.apple.dt.xctest:Default] XCTPerformOnMainRunLoop[not MT]: waiting 60.00s for work to complete
2026-09-30 23:45:26.533 Df testmanagerd[88342:c35c14] [com.apple.dt.xctest:Default] XCTPerformOnMainRunLoop[MT]: MT responded in time (won the race to the busy flag)
2026-09-30 23:45:26.534 Df testmanagerd[88342:c35c14] [com.apple.dt.xctest:Default] Got main window <AXUIElementRef 0x104788bd0> {pid=24111} {uid=[ID:58 hash:0x106596400]}
2026-09-30 23:45:26.534 Df testmanagerd[88342:c35c14] [com.apple.dt.xctest:Default] Capturing hierarchy with attributes XC_kAXXCAttributeElementBaseType, XC_kAXXCAttributeIdentifier, XC_kAXXCAttributeElementType, XC_kAXXCAttributeAutomationType, XC_kAXXCAttributeLabel, XC_kAXXCAttributeTraits, XC_kAXXCAttributeTruncatedValue, XC_kAXXCAttributeParent, XC_kAXXCAttributePlaceholderValue
2026-09-30 23:45:26.534 Df testmanagerd[88342:c35c14] [com.apple.dt.xctest:Default] Capturing hierarchy with parameters {
    attributes =     (
        5004,
        5019,
        5003,
        5058,
        2001,
        2004,
        2158,
        5002,
        5043
    );
    maxArrayCount = 2147483647;
    maxChildren = 2147483647;
    maxDepth = 2147483647;
    snapshotKeyHonorModalViews = 0;
    traverseFromParentsToChildren = 1;
}
2026-09-30 23:45:26.534 Df testmanagerd[88342:c35c14] [com.apple.dt.xctest:Default] Snapshot attributes 5004, 5019, 5003, 5058, 2001, 2004, 2158, 5002, 5043
2026-09-30 23:45:26.534 Df launchd_sim[86751:c75b27] [user/502/com.apple.findmy.findmylocated [86991]:] exited with exit reason (namespace: 1 code: 0x9) - JETSAM_REASON_MEMORY_IDLE_EXIT, ran for 1970220ms
2026-09-30 23:45:26.534 Df launchd_sim[86751:c75b27] [user/502/com.apple.findmy.findmylocated [86991]:] service state: exited
2026-09-30 23:45:26.534 Df launchd_sim[86751:c75b27] [user/502/com.apple.findmy.findmylocated [86991]:] internal event: EXITED, code = 0
2026-09-30 23:45:26.534 Df launchd_sim[86751:c75b27] [user/502/com.apple.findmy.findmylocated [86991]:] job state = exited
2026-09-30 23:45:26.534 Df launchd_sim[86751:c75b27] [user/502:] service inactive: com.apple.findmy.findmylocated
2026-09-30 23:45:26.534 Df launchd_sim[86751:c75b27] [user/502/com.apple.findmy.findmylocated [86991]:] service state: not running
2026-09-30 23:45:26.534 Df launchd_sim[86751:c75b27] [pid/86991 [findmylocated]:] shutting down
2026-09-30 23:45:26.534 Df launchd_sim[86751:c75b27] [pid/86991 [findmylocated]:] cleaning up
2026-09-30 23:45:26.534 Df launchd_sim[86751:c75b27] [system:] removing child: pid/86991
2026-09-30 23:45:26.534 Df runningboardd[86757:c74642] [com.apple.libxpc.OSLaunchdJob:all] 72D7FC41-52F0-4515-83D5-3284677954A8 monitor: got an update with info exited, exit reason namespace=1 code=9
2026-09-30 23:45:26.534 Df runningboardd[86757:c74642] [com.apple.runningboard:ttl] [osservice<com.apple.findmy.findmylocated>:86991] termination reported by launchd (1, 9, 9)
2026-09-30 23:45:26.534 Df runningboardd[86757:c74642] [com.apple.runningboard:process] Removing process: [osservice<com.apple.findmy.findmylocated>:86991]
2026-09-30 23:45:26.534 Df runningboardd[86757:c74642] [com.apple.runningboard:ttl] Existing process in RBProcessIndex is: (null)
2026-09-30 23:45:26.534 Df runningboardd[86757:c74642] [com.apple.runningboard:general] removeJobWithInstance called for identity without existing job [osservice<com.apple.findmy.findmylocated>:86991]
2026-09-30 23:45:26.534 Df runningboardd[86757:c74642] [com.apple.runningboard:process] Removing assertions for terminated process: [osservice<com.apple.findmy.findmylocated>:86991]
2026-09-30 23:45:26.534 A  runningboardd[86757:c74642] (RunningBoard) state update
2026-09-30 23:45:26.534 A  runningboardd[86757:c74642] (RunningBoard) state notification
2026-09-30 23:45:26.534 E  launchd_sim[86751:c75b16] invalid client reply port -1
2026-09-30 23:45:26.534 A  runningboardd[86757:c74647] (RunningBoard) timer
2026-09-30 23:45:26.534 A  SpringBoard[86754:c73659] (RunningBoardServices) observedProcessStatesDidChange
2026-09-30 23:45:26.534 Df SpringBoard[86754:c73659] [com.apple.runningboard:monitor] Received state update for 86991 (osservice<com.apple.findmy.findmylocated>, none-NotVisible
2026-09-30 23:45:26.535 A  runningboardd[86757:c74642] (RunningBoard) statesForPredicate
2026-09-30 23:45:26.535 Df testmanagerd[88342:c35c14] [com.apple.dt.xctest:Default] Got snapshot for <AXUIElementRef 0x1047890b0> {pid=24111} {uid=[ID:9999 hash:0xf76970f036744d38]}
2026-09-30 23:45:26.535 Df locationd[86778:c72c9a] [com.apple.locationd.Core:Client] {"msg":"#Spi, Connection invalidated for process", "process":86991}
2026-09-30 23:45:26.535 Df testmanagerd[88342:c35c14] [com.apple.dt.xctest:Default] Got app orientation 0
2026-09-30 23:45:26.535 Df testmanagerd[88342:c35c14] [com.apple.dt.xctest:Default] Captured accessibility snapshot data in 0.00s
2026-09-30 23:45:26.535 Df testmanagerd[88342:c7494b] [com.apple.dt.xctest:Default] Capturing hierarchy for remote element RemotePlaceholder, pid: 42547, child of Other
2026-09-30 23:45:26.535 Df testmanagerd[88342:c7494b] [com.apple.dt.xctest:Default] Saved original AX timeout 60 and set temporary timeout 5
2026-09-30 23:45:26.535 Df testmanagerd[88342:c7494b] [com.apple.dt.xctest:Default] Snapshot attributes 5004, 5019, 5003, 5058, 2001, 2004, 2158, 5002, 5043
2026-09-30 23:45:26.535 Df testmanagerd[88342:c35c14] [com.apple.dt.xctest:Default] Handling kAXPidStatusChangedNotification from AX element pid: 86754, elementOrHash.elementID: 0.0 (0x104628280)
2026-09-30 23:45:26.535 Df testmanagerd[88342:c75994] [com.apple.dt.xctest:Default] Calling handler for AX notification kAXPidStatusChangedNotification from AX element pid: 86754, elementOrHash.elementID: 0.0 with payload {
    "display-type" = 0;
    pid = 86991;
    "suspended-status" = suspended;
}
2026-09-30 23:45:26.538 Df locationd[86778:c7453e] [com.apple.locationd.Core:Core] {"msg":"computing freshAuthorizationContext", "Client":p/System/Library/PrivateFrameworks/FMF.framework:, "BigSwitch":1, "InUseLevel":0}
2026-09-30 23:45:26.541 Df testmanagerd[88342:c7494b] [com.apple.dt.xctest:Default] Got snapshot for <AXUIElementRef 0x10478b990> {pid=42547} {uid=[ID:9999 hash:0x29ba6cb50f15d8d2]}
2026-09-30 23:45:26.541 Df testmanagerd[88342:c7494b] [com.apple.dt.xctest:Default] Restored original AX timeout 60
2026-09-30 23:45:26.541 Df testmanagerd[88342:c7494b] [com.apple.dt.xctest:Default] Checking 'Prefill values' for privileged AX value slot attributes
2026-09-30 23:45:26.541 Df testmanagerd[88342:c7494b] [com.apple.dt.xctest:Default] Preferring automation type 48 instead of legacy element type OTHER derived from class/trait: UILabel:UILabel 8590000128
2026-09-30 23:45:26.541 E  testmanagerd[88342:c7494b] [com.apple.dt.xctest:Default] Uncaptured runtime issue reported: Automation type mismatch: computed Other from legacy attributes vs StaticText from modern attribute.
2026-09-30 23:45:26.541 Df testmanagerd[88342:c7494b] [com.apple.dt.xctest:Default] CollectionView is not actually a child of Other, including at this point anyway (rdar://problem/20738636)
2026-09-30 23:45:26.541 Df testmanagerd[88342:c7494b] [com.apple.dt.xctest:Default] Preferring automation type 24 instead of legacy element type OTHER derived from class/trait: _UIFloatingBarContainerView:_UIFloatingBarContainerView 8589934592
2026-09-30 23:45:26.541 E  testmanagerd[88342:c7494b] [com.apple.dt.xctest:Default] Uncaptured runtime issue reported: Automation type mismatch: computed Other from legacy attributes vs Toolbar from modern attribute.
2026-09-30 23:45:26.541 Df testmanagerd[88342:c7494b] [com.apple.dt.xctest:Default] Other is not actually a child of Other, including at this point anyway (rdar://problem/20738636)
2026-09-30 23:45:26.543 Df testmanagerd[88342:c7494b] [com.apple.dt.xctest:Default] XCTPerformOnMainRunLoop[not MT]: about to CFRunLoopPerform
2026-09-30 23:45:26.543 Df testmanagerd[88342:c7494b] [com.apple.dt.xctest:Default] XCTPerformOnMainRunLoop[not MT]: waiting with 30.00s responsiveness timeout
2026-09-30 23:45:26.543 Df testmanagerd[88342:c35c14] [com.apple.dt.xctest:Default] XCTPerformOnMainRunLoop[MT]: inside CFRunLoopPerform
2026-09-30 23:45:26.543 Df testmanagerd[88342:c35c14] [com.apple.dt.xctest:Default] XCTPerformOnMainRunLoop[MT]: MT responded in time (won the race to the busy flag)
2026-09-30 23:45:26.543 Df testmanagerd[88342:c7494b] [com.apple.dt.xctest:Default] XCTPerformOnMainRunLoop[not MT]: waiting 60.00s for work to complete
2026-09-30 23:45:26.543 Df testmanagerd[88342:c35c14] [com.apple.dt.xctest:Default] Got main window <AXUIElementRef 0x104795710> {pid=24111} {uid=[ID:58 hash:0x106596400]}
2026-09-30 23:45:26.543 Df testmanagerd[88342:c35c14] [com.apple.dt.xctest:Default] Capturing hierarchy with attributes XC_kAXXCAttributeElementBaseType, XC_kAXXCAttributeIdentifier, XC_kAXXCAttributeElementType, XC_kAXXCAttributeAutomationType, XC_kAXXCAttributeLabel, XC_kAXXCAttributeTraits, XC_kAXXCAttributeTruncatedValue, XC_kAXXCAttributeParent, XC_kAXXCAttributePlaceholderValue
2026-09-30 23:45:26.543 Df testmanagerd[88342:c35c14] [com.apple.dt.xctest:Default] Capturing hierarchy with parameters {
    attributes =     (
        5004,
        5019,
        5003,
        5058,
        2001,
        2004,
        2158,
        5002,
        5043
    );
    maxArrayCount = 2147483647;
    maxChildren = 2147483647;
    maxDepth = 2147483647;
    snapshotKeyHonorModalViews = 0;
    traverseFromParentsToChildren = 1;
}
2026-09-30 23:45:26.543 Df testmanagerd[88342:c35c14] [com.apple.dt.xctest:Default] Snapshot attributes 5004, 5019, 5003, 5058, 2001, 2004, 2158, 5002, 5043
2026-09-30 23:45:26.543 Df testmanagerd[88342:c35c14] [com.apple.dt.xctest:Default] Got snapshot for <AXUIElementRef 0x104797c90> {pid=24111} {uid=[ID:9999 hash:0x41984df124b44d32]}
2026-09-30 23:45:26.543 Df testmanagerd[88342:c35c14] [com.apple.dt.xctest:Default] Got app orientation 0
2026-09-30 23:45:26.543 Df testmanagerd[88342:c35c14] [com.apple.dt.xctest:Default] Captured accessibility snapshot data in 0.00s
2026-09-30 23:45:26.545 Df testmanagerd[88342:c7494b] [com.apple.dt.xctest:Default] Fetching AX attributes XC_kAXXCAttributeFrame, XC_kAXXCAttributeWindowDisplayId, XC_kAXXCAttributeWindowContextId for AX element pid: 42547, elementOrHash.elementID: 4354635360.50
2026-09-30 23:45:26.545 Df testmanagerd[88342:c7494b] [com.apple.dt.xctest:Default] Got attributes, transferring to dictionary for return.
2026-09-30 23:45:26.545 Df testmanagerd[88342:c7494b] [com.apple.dt.xctest:Default] Fetching AX parameterized attribute 91505, parameter (
        {
        Height = 52;
        Width = 370;
        X = 16;
        Y = 122;
    },
    2860794208,
    1
) for Device system-wide element
2026-09-30 23:45:26.545 Df testmanagerd[88342:c7494b] [com.apple.dt.xctest:Default] Decoded {
    Height = 52;
    Width = 370;
    X = 16;
    Y = 122;
} to rect
2026-09-30 23:45:26.545 Df testmanagerd[88342:c7494b] [com.apple.dt.xctest:Default] Got AXElement for Device system-wide element: <AXUIElementRef 0x104797c90> {pid=0} {uid=[ID:1 hash:0x0]}
2026-09-30 23:45:26.545 Df testmanagerd[88342:c7494b] [com.apple.dt.xctest:Default] Value for parameterized attribute 91505: <AXValue 0x1047479c0> {value = x:16.000000 y:184.000000 w:370.000000 h:52.000000 type = kAXValueCGRectType}
2026-09-30 23:45:26.546 Df testmanagerd[88342:c7494b] [com.apple.dt.xctest:Default] Fetching AX attributes XC_kAXXCAttributeSystemAppApplication for Device system-wide element
2026-09-30 23:45:26.546 Df testmanagerd[88342:c7494b] [com.apple.dt.xctest:Default] Got attributes, transferring to dictionary for return.
2026-09-30 23:45:26.547 Df testmanagerd[88342:c7494b] [com.apple.dt.xctest:Default] Fetching AX attributes XC_kAXXCAttributeFocusedApplications for AX element pid: 86754, elementOrHash.elementID: 0.1
2026-09-30 23:45:26.547 Df SpringBoard[86754:c334f8] [preflight:SceneHostedPreflight] [Preflighter: TCCs] com.tarunyadgirkar.prefill.spike.textinsert.uitests.xctrunner requires preflight: false
2026-09-30 23:45:26.547 Df SpringBoard[86754:c334f8] [preflight:SceneHostedPreflight] [Preflighter: ScreenTime] com.tarunyadgirkar.prefill.spike.textinsert.uitests.xctrunner requires preflight: false
2026-09-30 23:45:26.547 Df SpringBoard[86754:c334f8] [preflight:PreflightSceneExtension] Updated activePreflightSource source: nil
2026-09-30 23:45:26.547 Df SpringBoard[86754:c334f8] [preflight:PreflightSceneExtension] sceneID:com.tarunyadgirkar.prefill.spike.textinsert.uitests.xctrunner-default: returning requiresPreflight FALSE as there's no activePreflightSource
2026-09-30 23:45:26.547 Df SpringBoard[86754:c334f8] [preflight:SceneHostedPreflight] [Preflighter: TCCs] com.apple.mobilesafari requires preflight: false
2026-09-30 23:45:26.547 Df SpringBoard[86754:c334f8] [preflight:SceneHostedPreflight] [Preflighter: ScreenTime] com.apple.mobilesafari requires preflight: false
2026-09-30 23:45:26.547 Df SpringBoard[86754:c334f8] [preflight:PreflightSceneExtension] Updated activePreflightSource source: nil
2026-09-30 23:45:26.547 Df SpringBoard[86754:c334f8] [preflight:PreflightSceneExtension] sceneID:com.apple.mobilesafari-71DD3C25-4702-4D1D-8EB9-7DEF87C13EE1: returning requiresPreflight FALSE as there's no activePreflightSource
2026-09-30 23:45:26.547 Df SpringBoard[86754:c334f8] [preflight:SceneHostedPreflight] [Preflighter: TCCs] com.apple.mobilecal requires preflight: false
2026-09-30 23:45:26.547 Df SpringBoard[86754:c334f8] [preflight:SceneHostedPreflight] [Preflighter: ScreenTime] com.apple.mobilecal requires preflight: false
2026-09-30 23:45:26.547 Df SpringBoard[86754:c334f8] [preflight:PreflightSceneExtension] Updated activePreflightSource source: nil
2026-09-30 23:45:26.547 Df SpringBoard[86754:c334f8] [preflight:PreflightSceneExtension] sceneID:com.apple.mobilecal-17D17AFB-1E01-4B6C-8631-6BD0B1AA83C5: returning requiresPreflight FALSE as there's no activePreflightSource
2026-09-30 23:45:26.547 Df SpringBoard[86754:c334f8] [preflight:SceneHostedPreflight] [Preflighter: TCCs] com.apple.SafariViewService requires preflight: false
2026-09-30 23:45:26.547 Df SpringBoard[86754:c334f8] [preflight:SceneHostedPreflight] [Preflighter: ScreenTime] com.apple.SafariViewService requires preflight: false
2026-09-30 23:45:26.547 Df SpringBoard[86754:c334f8] [preflight:PreflightSceneExtension] Updated activePreflightSource source: nil
2026-09-30 23:45:26.547 Df SpringBoard[86754:c334f8] [preflight:PreflightSceneExtension] sceneID:com.apple.SafariViewService-default: returning requiresPreflight FALSE as there's no activePreflightSource
2026-09-30 23:45:26.547 Df SpringBoard[86754:c334f8] [preflight:SceneHostedPreflight] [Preflighter: TCCs] com.apple.iMessageAppsViewService requires preflight: false
2026-09-30 23:45:26.548 Df SpringBoard[86754:c334f8] [preflight:SceneHostedPreflight] [Preflighter: ScreenTime] com.apple.iMessageAppsViewService requires preflight: false
2026-09-30 23:45:26.548 Df SpringBoard[86754:c334f8] [preflight:PreflightSceneExtension] Updated activePreflightSource source: nil
2026-09-30 23:45:26.548 Df SpringBoard[86754:c334f8] [preflight:PreflightSceneExtension] sceneID:com.apple.iMessageAppsViewService-default: returning requiresPreflight FALSE as there's no activePreflightSource
2026-09-30 23:45:26.548 Df SpringBoard[86754:c334f8] [preflight:SceneHostedPreflight] [Preflighter: TCCs] com.apple.Preferences requires preflight: false
2026-09-30 23:45:26.548 Df SpringBoard[86754:c334f8] [preflight:SceneHostedPreflight] [Preflighter: ScreenTime] com.apple.Preferences requires preflight: false
2026-09-30 23:45:26.548 Df SpringBoard[86754:c334f8] [preflight:PreflightSceneExtension] Updated activePreflightSource source: nil
2026-09-30 23:45:26.548 Df SpringBoard[86754:c334f8] [preflight:PreflightSceneExtension] sceneID:com.apple.Preferences-default: returning requiresPreflight FALSE as there's no activePreflightSource
2026-09-30 23:45:26.548 Df SpringBoard[86754:c334f8] [preflight:SceneHostedPreflight] [Preflighter: TCCs] com.apple.Spotlight requires preflight: false
2026-09-30 23:45:26.548 Df SpringBoard[86754:c334f8] [preflight:SceneHostedPreflight] [Preflighter: ScreenTime] com.apple.Spotlight requires preflight: false
2026-09-30 23:45:26.548 Df SpringBoard[86754:c334f8] [preflight:PreflightSceneExtension] Updated activePreflightSource source: nil
2026-09-30 23:45:26.548 Df SpringBoard[86754:c334f8] [preflight:PreflightSceneExtension] SPUISearchViewSceneIdentifier: returning requiresPreflight FALSE as there's no activePreflightSource
2026-09-30 23:45:26.548 Df SpringBoard[86754:c334f8] [preflight:PreflightSceneExtension] Updated activePreflightSource source: nil
2026-09-30 23:45:26.548 Df SpringBoard[86754:c334f8] [preflight:PreflightSceneExtension] com.apple.UIKit.remote-keyboard: returning requiresPreflight FALSE as there's no activePreflightSource
2026-09-30 23:45:26.548 Df testmanagerd[88342:c7494b] [com.apple.dt.xctest:Default] Got attributes, transferring to dictionary for return.
2026-09-30 23:45:26.549 Df MobileSafari[42063:c756c2] [com.apple.dt.xctest:Default] Received request to fetch matches for query: ↪︎ Descendants matching predicate identifier == "NotificationShortLookView" OR elementType == 7
2026-09-30 23:45:26.549 Df MobileSafari[42063:c756c2] [com.apple.dt.xctest:Default] Evaluating query:
 ↪︎ Descendants matching predicate identifier == "NotificationShortLookView" OR elementType == 7
2026-09-30 23:45:26.549 Df MobileSafari[42063:c756c2] [com.apple.dt.xctest:Default] Getting root element snapshot
2026-09-30 23:45:26.549 Df MobileSafari[42063:c756c2] [com.apple.dt.xctest:Default] Getting snapshot for App element pid: 42063 for query ↪︎ Descendants matching predicate identifier == "NotificationShortLookView" OR elementType == 7
2026-09-30 23:45:26.549 Df MobileSafari[42063:c756c2] [com.apple.dt.xctest:Default] Query requires iOS snapshot attributes XC_kAXXCAttributeElementType, XC_kAXXCAttributeElementBaseType, XC_kAXXCAttributeIdentifier, XC_kAXXCAttributeAutomationType, XC_kAXXCAttributeTraits.
2026-09-30 23:45:26.549 Df MobileSafari[42063:c756c2] [com.apple.dt.xctest:Default] XCTPerformOnMainRunLoop[not MT]: about to CFRunLoopPerform
2026-09-30 23:45:26.549 Df MobileSafari[42063:c756c2] [com.apple.dt.xctest:Default] XCTPerformOnMainRunLoop[not MT]: waiting with 30.00s responsiveness timeout
2026-09-30 23:45:26.549 Df MobileSafari[42063:c75080] [com.apple.dt.xctest:Default] XCTPerformOnMainRunLoop[MT]: inside CFRunLoopPerform
2026-09-30 23:45:26.549 Df MobileSafari[42063:c75080] [com.apple.dt.xctest:Default] XCTPerformOnMainRunLoop[MT]: MT responded in time (won the race to the busy flag)
2026-09-30 23:45:26.549 Df MobileSafari[42063:c756c2] [com.apple.dt.xctest:Default] XCTPerformOnMainRunLoop[not MT]: waiting 60.00s for work to complete
2026-09-30 23:45:26.550 Df MobileSafari[42063:c75080] [com.apple.dt.xctest:Default] Got main window <AXUIElementRef 0x173a77b40> {pid=42063} {uid=[ID:5 hash:0x13c615800]}
2026-09-30 23:45:26.550 Df MobileSafari[42063:c75080] [com.apple.dt.xctest:Default] Capturing hierarchy with attributes XC_kAXXCAttributeElementType, XC_kAXXCAttributeElementBaseType, XC_kAXXCAttributeParent, XC_kAXXCAttributeIdentifier, XC_kAXXCAttributeAutomationType, XC_kAXXCAttributeTraits
2026-09-30 23:45:26.550 Df MobileSafari[42063:c75080] [com.apple.dt.xctest:Default] Capturing hierarchy with parameters {
    attributes =     (
        5003,
        5004,
        5002,
        5019,
        5058,
        2004
    );
    maxArrayCount = 2147483647;
    maxChildren = 2147483647;
    maxDepth = 2147483647;
    snapshotKeyHonorModalViews = 0;
    traverseFromParentsToChildren = 1;
}
2026-09-30 23:45:26.550 Df MobileSafari[42063:c75080] [com.apple.dt.xctest:Default] Snapshot attributes 5003, 5004, 5002, 5019, 5058, 2004
2026-09-30 23:45:26.554 Df MobileSafari[42063:c75080] [com.apple.dt.xctest:Default] Got snapshot for <AXUIElementRef 0x173a74870> {pid=42063} {uid=[ID:1 hash:0x0]}
2026-09-30 23:45:26.554 Df MobileSafari[42063:c75080] [com.apple.dt.xctest:Default] Got app orientation 0
2026-09-30 23:45:26.554 Df MobileSafari[42063:c75080] [com.apple.dt.xctest:Default] Captured accessibility snapshot data in 0.01s
2026-09-30 23:45:26.554 Df MobileSafari[42063:c756c2] [com.apple.dt.xctest:Default] Found main window: Window
2026-09-30 23:45:26.554 Df MobileSafari[42063:c756c2] [com.apple.dt.xctest:Default] Preferring automation type 58 instead of legacy element type OTHER derived from class/trait: _SFWebView:UIView 146028888064
2026-09-30 23:45:26.554 Df MobileSafari[42063:c756c2] [com.apple.dt.xctest:Default] Preferring automation type 58 instead of legacy element type OTHER derived from class/trait: WKContentView:UIView 146028888064
2026-09-30 23:45:26.554 Df MobileSafari[42063:c756c2] [com.apple.dt.xctest:Default] Using placeholder for remote element RemotePlaceholder, pid: 42128, child of WebView because AX remote access is disabled
2026-09-30 23:45:26.555 Df MobileSafari[42063:c756c2] [com.apple.dt.xctest:Default] Preferring automation type 1 instead of legacy element type OTHER derived from class/trait: SFUnifiedTabBarItemTitleContainerView:UIView 8590196736
2026-09-30 23:45:26.555 E  MobileSafari[42063:c756c2] [com.apple.dt.xctest:Default] Automation type mismatch; legacy system derived element type 49 from class SFUnifiedTabBarItemTitleContainerView:UIView, traits 8590196736, but AXAutomationType returned 0 which maps to 1
2026-09-30 23:45:26.555 Df MobileSafari[42063:c756c2] [com.apple.dt.xctest:Default] Using placeholder for remote element RemotePlaceholder, pid: 24111, child of Other because AX remote access is disabled
2026-09-30 23:45:26.555 Df MobileSafari[42063:c756c2] [com.apple.dt.xctest:Default] Using placeholder for remote element RemotePlaceholder, pid: 24111, child of Other because AX remote access is disabled
2026-09-30 23:45:26.555 Df MobileSafari[42063:c756c2] [com.apple.dt.xctest:Default] App orientation is 0 (not portrait) and UITextEffectsWindow window Window is not main window
2026-09-30 23:45:26.555 Df MobileSafari[42063:c756c2] [com.apple.dt.xctest:Default] Leaving frame unchanged for Window: either already correct or we can't detect it.
2026-09-30 23:45:26.555 Df MobileSafari[42063:c756c2] [com.apple.dt.xctest:Default] XCTPerformOnMainRunLoop[not MT]: about to CFRunLoopPerform
2026-09-30 23:45:26.555 Df MobileSafari[42063:c756c2] [com.apple.dt.xctest:Default] XCTPerformOnMainRunLoop[not MT]: waiting with 30.00s responsiveness timeout
2026-09-30 23:45:26.555 Df MobileSafari[42063:c75080] [com.apple.dt.xctest:Default] XCTPerformOnMainRunLoop[MT]: inside CFRunLoopPerform
2026-09-30 23:45:26.555 Df MobileSafari[42063:c75080] [com.apple.dt.xctest:Default] XCTPerformOnMainRunLoop[MT]: MT responded in time (won the race to the busy flag)
2026-09-30 23:45:26.555 Df MobileSafari[42063:c756c2] [com.apple.dt.xctest:Default] XCTPerformOnMainRunLoop[not MT]: waiting 60.00s for work to complete
2026-09-30 23:45:26.555 Df MobileSafari[42063:c75080] [com.apple.dt.xctest:Default] XCTElementQuery: set data source for rootElementSnapshot to <XCTAutomationSession: 0x10753fd40>
2026-09-30 23:45:26.555 Df MobileSafari[42063:c756c2] [com.apple.dt.xctest:Default] Finding all matches with input Application, pid: 42063 using transformers 
↪︎ Descendants matching predicate identifier == "NotificationShortLookView" OR elementType == 7
2026-09-30 23:45:26.555 Df MobileSafari[42063:c756c2] [com.apple.dt.xctest:Default] [Match All] applied transformer `Descendants matching predicate identifier == "NotificationShortLookView" OR elementType == 7` to input {(
    Application, pid: 42063
)}, found {(
)}
2026-09-30 23:45:26.555 Df MobileSafari[42063:c756c2] [com.apple.dt.xctest:Default] [Match All] setting out related elements in early return {(
)}
2026-09-30 23:45:26.555 Df MobileSafari[42063:c756c2] [com.apple.dt.xctest:Default] Current tree:
Application, 0x16e0ac780, pid: 42063 <App element pid: 42063>
  Window (Main), 0x16e0ae800 <AX element pid: 42063, elementOrHash.elementID: 5307979776.5>
    Other, 0x16e0aea80 <AX element pid: 42063, elementOrHash.elementID: 4459691520.7>
      Other, 0x16e0adb80 <AX element pid: 42063, elementOrHash.elementID: 4459799936.9>
        Other, 0x16e0acdc0, identifier: 'SafariWindow?View=Narrow&BarsKeptMinimized=false&UUID=E099565E-1415-4A1E-BC66-9B28868CD65D&UsingLoweredBar=true&IsSecure=false&IsTabBarAvailable=false' <AX element pid: 42063, elementOrHash.elementID: 5309089088.11>
          Other, 0x16e0acb40 <AX element pid: 42063, elementOrHash.elementID: 5309089536.12>
            Other, 0x16e0acf00 <AX element pid: 42063, elementOrHash.elementID: 5309089984.14>
              Other, 0x16e0ade00 <AX element pid: 42063, elementOrHash.elementID: 4459688448.16>
                Other, 0x16e0ac640 <AX element pid: 42063, elementOrHash.elementID: 5309119360.23>
                Other, 0x16e0ac280 <AX element<…>
2026-09-30 23:45:26.555 Df MobileSafari[42063:c756c2] [com.apple.dt.xctest:Default] Query ↪︎ Descendants matching predicate identifier == "NotificationShortLookView" OR elementType == 7 found matching snapshots: {(
)} (error: (null))
2026-09-30 23:45:26.555 Df MobileSafari[42063:c756c2] [com.apple.dt.xctest:Default] Found remote element in snapshot tree: RemotePlaceholder, pid: 42128
2026-09-30 23:45:26.555 Df MobileSafari[42063:c756c2] [com.apple.dt.xctest:Default] Found remote element in snapshot tree: RemotePlaceholder, pid: 24111
2026-09-30 23:45:26.556 Df MobileSafari[42063:c756c2] [com.apple.dt.xctest:Default] Found remote element in snapshot tree: RemotePlaceholder, pid: 24111
2026-09-30 23:45:26.556 Df MobileSafari[42063:c756c2] [com.apple.dt.xctest:Default] Replying to query ↪︎ Descendants matching predicate identifier == "NotificationShortLookView" OR elementType == 7 with results: <XCTElementQueryResults: 0x13ff96c70> (error: (null))
2026-09-30 23:45:26.557 Df testmanagerd[88342:c7494b] [com.apple.dt.xctest:Default] XCTPerformOnMainRunLoop[not MT]: about to CFRunLoopPerform
2026-09-30 23:45:26.557 Df testmanagerd[88342:c7494b] [com.apple.dt.xctest:Default] XCTPerformOnMainRunLoop[not MT]: waiting with 30.00s responsiveness timeout
2026-09-30 23:45:26.557 Df testmanagerd[88342:c35c14] [com.apple.dt.xctest:Default] XCTPerformOnMainRunLoop[MT]: inside CFRunLoopPerform
2026-09-30 23:45:26.557 Df testmanagerd[88342:c35c14] [com.apple.dt.xctest:Default] XCTPerformOnMainRunLoop[MT]: MT responded in time (won the race to the busy flag)
2026-09-30 23:45:26.557 Df testmanagerd[88342:c7494b] [com.apple.dt.xctest:Default] XCTPerformOnMainRunLoop[not MT]: waiting 60.00s for work to complete
2026-09-30 23:45:26.557 E  testmanagerd[88342:c35c14] [com.apple.dt.xctest:Default] Error kAXErrorNoValue getting main window for element <AXUIElementRef 0x104796820> {pid=42128} {uid=[ID:9999 hash:0x13473497d54031bc]}, not raising, just returning nil.
2026-09-30 23:45:26.557 Df testmanagerd[88342:c35c14] [com.apple.dt.xctest:Default] Continuing with snapshot despite main window not being found
2026-09-30 23:45:26.557 Df testmanagerd[88342:c35c14] [com.apple.dt.xctest:Default] Capturing hierarchy with attributes XC_kAXXCAttributeElementType, XC_kAXXCAttributeElementBaseType, XC_kAXXCAttributeParent, XC_kAXXCAttributeIdentifier, XC_kAXXCAttributeAutomationType, XC_kAXXCAttributeTraits
2026-09-30 23:45:26.557 Df testmanagerd[88342:c35c14] [com.apple.dt.xctest:Default] Capturing hierarchy with parameters {
    attributes =     (
        5003,
        5004,
        5002,
        5019,
        5058,
        2004
    );
    maxArrayCount = 2147483647;
    maxChildren = 2147483647;
    maxDepth = 2147483647;
    snapshotKeyHonorModalViews = 0;
    traverseFromParentsToChildren = 1;
}
2026-09-30 23:45:26.557 Df testmanagerd[88342:c35c14] [com.apple.dt.xctest:Default] Snapshot attributes 5003, 5004, 5002, 5019, 5058, 2004
2026-09-30 23:45:26.558 Df testmanagerd[88342:c35c14] [com.apple.dt.xctest:Default] Got snapshot for <AXUIElementRef 0x104796820> {pid=42128} {uid=[ID:9999 hash:0x13473497d54031bc]}
2026-09-30 23:45:26.558 Df testmanagerd[88342:c35c14] [com.apple.dt.xctest:Default] Got app orientation 0
2026-09-30 23:45:26.558 Df testmanagerd[88342:c35c14] [com.apple.dt.xctest:Default] Captured accessibility snapshot data in 0.00s
2026-09-30 23:45:26.558 Df testmanagerd[88342:c7494b] [com.apple.dt.xctest:Default] Preferring automation type 1 instead of legacy element type OTHER derived from class/trait: WebAccessibilityObjectWrapper:NSObject 146029281280
2026-09-30 23:45:26.558 E  testmanagerd[88342:c7494b] [com.apple.dt.xctest:Default] Uncaptured runtime issue reported: Automation type mismatch: computed TextField from legacy attributes vs Other from modern attribute.
2026-09-30 23:45:26.558 E  testmanagerd[88342:c7494b] [com.apple.dt.xctest:Default] Automation type mismatch; legacy system derived element type 49 from class WebAccessibilityObjectWrapper:NSObject, traits 146029281280, but AXAutomationType returned 0 which maps to 1
2026-09-30 23:45:26.558 Df testmanagerd[88342:c7494b] [com.apple.dt.xctest:Default] Preferring automation type 1 instead of legacy element type OTHER derived from class/trait: WebAccessibilityObjectWrapper:NSObject 146031378432
2026-09-30 23:45:26.558 E  testmanagerd[88342:c7494b] [com.apple.dt.xctest:Default] Uncaptured runtime issue reported: Automation type mismatch: computed TextField from legacy attributes vs Other from modern attribute.
2026-09-30 23:45:26.558 E  testmanagerd[88342:c7494b] [com.apple.dt.xctest:Default] Automation type mismatch; legacy system derived element type 49 from class WebAccessibilityObjectWrapper:NSObject, traits 146031378432, but AXAutomationType returned 0 which maps to 1
2026-09-30 23:45:26.558 Df testmanagerd[88342:c7494b] [com.apple.dt.xctest:Default] Preferring automation type 1 instead of legacy element type OTHER derived from class/trait: WebAccessibilityObjectWrapper:NSObject 146029281280
2026-09-30 23:45:26.558 E  testmanagerd[88342:c7494b] [com.apple.dt.xctest:Default] Uncaptured runtime issue reported: Automation type mismatch: computed TextField from legacy attributes vs Other from modern attribute.
2026-09-30 23:45:26.558 E  testmanagerd[88342:c7494b] [com.apple.dt.xctest:Default] Automation type mismatch; legacy system derived element type 49 from class WebAccessibilityObjectWrapper:NSObject, traits 146029281280, but AXAutomationType returned 0 which maps to 1
2026-09-30 23:45:26.559 Df testmanagerd[88342:c7494b] [com.apple.dt.xctest:Default] XCTPerformOnMainRunLoop[not MT]: about to CFRunLoopPerform
2026-09-30 23:45:26.559 Df testmanagerd[88342:c7494b] [com.apple.dt.xctest:Default] XCTPerformOnMainRunLoop[not MT]: waiting with 30.00s responsiveness timeout
2026-09-30 23:45:26.559 Df testmanagerd[88342:c35c14] [com.apple.dt.xctest:Default] XCTPerformOnMainRunLoop[MT]: inside CFRunLoopPerform
2026-09-30 23:45:26.559 Df testmanagerd[88342:c35c14] [com.apple.dt.xctest:Default] XCTPerformOnMainRunLoop[MT]: MT responded in time (won the race to the busy flag)
2026-09-30 23:45:26.559 Df testmanagerd[88342:c7494b] [com.apple.dt.xctest:Default] XCTPerformOnMainRunLoop[not MT]: waiting 60.00s for work to complete
2026-09-30 23:45:26.559 Df testmanagerd[88342:c35c14] [com.apple.dt.xctest:Default] Got main window <AXUIElementRef 0x1047965e0> {pid=24111} {uid=[ID:58 hash:0x106596400]}
2026-09-30 23:45:26.559 Df testmanagerd[88342:c35c14] [com.apple.dt.xctest:Default] Capturing hierarchy with attributes XC_kAXXCAttributeElementType, XC_kAXXCAttributeElementBaseType, XC_kAXXCAttributeParent, XC_kAXXCAttributeIdentifier, XC_kAXXCAttributeAutomationType, XC_kAXXCAttributeTraits
2026-09-30 23:45:26.559 Df testmanagerd[88342:c35c14] [com.apple.dt.xctest:Default] Capturing hierarchy with parameters {
    attributes =     (
        5003,
        5004,
        5002,
        5019,
        5058,
        2004
    );
    maxArrayCount = 2147483647;
    maxChildren = 2147483647;
    maxDepth = 2147483647;
    snapshotKeyHonorModalViews = 0;
    traverseFromParentsToChildren = 1;
}
2026-09-30 23:45:26.559 Df testmanagerd[88342:c35c14] [com.apple.dt.xctest:Default] Snapshot attributes 5003, 5004, 5002, 5019, 5058, 2004
2026-09-30 23:45:26.560 Df testmanagerd[88342:c35c14] [com.apple.dt.xctest:Default] Got snapshot for <AXUIElementRef 0x104796820> {pid=24111} {uid=[ID:9999 hash:0xf76970f036744d38]}
2026-09-30 23:45:26.560 Df testmanagerd[88342:c35c14] [com.apple.dt.xctest:Default] Got app orientation 0
2026-09-30 23:45:26.560 Df testmanagerd[88342:c35c14] [com.apple.dt.xctest:Default] Captured accessibility snapshot data in 0.00s
2026-09-30 23:45:26.560 Df testmanagerd[88342:c7494b] [com.apple.dt.xctest:Default] Capturing hierarchy for remote element RemotePlaceholder, pid: 42547, child of Other
2026-09-30 23:45:26.560 Df testmanagerd[88342:c7494b] [com.apple.dt.xctest:Default] Saved original AX timeout 60 and set temporary timeout 5
2026-09-30 23:45:26.560 Df testmanagerd[88342:c7494b] [com.apple.dt.xctest:Default] Snapshot attributes 5003, 5004, 5002, 5019, 5058, 2004
2026-09-30 23:45:26.565 Df testmanagerd[88342:c7494b] [com.apple.dt.xctest:Default] Got snapshot for <AXUIElementRef 0x104797120> {pid=42547} {uid=[ID:9999 hash:0x29ba6cb50f15d8d2]}
2026-09-30 23:45:26.565 Df testmanagerd[88342:c7494b] [com.apple.dt.xctest:Default] Restored original AX timeout 60
2026-09-30 23:45:26.565 Df testmanagerd[88342:c7494b] [com.apple.dt.xctest:Default] Preferring automation type 48 instead of legacy element type OTHER derived from class/trait: UILabel:UILabel 8590000128
2026-09-30 23:45:26.565 E  testmanagerd[88342:c7494b] [com.apple.dt.xctest:Default] Uncaptured runtime issue reported: Automation type mismatch: computed Other from legacy attributes vs StaticText from modern attribute.
2026-09-30 23:45:26.565 Df testmanagerd[88342:c7494b] [com.apple.dt.xctest:Default] CollectionView is not actually a child of Other, including at this point anyway (rdar://problem/20738636)
2026-09-30 23:45:26.565 Df testmanagerd[88342:c7494b] [com.apple.dt.xctest:Default] Preferring automation type 24 instead of legacy element type OTHER derived from class/trait: _UIFloatingBarContainerView:_UIFloatingBarContainerView 8589934592
2026-09-30 23:45:26.565 E  testmanagerd[88342:c7494b] [com.apple.dt.xctest:Default] Uncaptured runtime issue reported: Automation type mismatch: computed Other from legacy attributes vs Toolbar from modern attribute.
2026-09-30 23:45:26.565 Df testmanagerd[88342:c7494b] [com.apple.dt.xctest:Default] Other is not actually a child of Other, including at this point anyway (rdar://problem/20738636)
2026-09-30 23:45:26.567 Df testmanagerd[88342:c7494b] [com.apple.dt.xctest:Default] XCTPerformOnMainRunLoop[not MT]: about to CFRunLoopPerform
2026-09-30 23:45:26.567 Df testmanagerd[88342:c7494b] [com.apple.dt.xctest:Default] XCTPerformOnMainRunLoop[not MT]: waiting with 30.00s responsiveness timeout
2026-09-30 23:45:26.567 Df testmanagerd[88342:c35c14] [com.apple.dt.xctest:Default] XCTPerformOnMainRunLoop[MT]: inside CFRunLoopPerform
2026-09-30 23:45:26.567 Df testmanagerd[88342:c35c14] [com.apple.dt.xctest:Default] XCTPerformOnMainRunLoop[MT]: MT responded in time (won the race to the busy flag)
2026-09-30 23:45:26.567 Df testmanagerd[88342:c7494b] [com.apple.dt.xctest:Default] XCTPerformOnMainRunLoop[not MT]: waiting 60.00s for work to complete
2026-09-30 23:45:26.567 Df testmanagerd[88342:c35c14] [com.apple.dt.xctest:Default] Got main window <AXUIElementRef 0x1084951a0> {pid=24111} {uid=[ID:58 hash:0x106596400]}
2026-09-30 23:45:26.567 Df testmanagerd[88342:c35c14] [com.apple.dt.xctest:Default] Capturing hierarchy with attributes XC_kAXXCAttributeElementType, XC_kAXXCAttributeElementBaseType, XC_kAXXCAttributeParent, XC_kAXXCAttributeIdentifier, XC_kAXXCAttributeAutomationType, XC_kAXXCAttributeTraits
2026-09-30 23:45:26.567 Df testmanagerd[88342:c35c14] [com.apple.dt.xctest:Default] Capturing hierarchy with parameters {
    attributes =     (
        5003,
        5004,
        5002,
        5019,
        5058,
        2004
    );
    maxArrayCount = 2147483647;
    maxChildren = 2147483647;
    maxDepth = 2147483647;
    snapshotKeyHonorModalViews = 0;
    traverseFromParentsToChildren = 1;
}
2026-09-30 23:45:26.567 Df testmanagerd[88342:c35c14] [com.apple.dt.xctest:Default] Snapshot attributes 5003, 5004, 5002, 5019, 5058, 2004
2026-09-30 23:45:26.567 Df testmanagerd[88342:c35c14] [com.apple.dt.xctest:Default] Got snapshot for <AXUIElementRef 0x108495230> {pid=24111} {uid=[ID:9999 hash:0x41984df124b44d32]}
2026-09-30 23:45:26.568 Df testmanagerd[88342:c35c14] [com.apple.dt.xctest:Default] Got app orientation 0
2026-09-30 23:45:26.568 Df testmanagerd[88342:c35c14] [com.apple.dt.xctest:Default] Captured accessibility snapshot data in 0.00s
2026-09-30 23:45:26.569 Df testmanagerd[88342:c7494b] [com.apple.dt.xctest:Default] Fetching AX attributes XC_kAXXCAttributeIsValid for AX element pid: 42063, elementOrHash.elementID: 5307979776.5
2026-09-30 23:45:26.569 Df testmanagerd[88342:c7494b] [com.apple.dt.xctest:Default] Got attributes, transferring to dictionary for return.
2026-09-30 23:45:26.575 Df testmanagerd[88342:c7494b] [com.apple.dt.xctest:Default] Fetching AX attributes XC_kAXXCAttributeVisiblePoint for AX element pid: 42547, elementOrHash.elementID: 4354635360.50
2026-09-30 23:45:26.575 E  TextInsertProvider[42547:c75ad5] [com.apple.Accessibility:AXRuntimeCommon] Unknown client: TextInsertProvider
2026-09-30 23:45:26.577 Df testmanagerd[88342:c7494b] [com.apple.dt.xctest:Default] Got attributes, transferring to dictionary for return.
2026-09-30 23:45:26.577 Df testmanagerd[88342:c7494b] [com.apple.dt.xctest:Default] Fetching AX parameterized attribute 91503, parameter (
        {
        X = 201;
        Y = 148;
    },
    2860794208,
    1
) for Device system-wide element
2026-09-30 23:45:26.577 Df testmanagerd[88342:c7494b] [com.apple.dt.xctest:Default] Decoded {
    X = 201;
    Y = 148;
} to point
2026-09-30 23:45:26.577 Df testmanagerd[88342:c7494b] [com.apple.dt.xctest:Default] Got AXElement for Device system-wide element: <AXUIElementRef 0x108495230> {pid=0} {uid=[ID:1 hash:0x0]}
2026-09-30 23:45:26.577 Df testmanagerd[88342:c7494b] [com.apple.dt.xctest:Default] Value for parameterized attribute 91503: <AXValue 0x108497240> {value = x:201.000000 y:210.000000 type = kAXValueCGPointType}
2026-09-30 23:45:26.578 Df testmanagerd[88342:c7494b] [com.apple.dt.xctest:Default] Fetching AX attributes XC_kAXXCAttributeSystemAutomationProperties for AX element pid: 42547, elementOrHash.elementID: 4354635360.50
2026-09-30 23:45:26.578 Df testmanagerd[88342:c7494b] [com.apple.dt.xctest:Default] Got attributes, transferring to dictionary for return.
2026-09-30 23:45:26.579 Df MobileSafari[42063:c756c2] [com.apple.dt.xctest:Default] Received attributes request for element: AX element pid: 42063, elementOrHash.elementID: 5307979776.5. Attributes: (
    "XC_kAXXCAttributeFrame",
    "XC_kAXXCAttributeWindowDisplayId",
    "XC_kAXXCAttributeWindowContextId"
)
2026-09-30 23:45:26.579 Df MobileSafari[42063:c756c2] [com.apple.dt.xctest:Default] XCTPerformOnMainRunLoop[not MT]: about to CFRunLoopPerform
2026-09-30 23:45:26.579 Df MobileSafari[42063:c756c2] [com.apple.dt.xctest:Default] XCTPerformOnMainRunLoop[not MT]: waiting with 30.00s responsiveness timeout
2026-09-30 23:45:26.579 Df MobileSafari[42063:c75080] [com.apple.dt.xctest:Default] XCTPerformOnMainRunLoop[MT]: inside CFRunLoopPerform
2026-09-30 23:45:26.579 Df MobileSafari[42063:c75080] [com.apple.dt.xctest:Default] XCTPerformOnMainRunLoop[MT]: MT responded in time (won the race to the busy flag)
2026-09-30 23:45:26.579 Df MobileSafari[42063:c756c2] [com.apple.dt.xctest:Default] XCTPerformOnMainRunLoop[not MT]: waiting 60.00s for work to complete
2026-09-30 23:45:26.579 Df MobileSafari[42063:c75080] [com.apple.dt.xctest:Default] Fetching AX attributes XC_kAXXCAttributeFrame, XC_kAXXCAttributeWindowDisplayId, XC_kAXXCAttributeWindowContextId for AX element pid: 42063, elementOrHash.elementID: 5307979776.5
2026-09-30 23:45:26.579 Df MobileSafari[42063:c75080] [com.apple.dt.xctest:Default] Got attributes, transferring to dictionary for return.
2026-09-30 23:45:26.579 Df MobileSafari[42063:c756c2] [com.apple.dt.xctest:Default] Replying with attribute values: {
    "XC_kAXXCAttributeFrame" =     {
        Height = 874;
        Width = 402;
        X = 0;
        Y = 0;
    };
    "XC_kAXXCAttributeWindowContextId" = 1688868969;
    "XC_kAXXCAttributeWindowDisplayId" = 1;
}
2026-09-30 23:45:26.579 Df testmanagerd[88342:c7494b] [com.apple.dt.xctest:Default] Fetching AX parameterized attribute 91505, parameter (
        {
        Height = 874;
        Width = 402;
        X = 0;
        Y = 0;
    },
    1688868969,
    1
) for Device system-wide element
2026-09-30 23:45:26.579 Df testmanagerd[88342:c7494b] [com.apple.dt.xctest:Default] Decoded {
    Height = 874;
    Width = 402;
    X = 0;
    Y = 0;
} to rect
2026-09-30 23:45:26.579 Df testmanagerd[88342:c7494b] [com.apple.dt.xctest:Default] Got AXElement for Device system-wide element: <AXUIElementRef 0x108496d90> {pid=0} {uid=[ID:1 hash:0x0]}
2026-09-30 23:45:26.579 Df testmanagerd[88342:c7494b] [com.apple.dt.xctest:Default] Value for parameterized attribute 91505: <AXValue 0x1047462c0> {value = x:0.000000 y:0.000000 w:402.000000 h:874.000000 type = kAXValueCGRectType}
2026-09-30 23:45:26.580 Df testmanagerd[88342:c7494b] [com.apple.dt.xctest:Default] Synthesizing event with implicit confirmation interval 5: 
<XCSynthesizedEventRecord 'tap display 1'>
Path 1:
	Touch down at 201.0, 210.0, offset=0.00s
	Touch up at 201.0, 210.0, offset=0.05s
2026-09-30 23:45:26.580 Df testmanagerd[88342:c7494b] [com.apple.dt.xctest:Default] Registering for user testing event TouchEventsCompleted
2026-09-30 23:45:26.580 Df testmanagerd[88342:c7494b] [com.apple.dt.xctest:Default] current event time offset 0.000
2026-09-30 23:45:26.580 Df testmanagerd[88342:c7494b] [com.apple.dt.xctest:Default] current: Touch down at 201.0, 210.0, offset=0.00s
2026-09-30 23:45:26.580 Df testmanagerd[88342:c7494b] [com.apple.dt.xctest:Default] touch down {201, 210}
2026-09-30 23:45:26.580 Df testmanagerd[88342:c7494b] [com.apple.dt.xctest:Default] Added action for event state <_XCSynthesizedTouchEventState: 0x1084904c0> offset:0.000
down touch:{
    1 = "<_XCSynthesizedPointerEvent: 0x10844d160> {201, 210}";
}
2026-09-30 23:45:26.580 Df testmanagerd[88342:c7494b] [com.apple.dt.xctest:Default] current event time offset 0.050
2026-09-30 23:45:26.580 Df testmanagerd[88342:c7494b] [com.apple.dt.xctest:Default] current: Touch up at 201.0, 210.0, offset=0.05s
2026-09-30 23:45:26.580 Df testmanagerd[88342:c7494b] [com.apple.dt.xctest:Default] touch move {201, 210} with pressure 0.0000
2026-09-30 23:45:26.580 Df testmanagerd[88342:c7494b] [com.apple.dt.xctest:Default] touch up {201, 210}
2026-09-30 23:45:26.580 Df testmanagerd[88342:c7494b] [com.apple.dt.xctest:Default] Added action for event state <_XCSynthesizedTouchEventState: 0x108490c00> offset:0.050
update touch:{
    1 = "<_XCSynthesizedPointerEvent: 0x10844dce0> {201, 210}";
}
lift touch:{
    1 = "<_XCSynthesizedPointerEvent: 0x10844e7a0> {201, 210}";
}
2026-09-30 23:45:26.580 Df testmanagerd[88342:c7494b] [com.apple.dt.xctest:Default] Using touch screen digitizer sender for main display (ID 1)
2026-09-30 23:45:26.580 Df testmanagerd[88342:c7494b] [com.apple.dt.xctest:Default] Recap event action playback initiated
2026-09-30 23:45:26.580 Df testmanagerd[88342:c7494b] [com.apple.recap:Playback] setSenderProperties: Looking for screen with displayUUID BC6F68B5-CC6C-4F60-9C6E-3F8096AB8042
2026-09-30 23:45:26.580 Df testmanagerd[88342:c7494b] [com.apple.recap:Playback] setSenderProperties: Found matching screen with pointSize={402, 874}, scale=3.0
2026-09-30 23:45:26.580 Df testmanagerd[88342:c7494b] [com.apple.recap:Playback] _normalizePoint: input={201.0, 210.0}, _gsScreenPointSize={1206, 2622}, scale=3.0, output={0.500000, 0.240275}
2026-09-30 23:45:26.580 Df testmanagerd[88342:c7494b] [com.apple.recap:Playback] _normalizePoint: input={201.0, 210.0}, _gsScreenPointSize={1206, 2622}, scale=3.0, output={0.500000, 0.240275}
2026-09-30 23:45:26.580 Df testmanagerd[88342:c7494b] [com.apple.recap:Playback] _normalizePoint: input={201.0, 210.0}, _gsScreenPointSize={1206, 2622}, scale=3.0, output={0.500000, 0.240275}
2026-09-30 23:45:26.580 Df testmanagerd[88342:c7494b] [com.apple.recap:Playback] _normalizePoint: input={201.0, 210.0}, _gsScreenPointSize={1206, 2622}, scale=3.0, output={0.500000, 0.240275}
2026-09-30 23:45:26.580 Df testmanagerd[88342:c7494b] [com.apple.recap:Playback] _normalizePoint: input={201.0, 210.0}, _gsScreenPointSize={1206, 2622}, scale=3.0, output={0.500000, 0.240275}
2026-09-30 23:45:26.580 Df testmanagerd[88342:c7494b] [com.apple.recap:Playback] _normalizePoint: input={201.0, 210.0}, _gsScreenPointSize={1206, 2622}, scale=3.0, output={0.500000, 0.240275}
2026-09-30 23:45:26.580 Df testmanagerd[88342:c7494b] [com.apple.recap:Playback] _normalizePoint: input={201.0, 210.0}, _gsScreenPointSize={1206, 2622}, scale=3.0, output={0.500000, 0.240275}
2026-09-30 23:45:26.580 Df testmanagerd[88342:c7494b] [com.apple.recap:Playback] _normalizePoint: input={201.0, 210.0}, _gsScreenPointSize={1206, 2622}, scale=3.0, output={0.500000, 0.240275}
2026-09-30 23:45:26.580 Df testmanagerd[88342:c7494b] [com.apple.recap:Playback] _normalizePoint: input={201.0, 210.0}, _gsScreenPointSize={1206, 2622}, scale=3.0, output={0.500000, 0.240275}
2026-09-30 23:45:26.580 Df testmanagerd[88342:c7494b] [com.apple.recap:Playback] _normalizePoint: input={201.0, 210.0}, _gsScreenPointSize={1206, 2622}, scale=3.0, output={0.500000, 0.240275}
2026-09-30 23:45:26.580 Df testmanagerd[88342:c7494b] [com.apple.recap:Playback] _normalizePoint: input={201.0, 210.0}, _gsScreenPointSize={1206, 2622}, scale=3.0, output={0.500000, 0.240275}
2026-09-30 23:45:26.580 Df testmanagerd[88342:c7494b] [com.apple.recap:Playback] _normalizePoint: input={201.0, 210.0}, _gsScreenPointSize={1206, 2622}, scale=3.0, output={0.500000, 0.240275}
2026-09-30 23:45:26.580 Df testmanagerd[88342:c7494b] [com.apple.recap:Playback] _normalizePoint: input={201.0, 210.0}, _gsScreenPointSize={1206, 2622}, scale=3.0, output={0.500000, 0.240275}
2026-09-30 23:45:26.581 Df testmanagerd[88342:c7494b] [com.apple.recap:Playback] _normalizePoint: input={201.0, 210.0}, _gsScreenPointSize={1206, 2622}, scale=3.0, output={0.500000, 0.240275}
2026-09-30 23:45:26.581 Df testmanagerd[88342:c7494b] [com.apple.recap:Playback] _normalizePoint: input={201.0, 210.0}, _gsScreenPointSize={1206, 2622}, scale=3.0, output={0.500000, 0.240275}
2026-09-30 23:45:26.581 Df testmanagerd[88342:c7494b] [com.apple.recap:Playback] _normalizePoint: input={201.0, 210.0}, _gsScreenPointSize={1206, 2622}, scale=3.0, output={0.500000, 0.240275}
2026-09-30 23:45:26.581 Df testmanagerd[88342:c7494b] [com.apple.recap:Playback] _normalizePoint: input={201.0, 210.0}, _gsScreenPointSize={1206, 2622}, scale=3.0, output={0.500000, 0.240275}
2026-09-30 23:45:26.581 Df testmanagerd[88342:c75994] [com.apple.recap:Playback] Creating virtual HID service with display UUID: BC6F68B5-CC6C-4F60-9C6E-3F8096AB8042, senderID: 0x0
2026-09-30 23:45:26.581 Df backboardd[86775:c7564d] [com.apple.iohid:default] Connection added: IOHIDEventSystemConnection uuid:0DC66838-4EDD-4137-A643-7CAE65094053 pid:88342 process:testmanagerd type:Simple entitlements:0x1c caller:HID: -[HIDEventSystemClient initWithType:andAttributes:] + 96 attributes:(null) state:0x0 events:0 mask:0x0 dropped:0 dropStatus:0 droppedMask:0x0 lastDroppedTime:NONE
2026-09-30 23:45:26.582 Df backboardd[86775:c7564c] [com.apple.iohid:connection] 0DC66838-4EDD-4137-A643-7CAE65094053: HIDVS ID:10f529e000047 create
2026-09-30 23:45:26.582 Df backboardd[86775:c7564d] [com.apple.iohid:default] Add filter:IOHIDServiceFilter uuid:CE0B8ADC-0D4A-4631-BA86-1F4ABC6D81E9 name:com.apple.iokit.hid.IOHIDEventProcessorFilter  for service:0x10f529e000047
2026-09-30 23:45:26.582 Df backboardd[86775:c7564d] [com.apple.iohid:default] Service added: IOHIDService name: id:0x10f529e000047 primaryUsagePage:0xd primaryUsage:0x4 transport:Recap locationID:recap-bus-0 reportInterval:0 batchInterval:0 events:0 mask:0x0 sensorcontrols:7
2026-09-30 23:45:26.583 Df backboardd[86775:c7564d] [com.apple.iohid:connection] 15A723BB-D885-4AB6-BC10-3F96A6401174: iohideventsystem_client_dispatch_notification_results:0x10000004
2026-09-30 23:45:26.583 Df backboardd[86775:c7564d] [com.apple.BackBoard:HID] Services added: [<BKIOHIDService: 0x10b1ddf40; senderID: 0x10F529E000047; eventSource: verifiedExternalAccessory; primaryUsagePage: 0xD; primaryUsage: 0x4; transport: Recap; displayUUID: BC6F68B5-CC6C-4F60-9C6E-3F8096AB8042; authenticated>]
2026-09-30 23:45:26.583 Df backboardd[86775:c7564d] [com.apple.BackBoard:HID] cache sender info for senderID:10F529E000047 -- BKIOHIDService
2026-09-30 23:45:26.583 Df backboardd[86775:c7564d] [com.apple.BackBoard:TouchEvents] digitizer attached (sender 10F529E000047) service:<BKIOHIDService: 0x10b1ddf40; senderID: 0x10F529E000047; eventSource: verifiedExternalAccessory; primaryUsagePage: 0xD; primaryUsage: 0x4; transport: Recap; displayUUID: BC6F68B5-CC6C-4F60-9C6E-3F8096AB8042; authenticated; serviceStatus: matched>
2026-09-30 23:45:26.583 Df backboardd[86775:c7564d] [com.apple.BackBoard:TouchEvents] service 10F529E000047 setProperty:480 forKey:QuantizationDPI
2026-09-30 23:45:26.583 Df backboardd[86775:c7564d] [com.apple.BackBoard:TouchEvents] service 10F529E000047 restore persistent props {
    GraphicsOrientation = 1;
}
2026-09-30 23:45:26.583 Df backboardd[86775:c7564d] [com.apple.BackBoard:TouchEvents] init: <BKDirectTouchState: 0x10a797300; touchScreen; accessory; builtIn: NO; displayIntegrated: YES; authenticated: YES; displayUUID: BC6F68B5-CC6C-4F60-9C6E-3F8096AB8042; senderID: 0x10F529E000047; contacts: contacts: []; destinations: []; latentSystemGestureDestinations: ()>
2026-09-30 23:45:26.584 Df testmanagerd[88342:c75994] [com.apple.recap:Playback] new virtual service <RCPVirtualHIDService: 0x104628c80> (recapulon) 0x0D/0x04: (Recap) touchscreen digitizer
2026-09-30 23:45:26.584 E  backboardd[86775:c7564d] [com.apple.BackBoard:TouchEvents] [10F529E000047] touch down without previous range event: 2
2026-09-30 23:45:26.584 Df backboardd[86775:c7564d] [com.apple.BackBoard:TouchEvents] [10F529E000047] contact 2 presence: touching
2026-09-30 23:45:26.584 Df backboardd[86775:c7564d] [com.apple.BackBoard:TouchEvents] Touch entered (insideExclusive) <BKSHitTestRegion: 0x10a6dc380; {{0, 0}, {402, 874}}; exclusive: {{0, 0}, {402, 874}}>
2026-09-30 23:45:26.584 Df backboardd[86775:c740ee] [com.apple.AttentionAwareness:AttentionAwareness]  517519.58752: notify client com.apple.siri.AttentionAwareness.Touch of <AWDigitizerButtonKeyboardAttentionEvent: 0x10b07e100> (timestamp:  517519.58721 sender 4481474208 displayUUID BC6F68B5-CC6C-4F60-9C6E-3F8096AB8042 tagIndex 0 (tag not present in server))
2026-09-30 23:45:26.584 Df backboardd[86775:c740ee] [com.apple.AttentionAwareness:AttentionAwareness]  517519.58757: notify client com.apple.SpringBoard.HomeGrabberView-1 of <AWDigitizerButtonKeyboardAttentionEvent: 0x10b07ddc0> (timestamp:  517519.58721 sender 4481474208 displayUUID BC6F68B5-CC6C-4F60-9C6E-3F8096AB8042 tagIndex 0 (tag not present in server))
2026-09-30 23:45:26.584 Df backboardd[86775:c740ee] [com.apple.AttentionAwareness:AttentionAwareness]  517519.58759: notify client com.apple.SpringBoard.HomeGrabberView-3 of <AWDigitizerButtonKeyboardAttentionEvent: 0x10b07efc0> (timestamp:  517519.58721 sender 4481474208 displayUUID BC6F68B5-CC6C-4F60-9C6E-3F8096AB8042 tagIndex 0 (tag not present in server))
2026-09-30 23:45:26.584 Df backboardd[86775:c740ee] [com.apple.AttentionAwareness:AttentionAwareness]  517519.58760: notify client com.apple.SpringBoard.HomeGrabberView-4 of <AWDigitizerButtonKeyboardAttentionEvent: 0x10b07c700> (timestamp:  517519.58721 sender 4481474208 displayUUID BC6F68B5-CC6C-4F60-9C6E-3F8096AB8042 tagIndex 0 (tag not present in server))
2026-09-30 23:45:26.584 Df backboardd[86775:c740ee] [com.apple.AttentionAwareness:AttentionAwareness]  517519.58762: notify client com.apple.sharingd.attentionMonitor of <AWDigitizerButtonKeyboardAttentionEvent: 0x10b07cc00> (timestamp:  517519.58721 sender 4481474208 displayUUID BC6F68B5-CC6C-4F60-9C6E-3F8096AB8042 tagIndex 0 (tag not present in server))
2026-09-30 23:45:26.584 Df backboardd[86775:c740ee] [com.apple.AttentionAwareness:AttentionAwareness]  517519.58763: notify client com.apple.SpringBoard.HomeGrabberView-2 of <AWDigitizerButtonKeyboardAttentionEvent: 0x10b07ed00> (timestamp:  517519.58721 sender 4481474208 displayUUID BC6F68B5-CC6C-4F60-9C6E-3F8096AB8042 tagIndex 0 (tag not present in server))
2026-09-30 23:45:26.584 Df sharingd[86776:c33502] [com.apple.sharingd.SDAttentionMonitor:client] SDAttentionMonitorUtilities: event mask=0x8 ts=517520
2026-09-30 23:45:26.584 Df SpringBoard[86754:c334f8] [com.apple.UIKit:EventDispatch] Evaluating dispatch of UIEvent: 0x118eb9d00; type: 0; subtype: 0; backing type: 11; tagged context: 0x223470E1; shouldSend: 1; ignoreInteractionEvents: 0, systemGestureStateChange: 0
2026-09-30 23:45:26.584 Df SpringBoard[86754:c334f8] [com.apple.UIKit:EventDispatch] Sending UIEvent type: 0; subtype: 0; to windows: 1; dispatchLevel: 1
2026-09-30 23:45:26.584 Df TextInsertProvider[42547:c75ad5] [com.apple.UIKit:EventBus] Event Timing Profile for Touch: not found, path="/System/Library/EventTimingProfiles/Sim.Touch.plist"
2026-09-30 23:45:26.584 Df SpringBoard[86754:c334f8] [com.apple.UIKit:EventDispatch] Sending UIEvent type: 0; subtype: 0; to window: <_UISystemGestureWindow: 0x11396e800>; contextId: 0x223470E1
2026-09-30 23:45:26.585 A  SpringBoard[86754:c334f8] (UIKitCore) send gesture actions
2026-09-30 23:45:26.585 Df SpringBoard[86754:c334f8] [com.apple.UIKit:EventDispatch] Evaluating dispatch of UIEvent: 0x118eb9d00; type: 0; subtype: 0; backing type: 11; tagged context: 0x223470E1; shouldSend: 0; ignoreInteractionEvents: 0, systemGestureStateChange: 0
2026-09-30 23:45:26.594 Df TextInsertProvider[42547:c75ad5] [com.apple.UIKit:EventDispatch] Evaluating dispatch of UIEvent: 0x10434bc00; type: 0; subtype: 0; backing type: 11; tagged context: 0xAA844160; shouldSend: 1; ignoreInteractionEvents: 0, systemGestureStateChange: 0
2026-09-30 23:45:26.594 Df TextInsertProvider[42547:c75ad5] [com.apple.UIKit:EventDispatch] Sending UIEvent type: 0; subtype: 0; to windows: 1; dispatchLevel: 1
2026-09-30 23:45:26.594 Df TextInsertProvider[42547:c75ad5] [com.apple.UIKit:EventDispatch] Sending UIEvent type: 0; subtype: 0; to window: <UIWindow: 0x103964400>; contextId: 0xAA844160
2026-09-30 23:45:26.597 Df TextInsertProvider[42547:c75ad5] [com.apple.UIKit:EventDispatch] Evaluating dispatch of UIEvent: 0x10434bc00; type: 0; subtype: 0; backing type: 11; tagged context: 0xAA844160; shouldSend: 0; ignoreInteractionEvents: 0, systemGestureStateChange: 0
2026-09-30 23:45:26.597 Df TextInsertProvider[42547:c75ad5] [com.apple.UIKit:EventDispatch] Evaluating dispatch of UIEvent: 0x10434bc00; type: 0; subtype: 0; backing type: 11; tagged context: 0xAA844160; shouldSend: 0; ignoreInteractionEvents: 0, systemGestureStateChange: 0
2026-09-30 23:45:26.614 Df TextInsertProvider[42547:c75ad5] [com.apple.UIKit:EventDispatch] Evaluating dispatch of UIEvent: 0x10434bc00; type: 0; subtype: 0; backing type: 11; tagged context: 0xAA844160; shouldSend: 0; ignoreInteractionEvents: 0, systemGestureStateChange: 0
2026-09-30 23:45:26.614 Df SpringBoard[86754:c334f8] [com.apple.UIKit:EventDispatch] Evaluating dispatch of UIEvent: 0x118eb9d00; type: 0; subtype: 0; backing type: 11; tagged context: 0x223470E1; shouldSend: 0; ignoreInteractionEvents: 0, systemGestureStateChange: 0
2026-09-30 23:45:26.630 Df SpringBoard[86754:c334f8] [com.apple.UIKit:EventDispatch] Evaluating dispatch of UIEvent: 0x118eb9d00; type: 0; subtype: 0; backing type: 11; tagged context: 0x223470E1; shouldSend: 0; ignoreInteractionEvents: 0, systemGestureStateChange: 0
2026-09-30 23:45:26.630 Df TextInsertProvider[42547:c75ad5] [com.apple.UIKit:EventDispatch] Evaluating dispatch of UIEvent: 0x10434bc00; type: 0; subtype: 0; backing type: 11; tagged context: 0xAA844160; shouldSend: 0; ignoreInteractionEvents: 0, systemGestureStateChange: 0
2026-09-30 23:45:26.647 Df SpringBoard[86754:c334f8] [com.apple.UIKit:EventDispatch] Evaluating dispatch of UIEvent: 0x118eb9d00; type: 0; subtype: 0; backing type: 11; tagged context: 0x223470E1; shouldSend: 0; ignoreInteractionEvents: 0, systemGestureStateChange: 0
2026-09-30 23:45:26.647 Df TextInsertProvider[42547:c75ad5] [com.apple.UIKit:EventDispatch] Evaluating dispatch of UIEvent: 0x10434bc00; type: 0; subtype: 0; backing type: 11; tagged context: 0xAA844160; shouldSend: 0; ignoreInteractionEvents: 0, systemGestureStateChange: 0
2026-09-30 23:45:26.652 Df testmanagerd[88342:c75994] [com.apple.recap:Playback] sent analytics event
2026-09-30 23:45:26.653 Df backboardd[86775:c740ee] [com.apple.BackBoard:TouchEvents] [10F529E000047] contact 2 presence: none
2026-09-30 23:45:26.664 Df TextInsertProvider[42547:c75ad5] [com.apple.UIKit:EventDispatch] Evaluating dispatch of UIEvent: 0x10434bc00; type: 0; subtype: 0; backing type: 11; tagged context: 0xAA844160; shouldSend: 0; ignoreInteractionEvents: 0, systemGestureStateChange: 0
2026-09-30 23:45:26.664 Df SpringBoard[86754:c334f8] [com.apple.UIKit:EventDispatch] Evaluating dispatch of UIEvent: 0x118eb9d00; type: 0; subtype: 0; backing type: 11; tagged context: 0x223470E1; shouldSend: 0; ignoreInteractionEvents: 0, systemGestureStateChange: 0
2026-09-30 23:45:26.664 Df SpringBoard[86754:c334f8] [com.apple.UIKit:EventDispatch] Evaluating dispatch of UIEvent: 0x118eb9d00; type: 0; subtype: 0; backing type: 11; tagged context: 0x223470E1; shouldSend: 1; ignoreInteractionEvents: 0, systemGestureStateChange: 0
2026-09-30 23:45:26.664 Df SpringBoard[86754:c334f8] [com.apple.UIKit:EventDispatch] Sending UIEvent type: 0; subtype: 0; to windows: 1; dispatchLevel: 1
2026-09-30 23:45:26.664 Df SpringBoard[86754:c334f8] [com.apple.UIKit:EventDispatch] Sending UIEvent type: 0; subtype: 0; to window: <_UISystemGestureWindow: 0x11396e800>; contextId: 0x223470E1
2026-09-30 23:45:26.664 Df TextInsertProvider[42547:c75ad5] [com.apple.UIKit:EventDispatch] Evaluating dispatch of UIEvent: 0x10434bc00; type: 0; subtype: 0; backing type: 11; tagged context: 0xAA844160; shouldSend: 1; ignoreInteractionEvents: 0, systemGestureStateChange: 0
2026-09-30 23:45:26.664 Df TextInsertProvider[42547:c75ad5] [com.apple.UIKit:EventDispatch] Sending UIEvent type: 0; subtype: 0; to windows: 1; dispatchLevel: 1
2026-09-30 23:45:26.664 Df TextInsertProvider[42547:c75ad5] [com.apple.UIKit:EventDispatch] Sending UIEvent type: 0; subtype: 0; to window: <UIWindow: 0x103964400>; contextId: 0xAA844160
2026-09-30 23:45:26.664 A  SpringBoard[86754:c334f8] (UIKitCore) send gesture actions
2026-09-30 23:45:26.664 A  SpringBoard[86754:c334f8] (UIKitCore) send gesture actions
2026-09-30 23:45:26.664 Df backboardd[86775:c740ee] [com.apple.BackBoard:TouchStream] Updating touch stream with reference token 1 dispatchMode: sending ambiguityRecommendation: process
2026-09-30 23:45:26.664 Df testmanagerd[88342:c35c14] [com.apple.dt.xctest:Default] Handling kAXUserTestingNotification from AX element pid: 86754, elementOrHash.elementID: 0.1 (0x104628280)
2026-09-30 23:45:26.664 Df testmanagerd[88342:c7494b] [com.apple.dt.xctest:Default] Calling handler for AX notification kAXUserTestingNotification from AX element pid: 86754, elementOrHash.elementID: 0.1 with payload {
    event = TouchEventsCompleted;
}
2026-09-30 23:45:26.664 Df testmanagerd[88342:c35c14] [com.apple.dt.xctest:Default] Got user testing notification with payload {
    event = TouchEventsCompleted;
}
2026-09-30 23:45:26.664 Df testmanagerd[88342:c7494b] [com.apple.dt.xctest:Default] Event 
<XCSynthesizedEventRecord 'tap display 1'>
Path 1:
	Touch down at 201.0, 210.0, offset=0.00s
	Touch up at 201.0, 210.0, offset=0.05s confirmed by TouchEventsCompleted.
2026-09-30 23:45:26.668 Df TextInsertProvider[42547:c75ad5] [com.tarunyadgirkar.prefill.spike.textinsert:provider] SPIKE completeRequest(withTextToInsert:) value=ti-one@example.net
2026-09-30 23:45:26.669 Df testmanagerd[88342:c35c14] [com.apple.dt.xctest:Default] Handling kAXUserTestingNotification from AX element pid: 42547, elementOrHash.elementID: 0.1 (0x104628280)
2026-09-30 23:45:26.669 Df testmanagerd[88342:c35c14] [com.apple.dt.xctest:Default] Got user testing notification with payload {
    event = TouchEventsCompleted;
}
2026-09-30 23:45:26.669 Df testmanagerd[88342:c7494b] [com.apple.dt.xctest:Default] Calling handler for AX notification kAXUserTestingNotification from AX element pid: 42547, elementOrHash.elementID: 0.1 with payload {
    event = TouchEventsCompleted;
}
2026-09-30 23:45:26.669 F  backboardd[86775:c33619] (IOSurface) IOSurfaceQueryTransactionList got non-success return from kernel
2026-09-30 23:45:26.669 A  backboardd[86775:c33619] (libsystem_trace.dylib) Activity for state dumps
2026-09-30 23:45:26.669 F  backboardd[86775:c33619] (IOSurface) IOSurfaceQueryTransactionList got non-success return from kernel
2026-09-30 23:45:26.669 A  backboardd[86775:c33619] (libsystem_trace.dylib) Activity for state dumps
2026-09-30 23:45:26.669 Df MobileSafari[42063:c75080] [com.apple.mobilesafari:AppPasswordAutoFill] Calling AFUI fillText: delegate method with non-zero length text
2026-09-30 23:45:26.670 Df SafariViewService[24111:c6392d] [com.apple.FrontBoard:Scene] [UISceneHosting-com.apple.SafariViewService:UIHostedScene-com.tarunyadgirkar.prefill.spike.textinsert.provider-A0FD0FB3] Sending action(s) to "_UIViewServiceSceneExtension": _UIViewServiceHostAppearanceAction
2026-09-30 23:45:26.670 Df SafariViewService[24111:c6392d] [com.apple.FrontBoard:Scene] [UISceneHosting-com.apple.SafariViewService:UIHostedScene-com.tarunyadgirkar.prefill.spike.textinsert.provider-A0FD0FB3] Sending action(s): _UISceneHostingViewAppearanceActionHostToClient
2026-09-30 23:45:26.670 Df TextInsertProvider[42547:c75ad5] [com.apple.FrontBoard:SceneClient] [UISceneHosting-com.apple.SafariViewService:UIHostedScene-com.tarunyadgirkar.prefill.spike.textinsert.provider-A0FD0FB3] Received action(s) for "_UIViewServiceSceneExtension": _UIViewServiceHostAppearanceAction
2026-09-30 23:45:26.670 Df TextInsertProvider[42547:c75ad5] [com.apple.UIKit:ViewServices] Appearance transition willDisappearAnimated for 24111(v26FC93)->/UISceneHosting-com.apple.SafariViewService:UIHostedScene-com.tarunyadgirkar.prefill.spike.textinsert.provider-A0FD0FB3
2026-09-30 23:45:26.670 Df TextInsertProvider[42547:c75ad5] [com.apple.FrontBoard:Common] [UISceneHosting-com.apple.SafariViewService:UIHostedScene-com.tarunyadgirkar.prefill.spike.textinsert.provider-A0FD0FB3] Component <_UIViewServiceClientSceneComponent: 0x103b7d290> handled action(s): <_UIViewServiceHostAppearanceAction: 0x110924c60>
2026-09-30 23:45:26.670 Df TextInsertProvider[42547:c75ad5] [com.apple.FrontBoard:SceneClient] [UISceneHosting-com.apple.SafariViewService:UIHostedScene-com.tarunyadgirkar.prefill.spike.textinsert.provider-A0FD0FB3] Received action(s): _UISceneHostingViewAppearanceActionHostToClient
2026-09-30 23:45:26.670 Df TextInsertProvider[42547:c75ad5] [com.apple.UIKit:AppLifecycle] sceneOfRecord: sceneID: UIHostedScene-com.tarunyadgirkar.prefill.spike.textinsert.provider-A0FD0FB3  persistentID: UIHostedScene-com.tarunyadgirkar.prefill.spike.textinsert.provider-A0FD0FB3
2026-09-30 23:45:26.670 Df TextInsertProvider[42547:c75ad5] [com.apple.UIKit:AppLifecycle] sceneOfRecord: sceneID: UIHostedScene-com.tarunyadgirkar.prefill.spike.textinsert.provider-A0FD0FB3  persistentID: UIHostedScene-com.tarunyadgirkar.prefill.spike.textinsert.provider-A0FD0FB3
2026-09-30 23:45:26.671 Df TextInsertProvider[42547:c75ad5] [com.apple.UIKit:AppLifecycle] sceneOfRecord: sceneID: UIHostedScene-com.tarunyadgirkar.prefill.spike.textinsert.provider-A0FD0FB3  persistentID: UIHostedScene-com.tarunyadgirkar.prefill.spike.textinsert.provider-A0FD0FB3
2026-09-30 23:45:26.671 Df TextInsertProvider[42547:c75ad5] [com.apple.UIKit:InterfaceStyle] Should not send trait collection or coordinate space update, interface style 1 -> 1, <_UIHostedWindowScene: 0x104089680> (UIHostedScene-com.tarunyadgirkar.prefill.spike.textinsert.provider-A0FD0FB3)
2026-09-30 23:45:26.671 Df TextInsertProvider[42547:c75ad5] [com.apple.UIKit:KeyboardScene] Notifying observers of geometry update -> app scene 1: {{0, 0}, {402, 874}}, keyboard scene: 1: {{0, 0}, {402, 812}}
2026-09-30 23:45:26.675 F  backboardd[86775:c33619] (IOSurface) IOSurfaceQueryTransactionList got non-success return from kernel
2026-09-30 23:45:26.675 A  backboardd[86775:c33619] (libsystem_trace.dylib) Activity for state dumps
2026-09-30 23:45:26.675 F  backboardd[86775:c33619] (IOSurface) IOSurfaceQueryTransactionList got non-success return from kernel
2026-09-30 23:45:26.675 A  backboardd[86775:c33619] (libsystem_trace.dylib) Activity for state dumps
2026-09-30 23:45:26.681 Df TextInsertProvider[42547:c75ad5] [com.apple.UIKit:EventDispatch] Evaluating dispatch of UIEvent: 0x10434bc00; type: 0; subtype: 0; backing type: 11; tagged context: 0xAA844160; shouldSend: 0; ignoreInteractionEvents: 0, systemGestureStateChange: 1
2026-09-30 23:45:26.682 F  backboardd[86775:c33619] (IOSurface) IOSurfaceQueryTransactionList got non-success return from kernel
2026-09-30 23:45:26.682 A  backboardd[86775:c33619] (libsystem_trace.dylib) Activity for state dumps
2026-09-30 23:45:26.682 F  backboardd[86775:c33619] (IOSurface) IOSurfaceQueryTransactionList got non-success return from kernel
2026-09-30 23:45:26.682 A  backboardd[86775:c33619] (libsystem_trace.dylib) Activity for state dumps
2026-09-30 23:45:26.695 Df TextInsertProvider[42547:c75ad5] [com.apple.UIKit:KeyboardFocusAssistant] requestKeyboardFocusWithProvenance:<BKSHIDEventSimpleProvenance: 0x1040f0ab0> (token:<uq: 1; UIKit-localContainer>)
2026-09-30 23:45:26.695 Df backboardd[86775:c740ee] [com.apple.BackBoard:EventDelivery] [<keyboardFocus> 0x10a4c7f70] changeSelectionPath(primary) reason:selectionChange requestingPID:(42547) toNode:<[42547-1]; <keyboardFocus; 24111(v26FC93)->/UISceneHosting-com.apple.SafariViewService:UIHostedScene-com.tarunyadgirkar.prefill.spike.textinsert.provider-A0FD0FB3> -> <token: <uq: 1; UIKit-localContainer>; pid: 42547>; UIKit-localContainer>
2026-09-30 23:45:26.696 Df backboardd[86775:c740ee] [com.apple.BackBoard:EventDelivery] [<keyboardFocus> 0x10a4c7f70] changeSelectionPath(primary) reason:selectionChange  -> success generation: 639 -- <[42547-1]; <keyboardFocus; 24111(v26FC93)->/UISceneHosting-com.apple.SafariViewService:UIHostedScene-com.tarunyadgirkar.prefill.spike.textinsert.provider-A0FD0FB3> -> <token: <uq: 1; UIKit-localContainer>; pid: 42547>; UIKit-localContainer>
2026-09-30 23:45:26.696 Df backboardd[86775:c740ee] [com.apple.BackBoard:EventDelivery] [<keyboardFocus> 0x10a4c7f70] selected (pathIdentifier: primary; selectionTarget: <environment: keyboardFocus; target: <token: <uq: 1; UIKit-localContainer>; pid: 42547>>; basis: <BKSHIDEventDeferringChangeBasis: 0x10a562fe0>; timestamp: 710819.51s; ignoreModalities: NO)
2026-09-30 23:45:26.696 Df backboardd[86775:c740ee] [com.apple.BackBoard:EventDelivery] [<keyboardFocus; builtin> 0x10a4c7e90] changeSelectionPath(primary) reason:selectionChange requestingPID:(42547) toNode:<[42547-1]; <keyboardFocus; 24111(v26FC93)->/UISceneHosting-com.apple.SafariViewService:UIHostedScene-com.tarunyadgirkar.prefill.spike.textinsert.provider-A0FD0FB3> -> <token: <uq: 1; UIKit-localContainer>; pid: 42547>; UIKit-localContainer>
2026-09-30 23:45:26.696 Df backboardd[86775:c740ee] [com.apple.BackBoard:EventDelivery] [<keyboardFocus; builtin> 0x10a4c7e90] changeSelectionPath(primary) reason:selectionChange  -> success generation: 639 -- <[42547-1]; <keyboardFocus; 24111(v26FC93)->/UISceneHosting-com.apple.SafariViewService:UIHostedScene-com.tarunyadgirkar.prefill.spike.textinsert.provider-A0FD0FB3> -> <token: <uq: 1; UIKit-localContainer>; pid: 42547>; UIKit-localContainer>
2026-09-30 23:45:26.696 Df backboardd[86775:c740ee] [com.apple.BackBoard:EventDelivery] [<keyboardFocus; builtin> 0x10a4c7e90] selected (pathIdentifier: primary; selectionTarget: <environment: keyboardFocus; target: <token: <uq: 1; UIKit-localContainer>; pid: 42547>>; basis: <BKSHIDEventDeferringChangeBasis: 0x10a562fe0>; timestamp: 710819.51s; ignoreModalities: NO)
2026-09-30 23:45:26.696 Df backboardd[86775:c740ee] [com.apple.BackBoard:EventDelivery] chain did update (select) <<keyboardFocus>; generation: 639; selectionPath: primary; compatibilityDisplay: BC6F68B5-CC6C-4F60-9C6E-3F8096AB8042; finalStringTargetIndex: 3> containsEndOfChain: YES; [
    <token: com.apple.frontboard.systemappservices/SSK.primary.root(mainDisplay):SB-main; pid: 86754>,
    <token: com.apple.frontboard.systemappservices/FBSceneManager:sceneID%3Acom.apple.mobilesafari-71DD3C25-4702-4D1D-8EB9-7DEF87C13EE1; pid: 42063>,
    <token: 42063(v277B73)->/UISceneHosting-com.apple.mobilesafari:UIHostedScene-com.apple.SafariViewService-CF83E032; pid: 24111>,
    <token: 24111(v26FC93)->/UISceneHosting-com.apple.SafariViewService:UIHostedScene-com.tarunyadgirkar.prefill.spike.textinsert.provider-A0FD0FB3; pid: 42547>,
    <token: <uq: 1; UIKit-localContainer>; pid: 42547>,
    <token: 0xAA844160; pid: 42547>
]
2026-09-30 23:45:26.696 Df TextInsertUITests-Runner[41970:c74fe8] [com.apple.BackBoard:EventDelivery] will update observations for 0 observers
2026-09-30 23:45:26.696 Df InputUI[87035:c74dfc] [com.apple.BackBoard:EventDelivery] will update observations for 0 observers
2026-09-30 23:45:26.696 Df InputUI[87035:c33b5c] [com.apple.KeyboardArbiter:Events] Event deferring target change: 42063(v277B73)->/UISceneHosting-com.apple.mobilesafari:UIHostedScene-com.apple.SafariViewService-CF83E032 -> 24111(v26FC93)->/UISceneHosting-com.apple.SafariViewService:UIHostedScene-com.tarunyadgirkar.prefill.spike.textinsert.provider-A0FD0FB3 (activeInput=N)
2026-09-30 23:45:26.696 Df InputUI[87035:c33b5c] [com.apple.KeyboardArbiter:Events] Handle for next event deferring target found: <com.tarunyadgirkar.prefill.spike.textinsert.provider focus:<contextID:2860794208 sceneID:24111(v26FC93)->/UISceneHosting-com.apple.SafariViewService:UIHostedScene-com.tarunyadgirkar.prefill.spike.textinsert.provider-A0FD0FB3> run:Y hosting:() level:0 active:N wantedState:Disabled #suppr:0 iavHeight:0 onScreen:N>
2026-09-30 23:45:26.697 Df backboardd[86775:c740ee] [com.apple.BackBoard:EventDelivery] chain did update (select) <<keyboardFocus; builtin>; generation: 639; selectionPath: primary; finalStringTargetIndex: 3> containsEndOfChain: YES; [
    <token: com.apple.frontboard.systemappservices/SSK.primary.root(mainDisplay):SB-main; pid: 86754>,
    <token: com.apple.frontboard.systemappservices/FBSceneManager:sceneID%3Acom.apple.mobilesafari-71DD3C25-4702-4D1D-8EB9-7DEF87C13EE1; pid: 42063>,
    <token: 42063(v277B73)->/UISceneHosting-com.apple.mobilesafari:UIHostedScene-com.apple.SafariViewService-CF83E032; pid: 24111>,
    <token: 24111(v26FC93)->/UISceneHosting-com.apple.SafariViewService:UIHostedScene-com.tarunyadgirkar.prefill.spike.textinsert.provider-A0FD0FB3; pid: 42547>,
    <token: <uq: 1; UIKit-localContainer>; pid: 42547>
]
2026-09-30 23:45:26.697 Df SpringBoard[86754:c75038] [com.apple.BackBoard:EventDelivery] will update observations for 0 observers
2026-09-30 23:45:26.697 Df SafariViewService[24111:c74dec] [com.apple.BackBoard:EventDelivery] will update observations for 6 observers
2026-09-30 23:45:26.697 Df druid[97297:c7502f] [com.apple.BackBoard:EventDelivery] will update observations for 0 observers
2026-09-30 23:45:26.697 Df WidgetRenderer_Default[87237:c73737] [com.apple.BackBoard:EventDelivery] will update observations for 0 observers
2026-09-30 23:45:26.697 Df SafariViewService[24111:c74dec] [com.apple.BackBoard:EventDelivery] policyStatus:<0x109793b10; _UIKeyboardFocusAssistant-0x105d3a7c0; 42063(v277B73)->/UISceneHosting-com.apple.mobilesafari:UIHostedScene-com.apple.SafariViewService-CF83E032; <ancestor; generation: 639>> was:<ancestor; generation: 635; finalStringToken>
2026-09-30 23:45:26.697 Df SafariViewService[24111:c74dec] [com.apple.BackBoard:EventDelivery] [BKSHIDEventObserver] policyDidChange: 0x109793b10 -> <_UIKeyboardFocusAssistant: 0x105d3a7c0> now:<ancestor; generation: 639>
2026-09-30 23:45:26.697 Df TextInsertProvider[42547:c75b06] [com.apple.BackBoard:EventDelivery] will update observations for 3 observers
2026-09-30 23:45:26.697 Df backboardd[86775:c740ee] [com.apple.BackBoard:EventDelivery] reachable observation targets did change (select) {
    "<environment: keyboardFocus; target: <token: 42063(v277B73)->/UISceneHosting-com.apple.mobilesafari:UIHostedScene-com.apple.SafariViewService-CF83E032; pid: 24111>>" = "<reachability: reachable; deferringGraphGeneration: 639>";
    "<environment: keyboardFocus; target: <token: com.apple.frontboard.systemappservices/SSK.primary.root(mainDisplay):PresentationBinderIndirectAccessHosting-%5BMain%5D%3A%5BSUIS-DruidUI%3A%5BMain%5D%20-%201%5D; pid: 86754>>" = "<reachability: unreachable; deferringGraphGeneration: 0>";
    "<environment: keyboardFocus; target: <token: 24111(v26FC93)->/UISceneHosting-com.apple.SafariViewService:UIHostedScene-com.tarunyadgirkar.prefill.spike.textinsert.provider-A0FD0FB3; pid: 42547>>" = "<reachability: reachable; deferringGraphGeneration: 639>";
}
2026-09-30 23:45:26.697 Df TextInsertProvider[42547:c75b06] [com.apple.BackBoard:EventDelivery] policyStatus:<0x10418f3a0; _UIKeyWindowSceneObserver-0x103b7de30; 24111(v26FC93)->/UISceneHosting-com.apple.SafariViewService:UIHostedScene-com.tarunyadgirkar.prefill.spike.textinsert.provider-A0FD0FB3; <ancestor; generation: 639; finalStringToken>> was:<none; generation: 0>
2026-09-30 23:45:26.697 Df TextInsertProvider[42547:c75b06] [com.apple.BackBoard:EventDelivery] [BKSHIDEventObserver] policyDidChange: 0x10418f3a0 -> <_UIKeyWindowSceneObserver: 0x103b7de30> now:<ancestor; generation: 639; finalStringToken>
2026-09-30 23:45:26.697 Df MobileSafari[42063:c756c2] [com.apple.BackBoard:EventDelivery] will update observations for 0 observers
2026-09-30 23:45:26.697 Df TextInsertProvider[42547:c75b06] [com.apple.BackBoard:EventDelivery] policyStatus:<0x10418f330; _UIKeyboardFocusAssistant-0x103a66640; 24111(v26FC93)->/UISceneHosting-com.apple.SafariViewService:UIHostedScene-com.tarunyadgirkar.prefill.spike.textinsert.provider-A0FD0FB3; <ancestor; generation: 639; finalStringToken>> was:<none; generation: 0>
2026-09-30 23:45:26.697 Df TextInsertProvider[42547:c75ad5] [com.apple.UIKit:KeyWindow] Scene target of keyboard event deferring environment did change: target=1; ancestor=0; scene: _UIHostedWindowScene: 0x104089680; scene identity: 24111(v26FC93)->/UISceneHosting-com.apple.SafariViewService:UIHostedScene-com.tarunyadgirkar.prefill.spike.textinsert.provider-A0FD0FB3
2026-09-30 23:45:26.697 Df SafariViewService[24111:c6392d] [com.apple.UIKit:KeyboardFocusAssistant] Event deferring policy changed: finalScene:Y->N (token: 42063(v277B73)->/UISceneHosting-com.apple.mobilesafari:UIHostedScene-com.apple.SafariViewService-CF83E032)
2026-09-30 23:45:26.697 Df TextInsertProvider[42547:c75b06] [com.apple.BackBoard:EventDelivery] [BKSHIDEventObserver] policyDidChange: 0x10418f330 -> <_UIKeyboardFocusAssistant: 0x103a66640> now:<ancestor; generation: 639; finalStringToken>
2026-09-30 23:45:26.697 Df SafariViewService[24111:c74dec] [com.apple.BackBoard:EventDelivery] policyStatus:<0x1097938e0; _UIKeyWindowSceneObserver-0x109cdf750; 42063(v277B73)->/UISceneHosting-com.apple.mobilesafari:UIHostedScene-com.apple.SafariViewService-CF83E032; <ancestor; generation: 639>> was:<ancestor; generation: 635; finalStringToken>
2026-09-30 23:45:26.697 Df TextInsertProvider[42547:c75ad5] [com.apple.UIKit:EventDeferring] [0x110834700] Scene target of event deferring environments did update: scene: 0x107c24000; current systemShellManagesKeyboardFocus: 1; systemShellManagesKeyboardFocusForScene: 1; eligibleForRecordRemoval: 1;
2026-09-30 23:45:26.697 Df SafariViewService[24111:c74dec] [com.apple.BackBoard:EventDelivery] [BKSHIDEventObserver] policyDidChange: 0x1097938e0 -> <_UIKeyWindowSceneObserver: 0x109cdf750> now:<ancestor; generation: 639>
2026-09-30 23:45:26.697 Df TextInsertProvider[42547:c75ad5] [com.apple.UIKit:EventDeferring] [0x1041e6d00] Scene target of event deferring environments did update: scene: 0x104089680; current systemShellManagesKeyboardFocus: 1; systemShellManagesKeyboardFocusForScene: 1; eligibleForRecordRemoval: 1;
2026-09-30 23:45:26.697 Df SafariViewService[24111:c74dec] [com.apple.BackBoard:EventDelivery] [BKSHIDEventObserver] policy-per (
    <0x10978f3a0; _UIKeyboardFocu…ant-0x105d36760; fb/FBSceneManag…Service-default; <none; generation: 0>>,
    <0x109786ca0; _UIKeyWindowSce…ver-0x106775a10; com.apple.UIKit…Service-default; <none; generation: 0>>,
    <0x109792140; _UIKeyWindowSce…ver-0x109c5ee20; com.apple.UIKit…ervice-CF83E032; <none; generation: 0>>,
    <0x109793b10; _UIKeyboardFocu…ant-0x105d3a7c0; 42063(v277B73)-…ervice-CF83E032; <ancestor; generation: 639>>,
    <0x1097938e0; _UIKeyWindowSce…ver-0x109cdf750; 42063(v277B73)-…ervice-CF83E032; <ancestor; generation: 639>>,
    <0x10978fbf0; _UIKeyWindowSce…ver-0x105ca3cf0; fb/FBSceneManag…Service-default; <none; generation: 0>>
)
2026-09-30 23:45:26.697 Df TextInsertUITests-Runner[41970:c74fe8] [com.apple.BackBoard:EventDelivery] will update observations for 0 observers
2026-09-30 23:45:26.697 Df TextInsertProvider[42547:c75b06] [com.apple.BackBoard:EventDelivery] [BKSHIDEventObserver] policy-per (
    <0x10418f3a0; _UIKeyWindowSce…ver-0x103b7de30; 24111(v26FC93)-…ovider-A0FD0FB3; <ancestor; generation: 639; finalStringToken>>,
    <0x10418f330; _UIKeyboardFocu…ant-0x103a66640; 24111(v26FC93)-…ovider-A0FD0FB3; <ancestor; generation: 639; finalStringToken>>,
    <0x1040fe370; _UIKeyWindowSce…ver-0x10410a7c0; com.apple.UIKit…ovider-A0FD0FB3; <none; generation: 0>>
)
2026-09-30 23:45:26.697 Df SafariViewService[24111:c6392d] [com.apple.UIKit:EventDeferring] 24111(v26FC93)->/UISceneHosting-com.apple.SafariViewService:UIHostedScene-com.tarunyadgirkar.prefill.spike.textinsert.provider-A0FD0FB3 is now in the event delivery chain, making <_UIRemoteViewController: 0x106507200> first responder
2026-09-30 23:45:26.697 Df TextInsertProvider[42547:c75ad5] [com.apple.UIKit:KeyWindow] Scene became target of keyboard event deferring environment: _UIHostedWindowScene: 0x104089680; scene identity: 24111(v26FC93)->/UISceneHosting-com.apple.SafariViewService:UIHostedScene-com.tarunyadgirkar.prefill.spike.textinsert.provider-A0FD0FB3
2026-09-30 23:45:26.697 Df MobileCal[88807:c759ae] [com.apple.BackBoard:EventDelivery] will update observations for 0 observers
2026-09-30 23:45:26.697 Df Preferences[37416:c74f5c] [com.apple.BackBoard:EventDelivery] will update observations for 0 observers
2026-09-30 23:45:26.697 Df InputUI[87035:c74dfc] [com.apple.BackBoard:EventDelivery] will update observations for 0 observers
2026-09-30 23:45:26.697 Df druid[97297:c7502f] [com.apple.BackBoard:EventDelivery] will update observations for 0 observers
2026-09-30 23:45:26.697 Df TextInsertProvider[42547:c75ad5] [com.apple.UIKit:KeyWindow] Stack[KeyWindow] 0x103b7dec0: Migrate scenes from LastOneWins -> SystemShellManaged
2026-09-30 23:45:26.697 Df iMessageAppsViewService[93436:c74f51] [com.apple.BackBoard:EventDelivery] will update observations for 0 observers
2026-09-30 23:45:26.697 Df MobileSafari[42063:c756c2] [com.apple.BackBoard:EventDelivery] will update observations for 0 observers
2026-09-30 23:45:26.697 Df SafariViewService[24111:c74dec] [com.apple.BackBoard:EventDelivery] will update observations for 6 observers
2026-09-30 23:45:26.697 Df MercuryPosterExtension[87267:c759b0] [com.apple.BackBoard:EventDelivery] will update observations for 0 observers
2026-09-30 23:45:26.697 Df MobileCal[88807:c759ae] [com.apple.BackBoard:EventDelivery] will update observations for 0 observers
2026-09-30 23:45:26.697 Df SafariViewService[24111:c74dec] [com.apple.BackBoard:EventDelivery] [BKSHIDEventObserver] policy-per (
    <0x10978f3a0; _UIKeyboardFocu…ant-0x105d36760; fb/FBSceneManag…Service-default; <none; generation: 0>>,
    <0x109786ca0; _UIKeyWindowSce…ver-0x106775a10; com.apple.UIKit…Service-default; <none; generation: 0>>,
    <0x109792140; _UIKeyWindowSce…ver-0x109c5ee20; com.apple.UIKit…ervice-CF83E032; <none; generation: 0>>,
    <0x109793b10; _UIKeyboardFocu…ant-0x105d3a7c0; 42063(v277B73)-…ervice-CF83E032; <ancestor; generation: 639>>,
    <0x1097938e0; _UIKeyWindowSce…ver-0x109cdf750; 42063(v277B73)-…ervice-CF83E032; <ancestor; generation: 639>>,
    <0x10978fbf0; _UIKeyWindowSce…ver-0x105ca3cf0; fb/FBSceneManag…Service-default; <none; generation: 0>>
)
2026-09-30 23:45:26.697 Df SpringBoard[86754:c75038] [com.apple.BackBoard:EventDelivery] will update observations for 0 observers
2026-09-30 23:45:26.697 Df WidgetRenderer_Default[87237:c759b1] [com.apple.BackBoard:EventDelivery] will update observations for 0 observers
2026-09-30 23:45:26.697 Df Preferences[37416:c74d28] [com.apple.BackBoard:EventDelivery] will update observations for 0 observers
2026-09-30 23:45:26.697 Df Spotlight[87271:c75861] [com.apple.BackBoard:EventDelivery] will update observations for 0 observers
2026-09-30 23:45:26.697 Df iMessageAppsViewService[93436:c759af] [com.apple.BackBoard:EventDelivery] will update observations for 0 observers
2026-09-30 23:45:26.697 Df MercuryPosterExtension[87267:c74124] [com.apple.BackBoard:EventDelivery] will update observations for 0 observers
2026-09-30 23:45:26.697 Df TextInsertProvider[42547:c75ad5] [com.apple.UIKit:KeyWindow] Setting default evaluation strategy for UIUserInterfaceIdiomPhone to SystemShellManaged
2026-09-30 23:45:26.697 Df Spotlight[87271:c75861] [com.apple.BackBoard:EventDelivery] will update observations for 0 observers
2026-09-30 23:45:26.698 Df TextInsertProvider[42547:c75ad5] [com.apple.UIKit:KeyboardFocusAssistant] Event deferring policy changed: finalScene:N->Y (token: 24111(v26FC93)->/UISceneHosting-com.apple.SafariViewService:UIHostedScene-com.tarunyadgirkar.prefill.spike.textinsert.provider-A0FD0FB3)
2026-09-30 23:45:26.698 Df TextInsertProvider[42547:c75ad5] [com.apple.UIKit:KeyboardSceneDelegate] Scene gained keyboard focus (scene: <_UIHostedWindowScene: 0x104089680>, responder: (nil), wantsKB: N)
2026-09-30 23:45:26.698 Df TextInsertProvider[42547:c75b06] [com.apple.BackBoard:EventDelivery] will update observations for 3 observers
2026-09-30 23:45:26.698 Df TextInsertProvider[42547:c75ad5] [com.apple.UIKit:KeyboardArbiterClientLog] -[_UIRemoteKeyboards prepareToMoveKeyboard:withIAV:isIAVRelevant:showing:notifyRemote:forScene:] position: {{0, 0}, {0, 0}} visible: 0; notifyRemote: 1; isMinimized: NO
2026-09-30 23:45:26.698 Df TextInsertProvider[42547:c75b06] [com.apple.BackBoard:EventDelivery] [BKSHIDEventObserver] policy-per (
    <0x10418f3a0; _UIKeyWindowSce…ver-0x103b7de30; 24111(v26FC93)-…ovider-A0FD0FB3; <ancestor; generation: 639; finalStringToken>>,
    <0x10418f330; _UIKeyboardFocu…ant-0x103a66640; 24111(v26FC93)-…ovider-A0FD0FB3; <ancestor; generation: 639; finalStringToken>>,
    <0x1040fe370; _UIKeyWindowSce…ver-0x10410a7c0; com.apple.UIKit…ovider-A0FD0FB3; <none; generation: 0>>
)
2026-09-30 23:45:26.698 A  runningboardd[86757:c74642] (RunningBoard) acquireAssertionWithDescriptor
2026-09-30 23:45:26.699 Df runningboardd[86757:c74642] [com.apple.libxpc.OSLaunchdJob:all] <OSLaunchdJob | handle=B44DB78D-BFC7-413C-83BF-D8874DEA607B>: copyJobWithHandle: created a job
2026-09-30 23:45:26.699 F  backboardd[86775:c33619] (IOSurface) IOSurfaceQueryTransactionList got non-success return from kernel
2026-09-30 23:45:26.699 A  backboardd[86775:c33619] (libsystem_trace.dylib) Activity for state dumps
2026-09-30 23:45:26.699 F  backboardd[86775:c33619] (IOSurface) IOSurfaceQueryTransactionList got non-success return from kernel
2026-09-30 23:45:26.699 A  backboardd[86775:c33619] (libsystem_trace.dylib) Activity for state dumps
2026-09-30 23:45:26.699 Df runningboardd[86757:c74642] [com.apple.runningboard:ttl] Acquiring assertion targeting osservice<com.apple.InputUI> from originator [xpcservice<com.tarunyadgirkar.prefill.spike.textinsert.provider([app<com.apple.SafariViewService((null))>:24111])>{vt hash: 0}{definition:com.tarunyadgirkar.prefill.spike.textinsert.provider[extension][client]}:42547] with description <RBSAssertionDescriptor| "BSNSXPCTransport[C:5-2]" ID:86757-42547-8801 target:osservice<com.apple.InputUI> attributes:[
	<RBSDomainAttribute| domain:"com.apple.common" name:"BasicAngelIPC" sourceEnvironment:"(null)">,
	<RBSConstraintsAttribute| constraints:7>
	]>
2026-09-30 23:45:26.699 Df runningboardd[86757:c74642] [com.apple.runningboard:ttl] Assertion 86757-42547-8801 (target:osservice<com.apple.InputUI>) will be created as active
2026-09-30 23:45:26.699 Df runningboardd[86757:c74642] [com.apple.runningboard:ttl] setting abstract target for <RBSAssertionDescriptor| "BSNSXPCTransport[C:5-2]" ID:86757-42547-8801 target:osservice<com.apple.InputUI> attributes:[
	<RBSDomainAttribute| domain:"com.apple.common" name:"BasicAngelIPC" sourceEnvironment:"(null)">,
	<RBSConstraintsAttribute| constraints:7>
	]> to [osservice<com.apple.InputUI>:87035]
2026-09-30 23:45:26.699 A  runningboardd[86757:c74647] (RunningBoard) state update
2026-09-30 23:45:26.699 Df TextInsertProvider[42547:c75ad5] [com.apple.KeyboardArbiter:Client] prepareToMoveKeyboard: set currentKeyboard:N (snapshot:N, notifyRemote:Y, position:{{0, 0}, {0, 0}})
2026-09-30 23:45:26.699 A  runningboardd[86757:c74642] (RunningBoard) invalidateAssertionWithIdentifier
2026-09-30 23:45:26.699 Df TextInsertProvider[42547:c75ad5] [com.apple.KeyboardArbiter:Client] TX signalKeyboardChanged: <<fence:Y pos:{{0, 0}, {0, 0}} anim:Y onScreen:N tracking:N resizing:N local:N uiPos:Unknown notif:N> src{scene:24111(v26FC93)->/UISceneHosting-com.apple.SafariViewService:UIHostedScene-com.tarunyadgirkar.prefill.spike.textinsert.provider-A0FD0FB3 display:Main bundle:com.tarunyadgirkar.prefill.spike.textinsert.provider} hostBundle:(null) posWithIAV:(same) snapshot:Y >
2026-09-30 23:45:26.699 Df TextInsertProvider[42547:c75ad5] [com.apple.UIKit:KeyboardArbiterClientLog] -[_UIRemoteKeyboards signalToProxyKeyboardChanged:onCompletion:]  Signaling keyboard changed <<<_UIKeyboardChangedInformation: 0x107f0aa00>; appId (null) bundleId (null) animation fence <BKSAnimationFenceHandle:0x103950640 -> <CAFenceHandle:0x1040a5f10 name=6 fence=152f70000009a usable=YES>>; position {{0, 0}, {0, 0}}; animated YES; on screen NO; tracking NO; resizing NO; local NO, dock state: Unknown, hasValidNotif: NO>; source canvas 24111(v26FC93)->/UISceneHosting-com.apple.SafariViewService:UIHostedScene-com.tarunyadgirkar.prefill.spike.textinsert.provider-A0FD0FB3; source display Main; source bundle com.tarunyadgirkar.prefill.spike.textinsert.provider; host bundle (null); animation fence <BKSAnimationFenceHandle:0x103950640 -> <CAFenceHandle:0x1040a5f10 name=6 fence=152f70000009a usable=YES>>; position {{0, 0}, {0, 0}} (with IAV same); floating 0; on screen NO;  intersectable YES; snapshot YES>
2026-09-30 23:45:26.699 Df runningboardd[86757:c74642] [com.apple.runningboard:ttl] Invalidating assertion 86757-42547-8801 (target:osservice<com.apple.InputUI>) from originator [xpcservice<com.tarunyadgirkar.prefill.spike.textinsert.provider([app<com.apple.SafariViewService((null))>:24111])>{vt hash: 0}{definition:com.tarunyadgirkar.prefill.spike.textinsert.provider[extension][client]}:42547]
2026-09-30 23:45:26.700 Df runningboardd[86757:c74647] [com.apple.runningboard:monitor] Calculated state for osservice<com.apple.InputUI>: running-active (role: UserInteractiveFocal) (endowments: {(
    <RBSProcessEndowmentInfo| namespace:com.apple.boardservices.endpoint-injection env:(null) payload: 14040822456440931537>,
    <RBSProcessEndowmentInfo| namespace:com.apple.frontboard.visibility env:(null)  0>
)})
2026-09-30 23:45:26.700 A  runningboardd[86757:c74642] (RunningBoard) acquireAssertionWithDescriptor
2026-09-30 23:45:26.700 Df runningboardd[86757:c74642] [com.apple.runningboard:ttl] Acquiring assertion targeting [xpcservice<com.tarunyadgirkar.prefill.spike.textinsert.provider([app<com.apple.SafariViewService((null))>:24111])>{vt hash: 0}{definition:com.tarunyadgirkar.prefill.spike.textinsert.provider[extension][client]}:42547] from originator [xpcservice<com.tarunyadgirkar.prefill.spike.textinsert.provider([app<com.apple.SafariViewService((null))>:24111])>{vt hash: 0}{definition:com.tarunyadgirkar.prefill.spike.textinsert.provider[extension][client]}:42547] with description <RBSAssertionDescriptor| "systemAnimationFence" ID:86757-42547-8802 target:42547 attributes:[
	<RBSLegacyAttribute| requestedReason:FinishTask reason:FinishTask flags:( AllowIdleSleep PreventTaskSuspend PreventTaskThrottleDown )>,
	<RBSAcquisitionCompletionAttribute| policy:AfterValidation>
	]>
2026-09-30 23:45:26.700 Df runningboardd[86757:c74642] [com.apple.runningboard:ttl] Assertion 86757-42547-8802 (target:[xpcservice<com.tarunyadgirkar.prefill.spike.textinsert.provider([app<com.apple.SafariViewService((null))>:24111])>{vt hash: 0}{definition:com.tarunyadgirkar.prefill.spike.textinsert.provider[extension][client]}:42547]) will be created as inactive as start-time-defining assertions exist
2026-09-30 23:45:26.700 A  runningboardd[86757:c74647] (RunningBoard) state update
2026-09-30 23:45:26.700 A  SpringBoard[86754:c75038] (RunningBoardServices) observedProcessStatesDidChange
2026-09-30 23:45:26.700 A  InputUI[87035:c74dfc] (RunningBoardServices) observedProcessStatesDidChange
2026-09-30 23:45:26.700 A  MobileSafari[42063:c756c2] (RunningBoardServices) observedProcessStatesDidChange
2026-09-30 23:45:26.700 A  runningboardd[86757:c74642] (RunningBoard) acquireAssertionWithDescriptor
2026-09-30 23:45:26.700 Df InputUI[87035:c74dfc] [com.apple.runningboard:monitor] Received state update for 87035 (osservice<com.apple.InputUI>, running-active-Visible
2026-09-30 23:45:26.700 Df SpringBoard[86754:c75038] [com.apple.runningboard:monitor] Received state update for 87035 (osservice<com.apple.InputUI>, running-active-Visible
2026-09-30 23:45:26.700 Df MobileSafari[42063:c756c2] [com.apple.runningboard:monitor] Received state update for 87035 (osservice<com.apple.InputUI>, running-active-NotVisible
2026-09-30 23:45:26.700 A  mediaremoted[86761:c74e77] (RunningBoardServices) observedProcessStatesDidChange
2026-09-30 23:45:26.700 Df runningboardd[86757:c74642] [com.apple.libxpc.OSLaunchdJob:all] <OSLaunchdJob | handle=B44DB78D-BFC7-413C-83BF-D8874DEA607B>: copyJobWithHandle: created a job
2026-09-30 23:45:26.700 Df mediaremoted[86761:c74e77] [com.apple.runningboard:monitor] Received state update for 87035 (osservice<com.apple.InputUI>, running-active-Visible
2026-09-30 23:45:26.701 Df runningboardd[86757:c74642] [com.apple.runningboard:ttl] Acquiring assertion targeting osservice<com.apple.InputUI> from originator [xpcservice<com.tarunyadgirkar.prefill.spike.textinsert.provider([app<com.apple.SafariViewService((null))>:24111])>{vt hash: 0}{definition:com.tarunyadgirkar.prefill.spike.textinsert.provider[extension][client]}:42547] with description <RBSAssertionDescriptor| "BSNSXPCTransport[C:5-2]" ID:86757-42547-8803 target:osservice<com.apple.InputUI> attributes:[
	<RBSDomainAttribute| domain:"com.apple.common" name:"BasicAngelIPC" sourceEnvironment:"(null)">,
	<RBSConstraintsAttribute| constraints:7>
	]>
2026-09-30 23:45:26.701 Df runningboardd[86757:c74642] [com.apple.runningboard:ttl] Assertion 86757-42547-8803 (target:osservice<com.apple.InputUI>) will be created as active
2026-09-30 23:45:26.701 Df runningboardd[86757:c74642] [com.apple.runningboard:ttl] setting abstract target for <RBSAssertionDescriptor| "BSNSXPCTransport[C:5-2]" ID:86757-42547-8803 target:osservice<com.apple.InputUI> attributes:[
	<RBSDomainAttribute| domain:"com.apple.common" name:"BasicAngelIPC" sourceEnvironment:"(null)">,
	<RBSConstraintsAttribute| constraints:7>
	]> to [osservice<com.apple.InputUI>:87035]
2026-09-30 23:45:26.701 A  runningboardd[86757:c74647] (RunningBoard) state update
2026-09-30 23:45:26.701 Df InputUI[87035:c33b5c] [com.apple.KeyboardArbiter:Handle] RX com.tarunyadgirkar.prefill.spike.textinsert.provider(42547) signalKeyboardChanged
    keyboardChanges:<<fence:Y pos:{{0, 0}, {0, 0}} anim:Y onScreen:N tracking:N resizing:N local:N uiPos:Unknown notif:N> src{scene:24111(v26FC93)->/UISceneHosting-com.apple.SafariViewService:UIHostedScene-com.tarunyadgirkar.prefill.spike.textinsert.provider-A0FD0FB3 display:Main bundle:com.tarunyadgirkar.prefill.spike.textinsert.provider} hostBundle:(null) posWithIAV:(same) snapshot:Y >
2026-09-30 23:45:26.701 Df InputUI[87035:c33b5c] [com.apple.KeyboardArbiter:Events] set activeInputDestination:(null)
2026-09-30 23:45:26.701 Df InputUI[87035:c33b5c] [com.apple.UIKit:KeyboardArbiter] active input destination is now (null); information: <<<_UIKeyboardChangedInformation: 0x10728d200>; appId (null) bundleId (null) animation fence <BKSAnimationFenceHandle:0x106ff83b0 -> <CAFenceHandle:0x1070cb170 name=1be fence=152f70000009a usable=NO>>; position {{0, 0}, {0, 0}}; animated YES; on screen NO; tracking NO; resizing NO; local NO, dock state: Unknown, hasValidNotif: NO>; source canvas 24111(v26FC93)->/UISceneHosting-com.apple.SafariViewService:UIHostedScene-com.tarunyadgirkar.prefill.spike.textinsert.provider-A0FD0FB3; source display Main; source bundle com.tarunyadgirkar.prefill.spike.textinsert.provider; host bundle (null); animation fence <BKSAnimationFenceHandle:0x106ff83b0 -> <CAFenceHandle:0x1070cb170 name=1be fence=152f70000009a usable=NO>>; position {{0, 0}, {0, 0}} (with IAV same); floating 0; on screen NO;  intersectable YES; snapshot YES>
2026-09-30 23:45:26.701 A  runningboardd[86757:c74647] (RunningBoard) invalidateAssertionWithIdentifier
2026-09-30 23:45:26.701 Df runningboardd[86757:c74647] [com.apple.runningboard:ttl] Invalidating assertion 86757-42547-8802 (target:[xpcservice<com.tarunyadgirkar.prefill.spike.textinsert.provider([app<com.apple.SafariViewService((null))>:24111])>{vt hash: 0}{definition:com.tarunyadgirkar.prefill.spike.textinsert.provider[extension][client]}:42547]) from originator [xpcservice<com.tarunyadgirkar.prefill.spike.textinsert.provider([app<com.apple.SafariViewService((null))>:24111])>{vt hash: 0}{definition:com.tarunyadgirkar.prefill.spike.textinsert.provider[extension][client]}:42547]
2026-09-30 23:45:26.701 A  runningboardd[86757:c74647] (RunningBoard) acquireAssertionWithDescriptor
2026-09-30 23:45:26.701 Df runningboardd[86757:c74647] [com.apple.runningboard:ttl] Acquiring assertion targeting [osservice<com.apple.SpringBoard>:86754] from originator [osservice<com.apple.InputUI>:87035] with description <RBSAssertionDescriptor| "com.apple.UIKit.KeyboardManagement.message" ID:86757-87035-8804 target:86754 attributes:[
	<RBSDomainAttribute| domain:"com.apple.UIKit.KeyboardManagement.xpc" name:"Arbiter" sourceEnvironment:"(null)">
	]>
2026-09-30 23:45:26.702 Df runningboardd[86757:c74647] [com.apple.runningboard:ttl] Assertion 86757-87035-8804 (target:[osservice<com.apple.SpringBoard>:86754]) will be created as active
2026-09-30 23:45:26.702 A  runningboardd[86757:c75464] (RunningBoard) state update
2026-09-30 23:45:26.702 Df runningboardd[86757:c74642] [com.apple.runningboard:process] [osservice<com.apple.SpringBoard>:86754] Ignoring jetsam update because this process is not memory-managed
2026-09-30 23:45:26.702 Df runningboardd[86757:c74642] [com.apple.runningboard:process] [osservice<com.apple.SpringBoard>:86754] Ignoring suspend because this process is not lifecycle managed
2026-09-30 23:45:26.702 Df runningboardd[86757:c75464] [com.apple.runningboard:monitor] Calculated state for osservice<com.apple.SpringBoard>: running-active (role: UserInteractiveFocal) (endowments: {(
    <RBSProcessEndowmentInfo| namespace:com.apple.boardservices.endpoint-injection env:(null) payload: 10368935462144248724>,
    <RBSProcessEndowmentInfo| namespace:com.apple.frontboard.visibility env:UIScene:com.apple.frontboard.systemappservices/SSK.primary.root(mainDisplay):SB-main payload: 3286669422001561946>,
    <RBSProcessEndowmentInfo| namespace:com.apple.frontboard.visibility env:UIRootWindow:0x116f44000 payload: 3286669422001561946>,
    <RBSProcessEndowmentInfo| namespace:com.apple.frontboard.visibility env:UIScene:com.apple.frontboard.systemappservices/SSK.primary.root(mainDisplay):SB-systemAperture payload: 3286669422001561946>,
    <RBSProcessEndowmentInfo| namespace:com.apple.frontboard.visibility env:(null)  0>,
    <RBSProcessEndowmentInfo| namespace:com.apple.frontboard.visibility env:UIScene:com.apple.frontboard.systemappservices/SSK.primary.root(mainDisplay):PresentationBinderIndirectAccess)
2026-09-30 23:45:26.702 Df runningboardd[86757:c74642] [com.apple.runningboard:process] [osservice<com.apple.SpringBoard>:86754] Ignoring GPU update because this process is not GPU managed
2026-09-30 23:45:26.702 Df SpringBoard[86754:c334f8] [com.apple.KeyboardArbiter:Client] RX keyboardChanged (isLocal:N source:24111(v26FC93)->/UISceneHosting-com.apple.SafariViewService:UIHostedScene-com.tarunyadgirkar.prefill.spike.textinsert.provider-A0FD0FB3 frame:{{0, 0}, {0, 0}} onScreen:N)
2026-09-30 23:45:26.702 Df SpringBoard[86754:c334f8] [com.apple.KeyboardArbiter:Client] handleKeyboardChange: set currentKeyboard:N (wasKeyboard:N)
2026-09-30 23:45:26.702 A  runningboardd[86757:c75464] (RunningBoard) acquireAssertionWithDescriptor
2026-09-30 23:45:26.702 A  SpringBoard[86754:c72fa0] (RunningBoardServices) observedProcessStatesDidChange
2026-09-30 23:45:26.702 Df SpringBoard[86754:c334f8] [com.apple.UIKit:KeyboardSceneDelegate] Tracking provider: updateProviderFromRemoteUpdate for info: <<<_UIKeyboardChangedInformation: 0x11f763780>; appId (null) bundleId (null) animation fence (null); position {{0, 0}, {0, 0}}; animated YES; on screen NO; tracking NO; resizing NO; local NO, dock state: Unknown, hasValidNotif: NO>; source canvas 24111(v26FC93)->/UISceneHosting-com.apple.SafariViewService:UIHostedScene-com.tarunyadgirkar.prefill.spike.textinsert.provider-A0FD0FB3; source display Main; source bundle com.tarunyadgirkar.prefill.spike.textinsert.provider; host bundle (null); animation fence (null); position {{0, 0}, {0, 0}} (with IAV same); floating 0; on screen NO;  intersectable YES; snapshot YES> update to {{0, 0}, {0, 0}}
2026-09-30 23:45:26.702 Df runningboardd[86757:c75464] [com.apple.runningboard:ttl] Acquiring assertion targeting [osservice<com.apple.DragUI.druid>:97297] from originator [osservice<com.apple.InputUI>:87035] with description <RBSAssertionDescriptor| "com.apple.UIKit.KeyboardManagement.message" ID:86757-87035-8805 target:97297 attributes:[
	<RBSDomainAttribute| domain:"com.apple.UIKit.KeyboardManagement.xpc" name:"Arbiter" sourceEnvironment:"(null)">
	]>
2026-09-30 23:45:26.702 Df SpringBoard[86754:c72fa0] [com.apple.runningboard:monitor] Received state update for 86754 (osservice<com.apple.SpringBoard>, running-active-Visible
2026-09-30 23:45:26.702 A  InputUI[87035:c74dfc] (RunningBoardServices) observedProcessStatesDidChange
2026-09-30 23:45:26.702 Df SpringBoard[86754:c334f8] [com.apple.UIKit:TrackingElementWindowController] Updating sizing for existing placement <UIInputViewSetPlacementOffScreenDown>
2026-09-30 23:45:26.702 Df InputUI[87035:c74dfc] [com.apple.runningboard:monitor] Received state update for 86754 (osservice<com.apple.SpringBoard>, running-active-Visible
2026-09-30 23:45:26.702 Df runningboardd[86757:c75464] [com.apple.runningboard:ttl] Assertion 86757-87035-8805 (target:[osservice<com.apple.DragUI.druid>:97297]) will be created as active
2026-09-30 23:45:26.702 A  mediaremoted[86761:c74e5f] (RunningBoardServices) observedProcessStatesDidChange
2026-09-30 23:45:26.702 Df SpringBoard[86754:c334f8] [com.apple.TextInputUI:KeyboardTrackingCoordinator] Updating tracking clients for start <TUIKeyboardTrackingCoordinator:0x115d32d00 state=<TUIKeyboardState: 0x11f5c3120 State: offscreen; is docked>; frame={{0, 0}, {0, 0}}; animation=<TUIKeyboardAnimationInfo: 0x126204240, duration: 0.38, from remote keyboard, is not rotating, should animate, type: 0, notificationInfo: {
    UIKeyboardAnimationCurveUserInfoKey = 7;
    UIKeyboardAnimationDurationUserInfoKey = "0.3833";
    UIKeyboardBoundsUserInfoKey = "NSRect: {{0, 0}, {0, 0}}";
    UIKeyboardCenterBeginUserInfoKey = "NSPoint: {0, 0}";
    UIKeyboardCenterEndUserInfoKey = "NSPoint: {0, 0}";
    UIKeyboardFrameBeginUserInfoKey = "NSRect: {{0, 0}, {0, 0}}";
    UIKeyboardFrameEndUserInfoKey = "NSRect: {{0, 0}, {0, 0}}";
    UIKeyboardIsLocalUserInfoKey = 0;
}notificationsDebug: >>
2026-09-30 23:45:26.702 A  sleepd[86781:c73e58] (RunningBoardServices) observedProcessStatesDidChange
2026-09-30 23:45:26.702 Df mediaremoted[86761:c74e5f] [com.apple.runningboard:monitor] Received state update for 86754 (osservice<com.apple.SpringBoard>, running-active-Visible
2026-09-30 23:45:26.702 A  testmanagerd[88342:c7494b] (RunningBoardServices) observedProcessStatesDidChange
2026-09-30 23:45:26.702 A  callservicesd[86889:c74e26] (RunningBoardServices) observedProcessStatesDidChange
2026-09-30 23:45:26.702 Df SpringBoard[86754:c334f8] [com.apple.TextInputUI:KeyboardTrackingCoordinator] Updating tracking clients for start <TUIKeyboardTrackingCoordinator:0x115e79540 state=<TUIKeyboardState: 0x11f5c3120 State: offscreen; is docked>; frame={{0, 0}, {0, 0}}; animation=<TUIKeyboardAnimationInfo: 0x126204240, duration: 0.38, from remote keyboard, is not rotating, should animate, type: 0, notificationInfo: {
    UIKeyboardAnimationCurveUserInfoKey = 7;
    UIKeyboardAnimationDurationUserInfoKey = "0.3833";
    UIKeyboardBoundsUserInfoKey = "NSRect: {{0, 0}, {0, 0}}";
    UIKeyboardCenterBeginUserInfoKey = "NSPoint: {0, 0}";
    UIKeyboardCenterEndUserInfoKey = "NSPoint: {0, 0}";
    UIKeyboardFrameBeginUserInfoKey = "NSRect: {{0, 0}, {0, 0}}";
    UIKeyboardFrameEndUserInfoKey = "NSRect: {{0, 0}, {0, 0}}";
    UIKeyboardIsLocalUserInfoKey = 0;
}notificationsDebug: >>
2026-09-30 23:45:26.702 Df sleepd[86781:c73e58] [com.apple.runningboard:monitor] Received state update for 86754 (osservice<com.apple.SpringBoard>, running-active-NotVisible
2026-09-30 23:45:26.702 Df SpringBoard[86754:c334f8] [com.apple.TextInputUI:KeyboardTrackingCoordinator] Updating tracking clients for start <TUIKeyboardTrackingCoordinator:0x12626ed00 state=<TUIKeyboardState: 0x11f5c3120 State: offscreen; is docked>; frame={{0, 0}, {0, 0}}; animation=<TUIKeyboardAnimationInfo: 0x126204240, duration: 0.38, from remote keyboard, is not rotating, should animate, type: 0, notificationInfo: {
    UIKeyboardAnimationCurveUserInfoKey = 7;
    UIKeyboardAnimationDurationUserInfoKey = "0.3833";
    UIKeyboardBoundsUserInfoKey = "NSRect: {{0, 0}, {0, 0}}";
    UIKeyboardCenterBeginUserInfoKey = "NSPoint: {0, 0}";
    UIKeyboardCenterEndUserInfoKey = "NSPoint: {0, 0}";
    UIKeyboardFrameBeginUserInfoKey = "NSRect: {{0, 0}, {0, 0}}";
    UIKeyboardFrameEndUserInfoKey = "NSRect: {{0, 0}, {0, 0}}";
    UIKeyboardIsLocalUserInfoKey = 0;
}notificationsDebug: >>
2026-09-30 23:45:26.702 Df testmanagerd[88342:c7494b] [com.apple.runningboard:monitor] Received state update for 86754 (osservice<com.apple.SpringBoard>, running-active-Visible
2026-09-30 23:45:26.702 Df SpringBoard[86754:c334f8] [com.apple.TextInputUI:KeyboardTrackingCoordinator] Updating tracking clients for start <TUIKeyboardTrackingCoordinator:0x115d32300 state=<TUIKeyboardState: 0x11f5c3120 State: offscreen; is docked>; frame={{0, 0}, {0, 0}}; animation=<TUIKeyboardAnimationInfo: 0x126204240, duration: 0.38, from remote keyboard, is not rotating, should animate, type: 0, notificationInfo: {
    UIKeyboardAnimationCurveUserInfoKey = 7;
    UIKeyboardAnimationDurationUserInfoKey = "0.3833";
    UIKeyboardBoundsUserInfoKey = "NSRect: {{0, 0}, {0, 0}}";
    UIKeyboardCenterBeginUserInfoKey = "NSPoint: {0, 0}";
    UIKeyboardCenterEndUserInfoKey = "NSPoint: {0, 0}";
    UIKeyboardFrameBeginUserInfoKey = "NSRect: {{0, 0}, {0, 0}}";
    UIKeyboardFrameEndUserInfoKey = "NSRect: {{0, 0}, {0, 0}}";
    UIKeyboardIsLocalUserInfoKey = 0;
}notificationsDebug: >>
2026-09-30 23:45:26.702 Df callservicesd[86889:c74e26] [com.apple.runningboard:monitor] Received state update for 86754 (osservice<com.apple.SpringBoard>, running-active-Visible
2026-09-30 23:45:26.702 A  runningboardd[86757:c74644] (RunningBoard) acquireAssertionWithDescriptor
2026-09-30 23:45:26.702 Df SpringBoard[86754:c334f8] [com.apple.TextInputUI:KeyboardTrackingCoordinator] Updating tracking clients for start <TUIKeyboardTrackingCoordinator:0x115d32a80 state=<TUIKeyboardState: 0x11f5c3120 State: offscreen; is docked>; frame={{0, 0}, {0, 0}}; animation=<TUIKeyboardAnimationInfo: 0x126204240, duration: 0.38, from remote keyboard, is not rotating, should animate, type: 0, notificationInfo: {
    UIKeyboardAnimationCurveUserInfoKey = 7;
    UIKeyboardAnimationDurationUserInfoKey = "0.3833";
    UIKeyboardBoundsUserInfoKey = "NSRect: {{0, 0}, {0, 0}}";
    UIKeyboardCenterBeginUserInfoKey = "NSPoint: {0, 0}";
    UIKeyboardCenterEndUserInfoKey = "NSPoint: {0, 0}";
    UIKeyboardFrameBeginUserInfoKey = "NSRect: {{0, 0}, {0, 0}}";
    UIKeyboardFrameEndUserInfoKey = "NSRect: {{0, 0}, {0, 0}}";
    UIKeyboardIsLocalUserInfoKey = 0;
}notificationsDebug: >>
2026-09-30 23:45:26.703 Df SpringBoard[86754:c334f8] [com.apple.UIKit:KeyboardSceneDelegate] forceReloadInputViews
2026-09-30 23:45:26.703 Df SpringBoard[86754:c334f8] [com.apple.UIKit:KeyboardSceneDelegate] Try reloading input views for responder:(nil) requiresKB:N force:Y scene-identity:(nil)
2026-09-30 23:45:26.703 A  runningboardd[86757:c74647] (RunningBoard) state update
2026-09-30 23:45:26.703 Df SpringBoard[86754:c334f8] [com.apple.UIKit:KeyboardSceneDelegate] Reloading input views for non-key-window scene responder:(nil) requiresKB:N force:Y scene-identity:(nil)
2026-09-30 23:45:26.703 Df SpringBoard[86754:c334f8] [com.apple.UIKit:KeyboardSceneDelegate] _inputViewsForResponder: <(null): 0x0; >, automaticKeyboard: 0, force: 1
2026-09-30 23:45:26.703 Df SpringBoard[86754:c334f8] [com.apple.UIKit:KeyboardSceneDelegate] _inputViewsForResponder responderRequiresKeyboard:0, useKeyboard:0 (automaticKeyboardEnabled: 0, activeInstance:<(null): 0x0>, self.isOnScreen:0, requiresKBWhenFirstResponder:0, allowsSystemInputView:1, inputView:<(null): 0x0>)
2026-09-30 23:45:26.703 Df runningboardd[86757:c74644] [com.apple.runningboard:ttl] Acquiring assertion targeting [app<com.apple.mobilesafari((null))>:42063] from originator [osservice<com.apple.InputUI>:87035] with description <RBSAssertionDescriptor| "com.apple.UIKit.KeyboardManagement.message" ID:86757-87035-8806 target:42063 attributes:[
	<RBSDomainAttribute| domain:"com.apple.UIKit.KeyboardManagement.xpc" name:"Arbiter" sourceEnvironment:"(null)">
	]>
2026-09-30 23:45:26.703 Df SpringBoard[86754:c334f8] [com.apple.UIKit:KeyboardSceneDelegate] _inputViewsForResponder returning: <<UIInputViewSet: 0x126207840>; (empty)>
2026-09-30 23:45:26.703 Df runningboardd[86757:c74644] [com.apple.runningboard:ttl] Assertion 86757-87035-8806 (target:[app<com.apple.mobilesafari((null))>:42063]) will be created as active
2026-09-30 23:45:26.703 Df SpringBoard[86754:c334f8] [com.apple.UIKit:KeyboardSceneDelegate] setWindowSceneInputViews:<<UIInputViewSet: 0x126207840>; (empty)> scene-identity:(nil)
2026-09-30 23:45:26.703 Df runningboardd[86757:c74642] [com.apple.runningboard:process] [osservice<com.apple.SpringBoard>:86754] Ignoring memory limit update because this process is not memory-managed
2026-09-30 23:45:26.703 Df SpringBoard[86754:c334f8] [com.apple.UIKit:TrackingElementWindowController] Setting tracking element input views: <<UIInputViewSet: 0x126204f00>; (empty)>
2026-09-30 23:45:26.703 A  runningboardd[86757:c75464] (RunningBoard) state update
2026-09-30 23:45:26.703 Df SpringBoard[86754:c334f8] [com.apple.UIKit:UIPeripheralHost] endPlacementForInputViewSet: <<UIInputViewSet: 0x126204f00>; (empty)> windowScene: <_UIScreenBasedWindowScene: 0x10cf92a80; role: _UIScreenBasedSceneSession; persistentIdentifier: 9B7B548A-BC90-4333-B4BF-93072312B2B7; activationState: UISceneActivationStateForegroundActive>
2026-09-30 23:45:26.703 Df SpringBoard[86754:c334f8] [com.apple.UIKit:TrackingElementWindowController] Moving from placement: <UIInputViewSetPlacementOffScreenDown> to placement: <UIInputViewSetPlacementOffScreenDown> (currentPlacement: <UIInputViewSetPlacementOffScreenDown>)
2026-09-30 23:45:26.703 Df MobileSafari[42063:c75080] [com.apple.KeyboardArbiter:Client] RX keyboardChanged (isLocal:N source:24111(v26FC93)->/UISceneHosting-com.apple.SafariViewService:UIHostedScene-com.tarunyadgirkar.prefill.spike.textinsert.provider-A0FD0FB3 frame:{{0, 0}, {0, 0}} onScreen:N)
2026-09-30 23:45:26.703 A  runningboardd[86757:c74647] (RunningBoard) acquireAssertionWithDescriptor
2026-09-30 23:45:26.703 Df MobileSafari[42063:c75080] [com.apple.KeyboardArbiter:Client] handleKeyboardChange: set currentKeyboard:N (wasKeyboard:N)
2026-09-30 23:45:26.703 Df SpringBoard[86754:c334f8] [com.apple.UIKit:KeyboardSceneDelegate] Tracking provider: updateProviderFromRemoteUpdate for info: <<<_UIKeyboardChangedInformation: 0x11f763780>; appId (null) bundleId (null) animation fence (null); position {{0, 0}, {0, 0}}; animated YES; on screen NO; tracking NO; resizing NO; local NO, dock state: Unknown, hasValidNotif: NO>; source canvas 24111(v26FC93)->/UISceneHosting-com.apple.SafariViewService:UIHostedScene-com.tarunyadgirkar.prefill.spike.textinsert.provider-A0FD0FB3; source display Main; source bundle com.tarunyadgirkar.prefill.spike.textinsert.provider; host bundle (null); animation fence (null); position {{0, 0}, {0, 0}} (with IAV same); floating 0; on screen NO;  intersectable YES; snapshot YES> update to {{0, 0}, {0, 0}}
2026-09-30 23:45:26.704 Df SpringBoard[86754:c334f8] [com.apple.UIKit:TrackingElementWindowController] Updating sizing for existing placement <UIInputViewSetPlacementOffScreenDown>
2026-09-30 23:45:26.704 Df MobileSafari[42063:c75080] [com.apple.UIKit:KeyboardSceneDelegate] Tracking provider: updateProviderFromRemoteUpdate for info: <<<_UIKeyboardChangedInformation: 0x1073af900>; appId (null) bundleId (null) animation fence (null); position {{0, 0}, {0, 0}}; animated YES; on screen NO; tracking NO; resizing NO; local NO, dock state: Unknown, hasValidNotif: NO>; source canvas 24111(v26FC93)->/UISceneHosting-com.apple.SafariViewService:UIHostedScene-com.tarunyadgirkar.prefill.spike.textinsert.provider-A0FD0FB3; source display Main; source bundle com.tarunyadgirkar.prefill.spike.textinsert.provider; host bundle (null); animation fence (null); position {{0, 0}, {0, 0}} (with IAV same); floating 0; on screen NO;  intersectable YES; snapshot YES> update to {{0, 0}, {0, 0}}
2026-09-30 23:45:26.704 Df MobileSafari[42063:c75080] [com.apple.UIKit:TrackingElementWindowController] Updating sizing for existing placement <UIInputViewSetPlacementOffScreenDown>
2026-09-30 23:45:26.704 Df MobileSafari[42063:c75080] [com.apple.TextInputUI:KeyboardTrackingCoordinator] Updating tracking clients for start <TUIKeyboardTrackingCoordinator:0x107171a40 state=<TUIKeyboardState: 0x16e031480 State: offscreen; is docked>; frame={{0, 0}, {0, 0}}; animation=<TUIKeyboardAnimationInfo: 0x173899ec0, duration: 0.38, from remote keyboard, is not rotating, should animate, type: 0, notificationInfo: {
    UIKeyboardAnimationCurveUserInfoKey = 7;
    UIKeyboardAnimationDurationUserInfoKey = "0.3833";
    UIKeyboardBoundsUserInfoKey = "NSRect: {{0, 0}, {0, 0}}";
    UIKeyboardCenterBeginUserInfoKey = "NSPoint: {0, 0}";
    UIKeyboardCenterEndUserInfoKey = "NSPoint: {0, 0}";
    UIKeyboardFrameBeginUserInfoKey = "NSRect: {{0, 0}, {0, 0}}";
    UIKeyboardFrameEndUserInfoKey = "NSRect: {{0, 0}, {0, 0}}";
    UIKeyboardIsLocalUserInfoKey = 0;
}notificationsDebug: >>
2026-09-30 23:45:26.704 Df SpringBoard[86754:c334f8] [com.apple.TextInputUI:KeyboardTrackingCoordinator] Updating tracking clients for start <TUIKeyboardTrackingCoordinator:0x115d32d00 state=<TUIKeyboardState: 0x113b20ea0 State: offscreen; is docked>; frame={{0, 0}, {0, 0}}; animation=<TUIKeyboardAnimationInfo: 0x126206580, duration: 0.38, from remote keyboard, is not rotating, should animate, type: 0, notificationInfo: {
    UIKeyboardAnimationCurveUserInfoKey = 7;
    UIKeyboardAnimationDurationUserInfoKey = "0.3833";
    UIKeyboardBoundsUserInfoKey = "NSRect: {{0, 0}, {0, 0}}";
    UIKeyboardCenterBeginUserInfoKey = "NSPoint: {0, 0}";
    UIKeyboardCenterEndUserInfoKey = "NSPoint: {0, 0}";
    UIKeyboardFrameBeginUserInfoKey = "NSRect: {{0, 0}, {0, 0}}";
    UIKeyboardFrameEndUserInfoKey = "NSRect: {{0, 0}, {0, 0}}";
    UIKeyboardIsLocalUserInfoKey = 0;
}notificationsDebug: >>
2026-09-30 23:45:26.704 Df SpringBoard[86754:c334f8] [com.apple.TextInputUI:KeyboardTrackingCoordinator] Updating tracking clients for start <TUIKeyboardTrackingCoordinator:0x115e79540 state=<TUIKeyboardState: 0x113b20ea0 State: offscreen; is docked>; frame={{0, 0}, {0, 0}}; animation=<TUIKeyboardAnimationInfo: 0x126206580, duration: 0.38, from remote keyboard, is not rotating, should animate, type: 0, notificationInfo: {
    UIKeyboardAnimationCurveUserInfoKey = 7;
    UIKeyboardAnimationDurationUserInfoKey = "0.3833";
    UIKeyboardBoundsUserInfoKey = "NSRect: {{0, 0}, {0, 0}}";
    UIKeyboardCenterBeginUserInfoKey = "NSPoint: {0, 0}";
    UIKeyboardCenterEndUserInfoKey = "NSPoint: {0, 0}";
    UIKeyboardFrameBeginUserInfoKey = "NSRect: {{0, 0}, {0, 0}}";
    UIKeyboardFrameEndUserInfoKey = "NSRect: {{0, 0}, {0, 0}}";
    UIKeyboardIsLocalUserInfoKey = 0;
}notificationsDebug: >>
2026-09-30 23:45:26.704 Df runningboardd[86757:c74647] [com.apple.runningboard:ttl] Acquiring assertion targeting [app<com.apple.SafariViewService((null))>:24111] from originator [osservice<com.apple.InputUI>:87035] with description <RBSAssertionDescriptor| "com.apple.UIKit.KeyboardManagement.message" ID:86757-87035-8807 target:24111 attributes:[
	<RBSDomainAttribute| domain:"com.apple.UIKit.KeyboardManagement.xpc" name:"Arbiter" sourceEnvironment:"(null)">
	]>
2026-09-30 23:45:26.704 Df runningboardd[86757:c74644] [com.apple.runningboard:monitor] Calculated state for app<com.apple.mobilesafari((null))>: running-active (role: UserInteractiveFocal) (endowments: {(
    <RBSProcessEndowmentInfo| namespace:com.apple.boardservices.endpoint-injection env:(null) payload: 18349971461550279522>,
    <RBSProcessEndowmentInfo| namespace:com.apple.frontboard.visibility env:(null)  0>,
    <RBSProcessEndowmentInfo| namespace:com.apple.frontboard.visibility env:UIScene:com.apple.frontboard.systemappservices/FBSceneManager:sceneID%3Acom.apple.mobilesafari-71DD3C25-4702-4D1D-8EB9-7DEF87C13EE1 payload: 3286669422001561946>
)})
2026-09-30 23:45:26.704 Df SpringBoard[86754:c334f8] [com.apple.TextInputUI:KeyboardTrackingCoordinator] Updating tracking clients for start <TUIKeyboardTrackingCoordinator:0x12626ed00 state=<TUIKeyboardState: 0x113b20ea0 State: offscreen; is docked>; frame={{0, 0}, {0, 0}}; animation=<TUIKeyboardAnimationInfo: 0x126206580, duration: 0.38, from remote keyboard, is not rotating, should animate, type: 0, notificationInfo: {
    UIKeyboardAnimationCurveUserInfoKey = 7;
    UIKeyboardAnimationDurationUserInfoKey = "0.3833";
    UIKeyboardBoundsUserInfoKey = "NSRect: {{0, 0}, {0, 0}}";
    UIKeyboardCenterBeginUserInfoKey = "NSPoint: {0, 0}";
    UIKeyboardCenterEndUserInfoKey = "NSPoint: {0, 0}";
    UIKeyboardFrameBeginUserInfoKey = "NSRect: {{0, 0}, {0, 0}}";
    UIKeyboardFrameEndUserInfoKey = "NSRect: {{0, 0}, {0, 0}}";
    UIKeyboardIsLocalUserInfoKey = 0;
}notificationsDebug: >>
2026-09-30 23:45:26.704 Df runningboardd[86757:c74647] [com.apple.runningboard:ttl] Assertion 86757-87035-8807 (target:[app<com.apple.SafariViewService((null))>:24111]) will be created as active
2026-09-30 23:45:26.704 Df SpringBoard[86754:c334f8] [com.apple.TextInputUI:KeyboardTrackingCoordinator] Updating tracking clients for start <TUIKeyboardTrackingCoordinator:0x115d32300 state=<TUIKeyboardState: 0x113b20ea0 State: offscreen; is docked>; frame={{0, 0}, {0, 0}}; animation=<TUIKeyboardAnimationInfo: 0x126206580, duration: 0.38, from remote keyboard, is not rotating, should animate, type: 0, notificationInfo: {
    UIKeyboardAnimationCurveUserInfoKey = 7;
    UIKeyboardAnimationDurationUserInfoKey = "0.3833";
    UIKeyboardBoundsUserInfoKey = "NSRect: {{0, 0}, {0, 0}}";
    UIKeyboardCenterBeginUserInfoKey = "NSPoint: {0, 0}";
    UIKeyboardCenterEndUserInfoKey = "NSPoint: {0, 0}";
    UIKeyboardFrameBeginUserInfoKey = "NSRect: {{0, 0}, {0, 0}}";
    UIKeyboardFrameEndUserInfoKey = "NSRect: {{0, 0}, {0, 0}}";
    UIKeyboardIsLocalUserInfoKey = 0;
}notificationsDebug: >>
2026-09-30 23:45:26.704 Df SpringBoard[86754:c334f8] [com.apple.TextInputUI:KeyboardTrackingCoordinator] Updating tracking clients for start <TUIKeyboardTrackingCoordinator:0x115d32a80 state=<TUIKeyboardState: 0x113b20ea0 State: offscreen; is docked>; frame={{0, 0}, {0, 0}}; animation=<TUIKeyboardAnimationInfo: 0x126206580, duration: 0.38, from remote keyboard, is not rotating, should animate, type: 0, notificationInfo: {
    UIKeyboardAnimationCurveUserInfoKey = 7;
    UIKeyboardAnimationDurationUserInfoKey = "0.3833";
    UIKeyboardBoundsUserInfoKey = "NSRect: {{0, 0}, {0, 0}}";
    UIKeyboardCenterBeginUserInfoKey = "NSPoint: {0, 0}";
    UIKeyboardCenterEndUserInfoKey = "NSPoint: {0, 0}";
    UIKeyboardFrameBeginUserInfoKey = "NSRect: {{0, 0}, {0, 0}}";
    UIKeyboardFrameEndUserInfoKey = "NSRect: {{0, 0}, {0, 0}}";
    UIKeyboardIsLocalUserInfoKey = 0;
}notificationsDebug: >>
2026-09-30 23:45:26.704 Df SpringBoard[86754:c334f8] [com.apple.UIKit:KeyboardSceneDelegate] forceReloadInputViews
2026-09-30 23:45:26.704 A  runningboardd[86757:c75464] (RunningBoard) state update
2026-09-30 23:45:26.704 Df SpringBoard[86754:c334f8] [com.apple.UIKit:KeyboardSceneDelegate] Try reloading input views for responder:(nil) requiresKB:N force:Y scene-identity:com.apple.frontboard.systemappservices/SSK.primary.root(mainDisplay):SB-main
2026-09-30 23:45:26.704 Df SafariViewService[24111:c6392d] [com.apple.KeyboardArbiter:Client] RX keyboardChanged (isLocal:N source:24111(v26FC93)->/UISceneHosting-com.apple.SafariViewService:UIHostedScene-com.tarunyadgirkar.prefill.spike.textinsert.provider-A0FD0FB3 frame:{{0, 0}, {0, 0}} onScreen:N)
2026-09-30 23:45:26.704 Df SpringBoard[86754:c334f8] [com.apple.UIKit:KeyboardSceneDelegate] Reloading input views for key-window scene responder:(nil) requiresKB:N force:Y scene-identity:com.apple.frontboard.systemappservices/SSK.primary.root(mainDisplay):SB-main
2026-09-30 23:45:26.704 Df SafariViewService[24111:c6392d] [com.apple.KeyboardArbiter:Client] handleKeyboardChange: set currentKeyboard:N (wasKeyboard:N)
2026-09-30 23:45:26.704 Df SafariViewService[24111:c6392d] [com.apple.UIKit:KeyboardSceneDelegate] Tracking provider: updateProviderFromRemoteUpdate for info: <<<_UIKeyboardChangedInformation: 0x106650300>; appId (null) bundleId (null) animation fence (null); position {{0, 0}, {0, 0}}; animated YES; on screen NO; tracking NO; resizing NO; local NO, dock state: Unknown, hasValidNotif: NO>; source canvas 24111(v26FC93)->/UISceneHosting-com.apple.SafariViewService:UIHostedScene-com.tarunyadgirkar.prefill.spike.textinsert.provider-A0FD0FB3; source display Main; source bundle com.tarunyadgirkar.prefill.spike.textinsert.provider; host bundle (null); animation fence (null); position {{0, 0}, {0, 0}} (with IAV same); floating 0; on screen NO;  intersectable YES; snapshot YES> update to {{0, 0}, {0, 0}}
2026-09-30 23:45:26.704 Df SafariViewService[24111:c6392d] [com.apple.UIKit:TrackingElementWindowController] Updating sizing for existing placement <UITrackingElementPlacementInitialPosition>
2026-09-30 23:45:26.704 Df SpringBoard[86754:c334f8] [com.apple.UIKit:KeyboardSceneDelegate] Tracking provider: updateProviderFromRemoteUpdate for info: <<<_UIKeyboardChangedInformation: 0x11f763780>; appId (null) bundleId (null) animation fence (null); position {{0, 0}, {0, 0}}; animated YES; on screen NO; tracking NO; resizing NO; local NO, dock state: Unknown, hasValidNotif: NO>; source canvas 24111(v26FC93)->/UISceneHosting-com.apple.SafariViewService:UIHostedScene-com.tarunyadgirkar.prefill.spike.textinsert.provider-A0FD0FB3; source display Main; source bundle com.tarunyadgirkar.prefill.spike.textinsert.provider; host bundle (null); animation fence (null); position {{0, 0}, {0, 0}} (with IAV same); floating 0; on screen NO;  intersectable YES; snapshot YES> update to {{0, 0}, {0, 0}}
2026-09-30 23:45:26.704 Df SafariViewService[24111:c6392d] [com.apple.TextInputUI:KeyboardTrackingCoordinator] Updating tracking clients for start <TUIKeyboardTrackingCoordinator:0x106484780 state=<TUIKeyboardState: 0x13fe6b640 State: offscreen; is docked>; frame={{0, 0}, {0, 0}}; animation=<TUIKeyboardAnimationInfo: 0x1066eed00, duration: 0.38, from remote keyboard, is not rotating, should animate, type: 0, notificationInfo: no notification infonotificationsDebug: >>
2026-09-30 23:45:26.704 Df SpringBoard[86754:c334f8] [com.apple.UIKit:TrackingElementWindowController] Updating sizing for existing placement <UIInputViewSetPlacementOffScreenDown>
2026-09-30 23:45:26.704 Df SafariViewService[24111:c6392d] [com.apple.TextInputUI:KeyboardTrackingCoordinator] Updating tracking clients for start <TUIKeyboardTrackingCoordinator:0x10649d040 state=<TUIKeyboardState: 0x13fe6b640 State: offscreen; is docked>; frame={{0, 0}, {0, 0}}; animation=<TUIKeyboardAnimationInfo: 0x1066eed00, duration: 0.38, from remote keyboard, is not rotating, should animate, type: 0, notificationInfo: no notification infonotificationsDebug: >>
2026-09-30 23:45:26.705 A  runningboardd[86757:c74644] (RunningBoard) acquireAssertionWithDescriptor
2026-09-30 23:45:26.705 Df SafariViewService[24111:c6392d] [com.apple.UIKit:KeyboardSceneDelegate] Tracking provider: updateProviderFromRemoteUpdate for info: <<<_UIKeyboardChangedInformation: 0x106650300>; appId (null) bundleId (null) animation fence (null); position {{0, 0}, {0, 0}}; animated YES; on screen NO; tracking NO; resizing NO; local NO, dock state: Unknown, hasValidNotif: NO>; source canvas 24111(v26FC93)->/UISceneHosting-com.apple.SafariViewService:UIHostedScene-com.tarunyadgirkar.prefill.spike.textinsert.provider-A0FD0FB3; source display Main; source bundle com.tarunyadgirkar.prefill.spike.textinsert.provider; host bundle (null); animation fence (null); position {{0, 0}, {0, 0}} (with IAV same); floating 0; on screen NO;  intersectable YES; snapshot YES> update to {{0, 0}, {0, 0}}
2026-09-30 23:45:26.705 Df SafariViewService[24111:c6392d] [com.apple.UIKit:TrackingElementWindowController] Updating sizing for existing placement <UIInputViewSetPlacementOffScreenDown>
2026-09-30 23:45:26.705 Df SafariViewService[24111:c6392d] [com.apple.UIKit:KeyboardArbiterClientLog] -[_UIRemoteKeyboardPlaceholderView refreshPlaceholder]  refreshPlaceholder: size={402, 0} [previous size={402, 0}]
2026-09-30 23:45:26.705 Df SpringBoard[86754:c334f8] [com.apple.TextInputUI:KeyboardTrackingCoordinator] Updating tracking clients for start <TUIKeyboardTrackingCoordinator:0x115d32d00 state=<TUIKeyboardState: 0x10bd8f8e0 State: offscreen; is docked>; frame={{0, 0}, {0, 0}}; animation=<TUIKeyboardAnimationInfo: 0x1262043c0, duration: 0.38, from remote keyboard, is not rotating, should animate, type: 0, notificationInfo: {
    UIKeyboardAnimationCurveUserInfoKey = 7;
    UIKeyboardAnimationDurationUserInfoKey = "0.3833";
    UIKeyboardBoundsUserInfoKey = "NSRect: {{0, 0}, {0, 0}}";
    UIKeyboardCenterBeginUserInfoKey = "NSPoint: {0, 0}";
    UIKeyboardCenterEndUserInfoKey = "NSPoint: {0, 0}";
    UIKeyboardFrameBeginUserInfoKey = "NSRect: {{0, 0}, {0, 0}}";
    UIKeyboardFrameEndUserInfoKey = "NSRect: {{0, 0}, {0, 0}}";
    UIKeyboardIsLocalUserInfoKey = 0;
}notificationsDebug: >>
2026-09-30 23:45:26.705 Df SafariViewService[24111:c6392d] [com.apple.TextInputUI:KeyboardTrackingCoordinator] Updating tracking clients for start <TUIKeyboardTrackingCoordinator:0x106484780 state=<TUIKeyboardState: 0x13fe6b600 State: offscreen; is docked>; frame={{0, 0}, {0, 0}}; animation=<TUIKeyboardAnimationInfo: 0x1066eec40, duration: 0.40, from remote keyboard, is not rotating, should animate, type: 0, notificationInfo: {
    UIKeyboardAnimationCurveUserInfoKey = 7;
    UIKeyboardAnimationDurationUserInfoKey = "0.3833";
    UIKeyboardBoundsUserInfoKey = "NSRect: {{0, 0}, {0, 0}}";
    UIKeyboardCenterBeginUserInfoKey = "NSPoint: {0, 0}";
    UIKeyboardCenterEndUserInfoKey = "NSPoint: {0, 0}";
    UIKeyboardFrameBeginUserInfoKey = "NSRect: {{0, 0}, {0, 0}}";
    UIKeyboardFrameEndUserInfoKey = "NSRect: {{0, 0}, {0, 0}}";
    UIKeyboardIsLocalUserInfoKey = 0;
}notificationsDebug: >>
2026-09-30 23:45:26.705 Df SpringBoard[86754:c334f8] [com.apple.TextInputUI:KeyboardTrackingCoordinator] Updating tracking clients for start <TUIKeyboardTrackingCoordinator:0x115e79540 state=<TUIKeyboardState: 0x10bd8f8e0 State: offscreen; is docked>; frame={{0, 0}, {0, 0}}; animation=<TUIKeyboardAnimationInfo: 0x1262043c0, duration: 0.38, from remote keyboard, is not rotating, should animate, type: 0, notificationInfo: {
    UIKeyboardAnimationCurveUserInfoKey = 7;
    UIKeyboardAnimationDurationUserInfoKey = "0.3833";
    UIKeyboardBoundsUserInfoKey = "NSRect: {{0, 0}, {0, 0}}";
    UIKeyboardCenterBeginUserInfoKey = "NSPoint: {0, 0}";
    UIKeyboardCenterEndUserInfoKey = "NSPoint: {0, 0}";
    UIKeyboardFrameBeginUserInfoKey = "NSRect: {{0, 0}, {0, 0}}";
    UIKeyboardFrameEndUserInfoKey = "NSRect: {{0, 0}, {0, 0}}";
    UIKeyboardIsLocalUserInfoKey = 0;
}notificationsDebug: >>
2026-09-30 23:45:26.705 Df SafariViewService[24111:c6392d] [com.apple.TextInputUI:KeyboardTrackingCoordinator] Updating tracking clients for start <TUIKeyboardTrackingCoordinator:0x10649d040 state=<TUIKeyboardState: 0x13fe6b600 State: offscreen; is docked>; frame={{0, 0}, {0, 0}}; animation=<TUIKeyboardAnimationInfo: 0x1066eec40, duration: 0.40, from remote keyboard, is not rotating, should animate, type: 0, notificationInfo: {
    UIKeyboardAnimationCurveUserInfoKey = 7;
    UIKeyboardAnimationDurationUserInfoKey = "0.3833";
    UIKeyboardBoundsUserInfoKey = "NSRect: {{0, 0}, {0, 0}}";
    UIKeyboardCenterBeginUserInfoKey = "NSPoint: {0, 0}";
    UIKeyboardCenterEndUserInfoKey = "NSPoint: {0, 0}";
    UIKeyboardFrameBeginUserInfoKey = "NSRect: {{0, 0}, {0, 0}}";
    UIKeyboardFrameEndUserInfoKey = "NSRect: {{0, 0}, {0, 0}}";
    UIKeyboardIsLocalUserInfoKey = 0;
}notificationsDebug: >>
2026-09-30 23:45:26.705 Df SpringBoard[86754:c334f8] [com.apple.TextInputUI:KeyboardTrackingCoordinator] Updating tracking clients for start <TUIKeyboardTrackingCoordinator:0x12626ed00 state=<TUIKeyboardState: 0x10bd8f8e0 State: offscreen; is docked>; frame={{0, 0}, {0, 0}}; animation=<TUIKeyboardAnimationInfo: 0x1262043c0, duration: 0.38, from remote keyboard, is not rotating, should animate, type: 0, notificationInfo: {
    UIKeyboardAnimationCurveUserInfoKey = 7;
    UIKeyboardAnimationDurationUserInfoKey = "0.3833";
    UIKeyboardBoundsUserInfoKey = "NSRect: {{0, 0}, {0, 0}}";
    UIKeyboardCenterBeginUserInfoKey = "NSPoint: {0, 0}";
    UIKeyboardCenterEndUserInfoKey = "NSPoint: {0, 0}";
    UIKeyboardFrameBeginUserInfoKey = "NSRect: {{0, 0}, {0, 0}}";
    UIKeyboardFrameEndUserInfoKey = "NSRect: {{0, 0}, {0, 0}}";
    UIKeyboardIsLocalUserInfoKey = 0;
}notificationsDebug: >>
2026-09-30 23:45:26.705 Df runningboardd[86757:c74644] [com.apple.runningboard:ttl] Acquiring assertion targeting [xpcservice<com.tarunyadgirkar.prefill.spike.textinsert.provider([app<com.apple.SafariViewService((null))>:24111])>{vt hash: 0}{definition:com.tarunyadgirkar.prefill.spike.textinsert.provider[extension][client]}:42547] from originator [osservice<com.apple.InputUI>:87035] with description <RBSAssertionDescriptor| "com.apple.UIKit.KeyboardManagement.message" ID:86757-87035-8808 target:42547 attributes:[
	<RBSDomainAttribute| domain:"com.apple.UIKit.KeyboardManagement.xpc" name:"Arbiter" sourceEnvironment:"(null)">
	]>
2026-09-30 23:45:26.705 Df runningboardd[86757:c75464] [com.apple.runningboard:monitor] Calculated state for app<com.apple.SafariViewService((null))>: running-active (role: UserInteractiveFocal) (endowments: {(
    <RBSProcessEndowmentInfo| namespace:com.apple.boardservices.endpoint-injection env:(null) payload: 15847074923795608237>,
    <RBSProcessEndowmentInfo| namespace:com.apple.boardservices.endpoint-injection env:(null) payload: 16960438825128595554>,
    <RBSProcessEndowmentInfo| namespace:com.apple.frontboard.visibility env:UIScene:42063(v277B73)->/UISceneHosting-com.apple.mobilesafari:UIHostedScene-com.apple.SafariViewService-CF83E032 payload: 3286669422001561946>
)})
2026-09-30 23:45:26.705 Df SpringBoard[86754:c334f8] [com.apple.TextInputUI:KeyboardTrackingCoordinator] Updating tracking clients for start <TUIKeyboardTrackingCoordinator:0x115d32300 state=<TUIKeyboardState: 0x10bd8f8e0 State: offscreen; is docked>; frame={{0, 0}, {0, 0}}; animation=<TUIKeyboardAnimationInfo: 0x1262043c0, duration: 0.38, from remote keyboard, is not rotating, should animate, type: 0, notificationInfo: {
    UIKeyboardAnimationCurveUserInfoKey = 7;
    UIKeyboardAnimationDurationUserInfoKey = "0.3833";
    UIKeyboardBoundsUserInfoKey = "NSRect: {{0, 0}, {0, 0}}";
    UIKeyboardCenterBeginUserInfoKey = "NSPoint: {0, 0}";
    UIKeyboardCenterEndUserInfoKey = "NSPoint: {0, 0}";
    UIKeyboardFrameBeginUserInfoKey = "NSRect: {{0, 0}, {0, 0}}";
    UIKeyboardFrameEndUserInfoKey = "NSRect: {{0, 0}, {0, 0}}";
    UIKeyboardIsLocalUserInfoKey = 0;
}notificationsDebug: >>
2026-09-30 23:45:26.705 Df runningboardd[86757:c74644] [com.apple.runningboard:ttl] Assertion 86757-87035-8808 (target:[xpcservice<com.tarunyadgirkar.prefill.spike.textinsert.provider([app<com.apple.SafariViewService((null))>:24111])>{vt hash: 0}{definition:com.tarunyadgirkar.prefill.spike.textinsert.provider[extension][client]}:42547]) will be created as active
2026-09-30 23:45:26.705 Df SpringBoard[86754:c334f8] [com.apple.TextInputUI:KeyboardTrackingCoordinator] Updating tracking clients for start <TUIKeyboardTrackingCoordinator:0x115d32a80 state=<TUIKeyboardState: 0x10bd8f8e0 State: offscreen; is docked>; frame={{0, 0}, {0, 0}}; animation=<TUIKeyboardAnimationInfo: 0x1262043c0, duration: 0.38, from remote keyboard, is not rotating, should animate, type: 0, notificationInfo: {
    UIKeyboardAnimationCurveUserInfoKey = 7;
    UIKeyboardAnimationDurationUserInfoKey = "0.3833";
    UIKeyboardBoundsUserInfoKey = "NSRect: {{0, 0}, {0, 0}}";
    UIKeyboardCenterBeginUserInfoKey = "NSPoint: {0, 0}";
    UIKeyboardCenterEndUserInfoKey = "NSPoint: {0, 0}";
    UIKeyboardFrameBeginUserInfoKey = "NSRect: {{0, 0}, {0, 0}}";
    UIKeyboardFrameEndUserInfoKey = "NSRect: {{0, 0}, {0, 0}}";
    UIKeyboardIsLocalUserInfoKey = 0;
}notificationsDebug: >>
2026-09-30 23:45:26.705 Df SpringBoard[86754:c334f8] [com.apple.UIKit:KeyboardSceneDelegate] forceReloadInputViews
2026-09-30 23:45:26.705 Df InputUI[87035:c33b5c] [com.apple.KeyboardArbiter:Client] RX keyboardChanged (isLocal:N)
2026-09-30 23:45:26.705 Df InputUI[87035:c33b5c] [com.apple.KeyboardArbiter:Client] RX keyboardChanged (isLocal:N source:24111(v26FC93)->/UISceneHosting-com.apple.SafariViewService:UIHostedScene-com.tarunyadgirkar.prefill.spike.textinsert.provider-A0FD0FB3 frame:{{0, 0}, {0, 0}} onScreen:N)
2026-09-30 23:45:26.705 Df SpringBoard[86754:c334f8] [com.apple.UIKit:KeyboardSceneDelegate] Try reloading input views for responder:(nil) requiresKB:N force:Y scene-identity:com.apple.frontboard.systemappservices/SSK.primary.root(mainDisplay):PresentationBinderIndirectAccessHosting-%5BMain%5D%3A%5BSUIS-DruidUI%3A%5BMain%5D%20-%201%5D
2026-09-30 23:45:26.705 Df InputUI[87035:c33b5c] [com.apple.KeyboardArbiter:Client] handleKeyboardChange: set currentKeyboard:N (wasKeyboard:N)
2026-09-30 23:45:26.705 A  runningboardd[86757:c74644] (RunningBoard) state update
2026-09-30 23:45:26.705 Df SpringBoard[86754:c334f8] [com.apple.UIKit:KeyboardSceneDelegate] Reloading input views for non-key-window scene responder:(nil) requiresKB:N force:Y scene-identity:com.apple.frontboard.systemappservices/SSK.primary.root(mainDisplay):PresentationBinderIndirectAccessHosting-%5BMain%5D%3A%5BSUIS-DruidUI%3A%5BMain%5D%20-%201%5D
2026-09-30 23:45:26.705 A  runningboardd[86757:c75464] (RunningBoard) invalidateAssertionWithIdentifier
2026-09-30 23:45:26.705 Df SpringBoard[86754:c334f8] [com.apple.UIKit:KeyboardSceneDelegate] _inputViewsForResponder: <(null): 0x0; >, automaticKeyboard: 0, force: 1
2026-09-30 23:45:26.706 Df runningboardd[86757:c74644] [com.apple.runningboard:assertion] found a new process to check [app<com.apple.SafariViewService((null))>:24111]
2026-09-30 23:45:26.706 Df SpringBoard[86754:c334f8] [com.apple.UIKit:KeyboardSceneDelegate] _inputViewsForResponder responderRequiresKeyboard:0, useKeyboard:0 (automaticKeyboardEnabled: 0, activeInstance:<(null): 0x0>, self.isOnScreen:0, requiresKBWhenFirstResponder:0, allowsSystemInputView:1, inputView:<(null): 0x0>)
2026-09-30 23:45:26.706 Df SpringBoard[86754:c334f8] [com.apple.UIKit:KeyboardSceneDelegate] _inputViewsForResponder returning: <<UIInputViewSet: 0x126204840>; (empty)>
2026-09-30 23:45:26.706 Df runningboardd[86757:c74644] [com.apple.runningboard:assertion] found a new process to check [app<com.apple.SafariViewService((null))>:24111]
2026-09-30 23:45:26.706 Df SpringBoard[86754:c334f8] [com.apple.UIKit:KeyboardSceneDelegate] setWindowSceneInputViews:<<UIInputViewSet: 0x126204840>; (empty)> scene-identity:com.apple.frontboard.systemappservices/SSK.primary.root(mainDisplay):PresentationBinderIndirectAccessHosting-%5BMain%5D%3A%5BSUIS-DruidUI%3A%5BMain%5D%20-%201%5D
2026-09-30 23:45:26.706 Df runningboardd[86757:c74642] [com.apple.runningboard:process] [osservice<com.apple.DragUI.druid>:97297] Ignoring jetsam update because this process is not memory-managed
2026-09-30 23:45:26.706 Df SpringBoard[86754:c334f8] [com.apple.UIKit:TrackingElementWindowController] Setting tracking element input views: <<UIInputViewSet: 0x126204e40>; (empty)>
2026-09-30 23:45:26.706 Df runningboardd[86757:c74642] [com.apple.runningboard:process] [osservice<com.apple.DragUI.druid>:97297] Ignoring suspend because this process is not lifecycle managed
2026-09-30 23:45:26.706 Df SpringBoard[86754:c334f8] [com.apple.UIKit:UIPeripheralHost] endPlacementForInputViewSet: <<UIInputViewSet: 0x126204e40>; (empty)> windowScene: <UIWindowScene: 0x118d60a00; role: UIWindowSceneSessionRoleApplication; persistentIdentifier: "PresentationBinderIndirectAccessHosting-[Main]:[SUIS-DruidUI:[Main] - 1]"; activationState: UISceneActivationStateForegroundActive>
2026-09-30 23:45:26.706 Df SpringBoard[86754:c334f8] [com.apple.UIKit:TrackingElementWindowController] Moving from placement: <UIInputViewSetPlacementOffScreenDown> to placement: <UIInputViewSetPlacementOffScreenDown> (currentPlacement: <UIInputViewSetPlacementOffScreenDown>)
2026-09-30 23:45:26.706 Df runningboardd[86757:c74642] [com.apple.runningboard:process] [osservice<com.apple.DragUI.druid>:97297] Ignoring role changes because this process is not role managed
2026-09-30 23:45:26.706 Df SpringBoard[86754:c334f8] [com.apple.UIKit:KeyboardSceneDelegate] Tracking provider: updateProviderFromRemoteUpdate for info: <<<_UIKeyboardChangedInformation: 0x11f763780>; appId (null) bundleId (null) animation fence (null); position {{0, 0}, {0, 0}}; animated YES; on screen NO; tracking NO; resizing NO; local NO, dock state: Unknown, hasValidNotif: NO>; source canvas 24111(v26FC93)->/UISceneHosting-com.apple.SafariViewService:UIHostedScene-com.tarunyadgirkar.prefill.spike.textinsert.provider-A0FD0FB3; source display Main; source bundle com.tarunyadgirkar.prefill.spike.textinsert.provider; host bundle (null); animation fence (null); position {{0, 0}, {0, 0}} (with IAV same); floating 0; on screen NO;  intersectable YES; snapshot YES> update to {{0, 0}, {0, 0}}
2026-09-30 23:45:26.706 Df SpringBoard[86754:c334f8] [com.apple.UIKit:TrackingElementWindowController] Updating sizing for existing placement <UIInputViewSetPlacementOffScreenDown>
2026-09-30 23:45:26.706 Df runningboardd[86757:c75464] [com.apple.runningboard:ttl] Invalidating assertion 86757-42547-8803 (target:osservice<com.apple.InputUI>) from originator [xpcservice<com.tarunyadgirkar.prefill.spike.textinsert.provider([app<com.apple.SafariViewService((null))>:24111])>{vt hash: 0}{definition:com.tarunyadgirkar.prefill.spike.textinsert.provider[extension][client]}:42547]
2026-09-30 23:45:26.706 Df runningboardd[86757:c74647] [com.apple.runningboard:monitor] Calculated state for xpcservice<com.tarunyadgirkar.prefill.spike.textinsert.provider([app<com.apple.SafariViewService((null))>:24111])>{vt hash: 0}{definition:com.tarunyadgirkar.prefill.spike.textinsert.provider[extension][client]}: running-active (role: UserInteractiveFocal) (endowments: {(
    <RBSProcessEndowmentInfo| namespace:com.apple.boardservices.endpoint-injection env:(null) payload: 9171431796660299899>,
    <RBSProcessEndowmentInfo| namespace:com.apple.frontboard.visibility env:UIScene:24111(v26FC93)->/UISceneHosting-com.apple.SafariViewService:UIHostedScene-com.tarunyadgirkar.prefill.spike.textinsert.provider-A0FD0FB3 payload: 3286669422001561946>,
    <RBSProcessEndowmentInfo| namespace:com.apple.boardservices.endpoint-injection env:(null) payload: 11112780218690046304>
)})
2026-09-30 23:45:26.706 Df runningboardd[86757:c74642] [com.apple.runningboard:process] [osservice<com.apple.DragUI.druid>:97297] Ignoring GPU update because this process is not GPU managed
2026-09-30 23:45:26.706 Df SpringBoard[86754:c334f8] [com.apple.TextInputUI:KeyboardTrackingCoordinator] Updating tracking clients for start <TUIKeyboardTrackingCoordinator:0x115d32d00 state=<TUIKeyboardState: 0x10bd8e360 State: offscreen; is docked>; frame={{0, 0}, {0, 0}}; animation=<TUIKeyboardAnimationInfo: 0x126205440, duration: 0.38, from remote keyboard, is not rotating, should animate, type: 0, notificationInfo: {
    UIKeyboardAnimationCurveUserInfoKey = 7;
    UIKeyboardAnimationDurationUserInfoKey = "0.3833";
    UIKeyboardBoundsUserInfoKey = "NSRect: {{0, 0}, {0, 0}}";
    UIKeyboardCenterBeginUserInfoKey = "NSPoint: {0, 0}";
    UIKeyboardCenterEndUserInfoKey = "NSPoint: {0, 0}";
    UIKeyboardFrameBeginUserInfoKey = "NSRect: {{0, 0}, {0, 0}}";
    UIKeyboardFrameEndUserInfoKey = "NSRect: {{0, 0}, {0, 0}}";
    UIKeyboardIsLocalUserInfoKey = 0;
}notificationsDebug: >>
2026-09-30 23:45:26.706 Df SpringBoard[86754:c334f8] [com.apple.TextInputUI:KeyboardTrackingCoordinator] Updating tracking clients for start <TUIKeyboardTrackingCoordinator:0x115e79540 state=<TUIKeyboardState: 0x10bd8e360 State: offscreen; is docked>; frame={{0, 0}, {0, 0}}; animation=<TUIKeyboardAnimationInfo: 0x126205440, duration: 0.38, from remote keyboard, is not rotating, should animate, type: 0, notificationInfo: {
    UIKeyboardAnimationCurveUserInfoKey = 7;
    UIKeyboardAnimationDurationUserInfoKey = "0.3833";
    UIKeyboardBoundsUserInfoKey = "NSRect: {{0, 0}, {0, 0}}";
    UIKeyboardCenterBeginUserInfoKey = "NSPoint: {0, 0}";
    UIKeyboardCenterEndUserInfoKey = "NSPoint: {0, 0}";
    UIKeyboardFrameBeginUserInfoKey = "NSRect: {{0, 0}, {0, 0}}";
    UIKeyboardFrameEndUserInfoKey = "NSRect: {{0, 0}, {0, 0}}";
    UIKeyboardIsLocalUserInfoKey = 0;
}notificationsDebug: >>
2026-09-30 23:45:26.706 Df SpringBoard[86754:c334f8] [com.apple.TextInputUI:KeyboardTrackingCoordinator] Updating tracking clients for start <TUIKeyboardTrackingCoordinator:0x12626ed00 state=<TUIKeyboardState: 0x10bd8e360 State: offscreen; is docked>; frame={{0, 0}, {0, 0}}; animation=<TUIKeyboardAnimationInfo: 0x126205440, duration: 0.38, from remote keyboard, is not rotating, should animate, type: 0, notificationInfo: {
    UIKeyboardAnimationCurveUserInfoKey = 7;
    UIKeyboardAnimationDurationUserInfoKey = "0.3833";
    UIKeyboardBoundsUserInfoKey = "NSRect: {{0, 0}, {0, 0}}";
    UIKeyboardCenterBeginUserInfoKey = "NSPoint: {0, 0}";
    UIKeyboardCenterEndUserInfoKey = "NSPoint: {0, 0}";
    UIKeyboardFrameBeginUserInfoKey = "NSRect: {{0, 0}, {0, 0}}";
    UIKeyboardFrameEndUserInfoKey = "NSRect: {{0, 0}, {0, 0}}";
    UIKeyboardIsLocalUserInfoKey = 0;
}notificationsDebug: >>
2026-09-30 23:45:26.706 Df SpringBoard[86754:c334f8] [com.apple.TextInputUI:KeyboardTrackingCoordinator] Updating tracking clients for start <TUIKeyboardTrackingCoordinator:0x115d32300 state=<TUIKeyboardState: 0x10bd8e360 State: offscreen; is docked>; frame={{0, 0}, {0, 0}}; animation=<TUIKeyboardAnimationInfo: 0x126205440, duration: 0.38, from remote keyboard, is not rotating, should animate, type: 0, notificationInfo: {
    UIKeyboardAnimationCurveUserInfoKey = 7;
    UIKeyboardAnimationDurationUserInfoKey = "0.3833";
    UIKeyboardBoundsUserInfoKey = "NSRect: {{0, 0}, {0, 0}}";
    UIKeyboardCenterBeginUserInfoKey = "NSPoint: {0, 0}";
    UIKeyboardCenterEndUserInfoKey = "NSPoint: {0, 0}";
    UIKeyboardFrameBeginUserInfoKey = "NSRect: {{0, 0}, {0, 0}}";
    UIKeyboardFrameEndUserInfoKey = "NSRect: {{0, 0}, {0, 0}}";
    UIKeyboardIsLocalUserInfoKey = 0;
}notificationsDebug: >>
2026-09-30 23:45:26.706 Df runningboardd[86757:c74642] [com.apple.runningboard:process] [osservice<com.apple.DragUI.druid>:97297] Ignoring memory limit update because this process is not memory-managed
2026-09-30 23:45:26.706 Df SpringBoard[86754:c334f8] [com.apple.TextInputUI:KeyboardTrackingCoordinator] Updating tracking clients for start <TUIKeyboardTrackingCoordinator:0x115d32a80 state=<TUIKeyboardState: 0x10bd8e360 State: offscreen; is docked>; frame={{0, 0}, {0, 0}}; animation=<TUIKeyboardAnimationInfo: 0x126205440, duration: 0.38, from remote keyboard, is not rotating, should animate, type: 0, notificationInfo: {
    UIKeyboardAnimationCurveUserInfoKey = 7;
    UIKeyboardAnimationDurationUserInfoKey = "0.3833";
    UIKeyboardBoundsUserInfoKey = "NSRect: {{0, 0}, {0, 0}}";
    UIKeyboardCenterBeginUserInfoKey = "NSPoint: {0, 0}";
    UIKeyboardCenterEndUserInfoKey = "NSPoint: {0, 0}";
    UIKeyboardFrameBeginUserInfoKey = "NSRect: {{0, 0}, {0, 0}}";
    UIKeyboardFrameEndUserInfoKey = "NSRect: {{0, 0}, {0, 0}}";
    UIKeyboardIsLocalUserInfoKey = 0;
}notificationsDebug: >>
2026-09-30 23:45:26.707 Df SpringBoard[86754:c334f8] [com.apple.UIKit:KeyboardSceneDelegate] forceReloadInputViews
2026-09-30 23:45:26.707 Df SpringBoard[86754:c334f8] [com.apple.UIKit:KeyboardSceneDelegate] Try reloading input views for responder:(nil) requiresKB:N force:Y scene-identity:com.apple.frontboard.systemappservices/SSK.primary.root(mainDisplay):SB-systemApertureCurtain
2026-09-30 23:45:26.707 Df SpringBoard[86754:c334f8] [com.apple.UIKit:KeyboardSceneDelegate] Reloading input views for non-key-window scene responder:(nil) requiresKB:N force:Y scene-identity:com.apple.frontboard.systemappservices/SSK.primary.root(mainDisplay):SB-systemApertureCurtain
2026-09-30 23:45:26.707 Df SpringBoard[86754:c334f8] [com.apple.UIKit:KeyboardSceneDelegate] _inputViewsForResponder: <(null): 0x0; >, automaticKeyboard: 0, force: 1
2026-09-30 23:45:26.707 Df SpringBoard[86754:c334f8] [com.apple.UIKit:KeyboardSceneDelegate] _inputViewsForResponder responderRequiresKeyboard:0, useKeyboard:0 (automaticKeyboardEnabled: 0, activeInstance:<(null): 0x0>, self.isOnScreen:0, requiresKBWhenFirstResponder:0, allowsSystemInputView:1, inputView:<(null): 0x0>)
2026-09-30 23:45:26.707 Df SpringBoard[86754:c334f8] [com.apple.UIKit:KeyboardSceneDelegate] _inputViewsForResponder returning: <<UIInputViewSet: 0x126206d00>; (empty)>
2026-09-30 23:45:26.707 Df SpringBoard[86754:c334f8] [com.apple.UIKit:KeyboardSceneDelegate] setWindowSceneInputViews:<<UIInputViewSet: 0x126206d00>; (empty)> scene-identity:com.apple.frontboard.systemappservices/SSK.primary.root(mainDisplay):SB-systemApertureCurtain
2026-09-30 23:45:26.707 A  SpringBoard[86754:c75038] (RunningBoardServices) observedProcessStatesDidChange
2026-09-30 23:45:26.707 A  InputUI[87035:c74f21] (RunningBoardServices) observedProcessStatesDidChange
2026-09-30 23:45:26.707 Df InputUI[87035:c74f21] [com.apple.runningboard:monitor] Received state update for 97297 (osservice<com.apple.DragUI.druid>, running-Visible
2026-09-30 23:45:26.707 A  locationd[86778:c7453e] (RunningBoardServices) observedProcessStatesDidChange
2026-09-30 23:45:26.707 Df SpringBoard[86754:c334f8] [com.apple.UIKit:TrackingElementWindowController] Setting tracking element input views: <<UIInputViewSet: 0x126204b40>; (empty)>
2026-09-30 23:45:26.707 Df locationd[86778:c7453e] [com.apple.runningboard:monitor] Received state update for 42063 (app<com.apple.mobilesafari((null))>, running-active-Visible
2026-09-30 23:45:26.707 A  MobileSafari[42063:c751fd] (RunningBoardServices) observedProcessStatesDidChange
2026-09-30 23:45:26.707 Df SpringBoard[86754:c334f8] [com.apple.UIKit:UIPeripheralHost] endPlacementForInputViewSet: <<UIInputViewSet: 0x126204b40>; (empty)> windowScene: <SBSystemApertureCurtainWindowScene: 0x10cfa0500; role: SBUIWindowSceneSessionRoleSystemApertureCurtain; persistentIdentifier: SB-systemApertureCurtain; activationState: UISceneActivationStateForegroundActive>
2026-09-30 23:45:26.707 A  InputUI[87035:c75377] (RunningBoardServices) observedProcessStatesDidChange
2026-09-30 23:45:26.707 Df MobileSafari[42063:c751fd] [com.apple.runningboard:monitor] Received state update for 24111 (app<com.apple.SafariViewService((null))>, running-active-NotVisible
2026-09-30 23:45:26.707 Df InputUI[87035:c75377] [com.apple.runningboard:monitor] Received state update for 24111 (app<com.apple.SafariViewService((null))>, running-active-Visible
2026-09-30 23:45:26.707 Df InputUI[87035:c75377] [com.apple.runningboard:monitor] Received state update for 42063 (app<com.apple.mobilesafari((null))>, running-active-Visible
2026-09-30 23:45:26.707 Df SpringBoard[86754:c334f8] [com.apple.UIKit:TrackingElementWindowController] Moving from placement: <UIInputViewSetPlacementOffScreenDown> to placement: <UIInputViewSetPlacementOffScreenDown> (currentPlacement: <UIInputViewSetPlacementOffScreenDown>)
2026-09-30 23:45:26.707 A  SafariViewService[24111:c74dec] (RunningBoardServices) observedProcessStatesDidChange
2026-09-30 23:45:26.707 A  InputUI[87035:c75377] (RunningBoardServices) observedProcessStatesDidChange
2026-09-30 23:45:26.707 Df SafariViewService[24111:c74dec] [com.apple.runningboard:monitor] Received state update for 42547 (xpcservice<com.tarunyadgirkar.prefill.spike.textinsert.provider([app<com.apple.SafariViewService((null))>:24111])>{vt hash: 0}{definition:com.tarunyadgirkar.prefill.spike.textinsert.provider[extension][client]}, running-active-NotVisible
2026-09-30 23:45:26.707 A  runningboardd[86757:c75464] (RunningBoard) invalidateAssertionWithIdentifier
2026-09-30 23:45:26.707 Df SpringBoard[86754:c334f8] [com.apple.UIKit:KeyboardSceneDelegate] Tracking provider: updateProviderFromRemoteUpdate for info: <<<_UIKeyboardChangedInformation: 0x11f763780>; appId (null) bundleId (null) animation fence (null); position {{0, 0}, {0, 0}}; animated YES; on screen NO; tracking NO; resizing NO; local NO, dock state: Unknown, hasValidNotif: NO>; source canvas 24111(v26FC93)->/UISceneHosting-com.apple.SafariViewService:UIHostedScene-com.tarunyadgirkar.prefill.spike.textinsert.provider-A0FD0FB3; source display Main; source bundle com.tarunyadgirkar.prefill.spike.textinsert.provider; host bundle (null); animation fence (null); position {{0, 0}, {0, 0}} (with IAV same); floating 0; on screen NO;  intersectable YES; snapshot YES> update to {{0, 0}, {0, 0}}
2026-09-30 23:45:26.707 A  SafariBookmarksSyncAgent[86848:c75029] (RunningBoardServices) observedProcessStatesDidChange
2026-09-30 23:45:26.707 A  testmanagerd[88342:c7494b] (RunningBoardServices) observedProcessStatesDidChange
2026-09-30 23:45:26.707 Df SafariBookmarksSyncAgent[86848:c75029] [com.apple.runningboard:monitor] Received state update for 42063 (app<com.apple.mobilesafari((null))>, running-active-Visible
2026-09-30 23:45:26.707 Df SpringBoard[86754:c334f8] [com.apple.UIKit:TrackingElementWindowController] Updating sizing for existing placement <UIInputViewSetPlacementOffScreenDown>
2026-09-30 23:45:26.708 Df InputUI[87035:c75377] [com.apple.runningboard:monitor] Received state update for 42547 (xpcservice<com.tarunyadgirkar.prefill.spike.textinsert.provider([app<com.apple.SafariViewService((null))>:24111])>{vt hash: 0}{definition:com.tarunyadgirkar.prefill.spike.textinsert.provider[extension][client]}, running-active-Visible
2026-09-30 23:45:26.708 Df testmanagerd[88342:c7494b] [com.apple.runningboard:monitor] Received state update for 42063 (app<com.apple.mobilesafari((null))>, running-active-Visible
2026-09-30 23:45:26.708 A  mediaremoted[86761:c74e77] (RunningBoardServices) observedProcessStatesDidChange
2026-09-30 23:45:26.708 Df runningboardd[86757:c75464] [com.apple.runningboard:ttl] Invalidating assertion 86757-87035-8805 (target:[osservice<com.apple.DragUI.druid>:97297]) from originator [osservice<com.apple.InputUI>:87035]
2026-09-30 23:45:26.708 Df SpringBoard[86754:c334f8] [com.apple.TextInputUI:KeyboardTrackingCoordinator] Updating tracking clients for start <TUIKeyboardTrackingCoordinator:0x115d32d00 state=<TUIKeyboardState: 0x113c85800 State: offscreen; is docked>; frame={{0, 0}, {0, 0}}; animation=<TUIKeyboardAnimationInfo: 0x126204d80, duration: 0.38, from remote keyboard, is not rotating, should animate, type: 0, notificationInfo: {
    UIKeyboardAnimationCurveUserInfoKey = 7;
    UIKeyboardAnimationDurationUserInfoKey = "0.3833";
    UIKeyboardBoundsUserInfoKey = "NSRect: {{0, 0}, {0, 0}}";
    UIKeyboardCenterBeginUserInfoKey = "NSPoint: {0, 0}";
    UIKeyboardCenterEndUserInfoKey = "NSPoint: {0, 0}";
    UIKeyboardFrameBeginUserInfoKey = "NSRect: {{0, 0}, {0, 0}}";
    UIKeyboardFrameEndUserInfoKey = "NSRect: {{0, 0}, {0, 0}}";
    UIKeyboardIsLocalUserInfoKey = 0;
}notificationsDebug: >>
2026-09-30 23:45:26.708 Df mediaremoted[86761:c74e77] [com.apple.runningboard:monitor] Received state update for 42063 (app<com.apple.mobilesafari((null))>, running-active-Visible
2026-09-30 23:45:26.708 A  testmanagerd[88342:c75994] (RunningBoardServices) observedProcessStatesDidChange
2026-09-30 23:45:26.708 Df testmanagerd[88342:c75994] [com.apple.runningboard:monitor] Received state update for 24111 (app<com.apple.SafariViewService((null))>, running-active-Visible
2026-09-30 23:45:26.708 Df SpringBoard[86754:c334f8] [com.apple.TextInputUI:KeyboardTrackingCoordinator] Updating tracking clients for start <TUIKeyboardTrackingCoordinator:0x115e79540 state=<TUIKeyboardState: 0x113c85800 State: offscreen; is docked>; frame={{0, 0}, {0, 0}}; animation=<TUIKeyboardAnimationInfo: 0x126204d80, duration: 0.38, from remote keyboard, is not rotating, should animate, type: 0, notificationInfo: {
    UIKeyboardAnimationCurveUserInfoKey = 7;
    UIKeyboardAnimationDurationUserInfoKey = "0.3833";
    UIKeyboardBoundsUserInfoKey = "NSRect: {{0, 0}, {0, 0}}";
    UIKeyboardCenterBeginUserInfoKey = "NSPoint: {0, 0}";
    UIKeyboardCenterEndUserInfoKey = "NSPoint: {0, 0}";
    UIKeyboardFrameBeginUserInfoKey = "NSRect: {{0, 0}, {0, 0}}";
    UIKeyboardFrameEndUserInfoKey = "NSRect: {{0, 0}, {0, 0}}";
    UIKeyboardIsLocalUserInfoKey = 0;
}notificationsDebug: >>
2026-09-30 23:45:26.708 A  runningboardd[86757:c75464] (RunningBoard) invalidateAssertionWithIdentifier
2026-09-30 23:45:26.708 A  mediaremoted[86761:c74e5f] (RunningBoardServices) observedProcessStatesDidChange
2026-09-30 23:45:26.708 Df SpringBoard[86754:c334f8] [com.apple.TextInputUI:KeyboardTrackingCoordinator] Updating tracking clients for start <TUIKeyboardTrackingCoordinator:0x12626ed00 state=<TUIKeyboardState: 0x113c85800 State: offscreen; is docked>; frame={{0, 0}, {0, 0}}; animation=<TUIKeyboardAnimationInfo: 0x126204d80, duration: 0.38, from remote keyboard, is not rotating, should animate, type: 0, notificationInfo: {
    UIKeyboardAnimationCurveUserInfoKey = 7;
    UIKeyboardAnimationDurationUserInfoKey = "0.3833";
    UIKeyboardBoundsUserInfoKey = "NSRect: {{0, 0}, {0, 0}}";
    UIKeyboardCenterBeginUserInfoKey = "NSPoint: {0, 0}";
    UIKeyboardCenterEndUserInfoKey = "NSPoint: {0, 0}";
    UIKeyboardFrameBeginUserInfoKey = "NSRect: {{0, 0}, {0, 0}}";
    UIKeyboardFrameEndUserInfoKey = "NSRect: {{0, 0}, {0, 0}}";
    UIKeyboardIsLocalUserInfoKey = 0;
}notificationsDebug: >>
2026-09-30 23:45:26.708 Df runningboardd[86757:c75464] [com.apple.runningboard:ttl] Invalidating assertion 86757-87035-8806 (target:[app<com.apple.mobilesafari((null))>:42063]) from originator [osservice<com.apple.InputUI>:87035]
2026-09-30 23:45:26.708 Df mediaremoted[86761:c74e5f] [com.apple.runningboard:monitor] Received state update for 24111 (app<com.apple.SafariViewService((null))>, running-active-Visible
2026-09-30 23:45:26.708 Df mediaremoted[86761:c74e5f] [com.apple.runningboard:monitor] Received state update for 42547 (xpcservice<com.tarunyadgirkar.prefill.spike.textinsert.provider([app<com.apple.SafariViewService((null))>:24111])>{vt hash: 0}{definition:com.tarunyadgirkar.prefill.spike.textinsert.provider[extension][client]}, running-active-Visible
2026-09-30 23:45:26.708 Df SpringBoard[86754:c334f8] [com.apple.TextInputUI:KeyboardTrackingCoordinator] Updating tracking clients for start <TUIKeyboardTrackingCoordinator:0x115d32300 state=<TUIKeyboardState: 0x113c85800 State: offscreen; is docked>; frame={{0, 0}, {0, 0}}; animation=<TUIKeyboardAnimationInfo: 0x126204d80, duration: 0.38, from remote keyboard, is not rotating, should animate, type: 0, notificationInfo: {
    UIKeyboardAnimationCurveUserInfoKey = 7;
    UIKeyboardAnimationDurationUserInfoKey = "0.3833";
    UIKeyboardBoundsUserInfoKey = "NSRect: {{0, 0}, {0, 0}}";
    UIKeyboardCenterBeginUserInfoKey = "NSPoint: {0, 0}";
    UIKeyboardCenterEndUserInfoKey = "NSPoint: {0, 0}";
    UIKeyboardFrameBeginUserInfoKey = "NSRect: {{0, 0}, {0, 0}}";
    UIKeyboardFrameEndUserInfoKey = "NSRect: {{0, 0}, {0, 0}}";
    UIKeyboardIsLocalUserInfoKey = 0;
}notificationsDebug: >>
2026-09-30 23:45:26.708 Df SpringBoard[86754:c334f8] [com.apple.TextInputUI:KeyboardTrackingCoordinator] Updating tracking clients for start <TUIKeyboardTrackingCoordinator:0x115d32a80 state=<TUIKeyboardState: 0x113c85800 State: offscreen; is docked>; frame={{0, 0}, {0, 0}}; animation=<TUIKeyboardAnimationInfo: 0x126204d80, duration: 0.38, from remote keyboard, is not rotating, should animate, type: 0, notificationInfo: {
    UIKeyboardAnimationCurveUserInfoKey = 7;
    UIKeyboardAnimationDurationUserInfoKey = "0.3833";
    UIKeyboardBoundsUserInfoKey = "NSRect: {{0, 0}, {0, 0}}";
    UIKeyboardCenterBeginUserInfoKey = "NSPoint: {0, 0}";
    UIKeyboardCenterEndUserInfoKey = "NSPoint: {0, 0}";
    UIKeyboardFrameBeginUserInfoKey = "NSRect: {{0, 0}, {0, 0}}";
    UIKeyboardFrameEndUserInfoKey = "NSRect: {{0, 0}, {0, 0}}";
    UIKeyboardIsLocalUserInfoKey = 0;
}notificationsDebug: >>
2026-09-30 23:45:26.708 A  runningboardd[86757:c75464] (RunningBoard) invalidateAssertionWithIdentifier
2026-09-30 23:45:26.708 Df SpringBoard[86754:c334f8] [com.apple.UIKit:KeyboardSceneDelegate] forceReloadInputViews
2026-09-30 23:45:26.708 Df runningboardd[86757:c75464] [com.apple.runningboard:ttl] Invalidating assertion 86757-87035-8808 (target:[xpcservice<com.tarunyadgirkar.prefill.spike.textinsert.provider([app<com.apple.SafariViewService((null))>:24111])>{vt hash: 0}{definition:com.tarunyadgirkar.prefill.spike.textinsert.provider[extension][client]}:42547]) from originator [osservice<com.apple.InputUI>:87035]
2026-09-30 23:45:26.708 Df SpringBoard[86754:c334f8] [com.apple.UIKit:KeyboardSceneDelegate] Try reloading input views for responder:(nil) requiresKB:N force:Y scene-identity:com.apple.frontboard.systemappservices/SSK.primary.root(mainDisplay):SB-systemAperture
2026-09-30 23:45:26.709 Df SpringBoard[86754:c334f8] [com.apple.UIKit:KeyboardSceneDelegate] Reloading input views for non-key-window scene responder:(nil) requiresKB:N force:Y scene-identity:com.apple.frontboard.systemappservices/SSK.primary.root(mainDisplay):SB-systemAperture
2026-09-30 23:45:26.709 Df SpringBoard[86754:c334f8] [com.apple.UIKit:KeyboardSceneDelegate] _inputViewsForResponder: <(null): 0x0; >, automaticKeyboard: 0, force: 1
2026-09-30 23:45:26.709 Df SpringBoard[86754:c334f8] [com.apple.UIKit:KeyboardSceneDelegate] _inputViewsForResponder responderRequiresKeyboard:0, useKeyboard:0 (automaticKeyboardEnabled: 0, activeInstance:<(null): 0x0>, self.isOnScreen:0, requiresKBWhenFirstResponder:0, allowsSystemInputView:1, inputView:<(null): 0x0>)
2026-09-30 23:45:26.709 Df SpringBoard[86754:c334f8] [com.apple.UIKit:KeyboardSceneDelegate] _inputViewsForResponder returning: <<UIInputViewSet: 0x126204600>; (empty)>
2026-09-30 23:45:26.709 Df SpringBoard[86754:c334f8] [com.apple.UIKit:KeyboardSceneDelegate] setWindowSceneInputViews:<<UIInputViewSet: 0x126204600>; (empty)> scene-identity:com.apple.frontboard.systemappservices/SSK.primary.root(mainDisplay):SB-systemAperture
2026-09-30 23:45:26.709 Df SpringBoard[86754:c334f8] [com.apple.UIKit:TrackingElementWindowController] Setting tracking element input views: <<UIInputViewSet: 0x126207e40>; (empty)>
2026-09-30 23:45:26.709 Df SpringBoard[86754:c75038] [com.apple.runningboard:monitor] Received state update for 97297 (osservice<com.apple.DragUI.druid>, running-Visible
2026-09-30 23:45:26.709 Df SpringBoard[86754:c334f8] [com.apple.UIKit:UIPeripheralHost] endPlacementForInputViewSet: <<UIInputViewSet: 0x126207e40>; (empty)> windowScene: <SBSystemApertureWindowScene: 0x10cfa0280; role: SBUIWindowSceneSessionRoleSystemAperture; persistentIdentifier: SB-systemAperture; activationState: UISceneActivationStateForegroundActive>
2026-09-30 23:45:26.709 Df SpringBoard[86754:c334f8] [com.apple.UIKit:TrackingElementWindowController] Moving from placement: <UIInputViewSetPlacementOffScreenDown> to placement: <UIInputViewSetPlacementOffScreenDown> (currentPlacement: <UIInputViewSetPlacementOffScreenDown>)
2026-09-30 23:45:26.709 A  SpringBoard[86754:c75038] (RunningBoardServices) observedProcessStatesDidChange
2026-09-30 23:45:26.709 Df SpringBoard[86754:c75038] [com.apple.runningboard:monitor] Received state update for 24111 (app<com.apple.SafariViewService((null))>, running-active-Visible
2026-09-30 23:45:26.709 Df SpringBoard[86754:c75038] [com.apple.runningboard:monitor] Received state update for 42547 (xpcservice<com.tarunyadgirkar.prefill.spike.textinsert.provider([app<com.apple.SafariViewService((null))>:24111])>{vt hash: 0}{definition:com.tarunyadgirkar.prefill.spike.textinsert.provider[extension][client]}, running-active-Visible
2026-09-30 23:45:26.709 Df SpringBoard[86754:c75038] [com.apple.runningboard:monitor] Received state update for 42063 (app<com.apple.mobilesafari((null))>, running-active-Visible
2026-09-30 23:45:26.710 A  runningboardd[86757:c75464] (RunningBoard) invalidateAssertionWithIdentifier
2026-09-30 23:45:26.710 Df runningboardd[86757:c75464] [com.apple.runningboard:ttl] Invalidating assertion 86757-87035-8804 (target:[osservice<com.apple.SpringBoard>:86754]) from originator [osservice<com.apple.InputUI>:87035]
2026-09-30 23:45:26.714 A  runningboardd[86757:c75464] (RunningBoard) invalidateAssertionWithIdentifier
2026-09-30 23:45:26.714 Df runningboardd[86757:c75464] [com.apple.runningboard:ttl] Invalidating assertion 86757-87035-8807 (target:[app<com.apple.SafariViewService((null))>:24111]) from originator [osservice<com.apple.InputUI>:87035]
2026-09-30 23:45:26.716 F  backboardd[86775:c33619] (IOSurface) IOSurfaceQueryTransactionList got non-success return from kernel
2026-09-30 23:45:26.716 A  backboardd[86775:c33619] (libsystem_trace.dylib) Activity for state dumps
2026-09-30 23:45:26.716 F  backboardd[86775:c33619] (IOSurface) IOSurfaceQueryTransactionList got non-success return from kernel
2026-09-30 23:45:26.716 A  backboardd[86775:c33619] (libsystem_trace.dylib) Activity for state dumps
2026-09-30 23:45:26.732 F  backboardd[86775:c33619] (IOSurface) IOSurfaceQueryTransactionList got non-success return from kernel
2026-09-30 23:45:26.732 A  backboardd[86775:c33619] (libsystem_trace.dylib) Activity for state dumps
2026-09-30 23:45:26.732 F  backboardd[86775:c33619] (IOSurface) IOSurfaceQueryTransactionList got non-success return from kernel
2026-09-30 23:45:26.732 A  backboardd[86775:c33619] (libsystem_trace.dylib) Activity for state dumps
2026-09-30 23:45:26.749 F  backboardd[86775:c33619] (IOSurface) IOSurfaceQueryTransactionList got non-success return from kernel
2026-09-30 23:45:26.749 A  backboardd[86775:c33619] (libsystem_trace.dylib) Activity for state dumps
2026-09-30 23:45:26.749 F  backboardd[86775:c33619] (IOSurface) IOSurfaceQueryTransactionList got non-success return from kernel
2026-09-30 23:45:26.749 A  backboardd[86775:c33619] (libsystem_trace.dylib) Activity for state dumps
2026-09-30 23:45:26.751 Df backboardd[86775:c7564e] [com.apple.AttentionAwareness:AttentionAwareness]  517519.75426: notify client com.apple.siri.AttentionAwareness.Touch of <AWAttentionLostEvent: 0x10b07eac0> (timestamp:  517519.75424 attentionLostTimeout       0.10000 tagIndex 0 (tag not present in server))
2026-09-30 23:45:26.751 Df backboardd[86775:c7564e] [com.apple.AttentionAwareness:AttentionAwareness]  517519.75433: notify client com.apple.sharingd.attentionMonitor of <AWAttentionLostEvent: 0x10b07e100> (timestamp:  517519.75424 attentionLostTimeout       0.10000 tagIndex 0 (tag not present in server))
2026-09-30 23:45:26.751 Df sharingd[86776:c33502] [com.apple.sharingd.SDAttentionMonitor:client] SDAttentionMonitorUtilities: event mask=0x1 ts=517520
2026-09-30 23:45:26.756 Df testmanagerd[88342:c75994] [com.apple.recap:Playback] service canceled: (<RCPVirtualHIDService: 0x104628c80> (recapulon) 0x0D/0x04: (Recap) touchscreen digitizer)
2026-09-30 23:45:26.756 Df testmanagerd[88342:c75994] [com.apple.iohid:oversized] Released connection: 0DC66838-4EDD-4137-A643-7CAE65094053
{
    UUID = "0DC66838-4EDD-4137-A643-7CAE65094053";
    caller = "HID: -[HIDEventSystemClient initWithType:andAttributes:] + 96";
    dispatchQueue = 1;
    eventCount = 0;
    eventMask = 0;
    eventQueue =     {
        active = 0;
        droppedEvents = 0;
        head = 0;
        lastNotifyEventTimeStamp = 0;
        lastNotifyTime = 0;
        notificationCount = 0;
        size = 32768;
        suspended = 0;
        tail = 0;
    };
    port = 43187;
    resetCount = 0;
    runloop = 0;
    services =     (
    );
    virtualServices =     (
        298322489245767
    );
}
2026-09-30 23:45:26.756 Df backboardd[86775:c7564c] [com.apple.iohid:default] Connection removed: IOHIDEventSystemConnection uuid:0DC66838-4EDD-4137-A643-7CAE65094053 pid:88342 process:testmanagerd type:Simple entitlements:0x1c caller:HID: -[HIDEventSystemClient initWithType:andAttributes:] + 96 attributes:(null) state:0x3 events:0 mask:0x0 dropped:0 dropStatus:0 droppedMask:0x0 lastDroppedTime:NONE
2026-09-30 23:45:26.756 E  backboardd[86775:c7564e] [com.apple.iohid:connection] 0DC66838-4EDD-4137-A643-7CAE65094053: HIDVS ID:10f529e000047 iohideventsystem_client_dispatch_virtual_service_notification:10000003
2026-09-30 23:45:26.756 Df backboardd[86775:c740ee] [com.apple.BackBoard:TouchEvents] digitizer detached (sender 10F529E000047) builtIn:0
2026-09-30 23:45:26.756 E  backboardd[86775:c7564e] [com.apple.iohid:connection] 0DC66838-4EDD-4137-A643-7CAE65094053: HIDVS ID:10f529e000047 iohideventsystem_client_dispatch_virtual_service_notification:10000003
2026-09-30 23:45:26.756 Df backboardd[86775:c33501] [com.apple.BackBoard:HID] purge sender info for senderID:10F529E000047 -- BKIOHIDService
2026-09-30 23:45:26.756 Df backboardd[86775:c740ee] [com.apple.BackBoard:TouchEvents] cancel -- digitizer did disappear:<BKDirectTouchState: 0x10a797300; touchScreen; accessory; builtIn: NO; displayIntegrated: YES; authenticated: YES; displayUUID: BC6F68B5-CC6C-4F60-9C6E-3F8096AB8042; senderID: 0x10F529E000047; contacts: contacts: []; destinations: []; latentSystemGestureDestinations: ()>
2026-09-30 23:45:26.756 Df backboardd[86775:c7564e] [com.apple.iohid:default] Service removed: IOHIDService name: id:0x10f529e000047 primaryUsagePage:0xd primaryUsage:0x4 transport:Recap locationID:recap-bus-0 reportInterval:0 batchInterval:0 events:9 mask:0x801 sensorcontrols:7 {
    Digitizer = 8;
    NULL = 1;
}
2026-09-30 23:45:26.756 Df backboardd[86775:c740ee] [com.apple.BackBoard:TouchEvents] invalidate: <BKDirectTouchState: 0x10a797300; touchScreen; accessory; builtIn: NO; displayIntegrated: YES; authenticated: YES; displayUUID: BC6F68B5-CC6C-4F60-9C6E-3F8096AB8042; senderID: 0x10F529E000047; contacts: contacts: []; destinations: []; latentSystemGestureDestinations: ()>
2026-09-30 23:45:26.756 Df backboardd[86775:c740ee] [com.apple.BackBoard:TouchEvents] touchstats 10F529E000047-BC6F68B5-CC6C-4F60-9C6E-3F8096AB8042 events starting 0.172668s ago: [
    down: 1,
    up: 1,
    rangeIn: 1,
    rangeOut: 1,
    pathsSeen: 2,
    destinations: {
        TextInsertProvi.42547 targetID AA844160: {
            touchIDs: 49;
        };
    },
    averageProcessingTime (µs): 96.38
]
2026-09-30 23:45:26.757 Df backboardd[86775:c7564e] (HIDAnalytics) HIDAnalytics Unregister Send event com.apple.hid.queueUsage
2026-09-30 23:45:26.757 Df backboardd[86775:c7564e] (HIDAnalytics) HIDAnalytics Unregister Send event com.apple.hid.analytics.service
2026-09-30 23:45:26.757 Df backboardd[86775:c7564e] (HIDAnalytics) HIDAnalytics Unregister Send event com.apple.hid.analytics.service.dispatchEvent
2026-09-30 23:45:26.766 F  backboardd[86775:c33619] (IOSurface) IOSurfaceQueryTransactionList got non-success return from kernel
2026-09-30 23:45:26.766 A  backboardd[86775:c33619] (libsystem_trace.dylib) Activity for state dumps
2026-09-30 23:45:26.766 F  backboardd[86775:c33619] (IOSurface) IOSurfaceQueryTransactionList got non-success return from kernel
2026-09-30 23:45:26.766 A  backboardd[86775:c33619] (libsystem_trace.dylib) Activity for state dumps
2026-09-30 23:45:26.782 F  backboardd[86775:c33619] (IOSurface) IOSurfaceQueryTransactionList got non-success return from kernel
2026-09-30 23:45:26.782 A  backboardd[86775:c33619] (libsystem_trace.dylib) Activity for state dumps
2026-09-30 23:45:26.782 F  backboardd[86775:c33619] (IOSurface) IOSurfaceQueryTransactionList got non-success return from kernel
2026-09-30 23:45:26.782 A  backboardd[86775:c33619] (libsystem_trace.dylib) Activity for state dumps
2026-09-30 23:45:26.799 F  backboardd[86775:c33619] (IOSurface) IOSurfaceQueryTransactionList got non-success return from kernel
2026-09-30 23:45:26.799 A  backboardd[86775:c33619] (libsystem_trace.dylib) Activity for state dumps
2026-09-30 23:45:26.799 F  backboardd[86775:c33619] (IOSurface) IOSurfaceQueryTransactionList got non-success return from kernel
2026-09-30 23:45:26.799 A  backboardd[86775:c33619] (libsystem_trace.dylib) Activity for state dumps
2026-09-30 23:45:26.804 A  runningboardd[86757:c75464] (RunningBoard) state update
2026-09-30 23:45:26.804 Df runningboardd[86757:c75464] [com.apple.runningboard:assertion] found a new process to check [app<com.apple.SafariViewService((null))>:24111]
2026-09-30 23:45:26.804 Df runningboardd[86757:c75464] [com.apple.runningboard:assertion] found a new process to check [app<com.apple.SafariViewService((null))>:24111]
2026-09-30 23:45:26.804 Df runningboardd[86757:c75464] [com.apple.runningboard:assertion] found a new process to check [app<com.apple.SafariViewService((null))>:24111]
2026-09-30 23:45:26.804 A  runningboardd[86757:c75464] (RunningBoard) state notification
2026-09-30 23:45:26.805 Df runningboardd[86757:c75464] [com.apple.runningboard:process] [osservice<com.apple.SpringBoard>:86754] Ignoring jetsam update because this process is not memory-managed
2026-09-30 23:45:26.805 Df runningboardd[86757:c75464] [com.apple.runningboard:process] [osservice<com.apple.SpringBoard>:86754] Ignoring suspend because this process is not lifecycle managed
2026-09-30 23:45:26.805 Df runningboardd[86757:c75464] [com.apple.runningboard:process] [osservice<com.apple.SpringBoard>:86754] Ignoring GPU update because this process is not GPU managed
2026-09-30 23:45:26.805 Df runningboardd[86757:c75464] [com.apple.runningboard:process] [osservice<com.apple.SpringBoard>:86754] Ignoring memory limit update because this process is not memory-managed
2026-09-30 23:45:26.805 Df runningboardd[86757:c74641] [com.apple.runningboard:monitor] Calculated state for osservice<com.apple.SpringBoard>: running-active (role: UserInteractiveFocal) (endowments: {(
    <RBSProcessEndowmentInfo| namespace:com.apple.boardservices.endpoint-injection env:(null) payload: 10368935462144248724>,
    <RBSProcessEndowmentInfo| namespace:com.apple.frontboard.visibility env:UIScene:com.apple.frontboard.systemappservices/SSK.primary.root(mainDisplay):SB-main payload: 3286669422001561946>,
    <RBSProcessEndowmentInfo| namespace:com.apple.frontboard.visibility env:UIRootWindow:0x116f44000 payload: 3286669422001561946>,
    <RBSProcessEndowmentInfo| namespace:com.apple.frontboard.visibility env:UIScene:com.apple.frontboard.systemappservices/SSK.primary.root(mainDisplay):SB-systemAperture payload: 3286669422001561946>,
    <RBSProcessEndowmentInfo| namespace:com.apple.frontboard.visibility env:(null)  0>,
    <RBSProcessEndowmentInfo| namespace:com.apple.frontboard.visibility env:UIScene:com.apple.frontboard.systemappservices/SSK.primary.root(mainDisplay):PresentationBinderIndirectAccess)
2026-09-30 23:45:26.805 Df runningboardd[86757:c75464] [com.apple.runningboard:process] [osservice<com.apple.DragUI.druid>:97297] Ignoring jetsam update because this process is not memory-managed
2026-09-30 23:45:26.805 Df runningboardd[86757:c75464] [com.apple.runningboard:process] [osservice<com.apple.DragUI.druid>:97297] Ignoring suspend because this process is not lifecycle managed
2026-09-30 23:45:26.805 Df runningboardd[86757:c74641] [com.apple.runningboard:monitor] Calculated state for xpcservice<com.tarunyadgirkar.prefill.spike.textinsert.provider([app<com.apple.SafariViewService((null))>:24111])>{vt hash: 0}{definition:com.tarunyadgirkar.prefill.spike.textinsert.provider[extension][client]}: running-active (role: UserInteractiveFocal) (endowments: {(
    <RBSProcessEndowmentInfo| namespace:com.apple.boardservices.endpoint-injection env:(null) payload: 9171431796660299899>,
    <RBSProcessEndowmentInfo| namespace:com.apple.frontboard.visibility env:UIScene:24111(v26FC93)->/UISceneHosting-com.apple.SafariViewService:UIHostedScene-com.tarunyadgirkar.prefill.spike.textinsert.provider-A0FD0FB3 payload: 3286669422001561946>,
    <RBSProcessEndowmentInfo| namespace:com.apple.boardservices.endpoint-injection env:(null) payload: 11112780218690046304>
)})
2026-09-30 23:45:26.805 Df runningboardd[86757:c75464] [com.apple.runningboard:process] [osservice<com.apple.DragUI.druid>:97297] Ignoring role changes because this process is not role managed
2026-09-30 23:45:26.805 A  SpringBoard[86754:c72fa0] (RunningBoardServices) observedProcessStatesDidChange
2026-09-30 23:45:26.805 A  InputUI[87035:c74f21] (RunningBoardServices) observedProcessStatesDidChange
2026-09-30 23:45:26.805 Df SpringBoard[86754:c72fa0] [com.apple.runningboard:monitor] Received state update for 86754 (osservice<com.apple.SpringBoard>, running-active-Visible
2026-09-30 23:45:26.805 Df InputUI[87035:c74f21] [com.apple.runningboard:monitor] Received state update for 86754 (osservice<com.apple.SpringBoard>, running-active-Visible
2026-09-30 23:45:26.805 Df runningboardd[86757:c74641] [com.apple.runningboard:monitor] Calculated state for app<com.apple.mobilesafari((null))>: running-active (role: UserInteractiveFocal) (endowments: {(
    <RBSProcessEndowmentInfo| namespace:com.apple.boardservices.endpoint-injection env:(null) payload: 18349971461550279522>,
    <RBSProcessEndowmentInfo| namespace:com.apple.frontboard.visibility env:(null)  0>,
    <RBSProcessEndowmentInfo| namespace:com.apple.frontboard.visibility env:UIScene:com.apple.frontboard.systemappservices/FBSceneManager:sceneID%3Acom.apple.mobilesafari-71DD3C25-4702-4D1D-8EB9-7DEF87C13EE1 payload: 3286669422001561946>
)})
2026-09-30 23:45:26.805 Df runningboardd[86757:c75464] [com.apple.runningboard:process] [osservice<com.apple.DragUI.druid>:97297] Ignoring GPU update because this process is not GPU managed
2026-09-30 23:45:26.805 A  mediaremoted[86761:c74e77] (RunningBoardServices) observedProcessStatesDidChange
2026-09-30 23:45:26.805 A  SpringBoard[86754:c72fa0] (RunningBoardServices) observedProcessStatesDidChange
2026-09-30 23:45:26.805 A  InputUI[87035:c75377] (RunningBoardServices) observedProcessStatesDidChange
2026-09-30 23:45:26.805 Df SpringBoard[86754:c72fa0] [com.apple.runningboard:monitor] Received state update for 97297 (osservice<com.apple.DragUI.druid>, running-Visible
2026-09-30 23:45:26.805 Df SpringBoard[86754:c72fa0] [com.apple.runningboard:monitor] Received state update for 42547 (xpcservice<com.tarunyadgirkar.prefill.spike.textinsert.provider([app<com.apple.SafariViewService((null))>:24111])>{vt hash: 0}{definition:com.tarunyadgirkar.prefill.spike.textinsert.provider[extension][client]}, running-active-Visible
2026-09-30 23:45:26.805 Df InputUI[87035:c75377] [com.apple.runningboard:monitor] Received state update for 97297 (osservice<com.apple.DragUI.druid>, running-Visible
2026-09-30 23:45:26.805 A  SafariViewService[24111:c75998] (RunningBoardServices) observedProcessStatesDidChange
2026-09-30 23:45:26.805 Df InputUI[87035:c75377] [com.apple.runningboard:monitor] Received state update for 42547 (xpcservice<com.tarunyadgirkar.prefill.spike.textinsert.provider([app<com.apple.SafariViewService((null))>:24111])>{vt hash: 0}{definition:com.tarunyadgirkar.prefill.spike.textinsert.provider[extension][client]}, running-active-Visible
2026-09-30 23:45:26.805 Df SafariViewService[24111:c75998] [com.apple.runningboard:monitor] Received state update for 42547 (xpcservice<com.tarunyadgirkar.prefill.spike.textinsert.provider([app<com.apple.SafariViewService((null))>:24111])>{vt hash: 0}{definition:com.tarunyadgirkar.prefill.spike.textinsert.provider[extension][client]}, running-active-NotVisible
2026-09-30 23:45:26.805 Df mediaremoted[86761:c74e77] [com.apple.runningboard:monitor] Received state update for 86754 (osservice<com.apple.SpringBoard>, running-active-Visible
2026-09-30 23:45:26.805 A  sleepd[86781:c74e20] (RunningBoardServices) observedProcessStatesDidChange
2026-09-30 23:45:26.806 Df sleepd[86781:c74e20] [com.apple.runningboard:monitor] Received state update for 86754 (osservice<com.apple.SpringBoard>, running-active-NotVisible
2026-09-30 23:45:26.806 A  callservicesd[86889:c73628] (RunningBoardServices) observedProcessStatesDidChange
2026-09-30 23:45:26.806 A  testmanagerd[88342:c75994] (RunningBoardServices) observedProcessStatesDidChange
2026-09-30 23:45:26.806 Df testmanagerd[88342:c75994] [com.apple.runningboard:monitor] Received state update for 86754 (osservice<com.apple.SpringBoard>, running-active-Visible
2026-09-30 23:45:26.806 Df callservicesd[86889:c73628] [com.apple.runningboard:monitor] Received state update for 86754 (osservice<com.apple.SpringBoard>, running-active-Visible
2026-09-30 23:45:26.806 Df runningboardd[86757:c75464] [com.apple.runningboard:process] [osservice<com.apple.DragUI.druid>:97297] Ignoring memory limit update because this process is not memory-managed
2026-09-30 23:45:26.806 A  mediaremoted[86761:c74e77] (RunningBoardServices) observedProcessStatesDidChange
2026-09-30 23:45:26.806 Df mediaremoted[86761:c74e77] [com.apple.runningboard:monitor] Received state update for 42547 (xpcservice<com.tarunyadgirkar.prefill.spike.textinsert.provider([app<com.apple.SafariViewService((null))>:24111])>{vt hash: 0}{definition:com.tarunyadgirkar.prefill.spike.textinsert.provider[extension][client]}, running-active-Visible
2026-09-30 23:45:26.807 Df runningboardd[86757:c74641] [com.apple.runningboard:monitor] Calculated state for osservice<com.apple.InputUI>: running-active (role: UserInteractiveFocal) (endowments: {(
    <RBSProcessEndowmentInfo| namespace:com.apple.boardservices.endpoint-injection env:(null) payload: 14040822456440931537>,
    <RBSProcessEndowmentInfo| namespace:com.apple.frontboard.visibility env:(null)  0>
)})
2026-09-30 23:45:26.807 A  locationd[86778:c72c9a] (RunningBoardServices) observedProcessStatesDidChange
2026-09-30 23:45:26.807 A  SpringBoard[86754:c75038] (RunningBoardServices) observedProcessStatesDidChange
2026-09-30 23:45:26.807 Df locationd[86778:c72c9a] [com.apple.runningboard:monitor] Received state update for 42063 (app<com.apple.mobilesafari((null))>, running-active-Visible
2026-09-30 23:45:26.807 Df SpringBoard[86754:c75038] [com.apple.runningboard:monitor] Received state update for 42063 (app<com.apple.mobilesafari((null))>, running-active-Visible
2026-09-30 23:45:26.807 A  InputUI[87035:c74f21] (RunningBoardServices) observedProcessStatesDidChange
2026-09-30 23:45:26.807 Df InputUI[87035:c74f21] [com.apple.runningboard:monitor] Received state update for 42063 (app<com.apple.mobilesafari((null))>, running-active-Visible
2026-09-30 23:45:26.807 A  mediaremoted[86761:c74e5f] (RunningBoardServices) observedProcessStatesDidChange
2026-09-30 23:45:26.807 Df mediaremoted[86761:c74e5f] [com.apple.runningboard:monitor] Received state update for 42063 (app<com.apple.mobilesafari((null))>, running-active-Visible
2026-09-30 23:45:26.807 Df runningboardd[86757:c74641] [com.apple.runningboard:monitor] Calculated state for app<com.apple.SafariViewService((null))>: running-active (role: UserInteractiveFocal) (endowments: {(
    <RBSProcessEndowmentInfo| namespace:com.apple.boardservices.endpoint-injection env:(null) payload: 15847074923795608237>,
    <RBSProcessEndowmentInfo| namespace:com.apple.boardservices.endpoint-injection env:(null) payload: 16960438825128595554>,
    <RBSProcessEndowmentInfo| namespace:com.apple.frontboard.visibility env:UIScene:42063(v277B73)->/UISceneHosting-com.apple.mobilesafari:UIHostedScene-com.apple.SafariViewService-CF83E032 payload: 3286669422001561946>
)})
2026-09-30 23:45:26.807 A  SpringBoard[86754:c75038] (RunningBoardServices) observedProcessStatesDidChange
2026-09-30 23:45:26.807 A  InputUI[87035:c75377] (RunningBoardServices) observedProcessStatesDidChange
2026-09-30 23:45:26.807 A  SafariBookmarksSyncAgent[86848:c75029] (RunningBoardServices) observedProcessStatesDidChange
2026-09-30 23:45:26.807 Df InputUI[87035:c75377] [com.apple.runningboard:monitor] Received state update for 87035 (osservice<com.apple.InputUI>, running-active-Visible
2026-09-30 23:45:26.807 A  MobileSafari[42063:c751fd] (RunningBoardServices) observedProcessStatesDidChange
2026-09-30 23:45:26.807 Df SafariBookmarksSyncAgent[86848:c75029] [com.apple.runningboard:monitor] Received state update for 42063 (app<com.apple.mobilesafari((null))>, running-active-Visible
2026-09-30 23:45:26.807 Df MobileSafari[42063:c751fd] [com.apple.runningboard:monitor] Received state update for 87035 (osservice<com.apple.InputUI>, running-active-NotVisible
2026-09-30 23:45:26.807 A  testmanagerd[88342:c74dca] (RunningBoardServices) observedProcessStatesDidChange
2026-09-30 23:45:26.807 Df SpringBoard[86754:c75038] [com.apple.runningboard:monitor] Received state update for 87035 (osservice<com.apple.InputUI>, running-active-Visible
2026-09-30 23:45:26.807 Df testmanagerd[88342:c74dca] [com.apple.runningboard:monitor] Received state update for 42063 (app<com.apple.mobilesafari((null))>, running-active-Visible
2026-09-30 23:45:26.807 A  InputUI[87035:c74f21] (RunningBoardServices) observedProcessStatesDidChange
2026-09-30 23:45:26.807 A  MobileSafari[42063:c756c2] (RunningBoardServices) observedProcessStatesDidChange
2026-09-30 23:45:26.807 Df InputUI[87035:c74f21] [com.apple.runningboard:monitor] Received state update for 24111 (app<com.apple.SafariViewService((null))>, running-active-Visible
2026-09-30 23:45:26.807 Df MobileSafari[42063:c756c2] [com.apple.runningboard:monitor] Received state update for 24111 (app<com.apple.SafariViewService((null))>, running-active-NotVisible
2026-09-30 23:45:26.807 A  testmanagerd[88342:c75994] (RunningBoardServices) observedProcessStatesDidChange
2026-09-30 23:45:26.808 Df testmanagerd[88342:c75994] [com.apple.runningboard:monitor] Received state update for 24111 (app<com.apple.SafariViewService((null))>, running-active-Visible
2026-09-30 23:45:26.808 A  mediaremoted[86761:c74e5f] (RunningBoardServices) observedProcessStatesDidChange
2026-09-30 23:45:26.808 Df mediaremoted[86761:c74e5f] [com.apple.runningboard:monitor] Received state update for 87035 (osservice<com.apple.InputUI>, running-active-Visible
2026-09-30 23:45:26.808 A  SpringBoard[86754:c75038] (RunningBoardServices) observedProcessStatesDidChange
2026-09-30 23:45:26.808 A  mediaremoted[86761:c74e77] (RunningBoardServices) observedProcessStatesDidChange
2026-09-30 23:45:26.808 Df mediaremoted[86761:c74e77] [com.apple.runningboard:monitor] Received state update for 24111 (app<com.apple.SafariViewService((null))>, running-active-Visible
2026-09-30 23:45:26.808 Df SpringBoard[86754:c75038] [com.apple.runningboard:monitor] Received state update for 24111 (app<com.apple.SafariViewService((null))>, running-active-Visible
2026-09-30 23:45:26.816 F  backboardd[86775:c33619] (IOSurface) IOSurfaceQueryTransactionList got non-success return from kernel
2026-09-30 23:45:26.816 A  backboardd[86775:c33619] (libsystem_trace.dylib) Activity for state dumps
2026-09-30 23:45:26.816 F  backboardd[86775:c33619] (IOSurface) IOSurfaceQueryTransactionList got non-success return from kernel
2026-09-30 23:45:26.816 A  backboardd[86775:c33619] (libsystem_trace.dylib) Activity for state dumps
2026-09-30 23:45:26.833 F  backboardd[86775:c33619] (IOSurface) IOSurfaceQueryTransactionList got non-success return from kernel
2026-09-30 23:45:26.833 A  backboardd[86775:c33619] (libsystem_trace.dylib) Activity for state dumps
2026-09-30 23:45:26.833 F  backboardd[86775:c33619] (IOSurface) IOSurfaceQueryTransactionList got non-success return from kernel
2026-09-30 23:45:26.833 A  backboardd[86775:c33619] (libsystem_trace.dylib) Activity for state dumps
2026-09-30 23:45:26.849 F  backboardd[86775:c33619] (IOSurface) IOSurfaceQueryTransactionList got non-success return from kernel
2026-09-30 23:45:26.849 A  backboardd[86775:c33619] (libsystem_trace.dylib) Activity for state dumps
2026-09-30 23:45:26.849 F  backboardd[86775:c33619] (IOSurface) IOSurfaceQueryTransactionList got non-success return from kernel
2026-09-30 23:45:26.849 A  backboardd[86775:c33619] (libsystem_trace.dylib) Activity for state dumps
2026-09-30 23:45:26.857 Df testmanagerd[88342:c35c14] [com.apple.dt.xctest:Default] Recap event action playback completed
2026-09-30 23:45:26.857 Df testmanagerd[88342:c74dca] [com.apple.dt.xctest:Default] Waiting up to 5.0s for TouchEventsCompleted to confirm 
<XCSynthesizedEventRecord 'tap display 1'>
Path 1:
	Touch down at 201.0, 210.0, offset=0.00s
	Touch up at 201.0, 210.0, offset=0.05s.
2026-09-30 23:45:26.860 Df MobileSafari[42063:c751fd] [com.apple.dt.xctest:Default] Received request to notify when the main run loop is idle
2026-09-30 23:45:26.860 Df MobileSafari[42063:c751fd] [com.apple.dt.xctest:Default] Idle notifier finished setting up run loop observer
2026-09-30 23:45:26.860 Df MobileSafari[42063:c75080] [com.apple.dt.xctest:Default] Idle notifier run loop observer fired
2026-09-30 23:45:26.860 Df MobileSafari[42063:c75080] [com.apple.dt.xctest:Default] Sending main run loop idle reply
2026-09-30 23:45:26.861 Df MobileSafari[42063:c751fd] [com.apple.dt.xctest:Default] Received request to notify when animations are idle
2026-09-30 23:45:26.861 Df MobileSafari[42063:c751fd] [com.apple.dt.xctest:Default] Sending animations idle reply with error: (null)
2026-09-30 23:45:26.866 F  backboardd[86775:c33619] (IOSurface) IOSurfaceQueryTransactionList got non-success return from kernel
2026-09-30 23:45:26.866 A  backboardd[86775:c33619] (libsystem_trace.dylib) Activity for state dumps
2026-09-30 23:45:26.866 F  backboardd[86775:c33619] (IOSurface) IOSurfaceQueryTransactionList got non-success return from kernel
2026-09-30 23:45:26.866 A  backboardd[86775:c33619] (libsystem_trace.dylib) Activity for state dumps
2026-09-30 23:45:26.883 F  backboardd[86775:c33619] (IOSurface) IOSurfaceQueryTransactionList got non-success return from kernel
2026-09-30 23:45:26.883 A  backboardd[86775:c33619] (libsystem_trace.dylib) Activity for state dumps
2026-09-30 23:45:26.883 F  backboardd[86775:c33619] (IOSurface) IOSurfaceQueryTransactionList got non-success return from kernel
2026-09-30 23:45:26.883 A  backboardd[86775:c33619] (libsystem_trace.dylib) Activity for state dumps
2026-09-30 23:45:26.900 F  backboardd[86775:c33619] (IOSurface) IOSurfaceQueryTransactionList got non-success return from kernel
2026-09-30 23:45:26.900 A  backboardd[86775:c33619] (libsystem_trace.dylib) Activity for state dumps
2026-09-30 23:45:26.900 F  backboardd[86775:c33619] (IOSurface) IOSurfaceQueryTransactionList got non-success return from kernel
2026-09-30 23:45:26.900 A  backboardd[86775:c33619] (libsystem_trace.dylib) Activity for state dumps
2026-09-30 23:45:26.917 F  backboardd[86775:c33619] (IOSurface) IOSurfaceQueryTransactionList got non-success return from kernel
2026-09-30 23:45:26.917 A  backboardd[86775:c33619] (libsystem_trace.dylib) Activity for state dumps
2026-09-30 23:45:26.917 F  backboardd[86775:c33619] (IOSurface) IOSurfaceQueryTransactionList got non-success return from kernel
2026-09-30 23:45:26.917 A  backboardd[86775:c33619] (libsystem_trace.dylib) Activity for state dumps
2026-09-30 23:45:26.933 F  backboardd[86775:c33619] (IOSurface) IOSurfaceQueryTransactionList got non-success return from kernel
2026-09-30 23:45:26.933 A  backboardd[86775:c33619] (libsystem_trace.dylib) Activity for state dumps
2026-09-30 23:45:26.933 F  backboardd[86775:c33619] (IOSurface) IOSurfaceQueryTransactionList got non-success return from kernel
2026-09-30 23:45:26.933 A  backboardd[86775:c33619] (libsystem_trace.dylib) Activity for state dumps
2026-09-30 23:45:26.950 F  backboardd[86775:c33619] (IOSurface) IOSurfaceQueryTransactionList got non-success return from kernel
2026-09-30 23:45:26.950 A  backboardd[86775:c33619] (libsystem_trace.dylib) Activity for state dumps
2026-09-30 23:45:26.950 F  backboardd[86775:c33619] (IOSurface) IOSurfaceQueryTransactionList got non-success return from kernel
2026-09-30 23:45:26.950 A  backboardd[86775:c33619] (libsystem_trace.dylib) Activity for state dumps
2026-09-30 23:45:26.967 F  backboardd[86775:c33619] (IOSurface) IOSurfaceQueryTransactionList got non-success return from kernel
2026-09-30 23:45:26.967 A  backboardd[86775:c33619] (libsystem_trace.dylib) Activity for state dumps
2026-09-30 23:45:26.967 F  backboardd[86775:c33619] (IOSurface) IOSurfaceQueryTransactionList got non-success return from kernel
2026-09-30 23:45:26.967 A  backboardd[86775:c33619] (libsystem_trace.dylib) Activity for state dumps
2026-09-30 23:45:26.984 F  backboardd[86775:c33619] (IOSurface) IOSurfaceQueryTransactionList got non-success return from kernel
2026-09-30 23:45:26.984 A  backboardd[86775:c33619] (libsystem_trace.dylib) Activity for state dumps
2026-09-30 23:45:26.984 F  backboardd[86775:c33619] (IOSurface) IOSurfaceQueryTransactionList got non-success return from kernel
2026-09-30 23:45:26.984 A  backboardd[86775:c33619] (libsystem_trace.dylib) Activity for state dumps
2026-09-30 23:45:27.000 F  backboardd[86775:c33619] (IOSurface) IOSurfaceQueryTransactionList got non-success return from kernel
2026-09-30 23:45:27.000 A  backboardd[86775:c33619] (libsystem_trace.dylib) Activity for state dumps
2026-09-30 23:45:27.000 F  backboardd[86775:c33619] (IOSurface) IOSurfaceQueryTransactionList got non-success return from kernel
2026-09-30 23:45:27.000 A  backboardd[86775:c33619] (libsystem_trace.dylib) Activity for state dumps
2026-09-30 23:45:27.017 F  backboardd[86775:c33619] (IOSurface) IOSurfaceQueryTransactionList got non-success return from kernel
2026-09-30 23:45:27.017 A  backboardd[86775:c33619] (libsystem_trace.dylib) Activity for state dumps
2026-09-30 23:45:27.017 F  backboardd[86775:c33619] (IOSurface) IOSurfaceQueryTransactionList got non-success return from kernel
2026-09-30 23:45:27.017 A  backboardd[86775:c33619] (libsystem_trace.dylib) Activity for state dumps
2026-09-30 23:45:27.034 F  backboardd[86775:c33619] (IOSurface) IOSurfaceQueryTransactionList got non-success return from kernel
2026-09-30 23:45:27.034 A  backboardd[86775:c33619] (libsystem_trace.dylib) Activity for state dumps
2026-09-30 23:45:27.034 F  backboardd[86775:c33619] (IOSurface) IOSurfaceQueryTransactionList got non-success return from kernel
2026-09-30 23:45:27.034 A  backboardd[86775:c33619] (libsystem_trace.dylib) Activity for state dumps
2026-09-30 23:45:27.050 F  backboardd[86775:c33619] (IOSurface) IOSurfaceQueryTransactionList got non-success return from kernel
2026-09-30 23:45:27.050 A  backboardd[86775:c33619] (libsystem_trace.dylib) Activity for state dumps
2026-09-30 23:45:27.051 F  backboardd[86775:c33619] (IOSurface) IOSurfaceQueryTransactionList got non-success return from kernel
2026-09-30 23:45:27.051 A  backboardd[86775:c33619] (libsystem_trace.dylib) Activity for state dumps
2026-09-30 23:45:27.067 F  backboardd[86775:c33619] (IOSurface) IOSurfaceQueryTransactionList got non-success return from kernel
2026-09-30 23:45:27.067 A  backboardd[86775:c33619] (libsystem_trace.dylib) Activity for state dumps
2026-09-30 23:45:27.068 F  backboardd[86775:c33619] (IOSurface) IOSurfaceQueryTransactionList got non-success return from kernel
2026-09-30 23:45:27.068 A  backboardd[86775:c33619] (libsystem_trace.dylib) Activity for state dumps
2026-09-30 23:45:27.084 F  backboardd[86775:c33619] (IOSurface) IOSurfaceQueryTransactionList got non-success return from kernel
2026-09-30 23:45:27.084 A  backboardd[86775:c33619] (libsystem_trace.dylib) Activity for state dumps
2026-09-30 23:45:27.084 F  backboardd[86775:c33619] (IOSurface) IOSurfaceQueryTransactionList got non-success return from kernel
2026-09-30 23:45:27.084 A  backboardd[86775:c33619] (libsystem_trace.dylib) Activity for state dumps
2026-09-30 23:45:27.101 F  backboardd[86775:c33619] (IOSurface) IOSurfaceQueryTransactionList got non-success return from kernel
2026-09-30 23:45:27.101 A  backboardd[86775:c33619] (libsystem_trace.dylib) Activity for state dumps
2026-09-30 23:45:27.101 F  backboardd[86775:c33619] (IOSurface) IOSurfaceQueryTransactionList got non-success return from kernel
2026-09-30 23:45:27.101 A  backboardd[86775:c33619] (libsystem_trace.dylib) Activity for state dumps
2026-09-30 23:45:27.117 F  backboardd[86775:c33619] (IOSurface) IOSurfaceQueryTransactionList got non-success return from kernel
2026-09-30 23:45:27.117 A  backboardd[86775:c33619] (libsystem_trace.dylib) Activity for state dumps
2026-09-30 23:45:27.118 F  backboardd[86775:c33619] (IOSurface) IOSurfaceQueryTransactionList got non-success return from kernel
2026-09-30 23:45:27.118 A  backboardd[86775:c33619] (libsystem_trace.dylib) Activity for state dumps
2026-09-30 23:45:27.134 F  backboardd[86775:c33619] (IOSurface) IOSurfaceQueryTransactionList got non-success return from kernel
2026-09-30 23:45:27.134 A  backboardd[86775:c33619] (libsystem_trace.dylib) Activity for state dumps
2026-09-30 23:45:27.134 F  backboardd[86775:c33619] (IOSurface) IOSurfaceQueryTransactionList got non-success return from kernel
2026-09-30 23:45:27.134 A  backboardd[86775:c33619] (libsystem_trace.dylib) Activity for state dumps
2026-09-30 23:45:27.151 F  backboardd[86775:c33619] (IOSurface) IOSurfaceQueryTransactionList got non-success return from kernel
2026-09-30 23:45:27.151 A  backboardd[86775:c33619] (libsystem_trace.dylib) Activity for state dumps
2026-09-30 23:45:27.151 F  backboardd[86775:c33619] (IOSurface) IOSurfaceQueryTransactionList got non-success return from kernel
2026-09-30 23:45:27.151 A  backboardd[86775:c33619] (libsystem_trace.dylib) Activity for state dumps
2026-09-30 23:45:27.167 F  backboardd[86775:c33619] (IOSurface) IOSurfaceQueryTransactionList got non-success return from kernel
2026-09-30 23:45:27.167 A  backboardd[86775:c33619] (libsystem_trace.dylib) Activity for state dumps
2026-09-30 23:45:27.168 F  backboardd[86775:c33619] (IOSurface) IOSurfaceQueryTransactionList got non-success return from kernel
2026-09-30 23:45:27.168 A  backboardd[86775:c33619] (libsystem_trace.dylib) Activity for state dumps
2026-09-30 23:45:27.174 Df SafariViewService[24111:c6392d] [com.apple.FrontBoard:Scene] [UISceneHosting-com.apple.SafariViewService:UIHostedScene-com.tarunyadgirkar.prefill.spike.textinsert.provider-A0FD0FB3] Removing parent scene.
2026-09-30 23:45:27.174 A  runningboardd[86757:c74642] (RunningBoard) invalidateAssertionWithIdentifier
2026-09-30 23:45:27.174 Df runningboardd[86757:c74642] [com.apple.runningboard:ttl] Invalidating assertion 86757-24111-8795 (target:[xpcservice<com.tarunyadgirkar.prefill.spike.textinsert.provider([app<com.apple.SafariViewService((null))>:24111])>{vt hash: 0}{definition:com.tarunyadgirkar.prefill.spike.textinsert.provider[extension][client]}:42547](UIScene:24111(v26FC93)->/UISceneHosting-com.apple.SafariViewService:UIHostedScene-com.tarunyadgirkar.prefill.spike.textinsert.provider-A0FD0FB3)) from originator [app<com.apple.SafariViewService((null))>:24111]
2026-09-30 23:45:27.174 Df SafariViewService[24111:c6392d] [com.apple.UIKit:_UIChildRemoteContentRegistry] <_UIChildRemoteContentRegistry: 0x109cf8300; parentScene: <FBSScene: 0x109ee1c20>; childScenes: 0; childViewServices: 0> Registry is no longer tracking child scene <FBScene: 0x109fa2180>
2026-09-30 23:45:27.175 Df SafariViewService[24111:c6392d] [com.apple.FrontBoard:Scene] [UISceneHosting-com.apple.SafariViewService:UIHostedScene-com.tarunyadgirkar.prefill.spike.textinsert.provider-A0FD0FB3] scene content state changed: notReady
2026-09-30 23:45:27.176 Df SafariViewService[24111:c74dec] [com.apple.FrontBoard:ProcessScene] [0x1066ec300:UISceneHosting-com.apple.SafariViewService:UIHostedScene-com.tarunyadgirkar.prefill.spike.textinsert.provider-A0FD0FB3] Scene lifecycle state did change: Background
2026-09-30 23:45:27.176 Df SafariViewService[24111:c6392d] [com.apple.UIKit:UISceneRelationshipManagement] <_UISceneRelationshipManagementHostComponent:0x161df40c0> Scene <FBScene: 0x109fa2180> is hosted in (nil)
2026-09-30 23:45:27.176 Df SafariViewService[24111:c74dec] [com.apple.FrontBoard:ProcessScene] [0x1066ec300:UISceneHosting-com.apple.SafariViewService:UIHostedScene-com.tarunyadgirkar.prefill.spike.textinsert.provider-A0FD0FB3] Scene state did change: FG-Active[90].
2026-09-30 23:45:27.176 Df SafariViewService[24111:c6392d] [com.apple.UIKit:KBProxyForwarding] <StateMachine:0x1096e8180> Hosting window did change to (null).
2026-09-30 23:45:27.176 Df SafariViewService[24111:c6392d] [com.apple.UIKit:KBProxyForwarding] <StateMachine:0x1096e8180> Hosting environment did change to <0x0:(null)>.
2026-09-30 23:45:27.176 A  runningboardd[86757:c74642] (RunningBoard) acquireAssertionWithDescriptor
2026-09-30 23:45:27.176 Df runningboardd[86757:c74642] [com.apple.runningboard:ttl] Acquiring assertion targeting [xpcservice<com.tarunyadgirkar.prefill.spike.textinsert.provider([app<com.apple.SafariViewService((null))>:24111])>{vt hash: 0}{definition:com.tarunyadgirkar.prefill.spike.textinsert.provider[extension][client]}:42547] from originator [app<com.apple.SafariViewService((null))>:24111] with description <RBSAssertionDescriptor| "FBWorkspace (FG-Active[90])" ID:86757-24111-8809 target:42547 attributes:[
	<RBSDomainAttribute| domain:"com.apple.frontboard" name:"SuspendableLPRunReason-Resume" sourceEnvironment:"(null)">,
	<RBSDomainAttribute| domain:"com.apple.frontboard" name:"SuspendableRole-NonUI" sourceEnvironment:"(null)">,
	<RBSDomainAttribute| domain:"com.apple.frontboard" name:"SuspendableJetsamPriority-ForegroundSupport" sourceEnvironment:"(null)">
	]>
2026-09-30 23:45:27.176 Df runningboardd[86757:c74642] [com.apple.runningboard:ttl] Assertion 86757-24111-8809 (target:[xpcservice<com.tarunyadgirkar.prefill.spike.textinsert.provider([app<com.apple.SafariViewService((null))>:24111])>{vt hash: 0}{definition:com.tarunyadgirkar.prefill.spike.textinsert.provider[extension][client]}:42547]) will be created as active
2026-09-30 23:45:27.177 A  runningboardd[86757:c74642] (RunningBoard) state update
2026-09-30 23:45:27.177 Df runningboardd[86757:c74643] [com.apple.runningboard:monitor] Calculated state for xpcservice<com.tarunyadgirkar.prefill.spike.textinsert.provider([app<com.apple.SafariViewService((null))>:24111])>{vt hash: 0}{definition:com.tarunyadgirkar.prefill.spike.textinsert.provider[extension][client]}: running-active (role: UserInteractiveFocal) (endowments: {(
    <RBSProcessEndowmentInfo| namespace:com.apple.boardservices.endpoint-injection env:(null) payload: 9171431796660299899>,
    <RBSProcessEndowmentInfo| namespace:com.apple.frontboard.visibility env:UIScene:24111(v26FC93)->/UISceneHosting-com.apple.SafariViewService:UIHostedScene-com.tarunyadgirkar.prefill.spike.textinsert.provider-A0FD0FB3 payload: 3286669422001561946>,
    <RBSProcessEndowmentInfo| namespace:com.apple.boardservices.endpoint-injection env:(null) payload: 11112780218690046304>
)})
2026-09-30 23:45:27.177 Df SafariViewService[24111:c74dec] [com.apple.FrontBoard:ProcessWorkspace] [xpcservice<com.tarunyadgirkar.prefill.spike.textinsert.provider>:42547] Workspace state did change: FV-Focal[100] --> FG-Active[90] (assertion acquired).
2026-09-30 23:45:27.178 A  SpringBoard[86754:c72fa0] (RunningBoardServices) observedProcessStatesDidChange
2026-09-30 23:45:27.178 Df SafariViewService[24111:c74dec] [com.apple.FrontBoard:Process] [xpcservice<com.tarunyadgirkar.prefill.spike.textinsert.provider>:42547] Setting process visibility to: Background
2026-09-30 23:45:27.178 Df SafariViewService[24111:c6392d] [com.apple.FrontBoard:Scene] [UISceneHosting-com.apple.SafariViewService:UIHostedScene-com.tarunyadgirkar.prefill.spike.textinsert.provider-A0FD0FB3] Sending action(s) to "_UIViewServiceSceneExtension": _UIViewServiceHostAppearanceAction
2026-09-30 23:45:27.178 Df SpringBoard[86754:c72fa0] [com.apple.runningboard:monitor] Received state update for 42547 (xpcservice<com.tarunyadgirkar.prefill.spike.textinsert.provider([app<com.apple.SafariViewService((null))>:24111])>{vt hash: 0}{definition:com.tarunyadgirkar.prefill.spike.textinsert.provider[extension][client]}, running-active-Visible
2026-09-30 23:45:27.178 A  SafariViewService[24111:c75998] (RunningBoardServices) observedProcessStatesDidChange
2026-09-30 23:45:27.178 Df SafariViewService[24111:c74dec] [com.apple.FrontBoard:ProcessScene] [0x1066ec300:UISceneHosting-com.apple.SafariViewService:UIHostedScene-com.tarunyadgirkar.prefill.spike.textinsert.provider-A0FD0FB3] Sending scene action [Logical Deactivate][0x2464] to process 0x10946ce00 (watchdog: 10.00s)
2026-09-30 23:45:27.178 A  runningboardd[86757:c74641] (RunningBoard) invalidateAssertionWithIdentifier
2026-09-30 23:45:27.178 A  InputUI[87035:c75377] (RunningBoardServices) observedProcessStatesDidChange
2026-09-30 23:45:27.178 Df runningboardd[86757:c74641] [com.apple.runningboard:ttl] Invalidating assertion 86757-24111-8788 (target:[xpcservice<com.tarunyadgirkar.prefill.spike.textinsert.provider([app<com.apple.SafariViewService((null))>:24111])>{vt hash: 0}{definition:com.tarunyadgirkar.prefill.spike.textinsert.provider[extension][client]}:42547]) from originator [app<com.apple.SafariViewService((null))>:24111]
2026-09-30 23:45:27.178 Df SafariViewService[24111:c6392d] [com.apple.FrontBoard:Scene] [UISceneHosting-com.apple.SafariViewService:UIHostedScene-com.tarunyadgirkar.prefill.spike.textinsert.provider-A0FD0FB3] Sending action(s): _UISceneHostingViewAppearanceActionHostToClient
2026-09-30 23:45:27.178 Df InputUI[87035:c75377] [com.apple.runningboard:monitor] Received state update for 42547 (xpcservice<com.tarunyadgirkar.prefill.spike.textinsert.provider([app<com.apple.SafariViewService((null))>:24111])>{vt hash: 0}{definition:com.tarunyadgirkar.prefill.spike.textinsert.provider[extension][client]}, running-active-Visible
2026-09-30 23:45:27.178 Df SafariViewService[24111:c75998] [com.apple.runningboard:monitor] Received state update for 42547 (xpcservice<com.tarunyadgirkar.prefill.spike.textinsert.provider([app<com.apple.SafariViewService((null))>:24111])>{vt hash: 0}{definition:com.tarunyadgirkar.prefill.spike.textinsert.provider[extension][client]}, running-active-NotVisible
2026-09-30 23:45:27.179 Df TextInsertProvider[42547:c75b08] [com.apple.extensionkit:NSExtension] preparing to call _completeRequestReturningItems:forExtensionContextWithUUID: UUID: A201A15D-5922-4082-85EA-4B21FE8DA261
2026-09-30 23:45:27.179 A  TextInsertProvider[42547:c75b08] (ExtensionFoundation) completing request
2026-09-30 23:45:27.179 A  TextInsertProvider[42547:c75b08] (ExtensionFoundation) completing request - consume items
2026-09-30 23:45:27.179 A  TextInsertProvider[42547:c75b08] (ExtensionFoundation) completing request - completion part 1
2026-09-30 23:45:27.179 A  TextInsertProvider[42547:c75b08] (ExtensionFoundation) completing request - completion part 2
2026-09-30 23:45:27.179 Df TextInsertProvider[42547:c75b08] [com.apple.extensionkit:NSExtension] call _completeRequestReturningItems:forExtensionContextWithUUID:
2026-09-30 23:45:27.179 A  SafariViewService[24111:c75998] (ExtensionFoundation) completing extension request
2026-09-30 23:45:27.179 A  SafariViewService[24111:c75998] (ExtensionFoundation) tear down extension request
2026-09-30 23:45:27.180 Df TextInsertProvider[42547:c75ad5] [com.apple.UIKit:InterfaceStyle] Not push traits update to screen for new style 1, <_UIHostedWindowScene: 0x104089680> (UIHostedScene-com.tarunyadgirkar.prefill.spike.textinsert.provider-A0FD0FB3)
2026-09-30 23:45:27.180 Df TextInsertProvider[42547:c75ad5] [com.apple.UIKit:AppLifecycle] sceneOfRecord: sceneID: UIHostedScene-com.tarunyadgirkar.prefill.spike.textinsert.provider-A0FD0FB3  persistentID: UIHostedScene-com.tarunyadgirkar.prefill.spike.textinsert.provider-A0FD0FB3
2026-09-30 23:45:27.180 Df TextInsertProvider[42547:c75ad5] [com.apple.UIKit:Application] Deactivation reason added: 12; deactivation reasons: 0 -> 4096; animating application lifecycle event: 0
2026-09-30 23:45:27.180 Df TextInsertProvider[42547:c75ad5] [com.apple.KeyboardArbiter:Client] applicationWillResignActive
2026-09-30 23:45:27.181 Df backboardd[86775:c75024] [com.apple.BackBoard:EventDelivery] new deferring rules for pid:24111: [
    [24111-A]; <keyboardFocus; BC6F68B5-CC6C-4F60-9C6E-3F8096AB8042; <uq: 5; UIKit-localContainer>> -> <token: 0xBC46D7D5; pid: 24111>; reason: …gin event deferring in keyboardFocus for window: 0x106596400,
    [24111-9]; <keyboardFocus; …ilesafari:UIHostedScene-com.apple.SafariViewService-CF83E032> -> <token: <uq: 5; UIKit-localContainer>; pid: 24111>; reason: UIKit-localContainer
]
2026-09-30 23:45:27.181 Df backboardd[86775:c75024] [com.apple.BackBoard:EventDelivery] [<keyboardFocus; builtin> 0x10a4c7e90] setRules:forPID(24111) generation: 640: [[24111-9]; <keyboardFocus; 42063(v277B73)->/UISceneHosting-com.apple.mobilesafari:UIHostedScene-com.apple.SafariViewService-CF83E032> -> <token: <uq: 5; UIKit-localContainer>; pid: 24111>; reason: UIKit-localContainer]
2026-09-30 23:45:27.181 Df backboardd[86775:c75024] [com.apple.BackBoard:EventDelivery] [<keyboardFocus> 0x10a4c7f70] setRules:forPID(24111) generation: 640: [
    [24111-A]; <keyboardFocus; BC6F68B5-CC6C-4F60-9C6E-3F8096AB8042; <uq: 5; UIKit-localContainer>> -> <token: 0xBC46D7D5; pid: 24111>; reason: _UIHostedWindowScene: 0x13fdbb200: Begin event deferring in keyboardFocus for window: 0x106596400,
    [24111-9]; <keyboardFocus; 42063(v277B73)->/UISceneHosting-com.apple.mobilesafari:UIHostedScene-com.apple.SafariViewService-CF83E032> -> <token: <uq: 5; UIKit-localContainer>; pid: 24111>; reason: UIKit-localContainer
]
2026-09-30 23:45:27.181 Df backboardd[86775:c75024] [com.apple.BackBoard:EventDelivery] chain did update (setDeferringRules) <<keyboardFocus>; generation: 640; selectionPath: primary; compatibilityDisplay: BC6F68B5-CC6C-4F60-9C6E-3F8096AB8042; finalStringTargetIndex: 2> containsEndOfChain: YES; [
    <token: com.apple.frontboard.systemappservices/SSK.primary.root(mainDisplay):SB-main; pid: 86754>,
    <token: com.apple.frontboard.systemappservices/FBSceneManager:sceneID%3Acom.apple.mobilesafari-71DD3C25-4702-4D1D-8EB9-7DEF87C13EE1; pid: 42063>,
    <token: 42063(v277B73)->/UISceneHosting-com.apple.mobilesafari:UIHostedScene-com.apple.SafariViewService-CF83E032; pid: 24111>,
    <token: <uq: 5; UIKit-localContainer>; pid: 24111>,
    <token: 0xBC46D7D5; pid: 24111>
]
2026-09-30 23:45:27.182 Df TextInsertUITests-Runner[41970:c74f16] [com.apple.BackBoard:EventDelivery] will update observations for 0 observers
2026-09-30 23:45:27.182 Df testmanagerd[88342:c35c14] [com.apple.dt.xctest:Default] Handling kAXUserTestingNotification from AX element pid: 24111, elementOrHash.elementID: 0.1 (0x104628280)
2026-09-30 23:45:27.182 Df TextInsertProvider[42547:c75ad5] [com.apple.UIKit:Application] Deactivation reason added: 11; deactivation reasons: 4096 -> 6144; animating application lifecycle event: 0
2026-09-30 23:45:27.182 Df testmanagerd[88342:c74dca] [com.apple.dt.xctest:Default] Calling handler for AX notification kAXUserTestingNotification from AX element pid: 24111, elementOrHash.elementID: 0.1 with payload {
    controllerClass = "_ASCredentialListViewController";
    event = ViewDidDisappear;
}
2026-09-30 23:45:27.182 Df InputUI[87035:c74f21] [com.apple.BackBoard:EventDelivery] will update observations for 0 observers
2026-09-30 23:45:27.182 Df testmanagerd[88342:c35c14] [com.apple.dt.xctest:Default] Got user testing notification with payload {
    controllerClass = "_ASCredentialListViewController";
    event = ViewDidDisappear;
}
2026-09-30 23:45:27.182 Df InputUI[87035:c33b5c] [com.apple.KeyboardArbiter:Events] Event deferring target change: 24111(v26FC93)->/UISceneHosting-com.apple.SafariViewService:UIHostedScene-com.tarunyadgirkar.prefill.spike.textinsert.provider-A0FD0FB3 -> 42063(v277B73)->/UISceneHosting-com.apple.mobilesafari:UIHostedScene-com.apple.SafariViewService-CF83E032 (activeInput=N)
2026-09-30 23:45:27.182 Df iMessageAppsViewService[93436:c759af] [com.apple.BackBoard:EventDelivery] will update observations for 0 observers
2026-09-30 23:45:27.182 Df TextInsertProvider[42547:c75ad5] [com.apple.UIKit:BackgroundTask] Will add backgroundTask with taskName: _UIRemoteKeyboard XPC disconnection, expirationHandler: (null)
2026-09-30 23:45:27.182 Df InputUI[87035:c33b5c] [com.apple.KeyboardArbiter:Events] Handle for next event deferring target found: <com.apple.SafariViewService focus:<contextID:3158759381 sceneID:42063(v277B73)->/UISceneHosting-com.apple.mobilesafari:UIHostedScene-com.apple.SafariViewService-CF83E032> run:Y hosting:() level:0 active:N wantedState:Disabled #suppr:0 iavHeight:0 onScreen:N>
2026-09-30 23:45:27.182 Df testmanagerd[88342:c35c14] [com.apple.dt.xctest:Default] Handling kAXUserTestingNotification from AX element pid: 24111, elementOrHash.elementID: 0.1 (0x104628280)
2026-09-30 23:45:27.182 Df testmanagerd[88342:c35c14] [com.apple.dt.xctest:Default] Got user testing notification with payload {
    controllerClass = "_UIRemoteViewController";
    event = ViewDidDisappear;
}
2026-09-30 23:45:27.182 Df testmanagerd[88342:c74dca] [com.apple.dt.xctest:Default] Calling handler for AX notification kAXUserTestingNotification from AX element pid: 24111, elementOrHash.elementID: 0.1 with payload {
    controllerClass = "_UIRemoteViewController";
    event = ViewDidDisappear;
}
2026-09-30 23:45:27.182 Df TextInsertProvider[42547:c75ad5] [com.apple.UIKit:BackgroundTask] Creating new assertion because there is no existing background assertion.
2026-09-30 23:45:27.182 Df SpringBoard[86754:c72fa0] [com.apple.BackBoard:EventDelivery] will update observations for 0 observers
2026-09-30 23:45:27.182 Df backboardd[86775:c75024] [com.apple.BackBoard:EventDelivery] chain did update (setDeferringRules) <<keyboardFocus; builtin>; generation: 640; selectionPath: primary; finalStringTargetIndex: 2> containsEndOfChain: YES; [
    <token: com.apple.frontboard.systemappservices/SSK.primary.root(mainDisplay):SB-main; pid: 86754>,
    <token: com.apple.frontboard.systemappservices/FBSceneManager:sceneID%3Acom.apple.mobilesafari-71DD3C25-4702-4D1D-8EB9-7DEF87C13EE1; pid: 42063>,
    <token: 42063(v277B73)->/UISceneHosting-com.apple.mobilesafari:UIHostedScene-com.apple.SafariViewService-CF83E032; pid: 24111>,
    <token: <uq: 5; UIKit-localContainer>; pid: 24111>
]
2026-09-30 23:45:27.182 Df TextInsertProvider[42547:c75b08] [com.apple.BackBoard:EventDelivery] will update observations for 3 observers
2026-09-30 23:45:27.182 Df SafariViewService[24111:c75998] [com.apple.BackBoard:EventDelivery] will update observations for 6 observers
2026-09-30 23:45:27.182 Df SafariViewService[24111:c75998] [com.apple.BackBoard:EventDelivery] policyStatus:<0x109793b10; _UIKeyboardFocusAssistant-0x105d3a7c0; 42063(v277B73)->/UISceneHosting-com.apple.mobilesafari:UIHostedScene-com.apple.SafariViewService-CF83E032; <ancestor; generation: 640; finalStringToken>> was:<ancestor; generation: 639>
2026-09-30 23:45:27.182 Df SafariViewService[24111:c75998] [com.apple.BackBoard:EventDelivery] [BKSHIDEventObserver] policyDidChange: 0x109793b10 -> <_UIKeyboardFocusAssistant: 0x105d3a7c0> now:<ancestor; generation: 640; finalStringToken>
2026-09-30 23:45:27.182 Df MobileSafari[42063:c751fd] [com.apple.BackBoard:EventDelivery] will update observations for 0 observers
2026-09-30 23:45:27.182 Df SafariViewService[24111:c6392d] [com.apple.UIKit:KeyboardFocusAssistant] Event deferring policy changed: finalScene:N->Y (token: 42063(v277B73)->/UISceneHosting-com.apple.mobilesafari:UIHostedScene-com.apple.SafariViewService-CF83E032)
2026-09-30 23:45:27.183 Df SafariViewService[24111:c75998] [com.apple.BackBoard:EventDelivery] policyStatus:<0x1097938e0; _UIKeyWindowSceneObserver-0x109cdf750; 42063(v277B73)->/UISceneHosting-com.apple.mobilesafari:UIHostedScene-com.apple.SafariViewService-CF83E032; <ancestor; generation: 640; finalStringToken>> was:<ancestor; generation: 639>
2026-09-30 23:45:27.183 F  backboardd[86775:c33619] (IOSurface) IOSurfaceQueryTransactionList got non-success return from kernel
2026-09-30 23:45:27.183 A  backboardd[86775:c33619] (libsystem_trace.dylib) Activity for state dumps
2026-09-30 23:45:27.183 Df WidgetRenderer_Default[87237:c759b1] [com.apple.BackBoard:EventDelivery] will update observations for 0 observers
2026-09-30 23:45:27.183 Df druid[97297:c7502f] [com.apple.BackBoard:EventDelivery] will update observations for 0 observers
2026-09-30 23:45:27.183 Df TextInsertProvider[42547:c75ad5] [com.apple.UIKit:BackgroundTask] Creating new background assertion
2026-09-30 23:45:27.183 F  backboardd[86775:c33619] (IOSurface) IOSurfaceQueryTransactionList got non-success return from kernel
2026-09-30 23:45:27.183 A  backboardd[86775:c33619] (libsystem_trace.dylib) Activity for state dumps
2026-09-30 23:45:27.183 Df SafariViewService[24111:c6392d] [com.apple.UIKit:KeyboardSceneDelegate] Scene gained keyboard focus (scene: <_UIHostedWindowScene: 0x13fdbb200>, responder: (nil), wantsKB: N)
2026-09-30 23:45:27.183 Df TextInsertProvider[42547:c75ad5] [com.apple.UIKit:BackgroundTask] Created new background assertion <BKSProcessAssertion: 0x1109897c0>
2026-09-30 23:45:27.183 Df backboardd[86775:c75024] [com.apple.BackBoard:EventDelivery] reachable observation targets did change (setDeferringRules) {
    "<environment: keyboardFocus; target: <token: 42063(v277B73)->/UISceneHosting-com.apple.mobilesafari:UIHostedScene-com.apple.SafariViewService-CF83E032; pid: 24111>>" = "<reachability: reachable; deferringGraphGeneration: 640>";
    "<environment: keyboardFocus; target: <token: com.apple.frontboard.systemappservices/SSK.primary.root(mainDisplay):PresentationBinderIndirectAccessHosting-%5BMain%5D%3A%5BSUIS-DruidUI%3A%5BMain%5D%20-%201%5D; pid: 86754>>" = "<reachability: unreachable; deferringGraphGeneration: 0>";
    "<environment: keyboardFocus; target: <token: 24111(v26FC93)->/UISceneHosting-com.apple.SafariViewService:UIHostedScene-com.tarunyadgirkar.prefill.spike.textinsert.provider-A0FD0FB3; pid: 42547>>" = "<reachability: unreachable; deferringGraphGeneration: 640>";
}
2026-09-30 23:45:27.183 Df TextInsertUITests-Runner[41970:c74f17] [com.apple.BackBoard:EventDelivery] will update observations for 0 observers
2026-09-30 23:45:27.183 Df testmanagerd[88342:c35c14] [com.apple.dt.xctest:Default] Handling kAXUserTestingNotification from AX element pid: 24111, elementOrHash.elementID: 0.1 (0x104628280)
2026-09-30 23:45:27.183 Df SafariViewService[24111:c6392d] [com.apple.UIKit:KeyboardArbiterClientLog] -[_UIRemoteKeyboards prepareToMoveKeyboard:withIAV:isIAVRelevant:showing:notifyRemote:forScene:] position: {{0, 0}, {0, 0}} visible: 0; notifyRemote: 1; isMinimized: YES
2026-09-30 23:45:27.183 Df MercuryPosterExtension[87267:c74124] [com.apple.BackBoard:EventDelivery] will update observations for 0 observers
2026-09-30 23:45:27.183 Df backboardd[86775:c75024] [com.apple.BackBoard:EventDelivery] [<keyboardFocus> 0x10a4c7f70] setGrantAssertions:forGrantorPID(24111) generation: 641: []
2026-09-30 23:45:27.183 Df backboardd[86775:c75024] [com.apple.BackBoard:EventDelivery] [<systemKeyCommandOverlay> 0x10a6dc230] setGrantAssertions:forGrantorPID(24111) generation: 285: []
2026-09-30 23:45:27.183 Df testmanagerd[88342:c35c14] [com.apple.dt.xctest:Default] Got user testing notification with payload {
    controllerClass = "_UISceneHostingViewController";
    event = ViewDidDisappear;
}
2026-09-30 23:45:27.183 Df testmanagerd[88342:c74dca] [com.apple.dt.xctest:Default] Calling handler for AX notification kAXUserTestingNotification from AX element pid: 24111, elementOrHash.elementID: 0.1 with payload {
    controllerClass = "_UISceneHostingViewController";
    event = ViewDidDisappear;
}
2026-09-30 23:45:27.183 Df InputUI[87035:c74f21] [com.apple.BackBoard:EventDelivery] will update observations for 0 observers
2026-09-30 23:45:27.183 A  mediaremoted[86761:c74e5f] (RunningBoardServices) observedProcessStatesDidChange
2026-09-30 23:45:27.183 Df Preferences[37416:c74d28] [com.apple.BackBoard:EventDelivery] will update observations for 0 observers
2026-09-30 23:45:27.183 Df MobileCal[88807:c74f2d] [com.apple.BackBoard:EventDelivery] will update observations for 0 observers
2026-09-30 23:45:27.183 Df backboardd[86775:c75024] [com.apple.BackBoard:EventDelivery] [<keyboardFocus; builtin> 0x10a4c7e90] setGrantAssertions:forGrantorPID(24111) generation: 641: []
2026-09-30 23:45:27.183 Df druid[97297:c7502f] [com.apple.BackBoard:EventDelivery] will update observations for 0 observers
2026-09-30 23:45:27.184 Df MobileSafari[42063:c756c2] [com.apple.BackBoard:EventDelivery] will update observations for 0 observers
2026-09-30 23:45:27.184 Df SpringBoard[86754:c75038] [com.apple.BackBoard:EventDelivery] will update observations for 0 observers
2026-09-30 23:45:27.184 Df mediaremoted[86761:c74e5f] [com.apple.runningboard:monitor] Received state update for 42547 (xpcservice<com.tarunyadgirkar.prefill.spike.textinsert.provider([app<com.apple.SafariViewService((null))>:24111])>{vt hash: 0}{definition:com.tarunyadgirkar.prefill.spike.textinsert.provider[extension][client]}, running-active-Visible
2026-09-30 23:45:27.184 Df iMessageAppsViewService[93436:c74f51] [com.apple.BackBoard:EventDelivery] will update observations for 0 observers
2026-09-30 23:45:27.184 A  runningboardd[86757:c74642] (RunningBoard) invalidateAssertionWithIdentifier
2026-09-30 23:45:27.184 Df runningboardd[86757:c74642] [com.apple.runningboard:ttl] Invalidating assertion 86757-41970-8800 (target:[app<com.tarunyadgirkar.prefill.spike.textinsert.uitests.xctrunner((null))>:41970]) from originator [app<com.tarunyadgirkar.prefill.spike.textinsert.uitests.xctrunner((null))>:41970]
2026-09-30 23:45:27.184 A  runningboardd[86757:c74642] (RunningBoard) acquireAssertionWithDescriptor
2026-09-30 23:45:27.184 Df Spotlight[87271:c75861] [com.apple.BackBoard:EventDelivery] will update observations for 0 observers
2026-09-30 23:45:27.184 Df runningboardd[86757:c74642] [com.apple.runningboard:ttl] Acquiring assertion targeting [xpcservice<com.tarunyadgirkar.prefill.spike.textinsert.provider([app<com.apple.SafariViewService((null))>:24111])>{vt hash: 0}{definition:com.tarunyadgirkar.prefill.spike.textinsert.provider[extension][client]}:42547] from originator [xpcservice<com.tarunyadgirkar.prefill.spike.textinsert.provider([app<com.apple.SafariViewService((null))>:24111])>{vt hash: 0}{definition:com.tarunyadgirkar.prefill.spike.textinsert.provider[extension][client]}:42547] with description <RBSAssertionDescriptor| "Shared Background Assertion 1 for com.tarunyadgirkar.prefill.spike.textinsert.provider" ID:86757-42547-8810 target:42547 attributes:[
	<RBSLegacyAttribute| requestedReason:FinishTask reason:FinishTask flags:( PreventTaskSuspend )>,
	<RBSAcquisitionCompletionAttribute| policy:AfterValidation>
	]>
2026-09-30 23:45:27.184 Df runningboardd[86757:c74642] [com.apple.runningboard:ttl] Assertion 86757-42547-8810 (target:[xpcservice<com.tarunyadgirkar.prefill.spike.textinsert.provider([app<com.apple.SafariViewService((null))>:24111])>{vt hash: 0}{definition:com.tarunyadgirkar.prefill.spike.textinsert.provider[extension][client]}:42547]) will be created as inactive as start-time-defining assertions exist
2026-09-30 23:45:27.184 Df WidgetRenderer_Default[87237:c73737] [com.apple.BackBoard:EventDelivery] will update observations for 0 observers
2026-09-30 23:45:27.184 Df backboardd[86775:c75024] [com.apple.BackBoard:EventDelivery] [<system> 0x10a6dc000] setGrantAssertions:forGrantorPID(24111) generation: 350: []
2026-09-30 23:45:27.184 Df TextInsertProvider[42547:c75ad5] [com.apple.UIKit:BackgroundTask] Incrementing reference count for background assertion <BKSProcessAssertion: 0x1109897c0>
2026-09-30 23:45:27.184 Df MobileCal[88807:c759ae] [com.apple.BackBoard:EventDelivery] will update observations for 0 observers
2026-09-30 23:45:27.184 Df MercuryPosterExtension[87267:c759b0] [com.apple.BackBoard:EventDelivery] will update observations for 0 observers
2026-09-30 23:45:27.184 Df TextInsertProvider[42547:c75ad5] [com.apple.UIKit:BackgroundTask] Created background task <_UIBackgroundTaskInfo: 0x1038c2d00>: taskID = 2, taskName = _UIRemoteKeyboard XPC disconnection, creationTime = 517520 (elapsed = 0).
2026-09-30 23:45:27.184 A  runningboardd[86757:c74642] (RunningBoard) acquireAssertionWithDescriptor
2026-09-30 23:45:27.184 Df SafariViewService[24111:c75998] [com.apple.BackBoard:EventDelivery] [BKSHIDEventObserver] policyDidChange: 0x1097938e0 -> <_UIKeyWindowSceneObserver: 0x109cdf750> now:<ancestor; generation: 640; finalStringToken>
2026-09-30 23:45:27.185 Df Preferences[37416:c74f5c] [com.apple.BackBoard:EventDelivery] will update observations for 0 observers
2026-09-30 23:45:27.185 Df Spotlight[87271:c75862] [com.apple.BackBoard:EventDelivery] will update observations for 0 observers
2026-09-30 23:45:27.185 Df backboardd[86775:c75024] [com.apple.BackBoard:EventDelivery] [<systemKeyCommandOverlay; builtin> 0x10a6dc150] setGrantAssertions:forGrantorPID(24111) generation: 285: []
2026-09-30 23:45:27.185 Df TextInsertProvider[42547:c75ad5] [com.apple.KeyboardArbiter:Client] com.tarunyadgirkar.prefill.spike.textinsert.provider(42547) invalidateConnection (appDidSuspend)
2026-09-30 23:45:27.185 Df SafariViewService[24111:c75998] [com.apple.BackBoard:EventDelivery] [BKSHIDEventObserver] policy-per (
    <0x10978f3a0; _UIKeyboardFocu…ant-0x105d36760; fb/FBSceneManag…Service-default; <none; generation: 0>>,
    <0x109786ca0; _UIKeyWindowSce…ver-0x106775a10; com.apple.UIKit…Service-default; <none; generation: 0>>,
    <0x109792140; _UIKeyWindowSce…ver-0x109c5ee20; com.apple.UIKit…ervice-CF83E032; <none; generation: 0>>,
    <0x109793b10; _UIKeyboardFocu…ant-0x105d3a7c0; 42063(v277B73)-…ervice-CF83E032; <ancestor; generation: 640; finalStringToken>>,
    <0x1097938e0; _UIKeyWindowSce…ver-0x109cdf750; 42063(v277B73)-…ervice-CF83E032; <ancestor; generation: 640; finalStringToken>>,
    <0x10978fbf0; _UIKeyWindowSce…ver-0x105ca3cf0; fb/FBSceneManag…Service-default; <none; generation: 0>>
)
2026-09-30 23:45:27.185 Df runningboardd[86757:c74642] [com.apple.libxpc.OSLaunchdJob:all] <OSLaunchdJob | handle=B44DB78D-BFC7-413C-83BF-D8874DEA607B>: copyJobWithHandle: created a job
2026-09-30 23:45:27.186 Df InputUI[87035:c33b5c] [com.apple.KeyboardArbiter:Handle] com.tarunyadgirkar.prefill.spike.textinsert.provider(42547) lostConnection (invalidation)
2026-09-30 23:45:27.186 Df TextInsertProvider[42547:c75ad5] [com.apple.UIKit:BackgroundTask] Will add backgroundTask with taskName: com.apple.asset_manager.cache_resource_cleanup, expirationHandler: <__NSMallocBlock__: 0x11089edf0>
2026-09-30 23:45:27.186 Df InputUI[87035:c33b5c] [com.apple.runningboard:monitor] Updating configuration of monitor M87035-1
2026-09-30 23:45:27.186 Df backboardd[86775:c75024] [com.apple.BackBoard:EventDelivery] reachable observation targets did change (grants) {
    "<environment: keyboardFocus; target: <token: 42063(v277B73)->/UISceneHosting-com.apple.mobilesafari:UIHostedScene-com.apple.SafariViewService-CF83E032; pid: 24111>>" = "<reachability: reachable; deferringGraphGeneration: 641>";
    "<environment: keyboardFocus; target: <token: com.apple.frontboard.systemappservices/SSK.primary.root(mainDisplay):PresentationBinderIndirectAccessHosting-%5BMain%5D%3A%5BSUIS-DruidUI%3A%5BMain%5D%20-%201%5D; pid: 86754>>" = "<reachability: unreachable; deferringGraphGeneration: 0>";
    "<environment: keyboardFocus; target: <token: 24111(v26FC93)->/UISceneHosting-com.apple.SafariViewService:UIHostedScene-com.tarunyadgirkar.prefill.spike.textinsert.provider-A0FD0FB3; pid: 42547>>" = "<reachability: unreachable; deferringGraphGeneration: 641>";
}
2026-09-30 23:45:27.186 Df SafariViewService[24111:c7503f] [com.apple.xpc:connection] [0x10649f200] activating connection: mach=true listener=false peer=false name=com.apple.managedconfiguration.profiled.public
2026-09-30 23:45:27.186 Df TextInsertProvider[42547:c75ad5] [com.apple.UIKit:BackgroundTask] Reusing background assertion <BKSProcessAssertion: 0x1109897c0>
2026-09-30 23:45:27.186 Df TextInsertProvider[42547:c75ad5] [com.apple.UIKit:BackgroundTask] Incrementing reference count for background assertion <BKSProcessAssertion: 0x1109897c0>
2026-09-30 23:45:27.186 Df SafariViewService[24111:c75998] [com.apple.BackBoard:EventDelivery] will update observations for 6 observers
2026-09-30 23:45:27.186 Df SafariViewService[24111:c75998] [com.apple.BackBoard:EventDelivery] [BKSHIDEventObserver] policy-per (
    <0x10978f3a0; _UIKeyboardFocu…ant-0x105d36760; fb/FBSceneManag…Service-default; <none; generation: 0>>,
    <0x109786ca0; _UIKeyWindowSce…ver-0x106775a10; com.apple.UIKit…Service-default; <none; generation: 0>>,
    <0x109792140; _UIKeyWindowSce…ver-0x109c5ee20; com.apple.UIKit…ervice-CF83E032; <none; generation: 0>>,
    <0x109793b10; _UIKeyboardFocu…ant-0x105d3a7c0; 42063(v277B73)-…ervice-CF83E032; <ancestor; generation: 640; finalStringToken>>,
    <0x1097938e0; _UIKeyWindowSce…ver-0x109cdf750; 42063(v277B73)-…ervice-CF83E032; <ancestor; generation: 640; finalStringToken>>,
    <0x10978fbf0; _UIKeyWindowSce…ver-0x105ca3cf0; fb/FBSceneManag…Service-default; <none; generation: 0>>
)
2026-09-30 23:45:27.187 Df TextInsertProvider[42547:c75ad5] [com.apple.UIKit:BackgroundTask] Created background task <_UIBackgroundTaskInfo: 0x1038c1a40>: taskID = 3, taskName = com.apple.asset_manager.cache_resource_cleanup, creationTime = 517520 (elapsed = 0).
2026-09-30 23:45:27.187 Df TextInsertProvider[42547:c75ad5] [com.apple.UIKit:BackgroundTask] Ending background task with UIBackgroundTaskIdentifier: 3
2026-09-30 23:45:27.187 Df TextInsertProvider[42547:c75ad5] [com.apple.UIKit:BackgroundTask] Ending task with identifier 3 and description: <_UIBackgroundTaskInfo: 0x1038c1a40>: taskID = 3, taskName = com.apple.asset_manager.cache_resource_cleanup, creationTime = 517520 (elapsed = 0), _expireHandler: <__NSMallocBlock__: 0x11089edf0>
2026-09-30 23:45:27.187 Df TextInsertProvider[42547:c75ad5] [com.apple.UIKit:BackgroundTask] Decrementing reference count for assertion <BKSProcessAssertion: 0x1109897c0> (used by background task with identifier 3: <_UIBackgroundTaskInfo: 0x1038c1a40>: taskID = 3, taskName = com.apple.asset_manager.cache_resource_cleanup, creationTime = 517520 (elapsed = 0))
2026-09-30 23:45:27.188 Df TextInsertProvider[42547:c75ad5] [com.apple.UIKit:BackgroundTask] Will add backgroundTask with taskName: com.apple.asset_manager.cache_resource_cleanup, expirationHandler: <__NSMallocBlock__: 0x11089edf0>
2026-09-30 23:45:27.188 Df TextInsertProvider[42547:c75ad5] [com.apple.UIKit:BackgroundTask] Reusing background assertion <BKSProcessAssertion: 0x1109897c0>
2026-09-30 23:45:27.188 Df TextInsertProvider[42547:c75ad5] [com.apple.UIKit:BackgroundTask] Incrementing reference count for background assertion <BKSProcessAssertion: 0x1109897c0>
2026-09-30 23:45:27.188 Df TextInsertProvider[42547:c75ad5] [com.apple.UIKit:BackgroundTask] Created background task <_UIBackgroundTaskInfo: 0x1038c1a40>: taskID = 4, taskName = com.apple.asset_manager.cache_resource_cleanup, creationTime = 517520 (elapsed = 0).
2026-09-30 23:45:27.188 A  runningboardd[86757:c74643] (RunningBoard) state update
2026-09-30 23:45:27.188 Df TextInsertProvider[42547:c75ad5] [com.apple.UIKit:BackgroundTask] Ending background task with UIBackgroundTaskIdentifier: 4
2026-09-30 23:45:27.188 Df TextInsertProvider[42547:c75ad5] [com.apple.UIKit:BackgroundTask] Ending task with identifier 4 and description: <_UIBackgroundTaskInfo: 0x1038c1a40>: taskID = 4, taskName = com.apple.asset_manager.cache_resource_cleanup, creationTime = 517520 (elapsed = 0), _expireHandler: <__NSMallocBlock__: 0x11089edf0>
2026-09-30 23:45:27.188 Df runningboardd[86757:c74642] [com.apple.runningboard:ttl] Acquiring assertion targeting osservice<com.apple.InputUI> from originator [app<com.apple.SafariViewService((null))>:24111] with description <RBSAssertionDescriptor| "BSNSXPCTransport[C:5-6]" ID:86757-24111-8811 target:osservice<com.apple.InputUI> attributes:[
	<RBSDomainAttribute| domain:"com.apple.common" name:"BasicAngelIPC" sourceEnvironment:"(null)">,
	<RBSConstraintsAttribute| constraints:7>
	]>
2026-09-30 23:45:27.188 Df TextInsertProvider[42547:c75ad5] [com.apple.UIKit:BackgroundTask] Decrementing reference count for assertion <BKSProcessAssertion: 0x1109897c0> (used by background task with identifier 4: <_UIBackgroundTaskInfo: 0x1038c1a40>: taskID = 4, taskName = com.apple.asset_manager.cache_resource_cleanup, creationTime = 517520 (elapsed = 0))
2026-09-30 23:45:27.189 Df TextInsertProvider[42547:c75ad5] [com.apple.UIKit:BackgroundTask] Will add backgroundTask with taskName: com.apple.asset_manager.cache_resource_cleanup, expirationHandler: <__NSMallocBlock__: 0x11089edf0>
2026-09-30 23:45:27.189 Df runningboardd[86757:c74642] [com.apple.runningboard:ttl] Assertion 86757-24111-8811 (target:osservice<com.apple.InputUI>) will be created as active
2026-09-30 23:45:27.189 Df runningboardd[86757:c74642] [com.apple.runningboard:ttl] setting abstract target for <RBSAssertionDescriptor| "BSNSXPCTransport[C:5-6]" ID:86757-24111-8811 target:osservice<com.apple.InputUI> attributes:[
	<RBSDomainAttribute| domain:"com.apple.common" name:"BasicAngelIPC" sourceEnvironment:"(null)">,
	<RBSConstraintsAttribute| constraints:7>
	]> to [osservice<com.apple.InputUI>:87035]
2026-09-30 23:45:27.189 Df TextInsertProvider[42547:c75ad5] [com.apple.UIKit:BackgroundTask] Reusing background assertion <BKSProcessAssertion: 0x1109897c0>
2026-09-30 23:45:27.189 Df TextInsertProvider[42547:c75ad5] [com.apple.UIKit:BackgroundTask] Incrementing reference count for background assertion <BKSProcessAssertion: 0x1109897c0>
2026-09-30 23:45:27.189 A  runningboardd[86757:c74642] (RunningBoard) subscribeToProcessStateChangesWithConfiguration
2026-09-30 23:45:27.189 Df TextInsertProvider[42547:c75ad5] [com.apple.UIKit:BackgroundTask] Created background task <_UIBackgroundTaskInfo: 0x1038c1a40>: taskID = 5, taskName = com.apple.asset_manager.cache_resource_cleanup, creationTime = 517520 (elapsed = 0).
2026-09-30 23:45:27.189 Df TextInsertProvider[42547:c75ad5] [com.apple.UIKit:BackgroundTask] Ending background task with UIBackgroundTaskIdentifier: 5
2026-09-30 23:45:27.189 Df SafariViewService[24111:c6392d] [com.apple.KeyboardArbiter:Client] prepareToMoveKeyboard: set currentKeyboard:N (snapshot:N, notifyRemote:Y, position:{{0, 0}, {0, 0}})
2026-09-30 23:45:27.189 Df TextInsertProvider[42547:c75ad5] [com.apple.UIKit:BackgroundTask] Ending task with identifier 5 and description: <_UIBackgroundTaskInfo: 0x1038c1a40>: taskID = 5, taskName = com.apple.asset_manager.cache_resource_cleanup, creationTime = 517520 (elapsed = 0), _expireHandler: <__NSMallocBlock__: 0x11089edf0>
2026-09-30 23:45:27.189 Df SafariViewService[24111:c6392d] [com.apple.KeyboardArbiter:Client] TX signalKeyboardChanged: <<fence:Y pos:{{0, 0}, {0, 0}} anim:Y onScreen:N tracking:N resizing:N local:N uiPos:Unknown notif:N> src{scene:42063(v277B73)->/UISceneHosting-com.apple.mobilesafari:UIHostedScene-com.apple.SafariViewService-CF83E032 display:Main bundle:com.apple.SafariViewService} hostBundle:(null) posWithIAV:(same) multScenes:Y snapshot:Y >
2026-09-30 23:45:27.189 Df SafariViewService[24111:c6392d] [com.apple.UIKit:KeyboardArbiterClientLog] -[_UIRemoteKeyboards signalToProxyKeyboardChanged:onCompletion:]  Signaling keyboard changed <<<_UIKeyboardChangedInformation: 0x106650300>; appId (null) bundleId (null) animation fence <BKSAnimationFenceHandle:0x10640ace0 -> <CAFenceHandle:0x10977df10 name=32 fence=152f70000009b usable=YES>>; position {{0, 0}, {0, 0}}; animated YES; on screen NO; tracking NO; resizing NO; local NO, dock state: Unknown, hasValidNotif: NO>; source canvas 42063(v277B73)->/UISceneHosting-com.apple.mobilesafari:UIHostedScene-com.apple.SafariViewService-CF83E032; source display Main; source bundle com.apple.SafariViewService; host bundle (null); animation fence <BKSAnimationFenceHandle:0x10640ace0 -> <CAFenceHandle:0x10977df10 name=32 fence=152f70000009b usable=YES>>; position {{0, 0}, {0, 0}} (with IAV same); floating 0; on screen NO; multiple scenes YES;  intersectable YES; snapshot YES>
2026-09-30 23:45:27.189 Df TextInsertProvider[42547:c75ad5] [com.apple.UIKit:BackgroundTask] Decrementing reference count for assertion <BKSProcessAssertion: 0x1109897c0> (used by background task with identifier 5: <_UIBackgroundTaskInfo: 0x1038c1a40>: taskID = 5, taskName = com.apple.asset_manager.cache_resource_cleanup, creationTime = 517520 (elapsed = 0))
2026-09-30 23:45:27.189 A  InputUI[87035:c74f21] (RunningBoardServices) observedProcessStatesDidChange
2026-09-30 23:45:27.189 A  runningboardd[86757:c74643] (RunningBoard) state update
2026-09-30 23:45:27.189 Df InputUI[87035:c33b5c] [com.apple.KeyboardArbiter:Events] set focusRequestedHandle:(null) (connectionInvalidated)
2026-09-30 23:45:27.189 A  runningboardd[86757:c74642] (RunningBoard) invalidateAssertionWithIdentifier
2026-09-30 23:45:27.189 Df InputUI[87035:c33b5c] [com.apple.KeyboardArbiter:Handle] RX com.tarunyadgirkar.prefill.spike.textinsert.provider(42547) setWindowContextID:0 windowState:Disabled level:0.0
    focusContext:(null)
2026-09-30 23:45:27.189 Df InputUI[87035:c74f21] [com.apple.runningboard:monitor] Received state update for 87267 (extension<com.apple.MercuryPoster[config:6E69CA09-34E3-3493-B8FC-B5021E1ACB71]((null):86754)>[uuid:99E4BAE0-EC5B-6DCB-2006-E5AA8B847D25], running-suspended-Visible
2026-09-30 23:45:27.189 Df InputUI[87035:c74f21] [com.apple.runningboard:monitor] Received state update for 97297 (osservice<com.apple.DragUI.druid>, running-Visible
2026-09-30 23:45:27.189 Df InputUI[87035:c74f21] [com.apple.runningboard:monitor] Received state update for 87035 (osservice<com.apple.InputUI>, running-active-Visible
2026-09-30 23:45:27.189 Df InputUI[87035:c33b5c] [com.apple.UIKit:KeyboardScene] KeyboardArbiter has no scene identity for client handle <_UIKeyboardArbiterClientHandle: 0x1100f33a0; [xpcservice<com.tarunyadgirkar.prefill.spike.textinsert.provider([app<com.apple.SafariViewService((null))>:24111])>{vt hash: 0}{definition:com.tarunyadgirkar.prefill.spike.textinsert.provider[extension][client]}:42547] <(null)>; hosting PIDs {(
)}; level 0.000000; active NO [wants NO]; suppression 0; iav 0.000000; on screen NO; isAcquiringFocus: NO>
2026-09-30 23:45:27.189 Df InputUI[87035:c74f21] [com.apple.runningboard:monitor] Received state update for 86754 (osservice<com.apple.SpringBoard>, running-active-Visible
2026-09-30 23:45:27.190 Df InputUI[87035:c74f21] [com.apple.runningboard:monitor] Received state update for 24111 (app<com.apple.SafariViewService((null))>, running-active-Visible
2026-09-30 23:45:27.190 Df TextInsertProvider[42547:c75b08] [com.apple.BackBoard:EventDelivery] [BKSHIDEventObserver] policy-per (
    <0x10418f3a0; _UIKeyWindowSce…ver-0x103b7de30; 24111(v26FC93)-…ovider-A0FD0FB3; <ancestor; generation: 639; finalStringToken>>,
    <0x10418f330; _UIKeyboardFocu…ant-0x103a66640; 24111(v26FC93)-…ovider-A0FD0FB3; <ancestor; generation: 639; finalStringToken>>,
    <0x1040fe370; _UIKeyWindowSce…ver-0x10410a7c0; com.apple.UIKit…ovider-A0FD0FB3; <none; generation: 0>>
)
2026-09-30 23:45:27.190 Df TextInsertProvider[42547:c75ad5] [com.apple.UIKit:DisplayLink] Legacy remapping target changed from '5413AD25-0C44-4163-A8FF-B906395CA854' to '(null)'
2026-09-30 23:45:27.190 Df InputUI[87035:c74f21] [com.apple.runningboard:monitor] Received state update for 42063 (app<com.apple.mobilesafari((null))>, running-active-Visible
2026-09-30 23:45:27.190 Df TextInsertProvider[42547:c75b08] [com.apple.BackBoard:EventDelivery] [BKSHIDEventObserver] reachability for target <environment: keyboardFocus; target: <token: 24111(v26FC93)->/UISceneHosting-com.apple.SafariViewService:UIHostedScene-com.tarunyadgirkar.prefill.spike.textinsert.provider-A0FD0FB3; pid: 42547>> -> <reachability: unreachable; deferringGraphGeneration: 640> (generation: 640)
2026-09-30 23:45:27.190 Df TextInsertProvider[42547:c75b08] [com.apple.BackBoard:EventDelivery] will update observations for 3 observers
2026-09-30 23:45:27.190 Df runningboardd[86757:c74642] [com.apple.runningboard:ttl] Invalidating assertion 86757-24111-8811 (target:osservice<com.apple.InputUI>) from originator [app<com.apple.SafariViewService((null))>:24111]
2026-09-30 23:45:27.190 Df runningboardd[86757:c74643] [com.apple.runningboard:monitor] Calculated state for osservice<com.apple.InputUI>: running-active (role: UserInteractiveFocal) (endowments: {(
    <RBSProcessEndowmentInfo| namespace:com.apple.boardservices.endpoint-injection env:(null) payload: 14040822456440931537>,
    <RBSProcessEndowmentInfo| namespace:com.apple.frontboard.visibility env:(null)  0>
)})
2026-09-30 23:45:27.190 Df TextInsertProvider[42547:c75b08] [com.apple.BackBoard:EventDelivery] policyStatus:<0x10418f3a0; _UIKeyWindowSceneObserver-0x103b7de30; 24111(v26FC93)->/UISceneHosting-com.apple.SafariViewService:UIHostedScene-com.tarunyadgirkar.prefill.spike.textinsert.provider-A0FD0FB3; <none; generation: 0>> was:<ancestor; generation: 639; finalStringToken>
2026-09-30 23:45:27.190 A  runningboardd[86757:c74642] (RunningBoard) acquireAssertionWithDescriptor
2026-09-30 23:45:27.190 Df TextInsertProvider[42547:c75b08] [com.apple.BackBoard:EventDelivery] [BKSHIDEventObserver] policyDidChange: 0x10418f3a0 -> <_UIKeyWindowSceneObserver: 0x103b7de30> now:<none; generation: 0>
2026-09-30 23:45:27.190 Df TextInsertProvider[42547:c75ad5] [com.apple.FrontBoard:SceneClient] [UISceneHosting-com.apple.SafariViewService:UIHostedScene-com.tarunyadgirkar.prefill.spike.textinsert.provider-A0FD0FB3] Received action(s) for "_UIViewServiceSceneExtension": _UIViewServiceHostAppearanceAction
2026-09-30 23:45:27.190 Df runningboardd[86757:c74642] [com.apple.runningboard:ttl] Acquiring assertion targeting [app<com.apple.SafariViewService((null))>:24111] from originator [app<com.apple.SafariViewService((null))>:24111] with description <RBSAssertionDescriptor| "systemAnimationFence" ID:86757-24111-8812 target:24111 attributes:[
	<RBSLegacyAttribute| requestedReason:FinishTask reason:FinishTask flags:( AllowIdleSleep PreventTaskSuspend PreventTaskThrottleDown )>,
	<RBSAcquisitionCompletionAttribute| policy:AfterValidation>
	]>
2026-09-30 23:45:27.191 Df runningboardd[86757:c74642] [com.apple.runningboard:ttl] Assertion 86757-24111-8812 (target:[app<com.apple.SafariViewService((null))>:24111]) will be created as inactive as start-time-defining assertions exist
2026-09-30 23:45:27.191 Df TextInsertProvider[42547:c75b08] [com.apple.BackBoard:EventDelivery] policyStatus:<0x10418f330; _UIKeyboardFocusAssistant-0x103a66640; 24111(v26FC93)->/UISceneHosting-com.apple.SafariViewService:UIHostedScene-com.tarunyadgirkar.prefill.spike.textinsert.provider-A0FD0FB3; <none; generation: 0>> was:<ancestor; generation: 639; finalStringToken>
2026-09-30 23:45:27.191 A  runningboardd[86757:c74642] (RunningBoard) acquireAssertionWithDescriptor
2026-09-30 23:45:27.191 Df TextInsertProvider[42547:c75b08] [com.apple.BackBoard:EventDelivery] [BKSHIDEventObserver] policyDidChange: 0x10418f330 -> <_UIKeyboardFocusAssistant: 0x103a66640> now:<none; generation: 0>
2026-09-30 23:45:27.191 Df profiled[86944:c74e67] [com.apple.xpc:connection] [0x103dc21c0] activating connection: mach=false listener=false peer=true name=com.apple.managedconfiguration.profiled.public.peer[24111].0x103dc21c0
2026-09-30 23:45:27.191 Df runningboardd[86757:c74642] [com.apple.libxpc.OSLaunchdJob:all] <OSLaunchdJob | handle=B44DB78D-BFC7-413C-83BF-D8874DEA607B>: copyJobWithHandle: created a job
2026-09-30 23:45:27.191 A  runningboardd[86757:c74644] (RunningBoard) state update
2026-09-30 23:45:27.191 Df TextInsertProvider[42547:c75b08] [com.apple.BackBoard:EventDelivery] [BKSHIDEventObserver] policy-per (
    <0x10418f3a0; _UIKeyWindowSce…ver-0x103b7de30; 24111(v26FC93)-…ovider-A0FD0FB3; <none; generation: 0>>,
    <0x10418f330; _UIKeyboardFocu…ant-0x103a66640; 24111(v26FC93)-…ovider-A0FD0FB3; <none; generation: 0>>,
    <0x1040fe370; _UIKeyWindowSce…ver-0x10410a7c0; com.apple.UIKit…ovider-A0FD0FB3; <none; generation: 0>>
)
2026-09-30 23:45:27.191 Df TextInsertProvider[42547:c75ad5] [com.apple.UIKit:ViewServices] Appearance transition didDisappear for 24111(v26FC93)->/UISceneHosting-com.apple.SafariViewService:UIHostedScene-com.tarunyadgirkar.prefill.spike.textinsert.provider-A0FD0FB3
2026-09-30 23:45:27.192 Df TextInsertProvider[42547:c75ad5] [com.apple.FrontBoard:Common] [UISceneHosting-com.apple.SafariViewService:UIHostedScene-com.tarunyadgirkar.prefill.spike.textinsert.provider-A0FD0FB3] Component <_UIViewServiceClientSceneComponent: 0x103b7d290> handled action(s): <_UIViewServiceHostAppearanceAction: 0x110924ea0>
2026-09-30 23:45:27.192 Df TextInsertProvider[42547:c75ad5] [com.apple.FrontBoard:SceneClient] [UISceneHosting-com.apple.SafariViewService:UIHostedScene-com.tarunyadgirkar.prefill.spike.textinsert.provider-A0FD0FB3] Received action(s): _UISceneHostingViewAppearanceActionHostToClient
2026-09-30 23:45:27.192 Df TextInsertProvider[42547:c75ad5] [com.apple.UIKit:AppLifecycle] sceneOfRecord: sceneID: UIHostedScene-com.tarunyadgirkar.prefill.spike.textinsert.provider-A0FD0FB3  persistentID: UIHostedScene-com.tarunyadgirkar.prefill.spike.textinsert.provider-A0FD0FB3
2026-09-30 23:45:27.192 Df TextInsertProvider[42547:c75ad5] [com.apple.UIKit:KeyWindow] Scene target of keyboard event deferring environment did change: target=0; ancestor=0; scene: _UIHostedWindowScene: 0x104089680; scene identity: 24111(v26FC93)->/UISceneHosting-com.apple.SafariViewService:UIHostedScene-com.tarunyadgirkar.prefill.spike.textinsert.provider-A0FD0FB3
2026-09-30 23:45:27.192 Df TextInsertProvider[42547:c75ad5] [com.apple.UIKit:KeyboardFocusAssistant] Event deferring policy changed: finalScene:Y->N (token: 24111(v26FC93)->/UISceneHosting-com.apple.SafariViewService:UIHostedScene-com.tarunyadgirkar.prefill.spike.textinsert.provider-A0FD0FB3)
2026-09-30 23:45:27.193 Df runningboardd[86757:c74642] [com.apple.runningboard:ttl] Acquiring assertion targeting osservice<com.apple.InputUI> from originator [app<com.apple.SafariViewService((null))>:24111] with description <RBSAssertionDescriptor| "BSNSXPCTransport[C:5-6]" ID:86757-24111-8813 target:osservice<com.apple.InputUI> attributes:[
	<RBSDomainAttribute| domain:"com.apple.common" name:"BasicAngelIPC" sourceEnvironment:"(null)">,
	<RBSConstraintsAttribute| constraints:7>
	]>
2026-09-30 23:45:27.193 Df runningboardd[86757:c74642] [com.apple.runningboard:ttl] Assertion 86757-24111-8813 (target:osservice<com.apple.InputUI>) will be created as active
2026-09-30 23:45:27.193 Df runningboardd[86757:c74642] [com.apple.runningboard:ttl] setting abstract target for <RBSAssertionDescriptor| "BSNSXPCTransport[C:5-6]" ID:86757-24111-8813 target:osservice<com.apple.InputUI> attributes:[
	<RBSDomainAttribute| domain:"com.apple.common" name:"BasicAngelIPC" sourceEnvironment:"(null)">,
	<RBSConstraintsAttribute| constraints:7>
	]> to [osservice<com.apple.InputUI>:87035]
2026-09-30 23:45:27.193 Df SafariViewService[24111:c6392d] [com.apple.UIKit:TrackingElementWindowController] Updating sizing for existing placement <UIInputViewSetPlacementOffScreenDown>
2026-09-30 23:45:27.193 Df InputUI[87035:c33b5c] [com.apple.KeyboardArbiter:Handle] RX com.apple.SafariViewService(24111) signalKeyboardChanged
    keyboardChanges:<<fence:Y pos:{{0, 0}, {0, 0}} anim:Y onScreen:N tracking:N resizing:N local:N uiPos:Unknown notif:N> src{scene:42063(v277B73)->/UISceneHosting-com.apple.mobilesafari:UIHostedScene-com.apple.SafariViewService-CF83E032 display:Main bundle:com.apple.SafariViewService} hostBundle:(null) posWithIAV:(same) multScenes:Y snapshot:Y >
2026-09-30 23:45:27.193 Df SafariViewService[24111:c6392d] [com.apple.UIKit:KeyboardArbiterClientLog] -[_UIRemoteKeyboardPlaceholderView refreshPlaceholder]  refreshPlaceholder: size={402, 0} [previous size={402, 0}]
2026-09-30 23:45:27.193 Df InputUI[87035:c33b5c] [com.apple.KeyboardArbiter:Events] set activeInputDestination:(null)
2026-09-30 23:45:27.193 Df SafariViewService[24111:c6392d] [com.apple.TextInputUI:KeyboardTrackingCoordinator] Updating tracking clients for start <TUIKeyboardTrackingCoordinator:0x106484780 state=<TUIKeyboardState: 0x13fe6a1e0 State: offscreen; is docked>; frame={{0, 0}, {0, 0}}; animation=<TUIKeyboardAnimationInfo: 0x1066ec540, duration: 0.38, from local keyboard, is not rotating, should animate, type: 0, notificationInfo: {
    UIKeyboardAnimationCurveUserInfoKey = 7;
    UIKeyboardAnimationDurationUserInfoKey = "0.3833";
    UIKeyboardBoundsUserInfoKey = "NSRect: {{0, 0}, {402, 0}}";
    UIKeyboardCenterBeginUserInfoKey = "NSPoint: {0, 0}";
    UIKeyboardCenterEndUserInfoKey = "NSPoint: {201, 874}";
    UIKeyboardFrameBeginUserInfoKey = "NSRect: {{0, 0}, {0, 0}}";
    UIKeyboardFrameEndUserInfoKey = "NSRect: {{0, 874}, {402, 0}}";
    UIKeyboardIsLocalUserInfoKey = 1;
}notificationsDebug: >>
2026-09-30 23:45:27.193 Df InputUI[87035:c33b5c] [com.apple.UIKit:KeyboardArbiter] active input destination is now (null); information: <<<_UIKeyboardChangedInformation: 0x10728cf00>; appId (null) bundleId (null) animation fence <BKSAnimationFenceHandle:0x106ff8500 -> <CAFenceHandle:0x1070cb6b0 name=1c1 fence=152f70000009b usable=NO>>; position {{0, 0}, {0, 0}}; animated YES; on screen NO; tracking NO; resizing NO; local NO, dock state: Unknown, hasValidNotif: NO>; source canvas 42063(v277B73)->/UISceneHosting-com.apple.mobilesafari:UIHostedScene-com.apple.SafariViewService-CF83E032; source display Main; source bundle com.apple.SafariViewService; host bundle (null); animation fence <BKSAnimationFenceHandle:0x106ff8500 -> <CAFenceHandle:0x1070cb6b0 name=1c1 fence=152f70000009b usable=NO>>; position {{0, 0}, {0, 0}} (with IAV same); floating 0; on screen NO; multiple scenes YES;  intersectable YES; snapshot YES>
2026-09-30 23:45:27.193 A  SpringBoard[86754:c75038] (RunningBoardServices) observedProcessStatesDidChange
2026-09-30 23:45:27.193 A  InputUI[87035:c74f21] (RunningBoardServices) observedProcessStatesDidChange
2026-09-30 23:45:27.193 Df SafariViewService[24111:c6392d] [com.apple.TextInputUI:KeyboardTrackingCoordinator] Updating tracking clients for start <TUIKeyboardTrackingCoordinator:0x10649d040 state=<TUIKeyboardState: 0x13fe6a1e0 State: offscreen; is docked>; frame={{0, 0}, {0, 0}}; animation=<TUIKeyboardAnimationInfo: 0x1066ec540, duration: 0.38, from local keyboard, is not rotating, should animate, type: 0, notificationInfo: {
    UIKeyboardAnimationCurveUserInfoKey = 7;
    UIKeyboardAnimationDurationUserInfoKey = "0.3833";
    UIKeyboardBoundsUserInfoKey = "NSRect: {{0, 0}, {402, 0}}";
    UIKeyboardCenterBeginUserInfoKey = "NSPoint: {0, 0}";
    UIKeyboardCenterEndUserInfoKey = "NSPoint: {201, 874}";
    UIKeyboardFrameBeginUserInfoKey = "NSRect: {{0, 0}, {0, 0}}";
    UIKeyboardFrameEndUserInfoKey = "NSRect: {{0, 874}, {402, 0}}";
    UIKeyboardIsLocalUserInfoKey = 1;
}notificationsDebug: >>
2026-09-30 23:45:27.193 A  runningboardd[86757:c74644] (RunningBoard) state update
2026-09-30 23:45:27.193 A  MobileSafari[42063:c756c2] (RunningBoardServices) observedProcessStatesDidChange
2026-09-30 23:45:27.193 Df SpringBoard[86754:c75038] [com.apple.runningboard:monitor] Received state update for 87035 (osservice<com.apple.InputUI>, running-active-Visible
2026-09-30 23:45:27.193 Df InputUI[87035:c74f21] [com.apple.runningboard:monitor] Received state update for 87035 (osservice<com.apple.InputUI>, running-active-Visible
2026-09-30 23:45:27.193 E  SafariViewService[24111:c6392d] [com.apple.Accessibility:AXAppAccessibility] Got a keyboard will change frame notification, but keyboard was not even present.
2026-09-30 23:45:27.193 Df MobileSafari[42063:c756c2] [com.apple.runningboard:monitor] Received state update for 87035 (osservice<com.apple.InputUI>, running-active-NotVisible
2026-09-30 23:45:27.193 E  SafariViewService[24111:c6392d] [com.apple.Accessibility:AXAppAccessibility] Got a keyboard will hide notification, but keyboard was not even present.
2026-09-30 23:45:27.193 Df TextInsertProvider[42547:c75ad5] [com.apple.UIKit:BackgroundTask] Ending background task with UIBackgroundTaskIdentifier: 2
2026-09-30 23:45:27.193 Df SafariViewService[24111:c6392d] [com.apple.TextInputUI:KeyboardTrackingCoordinator] Posted notification willHide with {
    UIKeyboardAnimationCurveUserInfoKey = 7;
    UIKeyboardAnimationDurationUserInfoKey = "0.3833";
    UIKeyboardBoundsUserInfoKey = "NSRect: {{0, 0}, {402, 0}}";
    UIKeyboardCenterBeginUserInfoKey = "NSPoint: {0, 0}";
    UIKeyboardCenterEndUserInfoKey = "NSPoint: {201, 874}";
    UIKeyboardFrameBeginUserInfoKey = "NSRect: {{0, 0}, {0, 0}}";
    UIKeyboardFrameEndUserInfoKey = "NSRect: {{0, 874}, {402, 0}}";
    UIKeyboardIsLocalUserInfoKey = 1;
} (null)
2026-09-30 23:45:27.193 Df SafariViewService[24111:c74dec] [com.apple.FrontBoard:ProcessScene] [0x1066ec300:UISceneHosting-com.apple.SafariViewService:UIHostedScene-com.tarunyadgirkar.prefill.spike.textinsert.provider-A0FD0FB3] Scene action [Logical Deactivate][0x2464] completed with success: 1
2026-09-30 23:45:27.193 Df TextInsertProvider[42547:c75ad5] [com.apple.UIKit:BackgroundTask] Ending task with identifier 2 and description: <_UIBackgroundTaskInfo: 0x1038c2d00>: taskID = 2, taskName = _UIRemoteKeyboard XPC disconnection, creationTime = 517520 (elapsed = 0), _expireHandler: (null)
2026-09-30 23:45:27.193 A  mediaremoted[86761:c74e77] (RunningBoardServices) observedProcessStatesDidChange
2026-09-30 23:45:27.193 A  runningboardd[86757:c74641] (RunningBoard) acquireAssertionWithDescriptor
2026-09-30 23:45:27.193 Df TextInsertProvider[42547:c75ad5] [com.apple.UIKit:BackgroundTask] Decrementing reference count for assertion <BKSProcessAssertion: 0x1109897c0> (used by background task with identifier 2: <_UIBackgroundTaskInfo: 0x1038c2d00>: taskID = 2, taskName = _UIRemoteKeyboard XPC disconnection, creationTime = 517520 (elapsed = 0))
2026-09-30 23:45:27.194 Df TextInsertProvider[42547:c75ad5] [com.apple.UIKit:BackgroundTask] Will invalidate assertion: <BKSProcessAssertion: 0x1109897c0> for task identifier: 2
2026-09-30 23:45:27.194 Df SafariViewService[24111:c6392d] [com.apple.UIKit:EventDeferring] [0x106184a00] Scene target of event deferring environments did update: scene: 0x13fdbb980; current systemShellManagesKeyboardFocus: 1; systemShellManagesKeyboardFocusForScene: 1; eligibleForRecordRemoval: 1;
2026-09-30 23:45:27.194 Df mediaremoted[86761:c74e77] [com.apple.runningboard:monitor] Received state update for 87035 (osservice<com.apple.InputUI>, running-active-Visible
2026-09-30 23:45:27.194 Df SafariViewService[24111:c6392d] [com.apple.UIKit:EventDeferring] [0x106183d80] Scene target of event deferring environments did update: scene: 0x13fdbb200; current systemShellManagesKeyboardFocus: 1; systemShellManagesKeyboardFocusForScene: 1; eligibleForRecordRemoval: 1;
2026-09-30 23:45:27.194 Df SafariViewService[24111:c6392d] [com.apple.UIKit:EventDeferring] [0x106187580] Scene target of event deferring environments did update: scene: 0x109763c00; current systemShellManagesKeyboardFocus: 1; systemShellManagesKeyboardFocusForScene: 1; eligibleForRecordRemoval: 1;
2026-09-30 23:45:27.194 Df SafariViewService[24111:c6392d] [com.apple.UIKit:EventDeferring] [0x106170400] Scene target of event deferring environments did update: scene: 0x10975ea80; current systemShellManagesKeyboardFocus: 1; systemShellManagesKeyboardFocusForScene: 1; eligibleForRecordRemoval: 1;
2026-09-30 23:45:27.194 Df SafariViewService[24111:c6392d] [com.apple.UIKit:KeyWindow] Scene became target of keyboard event deferring environment: _UIHostedWindowScene: 0x13fdbb200; scene identity: 42063(v277B73)->/UISceneHosting-com.apple.mobilesafari:UIHostedScene-com.apple.SafariViewService-CF83E032
2026-09-30 23:45:27.195 Df runningboardd[86757:c74641] [com.apple.runningboard:ttl] Acquiring assertion targeting [osservice<com.apple.SpringBoard>:86754] from originator [osservice<com.apple.InputUI>:87035] with description <RBSAssertionDescriptor| "com.apple.UIKit.KeyboardManagement.message" ID:86757-87035-8814 target:86754 attributes:[
	<RBSDomainAttribute| domain:"com.apple.UIKit.KeyboardManagement.xpc" name:"Arbiter" sourceEnvironment:"(null)">
	]>
2026-09-30 23:45:27.195 Df runningboardd[86757:c74641] [com.apple.runningboard:ttl] Assertion 86757-87035-8814 (target:[osservice<com.apple.SpringBoard>:86754]) will be created as active
2026-09-30 23:45:27.195 A  runningboardd[86757:c74641] (RunningBoard) invalidateAssertionWithIdentifier
2026-09-30 23:45:27.195 Df SpringBoard[86754:c334f8] [com.apple.KeyboardArbiter:Client] RX keyboardChanged (isLocal:N source:42063(v277B73)->/UISceneHosting-com.apple.mobilesafari:UIHostedScene-com.apple.SafariViewService-CF83E032 frame:{{0, 0}, {0, 0}} onScreen:N)
2026-09-30 23:45:27.195 Df SafariViewService[24111:c6392d] [com.apple.TextInputUI:KeyboardTrackingCoordinator] Posted notification didHide with {
    UIKeyboardAnimationCurveUserInfoKey = 7;
    UIKeyboardAnimationDurationUserInfoKey = "0.3833";
    UIKeyboardBoundsUserInfoKey = "NSRect: {{0, 0}, {402, 0}}";
    UIKeyboardCenterBeginUserInfoKey = "NSPoint: {0, 0}";
    UIKeyboardCenterEndUserInfoKey = "NSPoint: {201, 874}";
    UIKeyboardFrameBeginUserInfoKey = "NSRect: {{0, 0}, {0, 0}}";
    UIKeyboardFrameEndUserInfoKey = "NSRect: {{0, 874}, {402, 0}}";
    UIKeyboardIsLocalUserInfoKey = 1;
} (null)
2026-09-30 23:45:27.195 Df SpringBoard[86754:c334f8] [com.apple.KeyboardArbiter:Client] handleKeyboardChange: set currentKeyboard:N (wasKeyboard:N)
2026-09-30 23:45:27.195 A  runningboardd[86757:c74644] (RunningBoard) state update
2026-09-30 23:45:27.195 Df SpringBoard[86754:c334f8] [com.apple.UIKit:KeyboardSceneDelegate] Tracking provider: updateProviderFromRemoteUpdate for info: <<<_UIKeyboardChangedInformation: 0x11f762280>; appId (null) bundleId (null) animation fence (null); position {{0, 0}, {0, 0}}; animated YES; on screen NO; tracking NO; resizing NO; local NO, dock state: Unknown, hasValidNotif: NO>; source canvas 42063(v277B73)->/UISceneHosting-com.apple.mobilesafari:UIHostedScene-com.apple.SafariViewService-CF83E032; source display Main; source bundle com.apple.SafariViewService; host bundle (null); animation fence (null); position {{0, 0}, {0, 0}} (with IAV same); floating 0; on screen NO; multiple scenes YES;  intersectable YES; snapshot YES> update to {{0, 0}, {0, 0}}
2026-09-30 23:45:27.195 Df SpringBoard[86754:c334f8] [com.apple.UIKit:TrackingElementWindowController] Updating sizing for existing placement <UIInputViewSetPlacementOffScreenDown>
2026-09-30 23:45:27.195 Df SpringBoard[86754:c334f8] [com.apple.TextInputUI:KeyboardTrackingCoordinator] Updating tracking clients for start <TUIKeyboardTrackingCoordinator:0x115d32d00 state=<TUIKeyboardState: 0x113c86120 State: offscreen; is docked>; frame={{0, 0}, {0, 0}}; animation=<TUIKeyboardAnimationInfo: 0x126204600, duration: 0.38, from remote keyboard, is not rotating, should animate, type: 0, notificationInfo: {
    UIKeyboardAnimationCurveUserInfoKey = 7;
    UIKeyboardAnimationDurationUserInfoKey = "0.3833";
    UIKeyboardBoundsUserInfoKey = "NSRect: {{0, 0}, {0, 0}}";
    UIKeyboardCenterBeginUserInfoKey = "NSPoint: {0, 0}";
    UIKeyboardCenterEndUserInfoKey = "NSPoint: {0, 0}";
    UIKeyboardFrameBeginUserInfoKey = "NSRect: {{0, 0}, {0, 0}}";
    UIKeyboardFrameEndUserInfoKey = "NSRect: {{0, 0}, {0, 0}}";
    UIKeyboardIsLocalUserInfoKey = 0;
}notificationsDebug: >>
2026-09-30 23:45:27.196 Df runningboardd[86757:c74641] [com.apple.runningboard:ttl] Invalidating assertion 86757-42547-8810 (target:[xpcservice<com.tarunyadgirkar.prefill.spike.textinsert.provider([app<com.apple.SafariViewService((null))>:24111])>{vt hash: 0}{definition:com.tarunyadgirkar.prefill.spike.textinsert.provider[extension][client]}:42547]) from originator [xpcservice<com.tarunyadgirkar.prefill.spike.textinsert.provider([app<com.apple.SafariViewService((null))>:24111])>{vt hash: 0}{definition:com.tarunyadgirkar.prefill.spike.textinsert.provider[extension][client]}:42547]
2026-09-30 23:45:27.196 Df SpringBoard[86754:c334f8] [com.apple.TextInputUI:KeyboardTrackingCoordinator] Updating tracking clients for start <TUIKeyboardTrackingCoordinator:0x115e79540 state=<TUIKeyboardState: 0x113c86120 State: offscreen; is docked>; frame={{0, 0}, {0, 0}}; animation=<TUIKeyboardAnimationInfo: 0x126204600, duration: 0.38, from remote keyboard, is not rotating, should animate, type: 0, notificationInfo: {
    UIKeyboardAnimationCurveUserInfoKey = 7;
    UIKeyboardAnimationDurationUserInfoKey = "0.3833";
    UIKeyboardBoundsUserInfoKey = "NSRect: {{0, 0}, {0, 0}}";
    UIKeyboardCenterBeginUserInfoKey = "NSPoint: {0, 0}";
    UIKeyboardCenterEndUserInfoKey = "NSPoint: {0, 0}";
    UIKeyboardFrameBeginUserInfoKey = "NSRect: {{0, 0}, {0, 0}}";
    UIKeyboardFrameEndUserInfoKey = "NSRect: {{0, 0}, {0, 0}}";
    UIKeyboardIsLocalUserInfoKey = 0;
}notificationsDebug: >>
2026-09-30 23:45:27.196 Df runningboardd[86757:c74643] [com.apple.runningboard:process] [osservice<com.apple.SpringBoard>:86754] Ignoring jetsam update because this process is not memory-managed
2026-09-30 23:45:27.196 Df runningboardd[86757:c74644] [com.apple.runningboard:monitor] Calculated state for osservice<com.apple.SpringBoard>: running-active (role: UserInteractiveFocal) (endowments: {(
    <RBSProcessEndowmentInfo| namespace:com.apple.boardservices.endpoint-injection env:(null) payload: 10368935462144248724>,
    <RBSProcessEndowmentInfo| namespace:com.apple.frontboard.visibility env:UIScene:com.apple.frontboard.systemappservices/SSK.primary.root(mainDisplay):SB-main payload: 3286669422001561946>,
    <RBSProcessEndowmentInfo| namespace:com.apple.frontboard.visibility env:UIRootWindow:0x116f44000 payload: 3286669422001561946>,
    <RBSProcessEndowmentInfo| namespace:com.apple.frontboard.visibility env:UIScene:com.apple.frontboard.systemappservices/SSK.primary.root(mainDisplay):SB-systemAperture payload: 3286669422001561946>,
    <RBSProcessEndowmentInfo| namespace:com.apple.frontboard.visibility env:(null)  0>,
    <RBSProcessEndowmentInfo| namespace:com.apple.frontboard.visibility env:UIScene:com.apple.frontboard.systemappservices/SSK.primary.root(mainDisplay):PresentationBinderIndirectAccess)
2026-09-30 23:45:27.196 Df SpringBoard[86754:c334f8] [com.apple.TextInputUI:KeyboardTrackingCoordinator] Updating tracking clients for start <TUIKeyboardTrackingCoordinator:0x12626ed00 state=<TUIKeyboardState: 0x113c86120 State: offscreen; is docked>; frame={{0, 0}, {0, 0}}; animation=<TUIKeyboardAnimationInfo: 0x126204600, duration: 0.38, from remote keyboard, is not rotating, should animate, type: 0, notificationInfo: {
    UIKeyboardAnimationCurveUserInfoKey = 7;
    UIKeyboardAnimationDurationUserInfoKey = "0.3833";
    UIKeyboardBoundsUserInfoKey = "NSRect: {{0, 0}, {0, 0}}";
    UIKeyboardCenterBeginUserInfoKey = "NSPoint: {0, 0}";
    UIKeyboardCenterEndUserInfoKey = "NSPoint: {0, 0}";
    UIKeyboardFrameBeginUserInfoKey = "NSRect: {{0, 0}, {0, 0}}";
    UIKeyboardFrameEndUserInfoKey = "NSRect: {{0, 0}, {0, 0}}";
    UIKeyboardIsLocalUserInfoKey = 0;
}notificationsDebug: >>
2026-09-30 23:45:27.196 Df SpringBoard[86754:c334f8] [com.apple.TextInputUI:KeyboardTrackingCoordinator] Updating tracking clients for start <TUIKeyboardTrackingCoordinator:0x115d32300 state=<TUIKeyboardState: 0x113c86120 State: offscreen; is docked>; frame={{0, 0}, {0, 0}}; animation=<TUIKeyboardAnimationInfo: 0x126204600, duration: 0.38, from remote keyboard, is not rotating, should animate, type: 0, notificationInfo: {
    UIKeyboardAnimationCurveUserInfoKey = 7;
    UIKeyboardAnimationDurationUserInfoKey = "0.3833";
    UIKeyboardBoundsUserInfoKey = "NSRect: {{0, 0}, {0, 0}}";
    UIKeyboardCenterBeginUserInfoKey = "NSPoint: {0, 0}";
    UIKeyboardCenterEndUserInfoKey = "NSPoint: {0, 0}";
    UIKeyboardFrameBeginUserInfoKey = "NSRect: {{0, 0}, {0, 0}}";
    UIKeyboardFrameEndUserInfoKey = "NSRect: {{0, 0}, {0, 0}}";
    UIKeyboardIsLocalUserInfoKey = 0;
}notificationsDebug: >>
2026-09-30 23:45:27.196 Df SpringBoard[86754:c334f8] [com.apple.TextInputUI:KeyboardTrackingCoordinator] Updating tracking clients for start <TUIKeyboardTrackingCoordinator:0x115d32a80 state=<TUIKeyboardState: 0x113c86120 State: offscreen; is docked>; frame={{0, 0}, {0, 0}}; animation=<TUIKeyboardAnimationInfo: 0x126204600, duration: 0.38, from remote keyboard, is not rotating, should animate, type: 0, notificationInfo: {
    UIKeyboardAnimationCurveUserInfoKey = 7;
    UIKeyboardAnimationDurationUserInfoKey = "0.3833";
    UIKeyboardBoundsUserInfoKey = "NSRect: {{0, 0}, {0, 0}}";
    UIKeyboardCenterBeginUserInfoKey = "NSPoint: {0, 0}";
    UIKeyboardCenterEndUserInfoKey = "NSPoint: {0, 0}";
    UIKeyboardFrameBeginUserInfoKey = "NSRect: {{0, 0}, {0, 0}}";
    UIKeyboardFrameEndUserInfoKey = "NSRect: {{0, 0}, {0, 0}}";
    UIKeyboardIsLocalUserInfoKey = 0;
}notificationsDebug: >>
2026-09-30 23:45:27.196 A  runningboardd[86757:c74641] (RunningBoard) acquireAssertionWithDescriptor
2026-09-30 23:45:27.196 Df SpringBoard[86754:c334f8] [com.apple.UIKit:KeyboardSceneDelegate] forceReloadInputViews
2026-09-30 23:45:27.196 Df SpringBoard[86754:c334f8] [com.apple.UIKit:KeyboardSceneDelegate] Try reloading input views for responder:(nil) requiresKB:N force:Y scene-identity:(nil)
2026-09-30 23:45:27.196 Df SpringBoard[86754:c334f8] [com.apple.UIKit:KeyboardSceneDelegate] Reloading input views for non-key-window scene responder:(nil) requiresKB:N force:Y scene-identity:(nil)
2026-09-30 23:45:27.196 Df SpringBoard[86754:c334f8] [com.apple.UIKit:KeyboardSceneDelegate] _inputViewsForResponder: <(null): 0x0; >, automaticKeyboard: 0, force: 1
2026-09-30 23:45:27.196 Df runningboardd[86757:c74641] [com.apple.runningboard:ttl] Acquiring assertion targeting [osservice<com.apple.DragUI.druid>:97297] from originator [osservice<com.apple.InputUI>:87035] with description <RBSAssertionDescriptor| "com.apple.UIKit.KeyboardManagement.message" ID:86757-87035-8815 target:97297 attributes:[
	<RBSDomainAttribute| domain:"com.apple.UIKit.KeyboardManagement.xpc" name:"Arbiter" sourceEnvironment:"(null)">
	]>
2026-09-30 23:45:27.196 Df SpringBoard[86754:c334f8] [com.apple.UIKit:KeyboardSceneDelegate] _inputViewsForResponder responderRequiresKeyboard:0, useKeyboard:0 (automaticKeyboardEnabled: 0, activeInstance:<(null): 0x0>, self.isOnScreen:0, requiresKBWhenFirstResponder:0, allowsSystemInputView:1, inputView:<(null): 0x0>)
2026-09-30 23:45:27.196 Df runningboardd[86757:c74641] [com.apple.runningboard:ttl] Assertion 86757-87035-8815 (target:[osservice<com.apple.DragUI.druid>:97297]) will be created as active
2026-09-30 23:45:27.196 Df SpringBoard[86754:c334f8] [com.apple.UIKit:KeyboardSceneDelegate] _inputViewsForResponder returning: <<UIInputViewSet: 0x126204240>; (empty)>
2026-09-30 23:45:27.196 Df SpringBoard[86754:c334f8] [com.apple.UIKit:KeyboardSceneDelegate] setWindowSceneInputViews:<<UIInputViewSet: 0x126204240>; (empty)> scene-identity:(nil)
2026-09-30 23:45:27.196 Df runningboardd[86757:c74643] [com.apple.runningboard:process] [osservice<com.apple.SpringBoard>:86754] Ignoring suspend because this process is not lifecycle managed
2026-09-30 23:45:27.196 A  runningboardd[86757:c75464] (RunningBoard) state update
2026-09-30 23:45:27.196 Df SpringBoard[86754:c334f8] [com.apple.UIKit:TrackingElementWindowController] Setting tracking element input views: <<UIInputViewSet: 0x126206d00>; (empty)>
2026-09-30 23:45:27.196 Df SpringBoard[86754:c334f8] [com.apple.UIKit:UIPeripheralHost] endPlacementForInputViewSet: <<UIInputViewSet: 0x126206d00>; (empty)> windowScene: <_UIScreenBasedWindowScene: 0x10cf92a80; role: _UIScreenBasedSceneSession; persistentIdentifier: 9B7B548A-BC90-4333-B4BF-93072312B2B7; activationState: UISceneActivationStateForegroundActive>
2026-09-30 23:45:27.196 Df runningboardd[86757:c74643] [com.apple.runningboard:process] [osservice<com.apple.SpringBoard>:86754] Ignoring GPU update because this process is not GPU managed
2026-09-30 23:45:27.196 Df SpringBoard[86754:c334f8] [com.apple.UIKit:TrackingElementWindowController] Moving from placement: <UIInputViewSetPlacementOffScreenDown> to placement: <UIInputViewSetPlacementOffScreenDown> (currentPlacement: <UIInputViewSetPlacementOffScreenDown>)
2026-09-30 23:45:27.196 A  runningboardd[86757:c74647] (RunningBoard) acquireAssertionWithDescriptor
2026-09-30 23:45:27.197 Df SpringBoard[86754:c334f8] [com.apple.UIKit:KeyboardSceneDelegate] Tracking provider: updateProviderFromRemoteUpdate for info: <<<_UIKeyboardChangedInformation: 0x11f762280>; appId (null) bundleId (null) animation fence (null); position {{0, 0}, {0, 0}}; animated YES; on screen NO; tracking NO; resizing NO; local NO, dock state: Unknown, hasValidNotif: NO>; source canvas 42063(v277B73)->/UISceneHosting-com.apple.mobilesafari:UIHostedScene-com.apple.SafariViewService-CF83E032; source display Main; source bundle com.apple.SafariViewService; host bundle (null); animation fence (null); position {{0, 0}, {0, 0}} (with IAV same); floating 0; on screen NO; multiple scenes YES;  intersectable YES; snapshot YES> update to {{0, 0}, {0, 0}}
2026-09-30 23:45:27.197 Df SpringBoard[86754:c334f8] [com.apple.UIKit:TrackingElementWindowController] Updating sizing for existing placement <UIInputViewSetPlacementOffScreenDown>
2026-09-30 23:45:27.197 Df SpringBoard[86754:c334f8] [com.apple.TextInputUI:KeyboardTrackingCoordinator] Updating tracking clients for start <TUIKeyboardTrackingCoordinator:0x115d32d00 state=<TUIKeyboardState: 0x113de2cc0 State: offscreen; is docked>; frame={{0, 0}, {0, 0}}; animation=<TUIKeyboardAnimationInfo: 0x126204840, duration: 0.38, from remote keyboard, is not rotating, should animate, type: 0, notificationInfo: {
    UIKeyboardAnimationCurveUserInfoKey = 7;
    UIKeyboardAnimationDurationUserInfoKey = "0.3833";
    UIKeyboardBoundsUserInfoKey = "NSRect: {{0, 0}, {0, 0}}";
    UIKeyboardCenterBeginUserInfoKey = "NSPoint: {0, 0}";
    UIKeyboardCenterEndUserInfoKey = "NSPoint: {0, 0}";
    UIKeyboardFrameBeginUserInfoKey = "NSRect: {{0, 0}, {0, 0}}";
    UIKeyboardFrameEndUserInfoKey = "NSRect: {{0, 0}, {0, 0}}";
    UIKeyboardIsLocalUserInfoKey = 0;
}notificationsDebug: >>
2026-09-30 23:45:27.197 Df runningboardd[86757:c74647] [com.apple.runningboard:ttl] Acquiring assertion targeting [app<com.apple.mobilesafari((null))>:42063] from originator [osservice<com.apple.InputUI>:87035] with description <RBSAssertionDescriptor| "com.apple.UIKit.KeyboardManagement.message" ID:86757-87035-8816 target:42063 attributes:[
	<RBSDomainAttribute| domain:"com.apple.UIKit.KeyboardManagement.xpc" name:"Arbiter" sourceEnvironment:"(null)">
	]>
2026-09-30 23:45:27.197 Df SpringBoard[86754:c334f8] [com.apple.TextInputUI:KeyboardTrackingCoordinator] Updating tracking clients for start <TUIKeyboardTrackingCoordinator:0x115e79540 state=<TUIKeyboardState: 0x113de2cc0 State: offscreen; is docked>; frame={{0, 0}, {0, 0}}; animation=<TUIKeyboardAnimationInfo: 0x126204840, duration: 0.38, from remote keyboard, is not rotating, should animate, type: 0, notificationInfo: {
    UIKeyboardAnimationCurveUserInfoKey = 7;
    UIKeyboardAnimationDurationUserInfoKey = "0.3833";
    UIKeyboardBoundsUserInfoKey = "NSRect: {{0, 0}, {0, 0}}";
    UIKeyboardCenterBeginUserInfoKey = "NSPoint: {0, 0}";
    UIKeyboardCenterEndUserInfoKey = "NSPoint: {0, 0}";
    UIKeyboardFrameBeginUserInfoKey = "NSRect: {{0, 0}, {0, 0}}";
    UIKeyboardFrameEndUserInfoKey = "NSRect: {{0, 0}, {0, 0}}";
    UIKeyboardIsLocalUserInfoKey = 0;
}notificationsDebug: >>
2026-09-30 23:45:27.197 Df runningboardd[86757:c74647] [com.apple.runningboard:ttl] Assertion 86757-87035-8816 (target:[app<com.apple.mobilesafari((null))>:42063]) will be created as active
2026-09-30 23:45:27.197 Df SpringBoard[86754:c334f8] [com.apple.TextInputUI:KeyboardTrackingCoordinator] Updating tracking clients for start <TUIKeyboardTrackingCoordinator:0x12626ed00 state=<TUIKeyboardState: 0x113de2cc0 State: offscreen; is docked>; frame={{0, 0}, {0, 0}}; animation=<TUIKeyboardAnimationInfo: 0x126204840, duration: 0.38, from remote keyboard, is not rotating, should animate, type: 0, notificationInfo: {
    UIKeyboardAnimationCurveUserInfoKey = 7;
    UIKeyboardAnimationDurationUserInfoKey = "0.3833";
    UIKeyboardBoundsUserInfoKey = "NSRect: {{0, 0}, {0, 0}}";
    UIKeyboardCenterBeginUserInfoKey = "NSPoint: {0, 0}";
    UIKeyboardCenterEndUserInfoKey = "NSPoint: {0, 0}";
    UIKeyboardFrameBeginUserInfoKey = "NSRect: {{0, 0}, {0, 0}}";
    UIKeyboardFrameEndUserInfoKey = "NSRect: {{0, 0}, {0, 0}}";
    UIKeyboardIsLocalUserInfoKey = 0;
}notificationsDebug: >>
2026-09-30 23:45:27.197 Df SpringBoard[86754:c334f8] [com.apple.TextInputUI:KeyboardTrackingCoordinator] Updating tracking clients for start <TUIKeyboardTrackingCoordinator:0x115d32300 state=<TUIKeyboardState: 0x113de2cc0 State: offscreen; is docked>; frame={{0, 0}, {0, 0}}; animation=<TUIKeyboardAnimationInfo: 0x126204840, duration: 0.38, from remote keyboard, is not rotating, should animate, type: 0, notificationInfo: {
    UIKeyboardAnimationCurveUserInfoKey = 7;
    UIKeyboardAnimationDurationUserInfoKey = "0.3833";
    UIKeyboardBoundsUserInfoKey = "NSRect: {{0, 0}, {0, 0}}";
    UIKeyboardCenterBeginUserInfoKey = "NSPoint: {0, 0}";
    UIKeyboardCenterEndUserInfoKey = "NSPoint: {0, 0}";
    UIKeyboardFrameBeginUserInfoKey = "NSRect: {{0, 0}, {0, 0}}";
    UIKeyboardFrameEndUserInfoKey = "NSRect: {{0, 0}, {0, 0}}";
    UIKeyboardIsLocalUserInfoKey = 0;
}notificationsDebug: >>
2026-09-30 23:45:27.197 Df runningboardd[86757:c74643] [com.apple.runningboard:process] [osservice<com.apple.SpringBoard>:86754] Ignoring memory limit update because this process is not memory-managed
2026-09-30 23:45:27.197 Df SpringBoard[86754:c334f8] [com.apple.TextInputUI:KeyboardTrackingCoordinator] Updating tracking clients for start <TUIKeyboardTrackingCoordinator:0x115d32a80 state=<TUIKeyboardState: 0x113de2cc0 State: offscreen; is docked>; frame={{0, 0}, {0, 0}}; animation=<TUIKeyboardAnimationInfo: 0x126204840, duration: 0.38, from remote keyboard, is not rotating, should animate, type: 0, notificationInfo: {
    UIKeyboardAnimationCurveUserInfoKey = 7;
    UIKeyboardAnimationDurationUserInfoKey = "0.3833";
    UIKeyboardBoundsUserInfoKey = "NSRect: {{0, 0}, {0, 0}}";
    UIKeyboardCenterBeginUserInfoKey = "NSPoint: {0, 0}";
    UIKeyboardCenterEndUserInfoKey = "NSPoint: {0, 0}";
    UIKeyboardFrameBeginUserInfoKey = "NSRect: {{0, 0}, {0, 0}}";
    UIKeyboardFrameEndUserInfoKey = "NSRect: {{0, 0}, {0, 0}}";
    UIKeyboardIsLocalUserInfoKey = 0;
}notificationsDebug: >>
2026-09-30 23:45:27.197 A  runningboardd[86757:c74641] (RunningBoard) state update
2026-09-30 23:45:27.197 Df SpringBoard[86754:c334f8] [com.apple.UIKit:KeyboardSceneDelegate] forceReloadInputViews
2026-09-30 23:45:27.197 Df MobileSafari[42063:c75080] [com.apple.KeyboardArbiter:Client] RX keyboardChanged (isLocal:N source:42063(v277B73)->/UISceneHosting-com.apple.mobilesafari:UIHostedScene-com.apple.SafariViewService-CF83E032 frame:{{0, 0}, {0, 0}} onScreen:N)
2026-09-30 23:45:27.197 Df SpringBoard[86754:c334f8] [com.apple.UIKit:KeyboardSceneDelegate] Try reloading input views for responder:(nil) requiresKB:N force:Y scene-identity:com.apple.frontboard.systemappservices/SSK.primary.root(mainDisplay):SB-main
2026-09-30 23:45:27.197 A  runningboardd[86757:c75464] (RunningBoard) acquireAssertionWithDescriptor
2026-09-30 23:45:27.197 Df MobileSafari[42063:c75080] [com.apple.KeyboardArbiter:Client] handleKeyboardChange: set currentKeyboard:N (wasKeyboard:N)
2026-09-30 23:45:27.197 Df SpringBoard[86754:c334f8] [com.apple.UIKit:KeyboardSceneDelegate] Reloading input views for key-window scene responder:(nil) requiresKB:N force:Y scene-identity:com.apple.frontboard.systemappservices/SSK.primary.root(mainDisplay):SB-main
2026-09-30 23:45:27.197 Df MobileSafari[42063:c75080] [com.apple.UIKit:KeyboardSceneDelegate] Tracking provider: updateProviderFromRemoteUpdate for info: <<<_UIKeyboardChangedInformation: 0x1073afa80>; appId (null) bundleId (null) animation fence (null); position {{0, 0}, {0, 0}}; animated YES; on screen NO; tracking NO; resizing NO; local NO, dock state: Unknown, hasValidNotif: NO>; source canvas 42063(v277B73)->/UISceneHosting-com.apple.mobilesafari:UIHostedScene-com.apple.SafariViewService-CF83E032; source display Main; source bundle com.apple.SafariViewService; host bundle (null); animation fence (null); position {{0, 0}, {0, 0}} (with IAV same); floating 0; on screen NO; multiple scenes YES;  intersectable YES; snapshot YES> update to {{0, 0}, {0, 0}}
2026-09-30 23:45:27.197 Df MobileSafari[42063:c75080] [com.apple.UIKit:TrackingElementWindowController] Updating sizing for existing placement <UIInputViewSetPlacementOffScreenDown>
2026-09-30 23:45:27.198 Df MobileSafari[42063:c75080] [com.apple.TextInputUI:KeyboardTrackingCoordinator] Updating tracking clients for start <TUIKeyboardTrackingCoordinator:0x107171a40 state=<TUIKeyboardState: 0x16e032440 State: offscreen; is docked>; frame={{0, 0}, {0, 0}}; animation=<TUIKeyboardAnimationInfo: 0x17389b300, duration: 0.38, from remote keyboard, is not rotating, should animate, type: 0, notificationInfo: {
    UIKeyboardAnimationCurveUserInfoKey = 7;
    UIKeyboardAnimationDurationUserInfoKey = "0.3833";
    UIKeyboardBoundsUserInfoKey = "NSRect: {{0, 0}, {0, 0}}";
    UIKeyboardCenterBeginUserInfoKey = "NSPoint: {0, 0}";
    UIKeyboardCenterEndUserInfoKey = "NSPoint: {0, 0}";
    UIKeyboardFrameBeginUserInfoKey = "NSRect: {{0, 0}, {0, 0}}";
    UIKeyboardFrameEndUserInfoKey = "NSRect: {{0, 0}, {0, 0}}";
    UIKeyboardIsLocalUserInfoKey = 0;
}notificationsDebug: >>
2026-09-30 23:45:27.198 Df SpringBoard[86754:c334f8] [com.apple.UIKit:KeyboardSceneDelegate] Tracking provider: updateProviderFromRemoteUpdate for info: <<<_UIKeyboardChangedInformation: 0x11f762280>; appId (null) bundleId (null) animation fence (null); position {{0, 0}, {0, 0}}; animated YES; on screen NO; tracking NO; resizing NO; local NO, dock state: Unknown, hasValidNotif: NO>; source canvas 42063(v277B73)->/UISceneHosting-com.apple.mobilesafari:UIHostedScene-com.apple.SafariViewService-CF83E032; source display Main; source bundle com.apple.SafariViewService; host bundle (null); animation fence (null); position {{0, 0}, {0, 0}} (with IAV same); floating 0; on screen NO; multiple scenes YES;  intersectable YES; snapshot YES> update to {{0, 0}, {0, 0}}
2026-09-30 23:45:27.198 Df SpringBoard[86754:c334f8] [com.apple.UIKit:TrackingElementWindowController] Updating sizing for existing placement <UIInputViewSetPlacementOffScreenDown>
2026-09-30 23:45:27.198 Df runningboardd[86757:c75464] [com.apple.runningboard:ttl] Acquiring assertion targeting [app<com.apple.SafariViewService((null))>:24111] from originator [osservice<com.apple.InputUI>:87035] with description <RBSAssertionDescriptor| "com.apple.UIKit.KeyboardManagement.message" ID:86757-87035-8817 target:24111 attributes:[
	<RBSDomainAttribute| domain:"com.apple.UIKit.KeyboardManagement.xpc" name:"Arbiter" sourceEnvironment:"(null)">
	]>
2026-09-30 23:45:27.198 Df SpringBoard[86754:c334f8] [com.apple.TextInputUI:KeyboardTrackingCoordinator] Updating tracking clients for start <TUIKeyboardTrackingCoordinator:0x115d32d00 state=<TUIKeyboardState: 0x113b20440 State: offscreen; is docked>; frame={{0, 0}, {0, 0}}; animation=<TUIKeyboardAnimationInfo: 0x126206580, duration: 0.38, from remote keyboard, is not rotating, should animate, type: 0, notificationInfo: {
    UIKeyboardAnimationCurveUserInfoKey = 7;
    UIKeyboardAnimationDurationUserInfoKey = "0.3833";
    UIKeyboardBoundsUserInfoKey = "NSRect: {{0, 0}, {0, 0}}";
    UIKeyboardCenterBeginUserInfoKey = "NSPoint: {0, 0}";
    UIKeyboardCenterEndUserInfoKey = "NSPoint: {0, 0}";
    UIKeyboardFrameBeginUserInfoKey = "NSRect: {{0, 0}, {0, 0}}";
    UIKeyboardFrameEndUserInfoKey = "NSRect: {{0, 0}, {0, 0}}";
    UIKeyboardIsLocalUserInfoKey = 0;
}notificationsDebug: >>
2026-09-30 23:45:27.198 Df SpringBoard[86754:c334f8] [com.apple.TextInputUI:KeyboardTrackingCoordinator] Updating tracking clients for start <TUIKeyboardTrackingCoordinator:0x115e79540 state=<TUIKeyboardState: 0x113b20440 State: offscreen; is docked>; frame={{0, 0}, {0, 0}}; animation=<TUIKeyboardAnimationInfo: 0x126206580, duration: 0.38, from remote keyboard, is not rotating, should animate, type: 0, notificationInfo: {
    UIKeyboardAnimationCurveUserInfoKey = 7;
    UIKeyboardAnimationDurationUserInfoKey = "0.3833";
    UIKeyboardBoundsUserInfoKey = "NSRect: {{0, 0}, {0, 0}}";
    UIKeyboardCenterBeginUserInfoKey = "NSPoint: {0, 0}";
    UIKeyboardCenterEndUserInfoKey = "NSPoint: {0, 0}";
    UIKeyboardFrameBeginUserInfoKey = "NSRect: {{0, 0}, {0, 0}}";
    UIKeyboardFrameEndUserInfoKey = "NSRect: {{0, 0}, {0, 0}}";
    UIKeyboardIsLocalUserInfoKey = 0;
}notificationsDebug: >>
2026-09-30 23:45:27.198 Df runningboardd[86757:c75464] [com.apple.runningboard:ttl] Assertion 86757-87035-8817 (target:[app<com.apple.SafariViewService((null))>:24111]) will be created as active
2026-09-30 23:45:27.198 Df SpringBoard[86754:c334f8] [com.apple.TextInputUI:KeyboardTrackingCoordinator] Updating tracking clients for start <TUIKeyboardTrackingCoordinator:0x12626ed00 state=<TUIKeyboardState: 0x113b20440 State: offscreen; is docked>; frame={{0, 0}, {0, 0}}; animation=<TUIKeyboardAnimationInfo: 0x126206580, duration: 0.38, from remote keyboard, is not rotating, should animate, type: 0, notificationInfo: {
    UIKeyboardAnimationCurveUserInfoKey = 7;
    UIKeyboardAnimationDurationUserInfoKey = "0.3833";
    UIKeyboardBoundsUserInfoKey = "NSRect: {{0, 0}, {0, 0}}";
    UIKeyboardCenterBeginUserInfoKey = "NSPoint: {0, 0}";
    UIKeyboardCenterEndUserInfoKey = "NSPoint: {0, 0}";
    UIKeyboardFrameBeginUserInfoKey = "NSRect: {{0, 0}, {0, 0}}";
    UIKeyboardFrameEndUserInfoKey = "NSRect: {{0, 0}, {0, 0}}";
    UIKeyboardIsLocalUserInfoKey = 0;
}notificationsDebug: >>
2026-09-30 23:45:27.198 Df runningboardd[86757:c74643] [com.apple.runningboard:process] [osservice<com.apple.DragUI.druid>:97297] Ignoring jetsam update because this process is not memory-managed
2026-09-30 23:45:27.198 Df SpringBoard[86754:c334f8] [com.apple.TextInputUI:KeyboardTrackingCoordinator] Updating tracking clients for start <TUIKeyboardTrackingCoordinator:0x115d32300 state=<TUIKeyboardState: 0x113b20440 State: offscreen; is docked>; frame={{0, 0}, {0, 0}}; animation=<TUIKeyboardAnimationInfo: 0x126206580, duration: 0.38, from remote keyboard, is not rotating, should animate, type: 0, notificationInfo: {
    UIKeyboardAnimationCurveUserInfoKey = 7;
    UIKeyboardAnimationDurationUserInfoKey = "0.3833";
    UIKeyboardBoundsUserInfoKey = "NSRect: {{0, 0}, {0, 0}}";
    UIKeyboardCenterBeginUserInfoKey = "NSPoint: {0, 0}";
    UIKeyboardCenterEndUserInfoKey = "NSPoint: {0, 0}";
    UIKeyboardFrameBeginUserInfoKey = "NSRect: {{0, 0}, {0, 0}}";
    UIKeyboardFrameEndUserInfoKey = "NSRect: {{0, 0}, {0, 0}}";
    UIKeyboardIsLocalUserInfoKey = 0;
}notificationsDebug: >>
2026-09-30 23:45:27.198 A  runningboardd[86757:c74647] (RunningBoard) state update
2026-09-30 23:45:27.198 Df SpringBoard[86754:c334f8] [com.apple.TextInputUI:KeyboardTrackingCoordinator] Updating tracking clients for start <TUIKeyboardTrackingCoordinator:0x115d32a80 state=<TUIKeyboardState: 0x113b20440 State: offscreen; is docked>; frame={{0, 0}, {0, 0}}; animation=<TUIKeyboardAnimationInfo: 0x126206580, duration: 0.38, from remote keyboard, is not rotating, should animate, type: 0, notificationInfo: {
    UIKeyboardAnimationCurveUserInfoKey = 7;
    UIKeyboardAnimationDurationUserInfoKey = "0.3833";
    UIKeyboardBoundsUserInfoKey = "NSRect: {{0, 0}, {0, 0}}";
    UIKeyboardCenterBeginUserInfoKey = "NSPoint: {0, 0}";
    UIKeyboardCenterEndUserInfoKey = "NSPoint: {0, 0}";
    UIKeyboardFrameBeginUserInfoKey = "NSRect: {{0, 0}, {0, 0}}";
    UIKeyboardFrameEndUserInfoKey = "NSRect: {{0, 0}, {0, 0}}";
    UIKeyboardIsLocalUserInfoKey = 0;
}notificationsDebug: >>
2026-09-30 23:45:27.198 Df SpringBoard[86754:c334f8] [com.apple.UIKit:KeyboardSceneDelegate] forceReloadInputViews
2026-09-30 23:45:27.198 Df runningboardd[86757:c74643] [com.apple.runningboard:process] [osservice<com.apple.DragUI.druid>:97297] Ignoring suspend because this process is not lifecycle managed
2026-09-30 23:45:27.198 Df SafariViewService[24111:c6392d] [com.apple.KeyboardArbiter:Client] RX keyboardChanged (isLocal:Y source:42063(v277B73)->/UISceneHosting-com.apple.mobilesafari:UIHostedScene-com.apple.SafariViewService-CF83E032 frame:{{0, 0}, {0, 0}} onScreen:N)
2026-09-30 23:45:27.198 Df SpringBoard[86754:c334f8] [com.apple.UIKit:KeyboardSceneDelegate] Try reloading input views for responder:(nil) requiresKB:N force:Y scene-identity:com.apple.frontboard.systemappservices/SSK.primary.root(mainDisplay):PresentationBinderIndirectAccessHosting-%5BMain%5D%3A%5BSUIS-DruidUI%3A%5BMain%5D%20-%201%5D
2026-09-30 23:45:27.198 Df SafariViewService[24111:c6392d] [com.apple.KeyboardArbiter:Client] handleKeyboardChange: set currentKeyboard:N (wasKeyboard:N)
2026-09-30 23:45:27.198 Df SpringBoard[86754:c334f8] [com.apple.UIKit:KeyboardSceneDelegate] Reloading input views for non-key-window scene responder:(nil) requiresKB:N force:Y scene-identity:com.apple.frontboard.systemappservices/SSK.primary.root(mainDisplay):PresentationBinderIndirectAccessHosting-%5BMain%5D%3A%5BSUIS-DruidUI%3A%5BMain%5D%20-%201%5D
2026-09-30 23:45:27.198 Df runningboardd[86757:c74643] [com.apple.runningboard:process] [osservice<com.apple.DragUI.druid>:97297] Ignoring role changes because this process is not role managed
2026-09-30 23:45:27.199 Df InputUI[87035:c33b5c] [com.apple.KeyboardArbiter:Client] RX keyboardChanged (isLocal:N)
2026-09-30 23:45:27.199 Df SpringBoard[86754:c334f8] [com.apple.UIKit:KeyboardSceneDelegate] _inputViewsForResponder: <(null): 0x0; >, automaticKeyboard: 0, force: 1
2026-09-30 23:45:27.199 Df InputUI[87035:c33b5c] [com.apple.KeyboardArbiter:Client] RX keyboardChanged (isLocal:N source:42063(v277B73)->/UISceneHosting-com.apple.mobilesafari:UIHostedScene-com.apple.SafariViewService-CF83E032 frame:{{0, 0}, {0, 0}} onScreen:N)
2026-09-30 23:45:27.199 Df InputUI[87035:c33b5c] [com.apple.KeyboardArbiter:Client] handleKeyboardChange: set currentKeyboard:N (wasKeyboard:N)
2026-09-30 23:45:27.199 Df SpringBoard[86754:c334f8] [com.apple.UIKit:KeyboardSceneDelegate] _inputViewsForResponder responderRequiresKeyboard:0, useKeyboard:0 (automaticKeyboardEnabled: 0, activeInstance:<(null): 0x0>, self.isOnScreen:0, requiresKBWhenFirstResponder:0, allowsSystemInputView:1, inputView:<(null): 0x0>)
2026-09-30 23:45:27.199 Df runningboardd[86757:c74643] [com.apple.runningboard:process] [osservice<com.apple.DragUI.druid>:97297] Ignoring GPU update because this process is not GPU managed
2026-09-30 23:45:27.199 Df SpringBoard[86754:c334f8] [com.apple.UIKit:KeyboardSceneDelegate] _inputViewsForResponder returning: <<UIInputViewSet: 0x1262043c0>; (empty)>
2026-09-30 23:45:27.199 Df runningboardd[86757:c74644] [com.apple.runningboard:monitor] Calculated state for app<com.apple.mobilesafari((null))>: running-active (role: UserInteractiveFocal) (endowments: {(
    <RBSProcessEndowmentInfo| namespace:com.apple.boardservices.endpoint-injection env:(null) payload: 18349971461550279522>,
    <RBSProcessEndowmentInfo| namespace:com.apple.frontboard.visibility env:(null)  0>,
    <RBSProcessEndowmentInfo| namespace:com.apple.frontboard.visibility env:UIScene:com.apple.frontboard.systemappservices/FBSceneManager:sceneID%3Acom.apple.mobilesafari-71DD3C25-4702-4D1D-8EB9-7DEF87C13EE1 payload: 3286669422001561946>
)})
2026-09-30 23:45:27.199 Df SpringBoard[86754:c334f8] [com.apple.UIKit:KeyboardSceneDelegate] setWindowSceneInputViews:<<UIInputViewSet: 0x1262043c0>; (empty)> scene-identity:com.apple.frontboard.systemappservices/SSK.primary.root(mainDisplay):PresentationBinderIndirectAccessHosting-%5BMain%5D%3A%5BSUIS-DruidUI%3A%5BMain%5D%20-%201%5D
2026-09-30 23:45:27.199 Df SpringBoard[86754:c334f8] [com.apple.UIKit:TrackingElementWindowController] Setting tracking element input views: <<UIInputViewSet: 0x126207840>; (empty)>
2026-09-30 23:45:27.199 Df runningboardd[86757:c74643] [com.apple.runningboard:process] [osservice<com.apple.DragUI.druid>:97297] Ignoring memory limit update because this process is not memory-managed
2026-09-30 23:45:27.199 Df SpringBoard[86754:c334f8] [com.apple.UIKit:UIPeripheralHost] endPlacementForInputViewSet: <<UIInputViewSet: 0x126207840>; (empty)> windowScene: <UIWindowScene: 0x118d60a00; role: UIWindowSceneSessionRoleApplication; persistentIdentifier: "PresentationBinderIndirectAccessHosting-[Main]:[SUIS-DruidUI:[Main] - 1]"; activationState: UISceneActivationStateForegroundActive>
2026-09-30 23:45:27.199 A  SpringBoard[86754:c72fa0] (RunningBoardServices) observedProcessStatesDidChange
2026-09-30 23:45:27.199 A  InputUI[87035:c74f21] (RunningBoardServices) observedProcessStatesDidChange
2026-09-30 23:45:27.199 Df SpringBoard[86754:c334f8] [com.apple.UIKit:TrackingElementWindowController] Moving from placement: <UIInputViewSetPlacementOffScreenDown> to placement: <UIInputViewSetPlacementOffScreenDown> (currentPlacement: <UIInputViewSetPlacementOffScreenDown>)
2026-09-30 23:45:27.199 Df InputUI[87035:c74f21] [com.apple.runningboard:monitor] Received state update for 86754 (osservice<com.apple.SpringBoard>, running-active-Visible
2026-09-30 23:45:27.199 A  mediaremoted[86761:c74e77] (RunningBoardServices) observedProcessStatesDidChange
2026-09-30 23:45:27.199 Df SpringBoard[86754:c334f8] [com.apple.UIKit:KeyboardSceneDelegate] Tracking provider: updateProviderFromRemoteUpdate for info: <<<_UIKeyboardChangedInformation: 0x11f762280>; appId (null) bundleId (null) animation fence (null); position {{0, 0}, {0, 0}}; animated YES; on screen NO; tracking NO; resizing NO; local NO, dock state: Unknown, hasValidNotif: NO>; source canvas 42063(v277B73)->/UISceneHosting-com.apple.mobilesafari:UIHostedScene-com.apple.SafariViewService-CF83E032; source display Main; source bundle com.apple.SafariViewService; host bundle (null); animation fence (null); position {{0, 0}, {0, 0}} (with IAV same); floating 0; on screen NO; multiple scenes YES;  intersectable YES; snapshot YES> update to {{0, 0}, {0, 0}}
2026-09-30 23:45:27.199 Df mediaremoted[86761:c74e77] [com.apple.runningboard:monitor] Received state update for 86754 (osservice<com.apple.SpringBoard>, running-active-Visible
2026-09-30 23:45:27.199 A  sleepd[86781:c73e58] (RunningBoardServices) observedProcessStatesDidChange
2026-09-30 23:45:27.199 Df SpringBoard[86754:c334f8] [com.apple.UIKit:TrackingElementWindowController] Updating sizing for existing placement <UIInputViewSetPlacementOffScreenDown>
2026-09-30 23:45:27.199 A  testmanagerd[88342:c74dca] (RunningBoardServices) observedProcessStatesDidChange
2026-09-30 23:45:27.199 A  callservicesd[86889:c74e26] (RunningBoardServices) observedProcessStatesDidChange
2026-09-30 23:45:27.200 Df sleepd[86781:c73e58] [com.apple.runningboard:monitor] Received state update for 86754 (osservice<com.apple.SpringBoard>, running-active-NotVisible
2026-09-30 23:45:27.200 Df testmanagerd[88342:c74dca] [com.apple.runningboard:monitor] Received state update for 86754 (osservice<com.apple.SpringBoard>, running-active-Visible
2026-09-30 23:45:27.200 Df callservicesd[86889:c74e26] [com.apple.runningboard:monitor] Received state update for 86754 (osservice<com.apple.SpringBoard>, running-active-Visible
2026-09-30 23:45:27.200 A  InputUI[87035:c75377] (RunningBoardServices) observedProcessStatesDidChange
2026-09-30 23:45:27.200 Df InputUI[87035:c75377] [com.apple.runningboard:monitor] Received state update for 97297 (osservice<com.apple.DragUI.druid>, running-Visible
2026-09-30 23:45:27.200 Df SpringBoard[86754:c334f8] [com.apple.TextInputUI:KeyboardTrackingCoordinator] Updating tracking clients for start <TUIKeyboardTrackingCoordinator:0x115d32d00 state=<TUIKeyboardState: 0x113b20ee0 State: offscreen; is docked>; frame={{0, 0}, {0, 0}}; animation=<TUIKeyboardAnimationInfo: 0x1262073c0, duration: 0.38, from remote keyboard, is not rotating, should animate, type: 0, notificationInfo: {
    UIKeyboardAnimationCurveUserInfoKey = 7;
    UIKeyboardAnimationDurationUserInfoKey = "0.3833";
    UIKeyboardBoundsUserInfoKey = "NSRect: {{0, 0}, {0, 0}}";
    UIKeyboardCenterBeginUserInfoKey = "NSPoint: {0, 0}";
    UIKeyboardCenterEndUserInfoKey = "NSPoint: {0, 0}";
    UIKeyboardFrameBeginUserInfoKey = "NSRect: {{0, 0}, {0, 0}}";
    UIKeyboardFrameEndUserInfoKey = "NSRect: {{0, 0}, {0, 0}}";
    UIKeyboardIsLocalUserInfoKey = 0;
}notificationsDebug: >>
2026-09-30 23:45:27.200 Df SpringBoard[86754:c334f8] [com.apple.TextInputUI:KeyboardTrackingCoordinator] Updating tracking clients for start <TUIKeyboardTrackingCoordinator:0x115e79540 state=<TUIKeyboardState: 0x113b20ee0 State: offscreen; is docked>; frame={{0, 0}, {0, 0}}; animation=<TUIKeyboardAnimationInfo: 0x1262073c0, duration: 0.38, from remote keyboard, is not rotating, should animate, type: 0, notificationInfo: {
    UIKeyboardAnimationCurveUserInfoKey = 7;
    UIKeyboardAnimationDurationUserInfoKey = "0.3833";
    UIKeyboardBoundsUserInfoKey = "NSRect: {{0, 0}, {0, 0}}";
    UIKeyboardCenterBeginUserInfoKey = "NSPoint: {0, 0}";
    UIKeyboardCenterEndUserInfoKey = "NSPoint: {0, 0}";
    UIKeyboardFrameBeginUserInfoKey = "NSRect: {{0, 0}, {0, 0}}";
    UIKeyboardFrameEndUserInfoKey = "NSRect: {{0, 0}, {0, 0}}";
    UIKeyboardIsLocalUserInfoKey = 0;
}notificationsDebug: >>
2026-09-30 23:45:27.200 Df SpringBoard[86754:c334f8] [com.apple.TextInputUI:KeyboardTrackingCoordinator] Updating tracking clients for start <TUIKeyboardTrackingCoordinator:0x12626ed00 state=<TUIKeyboardState: 0x113b20ee0 State: offscreen; is docked>; frame={{0, 0}, {0, 0}}; animation=<TUIKeyboardAnimationInfo: 0x1262073c0, duration: 0.38, from remote keyboard, is not rotating, should animate, type: 0, notificationInfo: {
    UIKeyboardAnimationCurveUserInfoKey = 7;
    UIKeyboardAnimationDurationUserInfoKey = "0.3833";
    UIKeyboardBoundsUserInfoKey = "NSRect: {{0, 0}, {0, 0}}";
    UIKeyboardCenterBeginUserInfoKey = "NSPoint: {0, 0}";
    UIKeyboardCenterEndUserInfoKey = "NSPoint: {0, 0}";
    UIKeyboardFrameBeginUserInfoKey = "NSRect: {{0, 0}, {0, 0}}";
    UIKeyboardFrameEndUserInfoKey = "NSRect: {{0, 0}, {0, 0}}";
    UIKeyboardIsLocalUserInfoKey = 0;
}notificationsDebug: >>
2026-09-30 23:45:27.200 A  runningboardd[86757:c75464] (RunningBoard) invalidateAssertionWithIdentifier
2026-09-30 23:45:27.200 Df SpringBoard[86754:c334f8] [com.apple.TextInputUI:KeyboardTrackingCoordinator] Updating tracking clients for start <TUIKeyboardTrackingCoordinator:0x115d32300 state=<TUIKeyboardState: 0x113b20ee0 State: offscreen; is docked>; frame={{0, 0}, {0, 0}}; animation=<TUIKeyboardAnimationInfo: 0x1262073c0, duration: 0.38, from remote keyboard, is not rotating, should animate, type: 0, notificationInfo: {
    UIKeyboardAnimationCurveUserInfoKey = 7;
    UIKeyboardAnimationDurationUserInfoKey = "0.3833";
    UIKeyboardBoundsUserInfoKey = "NSRect: {{0, 0}, {0, 0}}";
    UIKeyboardCenterBeginUserInfoKey = "NSPoint: {0, 0}";
    UIKeyboardCenterEndUserInfoKey = "NSPoint: {0, 0}";
    UIKeyboardFrameBeginUserInfoKey = "NSRect: {{0, 0}, {0, 0}}";
    UIKeyboardFrameEndUserInfoKey = "NSRect: {{0, 0}, {0, 0}}";
    UIKeyboardIsLocalUserInfoKey = 0;
}notificationsDebug: >>
2026-09-30 23:45:27.200 Df SpringBoard[86754:c334f8] [com.apple.TextInputUI:KeyboardTrackingCoordinator] Updating tracking clients for start <TUIKeyboardTrackingCoordinator:0x115d32a80 state=<TUIKeyboardState: 0x113b20ee0 State: offscreen; is docked>; frame={{0, 0}, {0, 0}}; animation=<TUIKeyboardAnimationInfo: 0x1262073c0, duration: 0.38, from remote keyboard, is not rotating, should animate, type: 0, notificationInfo: {
    UIKeyboardAnimationCurveUserInfoKey = 7;
    UIKeyboardAnimationDurationUserInfoKey = "0.3833";
    UIKeyboardBoundsUserInfoKey = "NSRect: {{0, 0}, {0, 0}}";
    UIKeyboardCenterBeginUserInfoKey = "NSPoint: {0, 0}";
    UIKeyboardCenterEndUserInfoKey = "NSPoint: {0, 0}";
    UIKeyboardFrameBeginUserInfoKey = "NSRect: {{0, 0}, {0, 0}}";
    UIKeyboardFrameEndUserInfoKey = "NSRect: {{0, 0}, {0, 0}}";
    UIKeyboardIsLocalUserInfoKey = 0;
}notificationsDebug: >>
2026-09-30 23:45:27.200 A  locationd[86778:c72c9a] (RunningBoardServices) observedProcessStatesDidChange
2026-09-30 23:45:27.200 A  InputUI[87035:c74f21] (RunningBoardServices) observedProcessStatesDidChange
2026-09-30 23:45:27.201 Df SpringBoard[86754:c72fa0] [com.apple.runningboard:monitor] Received state update for 86754 (osservice<com.apple.SpringBoard>, running-active-Visible
2026-09-30 23:45:27.201 Df locationd[86778:c72c9a] [com.apple.runningboard:monitor] Received state update for 42063 (app<com.apple.mobilesafari((null))>, running-active-Visible
2026-09-30 23:45:27.201 Df InputUI[87035:c74f21] [com.apple.runningboard:monitor] Received state update for 42063 (app<com.apple.mobilesafari((null))>, running-active-Visible
2026-09-30 23:45:27.201 A  mediaremoted[86761:c74e5f] (RunningBoardServices) observedProcessStatesDidChange
2026-09-30 23:45:27.201 Df SpringBoard[86754:c334f8] [com.apple.UIKit:KeyboardSceneDelegate] forceReloadInputViews
2026-09-30 23:45:27.201 Df SafariViewService[24111:c7503f] [com.apple.extensionkit:NSExtension] in EXConcreteExtensionTearDownRequestCompletion for plugin pid 42547
2026-09-30 23:45:27.201 A  SafariBookmarksSyncAgent[86848:c75029] (RunningBoardServices) observedProcessStatesDidChange
2026-09-30 23:45:27.201 Df TextInsertProvider[42547:c75b06] [com.apple.extensionkit:NSExtension] calling out to _completeRequestReturningItemsSecondHalf
2026-09-30 23:45:27.201 Df SafariViewService[24111:c7503f] [com.apple.extensionkit:NSExtension] tearing down extension request A201A15D-5922-4082-85EA-4B21FE8DA261 to extension <EXConcreteExtension: 0x10664a060> {id = com.tarunyadgirkar.prefill.spike.textinsert.provider} (last known pid 42547)
2026-09-30 23:45:27.201 A  testmanagerd[88342:c74dca] (RunningBoardServices) observedProcessStatesDidChange
2026-09-30 23:45:27.201 Df TextInsertProvider[42547:c75b06] [com.apple.extensionkit:NSExtension] in _NSExtensionCompleteRequestReturningItemsContinuation
2026-09-30 23:45:27.201 Df SafariViewService[24111:c7503f] [com.apple.xpc:connection] [0x161e43700] invalidated because the current process cancelled the connection by calling xpc_connection_cancel()
2026-09-30 23:45:27.201 Df SafariViewService[24111:c7503f] [com.apple.xpc:connection] [0x161e41900] invalidated because the current process cancelled the connection by calling xpc_connection_cancel()
2026-09-30 23:45:27.201 Df SafariViewService[24111:c6392d] [com.apple.UIKit:ViewServices] Disconnecting remote view controller for extension invalidation: <EXConcreteExtension: 0x10664a060> {id = com.tarunyadgirkar.prefill.spike.textinsert.provider}; contextToken: A201A15D-5922-4082-85EA-4B21FE8DA261, rvc: <_UIRemoteViewController: 0x106507200>
2026-09-30 23:45:27.201 Df SafariViewService[24111:c7503f] [com.apple.xpc:connection] [0x161e43840] invalidated because the current process cancelled the connection by calling xpc_connection_cancel()
2026-09-30 23:45:27.201 Df mediaremoted[86761:c74e5f] [com.apple.runningboard:monitor] Received state update for 42063 (app<com.apple.mobilesafari((null))>, running-active-Visible
2026-09-30 23:45:27.201 Df SpringBoard[86754:c334f8] [com.apple.UIKit:KeyboardSceneDelegate] Try reloading input views for responder:(nil) requiresKB:N force:Y scene-identity:com.apple.frontboard.systemappservices/SSK.primary.root(mainDisplay):SB-systemApertureCurtain
2026-09-30 23:45:27.201 Df TextInsertProvider[42547:c75b08] [com.apple.xpc:connection] [0x10395d180] invalidated because the client process (pid 24111) either cancelled the connection or exited
2026-09-30 23:45:27.201 Df SafariViewService[24111:c75998] [com.apple.UIKit:ViewServices] Disconnect invoked for <_UIRemoteViewControllerSceneHostingImpl: 0x105d33120; identityToken: 24111(v26FC93)->/UISceneHosting-com.apple.SafariViewService:UIHostedScene-com.tarunyadgirkar.prefill.spike.textinsert.provider-A0FD0FB3>
2026-09-30 23:45:27.201 Df TextInsertProvider[42547:c75b0a] [com.apple.xpc:connection] [0x10395d540] Re-initialization successful; calling out to event handler with XPC_ERROR_CONNECTION_INTERRUPTED
2026-09-30 23:45:27.201 Df testmanagerd[88342:c74dca] [com.apple.runningboard:monitor] Received state update for 42063 (app<com.apple.mobilesafari((null))>, running-active-Visible
2026-09-30 23:45:27.201 Df SafariBookmarksSyncAgent[86848:c75029] [com.apple.runningboard:monitor] Received state update for 42063 (app<com.apple.mobilesafari((null))>, running-active-Visible
2026-09-30 23:45:27.201 Df SafariViewService[24111:c6392d] [com.apple.FrontBoard:Scene] Invalidating scene: UISceneHosting-com.apple.SafariViewService:UIHostedScene-com.tarunyadgirkar.prefill.spike.textinsert.provider-A0FD0FB3
2026-09-30 23:45:27.201 Df TextInsertProvider[42547:c75b06] [com.apple.runningboard:general] Added observer for process assertions expiration warning: <_RBSExpirationWarningClient: 0x110926780>
2026-09-30 23:45:27.201 Df TextInsertProvider[42547:c75b08] [com.apple.extensionkit:NSExtension] tearing down context in extension due to invalidation
2026-09-30 23:45:27.201 Df runningboardd[86757:c75464] [com.apple.runningboard:ttl] Invalidating assertion 86757-24111-8812 (target:[app<com.apple.SafariViewService((null))>:24111]) from originator [app<com.apple.SafariViewService((null))>:24111]
2026-09-30 23:45:27.201 Df runningboardd[86757:c74647] [com.apple.runningboard:monitor] Calculated state for app<com.apple.SafariViewService((null))>: running-active (role: UserInteractiveFocal) (endowments: {(
    <RBSProcessEndowmentInfo| namespace:com.apple.boardservices.endpoint-injection env:(null) payload: 15847074923795608237>,
    <RBSProcessEndowmentInfo| namespace:com.apple.boardservices.endpoint-injection env:(null) payload: 16960438825128595554>,
    <RBSProcessEndowmentInfo| namespace:com.apple.frontboard.visibility env:UIScene:42063(v277B73)->/UISceneHosting-com.apple.mobilesafari:UIHostedScene-com.apple.SafariViewService-CF83E032 payload: 3286669422001561946>
)})
2026-09-30 23:45:27.201 Df SpringBoard[86754:c334f8] [com.apple.UIKit:KeyboardSceneDelegate] Reloading input views for non-key-window scene responder:(nil) requiresKB:N force:Y scene-identity:com.apple.frontboard.systemappservices/SSK.primary.root(mainDisplay):SB-systemApertureCurtain
2026-09-30 23:45:27.201 Df SafariViewService[24111:c6392d] [com.apple.FrontBoard:ProcessWorkspace] [xpcservice<com.tarunyadgirkar.prefill.spike.textinsert.provider>:42547] Unregistering scene: <FBWorkspaceScene: 0x1066ec300; UISceneHosting-com.apple.SafariViewService:UIHostedScene-com.tarunyadgirkar.prefill.spike.textinsert.provider-A0FD0FB3>
2026-09-30 23:45:27.201 Df TextInsertProvider[42547:c75b06] [com.apple.runningboard:shim] adding imminent expiration handler: <__NSGlobalBlock__: 0x22281cbf0>, observer <_RBSExpirationWarningClient: 0x110926780>
2026-09-30 23:45:27.201 A  TextInsertProvider[42547:c75b06] (ExtensionFoundation) tearing down extension context
2026-09-30 23:45:27.201 Df SafariViewService[24111:c75998] [com.apple.FrontBoard:ProcessScene] [0x1066ec300:UISceneHosting-com.apple.SafariViewService:UIHostedScene-com.tarunyadgirkar.prefill.spike.textinsert.provider-A0FD0FB3] Sending scene destroy.
2026-09-30 23:45:27.201 Df TextInsertProvider[42547:c75b08] [com.tarunyadgirkar.prefill.spike.textinsert:provider] SPIKE completeRequest completion expired=false
2026-09-30 23:45:27.201 Df SpringBoard[86754:c334f8] [com.apple.UIKit:KeyboardSceneDelegate] _inputViewsForResponder: <(null): 0x0; >, automaticKeyboard: 0, force: 1
2026-09-30 23:45:27.202 Df SafariViewService[24111:c75998] [com.apple.FrontBoard:ProcessWorkspace] [xpcservice<com.tarunyadgirkar.prefill.spike.textinsert.provider>:42547] Workspace interruption policy did change: default
2026-09-30 23:45:27.202 Df SpringBoard[86754:c334f8] [com.apple.UIKit:KeyboardSceneDelegate] _inputViewsForResponder responderRequiresKeyboard:0, useKeyboard:0 (automaticKeyboardEnabled: 0, activeInstance:<(null): 0x0>, self.isOnScreen:0, requiresKBWhenFirstResponder:0, allowsSystemInputView:1, inputView:<(null): 0x0>)
2026-09-30 23:45:27.202 Df TextInsertProvider[42547:c75b06] [com.apple.xpc:connection] [0x10395d540] invalidated because the current process cancelled the connection by calling xpc_connection_cancel()
2026-09-30 23:45:27.202 Df TextInsertProvider[42547:c75ad5] [com.apple.UIKit:KeyboardScene] Invalidating keyboard scene com.apple.UIKit.KeyboardManagement.hosted/com.apple.InputUI.keyboard:KeyboardInputScene-24111(v26FC93)-%3E%2FUISceneHosting-com.apple.SafariViewService%3AUIHostedScene-com.tarunyadgirkar.prefill.spike.textinsert.provider-A0FD0FB3 because owning scene 24111(v26FC93)->/UISceneHosting-com.apple.SafariViewService:UIHostedScene-com.tarunyadgirkar.prefill.spike.textinsert.provider-A0FD0FB3 is invalidating
2026-09-30 23:45:27.202 Df SafariViewService[24111:c75998] [com.apple.FrontBoard:Process] [xpcservice<com.tarunyadgirkar.prefill.spike.textinsert.provider>:42547] Setting process visibility to: Unknown
2026-09-30 23:45:27.202 Df SpringBoard[86754:c334f8] [com.apple.UIKit:KeyboardSceneDelegate] _inputViewsForResponder returning: <<UIInputViewSet: 0x126205440>; (empty)>
2026-09-30 23:45:27.202 Df TextInsertProvider[42547:c75ad5] [com.apple.UIKit:EventDeferring] [0x1041e6d00] End local event deferring requested for token: 0x103880ba0; environments: 1; reason: _UIHostedWindowScene: 0x104089680: end event deferring for scene invalidation
2026-09-30 23:45:27.202 Df InputUI[87035:c75377] [com.apple.FrontBoard:Scene] [com.apple.InputUI.keyboard:KeyboardInputScene-24111(v26FC93)->/UISceneHosting-com.apple.SafariViewService:UIHostedScene-com.tarunyadgirkar.prefill.spike.textinsert.provider-A0FD0FB3] Explicit client invalidation.
2026-09-30 23:45:27.202 A  runningboardd[86757:c75464] (RunningBoard) invalidateAssertionWithIdentifier
2026-09-30 23:45:27.202 Df SpringBoard[86754:c334f8] [com.apple.UIKit:KeyboardSceneDelegate] setWindowSceneInputViews:<<UIInputViewSet: 0x126205440>; (empty)> scene-identity:com.apple.frontboard.systemappservices/SSK.primary.root(mainDisplay):SB-systemApertureCurtain
2026-09-30 23:45:27.202 A  InputUI[87035:c74f21] (RunningBoardServices) observedProcessStatesDidChange
2026-09-30 23:45:27.202 Df InputUI[87035:c33b5c] [com.apple.FrontBoard:Scene] Deactivating scene: com.apple.InputUI.keyboard:KeyboardInputScene-24111(v26FC93)->/UISceneHosting-com.apple.SafariViewService:UIHostedScene-com.tarunyadgirkar.prefill.spike.textinsert.provider-A0FD0FB3
2026-09-30 23:45:27.202 Df TextInsertProvider[42547:c75ad5] [com.apple.UIKit:EventDeferring] [0x1041e6d00] [keyboardFocus] Stop observing context for local target window
2026-09-30 23:45:27.202 A  MobileSafari[42063:c751fd] (RunningBoardServices) observedProcessStatesDidChange
2026-09-30 23:45:27.202 Df InputUI[87035:c74f21] [com.apple.runningboard:monitor] Received state update for 24111 (app<com.apple.SafariViewService((null))>, running-active-Visible
2026-09-30 23:45:27.202 Df InputUI[87035:c33b5c] [com.apple.FrontBoard:Scene] [com.apple.InputUI.keyboard:KeyboardInputScene-24111(v26FC93)->/UISceneHosting-com.apple.SafariViewService:UIHostedScene-com.tarunyadgirkar.prefill.spike.textinsert.provider-A0FD0FB3][1] Scene deactivated.
2026-09-30 23:45:27.202 Df InputUI[87035:c33b5c] [com.apple.FrontBoard:ProcessWorkspace] [xpcservice<com.tarunyadgirkar.prefill.spike.textinsert.provider>:42547] Unregistering scene: <FBWorkspaceScene: 0x106cbea00; com.apple.InputUI.keyboard:KeyboardInputScene-24111(v26FC93)->/UISceneHosting-com.apple.SafariViewService:UIHostedScene-com.tarunyadgirkar.prefill.spike.textinsert.provider-A0FD0FB3>
2026-09-30 23:45:27.202 Df MobileSafari[42063:c751fd] [com.apple.runningboard:monitor] Received state update for 24111 (app<com.apple.SafariViewService((null))>, running-active-NotVisible
2026-09-30 23:45:27.202 Df InputUI[87035:c33b5c] [com.apple.FrontBoard:Scene] Invalidating scene: com.apple.InputUI.keyboard:KeyboardInputScene-24111(v26FC93)->/UISceneHosting-com.apple.SafariViewService:UIHostedScene-com.tarunyadgirkar.prefill.spike.textinsert.provider-A0FD0FB3
2026-09-30 23:45:27.202 Df InputUI[87035:c74f21] [com.apple.FrontBoard:ProcessScene] [0x106cbea00:com.apple.InputUI.keyboard:KeyboardInputScene-24111(v26FC93)->/UISceneHosting-com.apple.SafariViewService:UIHostedScene-com.tarunyadgirkar.prefill.spike.textinsert.provider-A0FD0FB3] Scene state did change: FG-Active[90].
2026-09-30 23:45:27.202 A  mediaremoted[86761:c74e77] (RunningBoardServices) observedProcessStatesDidChange
2026-09-30 23:45:27.202 Df SpringBoard[86754:c334f8] [com.apple.UIKit:TrackingElementWindowController] Setting tracking element input views: <<UIInputViewSet: 0x126205140>; (empty)>
2026-09-30 23:45:27.202 Df mediaremoted[86761:c74e77] [com.apple.runningboard:monitor] Received state update for 24111 (app<com.apple.SafariViewService((null))>, running-active-Visible
2026-09-30 23:45:27.202 Df TextInsertProvider[42547:c75ad5] [com.apple.UIKit:EventDeferring] [0x1041e6d00] [keyboardFocus] End tracking context for local target window: 0x103964400; contextId: 0xAA844160
2026-09-30 23:45:27.202 A  testmanagerd[88342:c75994] (RunningBoardServices) observedProcessStatesDidChange
2026-09-30 23:45:27.202 Df InputUI[87035:c33b5c] [com.apple.FrontBoard:Scene] [com.apple.InputUI.keyboard:KeyboardInputScene-24111(v26FC93)->/UISceneHosting-com.apple.SafariViewService:UIHostedScene-com.tarunyadgirkar.prefill.spike.textinsert.provider-A0FD0FB3][1] Scene invalidated.
2026-09-30 23:45:27.202 Df testmanagerd[88342:c75994] [com.apple.runningboard:monitor] Received state update for 24111 (app<com.apple.SafariViewService((null))>, running-active-Visible
2026-09-30 23:45:27.202 Df SpringBoard[86754:c334f8] [com.apple.UIKit:UIPeripheralHost] endPlacementForInputViewSet: <<UIInputViewSet: 0x126205140>; (empty)> windowScene: <SBSystemApertureCurtainWindowScene: 0x10cfa0500; role: SBUIWindowSceneSessionRoleSystemApertureCurtain; persistentIdentifier: SB-systemApertureCurtain; activationState: UISceneActivationStateForegroundActive>
2026-09-30 23:45:27.202 Df runningboardd[86757:c75464] [com.apple.runningboard:ttl] Invalidating assertion 86757-87035-8815 (target:[osservice<com.apple.DragUI.druid>:97297]) from originator [osservice<com.apple.InputUI>:87035]
2026-09-30 23:45:27.203 Df SpringBoard[86754:c334f8] [com.apple.UIKit:TrackingElementWindowController] Moving from placement: <UIInputViewSetPlacementOffScreenDown> to placement: <UIInputViewSetPlacementOffScreenDown> (currentPlacement: <UIInputViewSetPlacementOffScreenDown>)
2026-09-30 23:45:27.203 Df TextInsertProvider[42547:c75ad5] [com.apple.UIKit:KeyWindow] Scene will invalidate: _UIHostedWindowScene: 0x104089680; scene identity: 24111(v26FC93)->/UISceneHosting-com.apple.SafariViewService:UIHostedScene-com.tarunyadgirkar.prefill.spike.textinsert.provider-A0FD0FB3
2026-09-30 23:45:27.203 A  TextInsertProvider[42547:c75b06] (ExtensionFoundation) tearing down extension context
2026-09-30 23:45:27.203 Df backboardd[86775:c7564e] [com.apple.BackBoard:EventDelivery] new deferring rules for pid:42547: [[42547-1]; <keyboardFocus; …om.tarunyadgirkar.prefill.spike.textinsert.provider-A0FD0FB3> -> <token: <uq: 1; UIKit-localContainer>; pid: 42547>; reason: UIKit-localContainer]
2026-09-30 23:45:27.203 Df backboardd[86775:c7564e] [com.apple.BackBoard:EventDelivery] [<keyboardFocus; builtin> 0x10a4c7e90] setRules:forPID(42547) generation: 642: [[42547-1]; <keyboardFocus; 24111(v26FC93)->/UISceneHosting-com.apple.SafariViewService:UIHostedScene-com.tarunyadgirkar.prefill.spike.textinsert.provider-A0FD0FB3> -> <token: <uq: 1; UIKit-localContainer>; pid: 42547>; reason: UIKit-localContainer]
2026-09-30 23:45:27.203 Df backboardd[86775:c7564e] [com.apple.BackBoard:EventDelivery] [<keyboardFocus> 0x10a4c7f70] setRules:forPID(42547) generation: 642: [[42547-1]; <keyboardFocus; 24111(v26FC93)->/UISceneHosting-com.apple.SafariViewService:UIHostedScene-com.tarunyadgirkar.prefill.spike.textinsert.provider-A0FD0FB3> -> <token: <uq: 1; UIKit-localContainer>; pid: 42547>; reason: UIKit-localContainer]
2026-09-30 23:45:27.203 Df SpringBoard[86754:c334f8] [com.apple.UIKit:KeyboardSceneDelegate] Tracking provider: updateProviderFromRemoteUpdate for info: <<<_UIKeyboardChangedInformation: 0x11f762280>; appId (null) bundleId (null) animation fence (null); position {{0, 0}, {0, 0}}; animated YES; on screen NO; tracking NO; resizing NO; local NO, dock state: Unknown, hasValidNotif: NO>; source canvas 42063(v277B73)->/UISceneHosting-com.apple.mobilesafari:UIHostedScene-com.apple.SafariViewService-CF83E032; source display Main; source bundle com.apple.SafariViewService; host bundle (null); animation fence (null); position {{0, 0}, {0, 0}} (with IAV same); floating 0; on screen NO; multiple scenes YES;  intersectable YES; snapshot YES> update to {{0, 0}, {0, 0}}
2026-09-30 23:45:27.203 A  runningboardd[86757:c75464] (RunningBoard) acquireAssertionWithDescriptor
2026-09-30 23:45:27.203 Df TextInsertProvider[42547:c75ad5] [com.apple.UIKit:KeyWindow] Key window needs update: 1; currentKeyWindowScene: 0x104089680; evaluatedKeyWindowScene: 0x0; currentApplicationKeyWindow: 0x103964400; evaluatedApplicationKeyWindow: 0x0; reason: _UIHostedWindowScene: 0x104089680: Window scene was invalidated
2026-09-30 23:45:27.203 Df backboardd[86775:c7564e] [com.apple.BackBoard:EventDelivery] reachable observation targets did change (setDeferringRules) {
    "<environment: keyboardFocus; target: <token: 42063(v277B73)->/UISceneHosting-com.apple.mobilesafari:UIHostedScene-com.apple.SafariViewService-CF83E032; pid: 24111>>" = "<reachability: reachable; deferringGraphGeneration: 642>";
    "<environment: keyboardFocus; target: <token: com.apple.frontboard.systemappservices/SSK.primary.root(mainDisplay):PresentationBinderIndirectAccessHosting-%5BMain%5D%3A%5BSUIS-DruidUI%3A%5BMain%5D%20-%201%5D; pid: 86754>>" = "<reachability: unreachable; deferringGraphGeneration: 0>";
    "<environment: keyboardFocus; target: <token: 24111(v26FC93)->/UISceneHosting-com.apple.SafariViewService:UIHostedScene-com.tarunyadgirkar.prefill.spike.textinsert.provider-A0FD0FB3; pid: 42547>>" = "<reachability: unreachable; deferringGraphGeneration: 642>";
}
2026-09-30 23:45:27.203 Df SpringBoard[86754:c334f8] [com.apple.UIKit:TrackingElementWindowController] Updating sizing for existing placement <UIInputViewSetPlacementOffScreenDown>
2026-09-30 23:45:27.203 Df TextInsertProvider[42547:c75ad5] [com.apple.UIKit:KeyWindow] Window did become application key: (nil): 0x0; contextId: 0x0; scene identity: (nil)
2026-09-30 23:45:27.203 Df runningboardd[86757:c75464] [com.apple.runningboard:ttl] Acquiring assertion targeting [xpcservice<com.tarunyadgirkar.prefill.spike.textinsert.provider([app<com.apple.SafariViewService((null))>:24111])>{vt hash: 0}{definition:com.tarunyadgirkar.prefill.spike.textinsert.provider[extension][client]}:42547] from originator [xpcservice<com.tarunyadgirkar.prefill.spike.textinsert.provider([app<com.apple.SafariViewService((null))>:24111])>{vt hash: 0}{definition:com.tarunyadgirkar.prefill.spike.textinsert.provider[extension][client]}:42547] with description <RBSAssertionDescriptor| "com.apple.extension-completion" ID:86757-42547-8818 target:42547 attributes:[
	<RBSLegacyAttribute| requestedReason:FinishTask reason:FinishTask flags:( PreventTaskSuspend )>,
	<RBSAcquisitionCompletionAttribute| policy:AfterValidation>
	]>
2026-09-30 23:45:27.203 Df runningboardd[86757:c75464] [com.apple.runningboard:ttl] Assertion 86757-42547-8818 (target:[xpcservice<com.tarunyadgirkar.prefill.spike.textinsert.provider([app<com.apple.SafariViewService((null))>:24111])>{vt hash: 0}{definition:com.tarunyadgirkar.prefill.spike.textinsert.provider[extension][client]}:42547]) will be created as inactive as start-time-defining assertions exist
2026-09-30 23:45:27.203 Df SpringBoard[86754:c334f8] [com.apple.TextInputUI:KeyboardTrackingCoordinator] Updating tracking clients for start <TUIKeyboardTrackingCoordinator:0x115d32d00 state=<TUIKeyboardState: 0x10bd8d900 State: offscreen; is docked>; frame={{0, 0}, {0, 0}}; animation=<TUIKeyboardAnimationInfo: 0x126205a40, duration: 0.38, from remote keyboard, is not rotating, should animate, type: 0, notificationInfo: {
    UIKeyboardAnimationCurveUserInfoKey = 7;
    UIKeyboardAnimationDurationUserInfoKey = "0.3833";
    UIKeyboardBoundsUserInfoKey = "NSRect: {{0, 0}, {0, 0}}";
    UIKeyboardCenterBeginUserInfoKey = "NSPoint: {0, 0}";
    UIKeyboardCenterEndUserInfoKey = "NSPoint: {0, 0}";
    UIKeyboardFrameBeginUserInfoKey = "NSRect: {{0, 0}, {0, 0}}";
    UIKeyboardFrameEndUserInfoKey = "NSRect: {{0, 0}, {0, 0}}";
    UIKeyboardIsLocalUserInfoKey = 0;
}notificationsDebug: >>
2026-09-30 23:45:27.203 Df TextInsertProvider[42547:c75ad5] [com.apple.UIKit:HomeAffordanceObservation] Resetting home affordance notifier: <_UIHomeAffordanceSceneNotifier: 0x10418f410; observers.count: 1>; for invalidating scene: <_UIHostedWindowScene: 0x104089680>
2026-09-30 23:45:27.204 Df SpringBoard[86754:c334f8] [com.apple.TextInputUI:KeyboardTrackingCoordinator] Updating tracking clients for start <TUIKeyboardTrackingCoordinator:0x115e79540 state=<TUIKeyboardState: 0x10bd8d900 State: offscreen; is docked>; frame={{0, 0}, {0, 0}}; animation=<TUIKeyboardAnimationInfo: 0x126205a40, duration: 0.38, from remote keyboard, is not rotating, should animate, type: 0, notificationInfo: {
    UIKeyboardAnimationCurveUserInfoKey = 7;
    UIKeyboardAnimationDurationUserInfoKey = "0.3833";
    UIKeyboardBoundsUserInfoKey = "NSRect: {{0, 0}, {0, 0}}";
    UIKeyboardCenterBeginUserInfoKey = "NSPoint: {0, 0}";
    UIKeyboardCenterEndUserInfoKey = "NSPoint: {0, 0}";
    UIKeyboardFrameBeginUserInfoKey = "NSRect: {{0, 0}, {0, 0}}";
    UIKeyboardFrameEndUserInfoKey = "NSRect: {{0, 0}, {0, 0}}";
    UIKeyboardIsLocalUserInfoKey = 0;
}notificationsDebug: >>
2026-09-30 23:45:27.204 Df TextInsertProvider[42547:c75ad5] [com.apple.UIKit:EventDeferring] [0x1041e6d00] Removing all event deferring rules for reason: _UIEventDeferringManager: 0x1041e6d00: removing all deferring rules due to scene invalidation: 0x104089680
2026-09-30 23:45:27.204 A  runningboardd[86757:c75464] (RunningBoard) invalidateAssertionWithIdentifier
2026-09-30 23:45:27.204 Df SpringBoard[86754:c334f8] [com.apple.TextInputUI:KeyboardTrackingCoordinator] Updating tracking clients for start <TUIKeyboardTrackingCoordinator:0x12626ed00 state=<TUIKeyboardState: 0x10bd8d900 State: offscreen; is docked>; frame={{0, 0}, {0, 0}}; animation=<TUIKeyboardAnimationInfo: 0x126205a40, duration: 0.38, from remote keyboard, is not rotating, should animate, type: 0, notificationInfo: {
    UIKeyboardAnimationCurveUserInfoKey = 7;
    UIKeyboardAnimationDurationUserInfoKey = "0.3833";
    UIKeyboardBoundsUserInfoKey = "NSRect: {{0, 0}, {0, 0}}";
    UIKeyboardCenterBeginUserInfoKey = "NSPoint: {0, 0}";
    UIKeyboardCenterEndUserInfoKey = "NSPoint: {0, 0}";
    UIKeyboardFrameBeginUserInfoKey = "NSRect: {{0, 0}, {0, 0}}";
    UIKeyboardFrameEndUserInfoKey = "NSRect: {{0, 0}, {0, 0}}";
    UIKeyboardIsLocalUserInfoKey = 0;
}notificationsDebug: >>
2026-09-30 23:45:27.204 Df SafariViewService[24111:c6392d] [com.apple.UIKit:ViewServices] Scene for <_UIRemoteViewControllerSceneHostingImpl: 0x105d33120; identityToken: 24111(v26FC93)->/UISceneHosting-com.apple.SafariViewService:UIHostedScene-com.tarunyadgirkar.prefill.spike.textinsert.provider-A0FD0FB3> invalidated with error The operation couldn’t be completed. Scene was invalidated.
2026-09-30 23:45:27.204 Df SafariViewService[24111:c6392d] (UIKitCore) viewServiceDidTerminateWithError:: Error Domain=FBSceneErrorDomain Code=2 "Scene was invalidated." UserInfo={BSErrorCodeDescription=scene-invalidated, NSLocalizedFailureReason=Scene was invalidated.}
2026-09-30 23:45:27.204 Df SpringBoard[86754:c334f8] [com.apple.TextInputUI:KeyboardTrackingCoordinator] Updating tracking clients for start <TUIKeyboardTrackingCoordinator:0x115d32300 state=<TUIKeyboardState: 0x10bd8d900 State: offscreen; is docked>; frame={{0, 0}, {0, 0}}; animation=<TUIKeyboardAnimationInfo: 0x126205a40, duration: 0.38, from remote keyboard, is not rotating, should animate, type: 0, notificationInfo: {
    UIKeyboardAnimationCurveUserInfoKey = 7;
    UIKeyboardAnimationDurationUserInfoKey = "0.3833";
    UIKeyboardBoundsUserInfoKey = "NSRect: {{0, 0}, {0, 0}}";
    UIKeyboardCenterBeginUserInfoKey = "NSPoint: {0, 0}";
    UIKeyboardCenterEndUserInfoKey = "NSPoint: {0, 0}";
    UIKeyboardFrameBeginUserInfoKey = "NSRect: {{0, 0}, {0, 0}}";
    UIKeyboardFrameEndUserInfoKey = "NSRect: {{0, 0}, {0, 0}}";
    UIKeyboardIsLocalUserInfoKey = 0;
}notificationsDebug: >>
2026-09-30 23:45:27.204 Df SafariViewService[24111:c6392d] [com.apple.BackBoard:EventDelivery] [BKSHIDEventObserver] set observing:YES
2026-09-30 23:45:27.204 A  runningboardd[86757:c74643] (RunningBoard) state update
2026-09-30 23:45:27.204 Df SpringBoard[86754:c334f8] [com.apple.TextInputUI:KeyboardTrackingCoordinator] Updating tracking clients for start <TUIKeyboardTrackingCoordinator:0x115d32a80 state=<TUIKeyboardState: 0x10bd8d900 State: offscreen; is docked>; frame={{0, 0}, {0, 0}}; animation=<TUIKeyboardAnimationInfo: 0x126205a40, duration: 0.38, from remote keyboard, is not rotating, should animate, type: 0, notificationInfo: {
    UIKeyboardAnimationCurveUserInfoKey = 7;
    UIKeyboardAnimationDurationUserInfoKey = "0.3833";
    UIKeyboardBoundsUserInfoKey = "NSRect: {{0, 0}, {0, 0}}";
    UIKeyboardCenterBeginUserInfoKey = "NSPoint: {0, 0}";
    UIKeyboardCenterEndUserInfoKey = "NSPoint: {0, 0}";
    UIKeyboardFrameBeginUserInfoKey = "NSRect: {{0, 0}, {0, 0}}";
    UIKeyboardFrameEndUserInfoKey = "NSRect: {{0, 0}, {0, 0}}";
    UIKeyboardIsLocalUserInfoKey = 0;
}notificationsDebug: >>
2026-09-30 23:45:27.204 Df TextInsertProvider[42547:c75ad5] [com.apple.UIKit:EventEnvironment] Enqueuing clear events of window: <UIWindow: 0x103964400>; contextId: 0x0
2026-09-30 23:45:27.204 Df TextInsertProvider[42547:c75ad5] [com.apple.UIKit:EventEnvironment] Performing clear events of window: <UIWindow: 0x103964400>; contextId: 0x0
2026-09-30 23:45:27.204 Df SpringBoard[86754:c334f8] [com.apple.UIKit:KeyboardSceneDelegate] forceReloadInputViews
2026-09-30 23:45:27.204 Df SafariViewService[24111:c6392d] [com.apple.UIKit:KBProxyForwarding] <StateMachine:0x1096e8180> Presentation environment invalidated: <_UISceneKeyboardProxyLayerForwardingPresentationScene: 0x109ced7a0> Tracking scene: <FBScene: 0x106078500; UISceneHosting-com.apple.SafariViewService((null)):UIHostedScene-com.tarunyadgirkar.prefill.spike.textinsert.provider-A0FD0FB3>
2026-09-30 23:45:27.204 Df SafariViewService[24111:c75999] [com.apple.BackBoard:EventDelivery] will update observations for 0 observers
2026-09-30 23:45:27.204 Df SpringBoard[86754:c334f8] [com.apple.UIKit:KeyboardSceneDelegate] Try reloading input views for responder:(nil) requiresKB:N force:Y scene-identity:com.apple.frontboard.systemappservices/SSK.primary.root(mainDisplay):SB-systemAperture
2026-09-30 23:45:27.204 Df TextInsertProvider[42547:c75ad5] [com.apple.UIKit:EventEnvironment] sceneDidDisconnect: <_UIHostedWindowScene: 0x104089680; role: UISceneSessionRoleSceneHosting; persistentIdentifier: UIHostedScene-com.tarunyadgirkar.prefill.spike.textinsert.provider-A0FD0FB3; activationState: UISceneActivationStateUnattached>
2026-09-30 23:45:27.204 Df runningboardd[86757:c75464] [com.apple.runningboard:ttl] Invalidating assertion 86757-24111-8813 (target:osservice<com.apple.InputUI>) from originator [app<com.apple.SafariViewService((null))>:24111]
2026-09-30 23:45:27.204 Df SpringBoard[86754:c334f8] [com.apple.UIKit:KeyboardSceneDelegate] Reloading input views for non-key-window scene responder:(nil) requiresKB:N force:Y scene-identity:com.apple.frontboard.systemappservices/SSK.primary.root(mainDisplay):SB-systemAperture
2026-09-30 23:45:27.204 Df TextInsertProvider[42547:c75ad5] [com.apple.UIKit:AppLifecycle] sceneOfRecord: sceneID: (null)  persistentID: (null)
2026-09-30 23:45:27.204 Df SafariViewService[24111:c6392d] [com.apple.UIKit:KBProxyForwarding] <ForwardingPresentationScene:0x109ced7a0> Prioritized presenter: (null).
2026-09-30 23:45:27.205 Df SafariViewService[24111:c6392d] [com.apple.UIKit:KBProxyForwarding] <StateMachine:0x1096e8180> Dealloc.
2026-09-30 23:45:27.205 Df SpringBoard[86754:c334f8] [com.apple.UIKit:KeyboardSceneDelegate] _inputViewsForResponder: <(null): 0x0; >, automaticKeyboard: 0, force: 1
2026-09-30 23:45:27.205 Df TextInsertProvider[42547:c75ad5] [com.apple.UIKit:EventDeferring] [0x110837e00] Initialized with scene: <_UIHostedWindowScene: 0x104089680>; behavior: <_UIEventDeferringBehavior_iOS: 0x110927520>; availableForProcess: 1, systemShellManagesKeyboardFocus: 1
2026-09-30 23:45:27.205 A  runningboardd[86757:c75464] (RunningBoard) invalidateAssertionWithIdentifier
2026-09-30 23:45:27.205 Df SpringBoard[86754:c334f8] [com.apple.UIKit:KeyboardSceneDelegate] _inputViewsForResponder responderRequiresKeyboard:0, useKeyboard:0 (automaticKeyboardEnabled: 0, activeInstance:<(null): 0x0>, self.isOnScreen:0, requiresKBWhenFirstResponder:0, allowsSystemInputView:1, inputView:<(null): 0x0>)
2026-09-30 23:45:27.205 Df runningboardd[86757:c75464] [com.apple.runningboard:ttl] Invalidating assertion 86757-87035-8816 (target:[app<com.apple.mobilesafari((null))>:42063]) from originator [osservice<com.apple.InputUI>:87035]
2026-09-30 23:45:27.205 Df SpringBoard[86754:c334f8] [com.apple.UIKit:KeyboardSceneDelegate] _inputViewsForResponder returning: <<UIInputViewSet: 0x126204d80>; (empty)>
2026-09-30 23:45:27.205 Df SpringBoard[86754:c334f8] [com.apple.UIKit:KeyboardSceneDelegate] setWindowSceneInputViews:<<UIInputViewSet: 0x126204d80>; (empty)> scene-identity:com.apple.frontboard.systemappservices/SSK.primary.root(mainDisplay):SB-systemAperture
2026-09-30 23:45:27.205 A  runningboardd[86757:c75464] (RunningBoard) invalidateAssertionWithIdentifier
2026-09-30 23:45:27.205 Df TextInsertProvider[42547:c75ad5] [com.apple.UIKit:KeyWindow] Scene will invalidate: _UIKeyboardInputScene: 0x107c24000; scene identity: com.apple.UIKit.KeyboardManagement.hosted/com.apple.InputUI.keyboard:KeyboardInputScene-24111(v26FC93)-%3E%2FUISceneHosting-com.apple.SafariViewService%3AUIHostedScene-com.tarunyadgirkar.prefill.spike.textinsert.provider-A0FD0FB3
2026-09-30 23:45:27.205 Df TextInsertProvider[42547:c75ad5] [com.apple.UIKit:KeyWindow] Stack[KeyWindow] 0x103b7dec0: Taking no further action for migration from SystemShellManaged -> LastOneWins as there are no scenes
2026-09-30 23:45:27.205 Df TextInsertProvider[42547:c75ad5] [com.apple.UIKit:KeyWindow] Setting default evaluation strategy for UIUserInterfaceIdiomPhone to LastOneWins
2026-09-30 23:45:27.205 Df TextInsertProvider[42547:c75ad5] [com.apple.UIKit:HomeAffordanceObservation] Resetting home affordance notifier: <_UIHomeAffordanceSceneNotifier: 0x1040fe4c0; observers.count: 0>; for invalidating scene: <_UIKeyboardInputScene: 0x107c24000>
2026-09-30 23:45:27.205 Df runningboardd[86757:c75464] [com.apple.runningboard:ttl] Invalidating assertion 86757-42547-8818 (target:[xpcservice<com.tarunyadgirkar.prefill.spike.textinsert.provider([app<com.apple.SafariViewService((null))>:24111])>{vt hash: 0}{definition:com.tarunyadgirkar.prefill.spike.textinsert.provider[extension][client]}:42547]) from originator [xpcservice<com.tarunyadgirkar.prefill.spike.textinsert.provider([app<com.apple.SafariViewService((null))>:24111])>{vt hash: 0}{definition:com.tarunyadgirkar.prefill.spike.textinsert.provider[extension][client]}:42547]
2026-09-30 23:45:27.205 Df SpringBoard[86754:c334f8] [com.apple.UIKit:TrackingElementWindowController] Setting tracking element input views: <<UIInputViewSet: 0x126204900>; (empty)>
2026-09-30 23:45:27.205 Df backboardd[86775:c7564e] [com.apple.BackBoard:EventDelivery] new deferring rules for pid:42547: []
2026-09-30 23:45:27.205 Df backboardd[86775:c7564e] [com.apple.BackBoard:EventDelivery] [<keyboardFocus; builtin> 0x10a4c7e90] setRules:forPID(42547) generation: 643: []
2026-09-30 23:45:27.205 Df TextInsertProvider[42547:c75ad5] [com.apple.UIKit:EventDeferring] [0x110834700] Removing all event deferring rules for reason: _UIEventDeferringManager: 0x110834700: removing all deferring rules due to scene invalidation: 0x107c24000
2026-09-30 23:45:27.205 Df backboardd[86775:c7564e] [com.apple.BackBoard:EventDelivery] [<keyboardFocus> 0x10a4c7f70] setRules:forPID(42547) generation: 643: []
2026-09-30 23:45:27.205 Df SpringBoard[86754:c334f8] [com.apple.UIKit:UIPeripheralHost] endPlacementForInputViewSet: <<UIInputViewSet: 0x126204900>; (empty)> windowScene: <SBSystemApertureWindowScene: 0x10cfa0280; role: SBUIWindowSceneSessionRoleSystemAperture; persistentIdentifier: SB-systemAperture; activationState: UISceneActivationStateForegroundActive>
2026-09-30 23:45:27.205 Df TextInsertProvider[42547:c75ad5] [com.apple.UIKit:BackgroundTask] Will add backgroundTask with taskName: com.apple.UIKit.CABackingStoreCollect, expirationHandler: (null)
2026-09-30 23:45:27.205 A  runningboardd[86757:c75464] (RunningBoard) acquireAssertionWithDescriptor
2026-09-30 23:45:27.205 Df SpringBoard[86754:c334f8] [com.apple.UIKit:TrackingElementWindowController] Moving from placement: <UIInputViewSetPlacementOffScreenDown> to placement: <UIInputViewSetPlacementOffScreenDown> (currentPlacement: <UIInputViewSetPlacementOffScreenDown>)
2026-09-30 23:45:27.205 Df TextInsertProvider[42547:c75ad5] [com.apple.UIKit:BackgroundTask] Creating new assertion because there is no existing background assertion.
2026-09-30 23:45:27.206 Df backboardd[86775:c7564e] [com.apple.BackBoard:EventDelivery] reachable observation targets did change (setDeferringRules) {
    "<environment: keyboardFocus; target: <token: 42063(v277B73)->/UISceneHosting-com.apple.mobilesafari:UIHostedScene-com.apple.SafariViewService-CF83E032; pid: 24111>>" = "<reachability: reachable; deferringGraphGeneration: 643>";
    "<environment: keyboardFocus; target: <token: com.apple.frontboard.systemappservices/SSK.primary.root(mainDisplay):PresentationBinderIndirectAccessHosting-%5BMain%5D%3A%5BSUIS-DruidUI%3A%5BMain%5D%20-%201%5D; pid: 86754>>" = "<reachability: unreachable; deferringGraphGeneration: 0>";
    "<environment: keyboardFocus; target: <token: 24111(v26FC93)->/UISceneHosting-com.apple.SafariViewService:UIHostedScene-com.tarunyadgirkar.prefill.spike.textinsert.provider-A0FD0FB3; pid: 42547>>" = "<reachability: unreachable; deferringGraphGeneration: 0>";
}
2026-09-30 23:45:27.206 Df TextInsertProvider[42547:c75ad5] [com.apple.UIKit:BackgroundTask] Creating new background assertion
2026-09-30 23:45:27.206 Df runningboardd[86757:c75464] [com.apple.runningboard:ttl] Acquiring assertion targeting [xpcservice<com.tarunyadgirkar.prefill.spike.textinsert.provider([app<com.apple.SafariViewService((null))>:24111])>{vt hash: 0}{definition:com.tarunyadgirkar.prefill.spike.textinsert.provider[extension][client]}:42547] from originator [osservice<com.apple.InputUI>:87035] with description <RBSAssertionDescriptor| "FBWorkspace (FG-Active[90])" ID:86757-87035-8819 target:42547 attributes:[
	<RBSDomainAttribute| domain:"com.apple.frontboard" name:"SuspendableLPRunReason-Resume" sourceEnvironment:"(null)">,
	<RBSDomainAttribute| domain:"com.apple.frontboard" name:"SuspendableRole-NonUI" sourceEnvironment:"(null)">,
	<RBSDomainAttribute| domain:"com.apple.frontboard" name:"SuspendableJetsamPriority-ForegroundSupport" sourceEnvironment:"(null)">
	]>
2026-09-30 23:45:27.206 Df runningboardd[86757:c75464] [com.apple.runningboard:ttl] Assertion 86757-87035-8819 (target:[xpcservice<com.tarunyadgirkar.prefill.spike.textinsert.provider([app<com.apple.SafariViewService((null))>:24111])>{vt hash: 0}{definition:com.tarunyadgirkar.prefill.spike.textinsert.provider[extension][client]}:42547]) will be created as active
2026-09-30 23:45:27.206 A  SpringBoard[86754:c72fa0] (RunningBoardServices) observedProcessStatesDidChange
2026-09-30 23:45:27.206 Df TextInsertProvider[42547:c75ad5] [com.apple.UIKit:BackgroundTask] Created new background assertion <BKSProcessAssertion: 0x1109894f0>
2026-09-30 23:45:27.206 Df SpringBoard[86754:c72fa0] [com.apple.runningboard:monitor] Received state update for 97297 (osservice<com.apple.DragUI.druid>, running-Visible
2026-09-30 23:45:27.206 A  runningboardd[86757:c74643] (RunningBoard) state update
2026-09-30 23:45:27.206 A  runningboardd[86757:c75464] (RunningBoard) invalidateAssertionWithIdentifier
2026-09-30 23:45:27.206 Df SpringBoard[86754:c72fa0] [com.apple.runningboard:monitor] Received state update for 24111 (app<com.apple.SafariViewService((null))>, running-active-Visible
2026-09-30 23:45:27.206 Df SpringBoard[86754:c72fa0] [com.apple.runningboard:monitor] Received state update for 42063 (app<com.apple.mobilesafari((null))>, running-active-Visible
2026-09-30 23:45:27.206 Df runningboardd[86757:c75464] [com.apple.runningboard:ttl] Invalidating assertion 86757-24111-8787 (target:[xpcservice<com.tarunyadgirkar.prefill.spike.textinsert.provider([app<com.apple.SafariViewService((null))>:24111])>{vt hash: 0}{definition:com.tarunyadgirkar.prefill.spike.textinsert.provider[extension][client]}:42547]) from originator [app<com.apple.SafariViewService((null))>:24111]
2026-09-30 23:45:27.207 Df InputUI[87035:c74f21] [com.apple.FrontBoard:ProcessWorkspace] [xpcservice<com.tarunyadgirkar.prefill.spike.textinsert.provider>:42547] Workspace state did change: XX-None[0] --> FG-Active[90] (assertion acquired).
2026-09-30 23:45:27.207 Df InputUI[87035:c74f21] [com.apple.FrontBoard:ProcessWorkspace] Updating self-assertion for unified workspace priority: BG-Opportunistic[40]
2026-09-30 23:45:27.207 A  runningboardd[86757:c75464] (RunningBoard) acquireAssertionWithDescriptor
2026-09-30 23:45:27.207 Df runningboardd[86757:c75464] [com.apple.runningboard:ttl] Acquiring assertion targeting [xpcservice<com.tarunyadgirkar.prefill.spike.textinsert.provider([app<com.apple.SafariViewService((null))>:24111])>{vt hash: 0}{definition:com.tarunyadgirkar.prefill.spike.textinsert.provider[extension][client]}:42547] from originator [xpcservice<com.tarunyadgirkar.prefill.spike.textinsert.provider([app<com.apple.SafariViewService((null))>:24111])>{vt hash: 0}{definition:com.tarunyadgirkar.prefill.spike.textinsert.provider[extension][client]}:42547] with description <RBSAssertionDescriptor| "Shared Background Assertion 2 for com.tarunyadgirkar.prefill.spike.textinsert.provider" ID:86757-42547-8820 target:42547 attributes:[
	<RBSLegacyAttribute| requestedReason:FinishTask reason:FinishTask flags:( PreventTaskSuspend )>,
	<RBSAcquisitionCompletionAttribute| policy:AfterValidation>
	]>
2026-09-30 23:45:27.207 Df runningboardd[86757:c75464] [com.apple.runningboard:ttl] Assertion 86757-42547-8820 (target:[xpcservice<com.tarunyadgirkar.prefill.spike.textinsert.provider([app<com.apple.SafariViewService((null))>:24111])>{vt hash: 0}{definition:com.tarunyadgirkar.prefill.spike.textinsert.provider[extension][client]}:42547]) will be created as inactive as start-time-defining assertions exist
2026-09-30 23:45:27.207 Df TextInsertProvider[42547:c75ad5] [com.apple.UIKit:BackgroundTask] Incrementing reference count for background assertion <BKSProcessAssertion: 0x1109894f0>
2026-09-30 23:45:27.207 Df TextInsertProvider[42547:c75ad5] [com.apple.UIKit:BackgroundTask] Created background task <_UIBackgroundTaskInfo: 0x103bab1c0>: taskID = 6, taskName = com.apple.UIKit.CABackingStoreCollect, creationTime = 517520 (elapsed = 0).
2026-09-30 23:45:27.207 A  runningboardd[86757:c75464] (RunningBoard) invalidateAssertionWithIdentifier
2026-09-30 23:45:27.207 Df TextInsertProvider[42547:c75ad5] [com.apple.UIKit:EventEnvironment] sceneDidDisconnect: <_UIKeyboardInputScene: 0x107c24000; role: _UISceneSessionRoleKeyboardInputScene; persistentIdentifier: KeyboardInputScene-24111(v26FC93)->/UISceneHosting-com.apple.SafariViewService:UIHostedScene-com.tarunyadgirkar.prefill.spike.textinsert.provider-A0FD0FB3; activationState: UISceneActivationStateUnattached>
2026-09-30 23:45:27.207 Df TextInsertProvider[42547:c75ad5] [com.apple.UIKit:UIScreen] Disconnecting screen: <UIScreen: 0x107f02800>
2026-09-30 23:45:27.207 A  runningboardd[86757:c74642] (RunningBoard) state update
2026-09-30 23:45:27.208 Df runningboardd[86757:c75464] [com.apple.runningboard:ttl] Invalidating assertion 86757-87035-8814 (target:[osservice<com.apple.SpringBoard>:86754]) from originator [osservice<com.apple.InputUI>:87035]
2026-09-30 23:45:27.208 Df backboardd[86775:c7564e] [com.apple.BackBoard:EventDelivery] reachable observation targets did change (evaluateReachability) {
    "<environment: keyboardFocus; target: <token: com.apple.frontboard.systemappservices/SSK.primary.root(mainDisplay):PresentationBinderIndirectAccessHosting-%5BMain%5D%3A%5BSUIS-DruidUI%3A%5BMain%5D%20-%201%5D; pid: 86754>>" = "<reachability: unreachable; deferringGraphGeneration: 0>";
    "<environment: keyboardFocus; target: <token: 42063(v277B73)->/UISceneHosting-com.apple.mobilesafari:UIHostedScene-com.apple.SafariViewService-CF83E032; pid: 24111>>" = "<reachability: reachable; deferringGraphGeneration: 643>";
}
2026-09-30 23:45:27.208 A  runningboardd[86757:c75464] (RunningBoard) acquireAssertionWithDescriptor
2026-09-30 23:45:27.208 Df runningboardd[86757:c75464] [com.apple.runningboard:ttl] Acquiring assertion targeting [osservice<com.apple.InputUI>:87035] from originator [osservice<com.apple.InputUI>:87035] with description <RBSAssertionDescriptor| "FBWorkspace Self-Assert" ID:86757-87035-8821 target:87035 attributes:[
	<RBSDomainAttribute| domain:"com.apple.common" name:"FinishTaskInterruptable" sourceEnvironment:"(null)">
	]>
2026-09-30 23:45:27.208 Df runningboardd[86757:c75464] [com.apple.runningboard:ttl] Assertion 86757-87035-8821 (target:[osservice<com.apple.InputUI>:87035]) will be created as inactive as start-time-defining assertions exist
2026-09-30 23:45:27.208 Df InputUI[87035:c74f21] [com.apple.FrontBoard:ProcessScene] [0x106cbea00:com.apple.InputUI.keyboard:KeyboardInputScene-24111(v26FC93)->/UISceneHosting-com.apple.SafariViewService:UIHostedScene-com.tarunyadgirkar.prefill.spike.textinsert.provider-A0FD0FB3] Sending scene destroy.
2026-09-30 23:45:27.208 A  runningboardd[86757:c74642] (RunningBoard) state update
2026-09-30 23:45:27.208 Df InputUI[87035:c74f21] [com.apple.FrontBoard:ProcessWorkspace] [xpcservice<com.tarunyadgirkar.prefill.spike.textinsert.provider>:42547] Workspace interruption policy did change: default
2026-09-30 23:45:27.208 Df InputUI[87035:c74f21] [com.apple.FrontBoard:Process] [xpcservice<com.tarunyadgirkar.prefill.spike.textinsert.provider>:42547] Setting process visibility to: Unknown
2026-09-30 23:45:27.208 E  TextInsertProvider[42547:c75b08] [com.apple.FrontBoard:SceneClient] No scene exists for identity: com.apple.InputUI.keyboard:KeyboardInputScene-24111(v26FC93)->/UISceneHosting-com.apple.SafariViewService:UIHostedScene-com.tarunyadgirkar.prefill.spike.textinsert.provider-A0FD0FB3
2026-09-30 23:45:27.208 A  runningboardd[86757:c74647] (RunningBoard) invalidateAssertionWithIdentifier
2026-09-30 23:45:27.208 Df InputUI[87035:c75377] [com.apple.FrontBoard:ProcessScene] [0x106cbea00:com.apple.InputUI.keyboard:KeyboardInputScene-24111(v26FC93)->/UISceneHosting-com.apple.SafariViewService:UIHostedScene-com.tarunyadgirkar.prefill.spike.textinsert.provider-A0FD0FB3] Invalidated for connection: 0x1070835a0.
2026-09-30 23:45:27.208 Df InputUI[87035:c75377] [com.apple.FrontBoard:ProcessWorkspace] [xpcservice<com.tarunyadgirkar.prefill.spike.textinsert.provider>:42547] Workspace state did change: FG-Active[90] --> XX-None[0] (assertion dropped).
2026-09-30 23:45:27.208 Df InputUI[87035:c75377] [com.apple.FrontBoard:ProcessWorkspace] Updating self-assertion for unified workspace priority: XX-None[0]
2026-09-30 23:45:27.208 Df runningboardd[86757:c74647] [com.apple.runningboard:ttl] Invalidating assertion 86757-87035-8792 (target:[xpcservice<com.tarunyadgirkar.prefill.spike.textinsert.provider([app<com.apple.SafariViewService((null))>:24111])>{vt hash: 0}{definition:com.tarunyadgirkar.prefill.spike.textinsert.provider[extension][client]}:42547]) from originator [osservice<com.apple.InputUI>:87035]
2026-09-30 23:45:27.209 A  runningboardd[86757:c74647] (RunningBoard) invalidateAssertionWithIdentifier
2026-09-30 23:45:27.209 Df runningboardd[86757:c74647] [com.apple.runningboard:ttl] Invalidating assertion 86757-87035-8819 (target:[xpcservice<com.tarunyadgirkar.prefill.spike.textinsert.provider([app<com.apple.SafariViewService((null))>:24111])>{vt hash: 0}{definition:com.tarunyadgirkar.prefill.spike.textinsert.provider[extension][client]}:42547]) from originator [osservice<com.apple.InputUI>:87035]
2026-09-30 23:45:27.209 A  runningboardd[86757:c74647] (RunningBoard) invalidateAssertionWithIdentifier
2026-09-30 23:45:27.209 Df runningboardd[86757:c74647] [com.apple.runningboard:ttl] Invalidating assertion 86757-87035-8821 (target:[osservice<com.apple.InputUI>:87035]) from originator [osservice<com.apple.InputUI>:87035]
2026-09-30 23:45:27.214 A  runningboardd[86757:c74647] (RunningBoard) invalidateAssertionWithIdentifier
2026-09-30 23:45:27.214 Df runningboardd[86757:c74647] [com.apple.runningboard:ttl] Invalidating assertion 86757-87035-8817 (target:[app<com.apple.SafariViewService((null))>:24111]) from originator [osservice<com.apple.InputUI>:87035]
2026-09-30 23:45:27.216 F  backboardd[86775:c33619] (IOSurface) IOSurfaceQueryTransactionList got non-success return from kernel
2026-09-30 23:45:27.216 A  backboardd[86775:c33619] (libsystem_trace.dylib) Activity for state dumps
2026-09-30 23:45:27.216 F  backboardd[86775:c33619] (IOSurface) IOSurfaceQueryTransactionList got non-success return from kernel
2026-09-30 23:45:27.216 A  backboardd[86775:c33619] (libsystem_trace.dylib) Activity for state dumps
2026-09-30 23:45:27.216 Df SafariViewService[24111:c75999] [com.apple.FrontBoard:Scene] [UISceneHosting-com.apple.SafariViewService:UIHostedScene-com.tarunyadgirkar.prefill.spike.textinsert.provider-A0FD0FB3][1] Scene invalidated.
2026-09-30 23:45:27.216 Df SafariViewService[24111:c75999] [com.apple.FrontBoard:ProcessScene] [0x1066ec300:UISceneHosting-com.apple.SafariViewService:UIHostedScene-com.tarunyadgirkar.prefill.spike.textinsert.provider-A0FD0FB3] Invalidated for connection: 0x109cfbde0.
2026-09-30 23:45:27.216 Df SafariViewService[24111:c75999] [com.apple.FrontBoard:ProcessWorkspace] [xpcservice<com.tarunyadgirkar.prefill.spike.textinsert.provider>:42547] Workspace state did change: FG-Active[90] --> XX-None[0] (assertion dropped).
2026-09-30 23:45:27.216 A  runningboardd[86757:c74647] (RunningBoard) invalidateAssertionWithIdentifier
2026-09-30 23:45:27.216 Df runningboardd[86757:c74647] [com.apple.runningboard:ttl] Invalidating assertion 86757-24111-8809 (target:[xpcservice<com.tarunyadgirkar.prefill.spike.textinsert.provider([app<com.apple.SafariViewService((null))>:24111])>{vt hash: 0}{definition:com.tarunyadgirkar.prefill.spike.textinsert.provider[extension][client]}:42547]) from originator [app<com.apple.SafariViewService((null))>:24111]
2026-09-30 23:45:27.216 Df SafariViewService[24111:c75999] [com.apple.FrontBoard:ProcessWorkspace] Updating self-assertion for unified workspace priority: XX-None[0]
2026-09-30 23:45:27.216 A  runningboardd[86757:c74647] (RunningBoard) invalidateAssertionWithIdentifier
2026-09-30 23:45:27.216 Df runningboardd[86757:c74647] [com.apple.runningboard:ttl] Invalidating assertion 86757-24111-8789 (target:[app<com.apple.SafariViewService((null))>:24111]) from originator [app<com.apple.SafariViewService((null))>:24111]
2026-09-30 23:45:27.225 Df TextInsertProvider[42547:c75ad5] [com.apple.UIKit:BackgroundTask] Ending background task with UIBackgroundTaskIdentifier: 6
2026-09-30 23:45:27.225 Df TextInsertProvider[42547:c75ad5] [com.apple.UIKit:BackgroundTask] Ending task with identifier 6 and description: <_UIBackgroundTaskInfo: 0x103bab1c0>: taskID = 6, taskName = com.apple.UIKit.CABackingStoreCollect, creationTime = 517520 (elapsed = 0), _expireHandler: (null)
2026-09-30 23:45:27.225 Df TextInsertProvider[42547:c75ad5] [com.apple.UIKit:BackgroundTask] Decrementing reference count for assertion <BKSProcessAssertion: 0x1109894f0> (used by background task with identifier 6: <_UIBackgroundTaskInfo: 0x103bab1c0>: taskID = 6, taskName = com.apple.UIKit.CABackingStoreCollect, creationTime = 517520 (elapsed = 0))
2026-09-30 23:45:27.225 Df TextInsertProvider[42547:c75ad5] [com.apple.UIKit:BackgroundTask] Will invalidate assertion: <BKSProcessAssertion: 0x1109894f0> for task identifier: 6
2026-09-30 23:45:27.225 A  runningboardd[86757:c74647] (RunningBoard) invalidateAssertionWithIdentifier
2026-09-30 23:45:27.225 Df runningboardd[86757:c74647] [com.apple.runningboard:ttl] Invalidating assertion 86757-42547-8820 (target:[xpcservice<com.tarunyadgirkar.prefill.spike.textinsert.provider([app<com.apple.SafariViewService((null))>:24111])>{vt hash: 0}{definition:com.tarunyadgirkar.prefill.spike.textinsert.provider[extension][client]}:42547]) from originator [xpcservice<com.tarunyadgirkar.prefill.spike.textinsert.provider([app<com.apple.SafariViewService((null))>:24111])>{vt hash: 0}{definition:com.tarunyadgirkar.prefill.spike.textinsert.provider[extension][client]}:42547]
2026-09-30 23:45:27.247 F  backboardd[86775:c33619] (IOSurface) IOSurfaceQueryTransactionList got non-success return from kernel
2026-09-30 23:45:27.247 A  backboardd[86775:c33619] (libsystem_trace.dylib) Activity for state dumps
2026-09-30 23:45:27.247 F  backboardd[86775:c33619] (IOSurface) IOSurfaceQueryTransactionList got non-success return from kernel
2026-09-30 23:45:27.247 A  backboardd[86775:c33619] (libsystem_trace.dylib) Activity for state dumps
2026-09-30 23:45:27.279 A  runningboardd[86757:c74647] (RunningBoard) state update
2026-09-30 23:45:27.280 A  runningboardd[86757:c74647] (RunningBoard) state notification
2026-09-30 23:45:27.280 Df runningboardd[86757:c75464] [com.apple.runningboard:process] [osservice<com.apple.SpringBoard>:86754] Ignoring jetsam update because this process is not memory-managed
2026-09-30 23:45:27.280 Df runningboardd[86757:c75464] [com.apple.runningboard:process] [osservice<com.apple.SpringBoard>:86754] Ignoring suspend because this process is not lifecycle managed
2026-09-30 23:45:27.280 Df runningboardd[86757:c75464] [com.apple.runningboard:process] [osservice<com.apple.SpringBoard>:86754] Ignoring GPU update because this process is not GPU managed
2026-09-30 23:45:27.280 Df runningboardd[86757:c75464] [com.apple.runningboard:process] [osservice<com.apple.SpringBoard>:86754] Ignoring memory limit update because this process is not memory-managed
2026-09-30 23:45:27.280 Df runningboardd[86757:c74644] [com.apple.runningboard:monitor] Calculated state for osservice<com.apple.SpringBoard>: running-active (role: UserInteractiveFocal) (endowments: {(
    <RBSProcessEndowmentInfo| namespace:com.apple.boardservices.endpoint-injection env:(null) payload: 10368935462144248724>,
    <RBSProcessEndowmentInfo| namespace:com.apple.frontboard.visibility env:UIScene:com.apple.frontboard.systemappservices/SSK.primary.root(mainDisplay):SB-main payload: 3286669422001561946>,
    <RBSProcessEndowmentInfo| namespace:com.apple.frontboard.visibility env:UIRootWindow:0x116f44000 payload: 3286669422001561946>,
    <RBSProcessEndowmentInfo| namespace:com.apple.frontboard.visibility env:UIScene:com.apple.frontboard.systemappservices/SSK.primary.root(mainDisplay):SB-systemAperture payload: 3286669422001561946>,
    <RBSProcessEndowmentInfo| namespace:com.apple.frontboard.visibility env:(null)  0>,
    <RBSProcessEndowmentInfo| namespace:com.apple.frontboard.visibility env:UIScene:com.apple.frontboard.systemappservices/SSK.primary.root(mainDisplay):PresentationBinderIndirectAccess)
2026-09-30 23:45:27.280 Df runningboardd[86757:c75464] [com.apple.runningboard:process] [osservice<com.apple.DragUI.druid>:97297] Ignoring jetsam update because this process is not memory-managed
2026-09-30 23:45:27.280 Df runningboardd[86757:c75464] [com.apple.runningboard:process] [osservice<com.apple.DragUI.druid>:97297] Ignoring suspend because this process is not lifecycle managed
2026-09-30 23:45:27.280 Df runningboardd[86757:c75464] [com.apple.runningboard:process] [osservice<com.apple.DragUI.druid>:97297] Ignoring role changes because this process is not role managed
2026-09-30 23:45:27.280 Df runningboardd[86757:c75464] [com.apple.runningboard:process] [osservice<com.apple.DragUI.druid>:97297] Ignoring GPU update because this process is not GPU managed
2026-09-30 23:45:27.280 Df runningboardd[86757:c74644] [com.apple.runningboard:monitor] Calculated state for xpcservice<com.tarunyadgirkar.prefill.spike.textinsert.provider([app<com.apple.SafariViewService((null))>:24111])>{vt hash: 0}{definition:com.tarunyadgirkar.prefill.spike.textinsert.provider[extension][client]}: running-active (role: UserInteractiveNonFocal) (endowments: {(
    <RBSProcessEndowmentInfo| namespace:com.apple.boardservices.endpoint-injection env:(null) payload: 11112780218690046304>,
    <RBSProcessEndowmentInfo| namespace:com.apple.boardservices.endpoint-injection env:(null) payload: 9171431796660299899>
)})
2026-09-30 23:45:27.281 A  SpringBoard[86754:c73659] (RunningBoardServices) observedProcessStatesDidChange
2026-09-30 23:45:27.281 A  InputUI[87035:c75377] (RunningBoardServices) observedProcessStatesDidChange
2026-09-30 23:45:27.281 Df SpringBoard[86754:c73659] [com.apple.runningboard:monitor] Received state update for 86754 (osservice<com.apple.SpringBoard>, running-active-Visible
2026-09-30 23:45:27.281 Df runningboardd[86757:c75464] [com.apple.runningboard:process] [osservice<com.apple.DragUI.druid>:97297] Ignoring memory limit update because this process is not memory-managed
2026-09-30 23:45:27.281 Df InputUI[87035:c75377] [com.apple.runningboard:monitor] Received state update for 86754 (osservice<com.apple.SpringBoard>, running-active-Visible
2026-09-30 23:45:27.281 A  mediaremoted[86761:c74e5f] (RunningBoardServices) observedProcessStatesDidChange
2026-09-30 23:45:27.281 A  SpringBoard[86754:c73659] (RunningBoardServices) observedProcessStatesDidChange
2026-09-30 23:45:27.281 Df runningboardd[86757:c74644] [com.apple.runningboard:monitor] Calculated state for app<com.apple.mobilesafari((null))>: running-active (role: UserInteractiveFocal) (endowments: {(
    <RBSProcessEndowmentInfo| namespace:com.apple.boardservices.endpoint-injection env:(null) payload: 18349971461550279522>,
    <RBSProcessEndowmentInfo| namespace:com.apple.frontboard.visibility env:(null)  0>,
    <RBSProcessEndowmentInfo| namespace:com.apple.frontboard.visibility env:UIScene:com.apple.frontboard.systemappservices/FBSceneManager:sceneID%3Acom.apple.mobilesafari-71DD3C25-4702-4D1D-8EB9-7DEF87C13EE1 payload: 3286669422001561946>
)})
2026-09-30 23:45:27.281 Df SpringBoard[86754:c73659] [com.apple.runningboard:monitor] Received state update for 42547 (xpcservice<com.tarunyadgirkar.prefill.spike.textinsert.provider([app<com.apple.SafariViewService((null))>:24111])>{vt hash: 0}{definition:com.tarunyadgirkar.prefill.spike.textinsert.provider[extension][client]}, running-active-NotVisible
2026-09-30 23:45:27.281 A  sleepd[86781:c74e20] (RunningBoardServices) observedProcessStatesDidChange
2026-09-30 23:45:27.281 A  InputUI[87035:c74f21] (RunningBoardServices) observedProcessStatesDidChange
2026-09-30 23:45:27.281 A  SafariViewService[24111:c75999] (RunningBoardServices) observedProcessStatesDidChange
2026-09-30 23:45:27.281 Df SafariViewService[24111:c75999] [com.apple.runningboard:monitor] Received state update for 42547 (xpcservice<com.tarunyadgirkar.prefill.spike.textinsert.provider([app<com.apple.SafariViewService((null))>:24111])>{vt hash: 0}{definition:com.tarunyadgirkar.prefill.spike.textinsert.provider[extension][client]}, running-active-NotVisible
2026-09-30 23:45:27.281 Df InputUI[87035:c74f21] [com.apple.runningboard:monitor] Received state update for 42547 (xpcservice<com.tarunyadgirkar.prefill.spike.textinsert.provider([app<com.apple.SafariViewService((null))>:24111])>{vt hash: 0}{definition:com.tarunyadgirkar.prefill.spike.textinsert.provider[extension][client]}, running-active-NotVisible
2026-09-30 23:45:27.281 Df mediaremoted[86761:c74e5f] [com.apple.runningboard:monitor] Received state update for 86754 (osservice<com.apple.SpringBoard>, running-active-Visible
2026-09-30 23:45:27.281 A  SpringBoard[86754:c73659] (RunningBoardServices) observedProcessStatesDidChange
2026-09-30 23:45:27.281 A  testmanagerd[88342:c74dca] (RunningBoardServices) observedProcessStatesDidChange
2026-09-30 23:45:27.281 Df SpringBoard[86754:c73659] [com.apple.runningboard:monitor] Received state update for 97297 (osservice<com.apple.DragUI.druid>, running-Visible
2026-09-30 23:45:27.281 A  InputUI[87035:c75377] (RunningBoardServices) observedProcessStatesDidChange
2026-09-30 23:45:27.281 Df sleepd[86781:c74e20] [com.apple.runningboard:monitor] Received state update for 86754 (osservice<com.apple.SpringBoard>, running-active-NotVisible
2026-09-30 23:45:27.281 Df InputUI[87035:c75377] [com.apple.runningboard:monitor] Received state update for 97297 (osservice<com.apple.DragUI.druid>, running-Visible
2026-09-30 23:45:27.281 A  callservicesd[86889:c73628] (RunningBoardServices) observedProcessStatesDidChange
2026-09-30 23:45:27.281 Df testmanagerd[88342:c74dca] [com.apple.runningboard:monitor] Received state update for 86754 (osservice<com.apple.SpringBoard>, running-active-Visible
2026-09-30 23:45:27.281 Df callservicesd[86889:c73628] [com.apple.runningboard:monitor] Received state update for 86754 (osservice<com.apple.SpringBoard>, running-active-Visible
2026-09-30 23:45:27.281 Df runningboardd[86757:c75464] [com.apple.runningboard:ttl] [xpcservice<com.tarunyadgirkar.prefill.spike.textinsert.provider([app<com.apple.SafariViewService((null))>:24111])>{vt hash: 0}{definition:com.tarunyadgirkar.prefill.spike.textinsert.provider[extension][client]}:42547] Set darwin role to: UserInteractiveNonFocal
2026-09-30 23:45:27.281 A  mediaremoted[86761:c74e5f] (RunningBoardServices) observedProcessStatesDidChange
2026-09-30 23:45:27.282 Df mediaremoted[86761:c74e5f] [com.apple.runningboard:monitor] Received state update for 42547 (xpcservice<com.tarunyadgirkar.prefill.spike.textinsert.provider([app<com.apple.SafariViewService((null))>:24111])>{vt hash: 0}{definition:com.tarunyadgirkar.prefill.spike.textinsert.provider[extension][client]}, running-active-NotVisible
2026-09-30 23:45:27.282 E  runningboardd[86757:c75464] [com.apple.runningboard:process] 42547 Error setting Darwin GPU to "Backgrounds" (3): Operation not permitted
2026-09-30 23:45:27.282 Df runningboardd[86757:c74643] [com.apple.runningboard:connection] Inheritance changeset: <RBSInheritanceChangeSet| gained:{(
)} lost:{(
    <RBSInheritance| environment:UIScene:24111(v26FC93)->/UISceneHosting-com.apple.SafariViewService:UIHostedScene-com.tarunyadgirkar.prefill.spike.textinsert.provider-A0FD0FB3 name:com.apple.frontboard.visibility origID:86757-24111-8795 payload 3286669422001561946>
)}>
2026-09-30 23:45:27.282 A  TextInsertProvider[42547:c75b08] (RunningBoardServices) didChangeInheritances
2026-09-30 23:45:27.282 Df runningboardd[86757:c75464] [com.apple.runningboard:ttl] [xpcservice<com.tarunyadgirkar.prefill.spike.textinsert.provider([app<com.apple.SafariViewService((null))>:24111])>{vt hash: 0}{definition:com.tarunyadgirkar.prefill.spike.textinsert.provider[extension][client]}:42547] visiblity is no
2026-09-30 23:45:27.283 Df runningboardd[86757:c74644] [com.apple.runningboard:monitor] Calculated state for osservice<com.apple.InputUI>: running-active (role: UserInteractiveFocal) (endowments: {(
    <RBSProcessEndowmentInfo| namespace:com.apple.boardservices.endpoint-injection env:(null) payload: 14040822456440931537>,
    <RBSProcessEndowmentInfo| namespace:com.apple.frontboard.visibility env:(null)  0>
)})
2026-09-30 23:45:27.283 A  locationd[86778:c7453e] (RunningBoardServices) observedProcessStatesDidChange
2026-09-30 23:45:27.283 A  SpringBoard[86754:c72fa0] (RunningBoardServices) observedProcessStatesDidChange
2026-09-30 23:45:27.283 A  InputUI[87035:c74f21] (RunningBoardServices) observedProcessStatesDidChange
2026-09-30 23:45:27.283 Df SpringBoard[86754:c72fa0] [com.apple.runningboard:monitor] Received state update for 42063 (app<com.apple.mobilesafari((null))>, running-active-Visible
2026-09-30 23:45:27.283 Df locationd[86778:c7453e] [com.apple.runningboard:monitor] Received state update for 42063 (app<com.apple.mobilesafari((null))>, running-active-Visible
2026-09-30 23:45:27.283 Df InputUI[87035:c74f21] [com.apple.runningboard:monitor] Received state update for 42063 (app<com.apple.mobilesafari((null))>, running-active-Visible
2026-09-30 23:45:27.283 A  mediaremoted[86761:c74e77] (RunningBoardServices) observedProcessStatesDidChange
2026-09-30 23:45:27.283 Df runningboardd[86757:c74644] [com.apple.runningboard:monitor] Calculated state for app<com.apple.SafariViewService((null))>: running-active (role: UserInteractiveFocal) (endowments: {(
    <RBSProcessEndowmentInfo| namespace:com.apple.boardservices.endpoint-injection env:(null) payload: 15847074923795608237>,
    <RBSProcessEndowmentInfo| namespace:com.apple.boardservices.endpoint-injection env:(null) payload: 16960438825128595554>,
    <RBSProcessEndowmentInfo| namespace:com.apple.frontboard.visibility env:UIScene:42063(v277B73)->/UISceneHosting-com.apple.mobilesafari:UIHostedScene-com.apple.SafariViewService-CF83E032 payload: 3286669422001561946>
)})
2026-09-30 23:45:27.283 A  SafariBookmarksSyncAgent[86848:c75031] (RunningBoardServices) observedProcessStatesDidChange
2026-09-30 23:45:27.283 Df mediaremoted[86761:c74e77] [com.apple.runningboard:monitor] Received state update for 42063 (app<com.apple.mobilesafari((null))>, running-active-Visible
2026-09-30 23:45:27.283 A  SpringBoard[86754:c72fa0] (RunningBoardServices) observedProcessStatesDidChange
2026-09-30 23:45:27.283 A  InputUI[87035:c75377] (RunningBoardServices) observedProcessStatesDidChange
2026-09-30 23:45:27.283 Df SpringBoard[86754:c72fa0] [com.apple.runningboard:monitor] Received state update for 87035 (osservice<com.apple.InputUI>, running-active-Visible
2026-09-30 23:45:27.283 Df InputUI[87035:c75377] [com.apple.runningboard:monitor] Received state update for 87035 (osservice<com.apple.InputUI>, running-active-Visible
2026-09-30 23:45:27.283 A  MobileSafari[42063:c756c2] (RunningBoardServices) observedProcessStatesDidChange
2026-09-30 23:45:27.283 A  InputUI[87035:c75377] (RunningBoardServices) observedProcessStatesDidChange
2026-09-30 23:45:27.283 Df InputUI[87035:c75377] [com.apple.runningboard:monitor] Received state update for 24111 (app<com.apple.SafariViewService((null))>, running-active-Visible
2026-09-30 23:45:27.283 A  testmanagerd[88342:c74dca] (RunningBoardServices) observedProcessStatesDidChange
2026-09-30 23:45:27.283 Df MobileSafari[42063:c756c2] [com.apple.runningboard:monitor] Received state update for 87035 (osservice<com.apple.InputUI>, running-active-NotVisible
2026-09-30 23:45:27.283 Df SafariBookmarksSyncAgent[86848:c75031] [com.apple.runningboard:monitor] Received state update for 42063 (app<com.apple.mobilesafari((null))>, running-active-Visible
2026-09-30 23:45:27.283 Df testmanagerd[88342:c74dca] [com.apple.runningboard:monitor] Received state update for 42063 (app<com.apple.mobilesafari((null))>, running-active-Visible
2026-09-30 23:45:27.283 A  MobileSafari[42063:c751fd] (RunningBoardServices) observedProcessStatesDidChange
2026-09-30 23:45:27.283 Df MobileSafari[42063:c751fd] [com.apple.runningboard:monitor] Received state update for 24111 (app<com.apple.SafariViewService((null))>, running-active-NotVisible
2026-09-30 23:45:27.283 A  SpringBoard[86754:c72fa0] (RunningBoardServices) observedProcessStatesDidChange
2026-09-30 23:45:27.283 A  testmanagerd[88342:c74dca] (RunningBoardServices) observedProcessStatesDidChange
2026-09-30 23:45:27.283 Df testmanagerd[88342:c74dca] [com.apple.runningboard:monitor] Received state update for 24111 (app<com.apple.SafariViewService((null))>, running-active-Visible
2026-09-30 23:45:27.283 A  mediaremoted[86761:c74e77] (RunningBoardServices) observedProcessStatesDidChange
2026-09-30 23:45:27.284 Df mediaremoted[86761:c74e77] [com.apple.runningboard:monitor] Received state update for 87035 (osservice<com.apple.InputUI>, running-active-Visible
2026-09-30 23:45:27.284 Df mediaremoted[86761:c74e77] [com.apple.runningboard:monitor] Received state update for 24111 (app<com.apple.SafariViewService((null))>, running-active-Visible
2026-09-30 23:45:27.284 Df SpringBoard[86754:c72fa0] [com.apple.runningboard:monitor] Received state update for 24111 (app<com.apple.SafariViewService((null))>, running-active-Visible
2026-09-30 23:45:27.585 Df backboardd[86775:c75024] [com.apple.AttentionAwareness:AttentionAwareness]  517520.58814: 8 Digitizer since  517516.21567 (Wed Sep 30 23:45:23 2026)
2026-09-30 23:45:27.651 Df backboardd[86775:c75024] [com.apple.AttentionAwareness:AttentionAwareness]  517520.65438: notify client com.apple.SpringBoard.HomeGrabberView-1 of <AWAttentionLostEvent: 0x10b07f640> (timestamp:  517520.65433 attentionLostTimeout       1.00000 tagIndex 0 (tag not present in server))
2026-09-30 23:45:27.651 Df backboardd[86775:c75024] [com.apple.AttentionAwareness:AttentionAwareness]  517520.65464: notify client com.apple.SpringBoard.HomeGrabberView-3 of <AWAttentionLostEvent: 0x10b07ddc0> (timestamp:  517520.65433 attentionLostTimeout       1.00000 tagIndex 0 (tag not present in server))
2026-09-30 23:45:27.651 Df backboardd[86775:c75024] [com.apple.AttentionAwareness:AttentionAwareness]  517520.65472: notify client com.apple.SpringBoard.HomeGrabberView-4 of <AWAttentionLostEvent: 0x10b07efc0> (timestamp:  517520.65433 attentionLostTimeout       1.00000 tagIndex 0 (tag not present in server))
2026-09-30 23:45:27.651 Df backboardd[86775:c75024] [com.apple.AttentionAwareness:AttentionAwareness]  517520.65477: notify client com.apple.SpringBoard.HomeGrabberView-2 of <AWAttentionLostEvent: 0x10b07c700> (timestamp:  517520.65433 attentionLostTimeout       1.00000 tagIndex 0 (tag not present in server))
2026-09-30 23:45:27.651 E  SpringBoard[86754:c334f8] [com.apple.SpringBoard:IdleTimer] attention client lost event tag is not a number: (null)
2026-09-30 23:45:27.651 E  SpringBoard[86754:c334f8] [com.apple.SpringBoard:IdleTimer] attention client lost event tag is not a number: (null)
2026-09-30 23:45:27.651 E  SpringBoard[86754:c334f8] [com.apple.SpringBoard:IdleTimer] attention client lost event tag is not a number: (null)
2026-09-30 23:45:27.651 E  SpringBoard[86754:c334f8] [com.apple.SpringBoard:IdleTimer] attention client lost event tag is not a number: (null)
2026-09-30 23:45:27.754 Df launchd_sim[86751:c75b40] [user/502/com.apple.mlhostd:] service state: spawning
2026-09-30 23:45:27.754 Df launchd_sim[86751:c75b40] [user/502/com.apple.mlhostd:] launching: xpc event
2026-09-30 23:45:27.756 Df launchd_sim[86751:c75b40] [user/502/com.apple.mlhostd [42583]:] xpcproxy_sim spawned with pid 42583
2026-09-30 23:45:27.756 Df launchd_sim[86751:c75b40] [user/502/com.apple.mlhostd [42583]:] internal event: SPAWNED, code = 0
2026-09-30 23:45:27.756 Df launchd_sim[86751:c75b40] [user/502/com.apple.mlhostd [42583]:] service state: xpcproxy
2026-09-30 23:45:27.756 Df launchd_sim[86751:c75b40] [user/502/com.apple.mlhostd [42583]:] deferred event: domain spawn response: 0
2026-09-30 23:45:27.756 Df launchd_sim[86751:c75b40] [user/502/com.apple.mlhostd [42583]:] internal event: SOURCE_ATTACH, code = 0
2026-09-30 23:45:27.770 Df launchd_sim[86751:c75b20] [user/502/com.apple.mlhostd [42583]:] service state: running
2026-09-30 23:45:27.770 Df launchd_sim[86751:c75b20] [user/502/com.apple.mlhostd [42583]:] internal event: INIT, code = 0
2026-09-30 23:45:27.770 Df launchd_sim[86751:c75b20] [user/502/com.apple.mlhostd [42583]:] Successfully spawned mlhostd[42583] because xpc event
2026-09-30 23:45:27.901 Df launchd_sim[86751:c75b40] [pid/42583 [mlhostd]:] uncorking exec source upfront
2026-09-30 23:45:27.901 Df launchd_sim[86751:c75b40] [pid/42583 [mlhostd]:] created
2026-09-30 23:45:27.905 Df launchd_sim[86751:c75b16] [user/502/com.apple.mlhostd [42583]:] exited due to exit(0), ran for 148ms
2026-09-30 23:45:27.905 Df launchd_sim[86751:c75b16] [user/502/com.apple.mlhostd [42583]:] service state: exited
2026-09-30 23:45:27.905 Df launchd_sim[86751:c75b16] [user/502/com.apple.mlhostd [42583]:] internal event: EXITED, code = 0
2026-09-30 23:45:27.905 Df launchd_sim[86751:c75b16] [user/502:] service inactive: com.apple.mlhostd
2026-09-30 23:45:27.905 Df launchd_sim[86751:c75b16] [user/502/com.apple.mlhostd [42583]:] service state: not running
2026-09-30 23:45:27.905 Df launchd_sim[86751:c75b16] [user/502/com.apple.mlhostd:] Service only ran for 0 seconds. Pushing respawn out by 10 seconds.
2026-09-30 23:45:27.906 Df launchd_sim[86751:c75b16] [user/502/com.apple.mlhostd:] internal event: WILL_SPAWN, code = 0
2026-09-30 23:45:27.906 Df launchd_sim[86751:c75b16] [user/502/com.apple.mlhostd:] service state: spawn scheduled
2026-09-30 23:45:27.906 Df launchd_sim[86751:c75b16] [user/502/com.apple.mlhostd:] service spawn deferred by 10 seconds due to throttle
2026-09-30 23:45:27.906 Df launchd_sim[86751:c75b16] [pid/42583 [mlhostd]:] shutting down
2026-09-30 23:45:27.906 Df launchd_sim[86751:c75b16] [pid/42583 [mlhostd]:] cleaning up
2026-09-30 23:45:27.906 Df launchd_sim[86751:c75b16] [system:] removing child: pid/42583
2026-09-30 23:45:28.265 A  Preferences[37416:c704f1] (SpotlightKnowledge) Fetch Pipeline Completeness Status
2026-09-30 23:45:28.265 Df Preferences[37416:c74f5c] (CoreSpotlight) Start mach service name com.apple.spotlightknowledged
2026-09-30 23:45:28.265 Df Preferences[37416:c74f5c] [com.apple.xpc:connection] [0x10a1b4b40] activating connection: mach=true listener=false peer=false name=com.apple.spotlightknowledged
2026-09-30 23:45:28.270 Df spotlightknowledged.updater[89905:c757d1] [com.apple.xpc:connection] [0x107aca440] activating connection: mach=false listener=false peer=true name=com.apple.spotlightknowledged.peer[37416].0x107aca440
2026-09-30 23:45:28.270 A  spotlightknowledged.updater[89905:c757d1] (SpotlightKnowledgeDaemon) XPC Command Received
2026-09-30 23:45:28.270 Df spotlightknowledged.updater[89905:c757d1] [com.apple.spotlightknowledge:UpdaterDaemon] handleCommand received incoming: runSwiftCommand
2026-09-30 23:45:28.272 Df spotlightknowledged.updater[89905:c75aed] [com.apple.spotlightknowledge:UpdaterDaemon] handleCommand responding with: success(SpotlightKnowledge.UpdaterCommand.FetchPipelineCompleteness.Response(level: SpotlightKnowledge.PipelineCompleteness.Level.complete, percentage: Optional(100.0), overrideValue: nil, progressDisplay: SpotlightKnowledge.PipelineCompleteness.ProgressDisplay.visibleWithoutPercentage))
2026-09-30 23:45:28.273 Df Preferences[37416:c74f5c] [com.apple.xpc:connection] [0x10a1b4b40] invalidated because the current process cancelled the connection by calling xpc_connection_cancel()
2026-09-30 23:45:28.273 Df Preferences[37416:c74d28] [com.apple.corespotlight:default] ### Connection error 0x1184dbd00 Connection invalid for com.apple.spotlightknowledged
2026-09-30 23:45:28.273 Df spotlightknowledged.updater[89905:c75aed] [com.apple.xpc:connection] [0x107aca440] invalidated because the client process (pid 37416) either cancelled the connection or exited
2026-09-30 23:45:28.274 E  spotlightknowledged.updater[89905:c75aed] [com.apple.corespotlight:default] ### Connection(0x107aca440) invalid  pid: 37416
2026-09-30 23:45:28.463 Df kbd[93423:c3db82] [com.apple.TextInput:KeyboardActivity] -[TIKeyboardActivityController setKeyboardCleanIfNecessary] Keyboard is becoming clean.
2026-09-30 23:45:28.463 Df kbd[93423:c3db82] [com.apple.TextInput:KeyboardActivity] getExcessMemoryInBytes memorystatus_control returned error: -1, errno: 1, error-string: Operation not permitted
2026-09-30 23:45:28.463 Df kbd[93423:c3db82] [com.apple.TextInput:KeyboardActivity] -[TIKeyboardActivityController notifyTransitionWithContext:] Notifying observers of activity state transition from 2 to 3
2026-09-30 23:45:28.463 Df kbd[93423:c3db82] -[TIKeyboardInputManagerServer prepareForInactivity]  Preparing keyboard for inactivity
2026-09-30 23:45:28.463 Df kbd[93423:c3db82] -[TIKeyboardInputManagerServer reduceCacheToSize:]  Reduce cache to size=2
2026-09-30 23:45:28.463 Df kbd[93423:c3db82] (TextInputCore) -[TIKeyboardInputManagerLoader prepareForKeyboardInactivity]_block_invoke_2  Input manager <TIKeyboardInputManager_mul: 0x1043942a0> is loading advanced model, and there is only one Input Manager loading advanced models
2026-09-30 23:45:28.463 Df kbd[93423:c3db82] (TextInputCore) -[TIKeyboardInputManagerLoader prepareForKeyboardInactivity]_block_invoke  Issuing cache-strategy: no-reset to <TIKeyboardInputManager_mul: 0x1043942a0> to prepare for Keyboard Inactivity
2026-09-30 23:45:28.463 Df kbd[93423:c3db82] (TextInputCore) reset_state_cache  Resetting state cache for 2 model with cache-strategy: no-reset
2026-09-30 23:45:28.463 Df kbd[93423:c3db82] [com.apple.TextInput:LanguageModel] reset_state_cache Handling cache-strategy: no-reset reset request
2026-09-30 23:45:28.463 Df kbd[93423:c3db82] [com.apple.TextInput:LanguageModel] reset_state_cache Not resetting the cache
2026-09-30 23:45:28.463 Df kbd[93423:c3db82] [com.apple.TextInput:KeyboardActivity] getExcessMemoryInBytes memorystatus_control returned error: -1, errno: 1, error-string: Operation not permitted
2026-09-30 23:45:28.463 Df kbd[93423:c3db82] -[TIKeyboardInputManagerServer checkAndFlushDynamicCaches]  Preparing keyboard for inactivity, last flush at 1741.205908, flush period: 10800.000000
2026-09-30 23:45:28.463 Df kbd[93423:c3db82] [com.apple.TextInput:KeyboardActivity] -[TIKeyboardActivityController setKeyboardCleanIfNecessary] Setting a block to release the dirty transaction: 0x10927cbd0
2026-09-30 23:45:28.865 F  TextInsertUITests-Runner[41970:c74e7f] [com.apple.runtime-issues:CFNetwork Performance Diagnostic] __delegate_identifier__:Performance Diagnostics__:::____message__:Synchronous URL loading of http://127.0.0.1:8805/snap?name=pw-ins-f1-5-after-insert should not occur on this application's main thread as it may lead to UI unresponsiveness. Please switch to an asynchronous networking API such as URLSession.
2026-09-30 23:45:28.865 A  TextInsertUITests-Runner[41970:c74e7f] (libsystem_trace.dylib) Activity for state dumps
2026-09-30 23:45:28.866 A  TextInsertUITests-Runner[41970:c74f16] (Security) SecTrustReportNetworkingAnalytics
2026-09-30 23:45:28.867 Df TextInsertUITests-Runner[41970:c74f18] [com.apple.CFNetwork:Default] Connection 10: starting, TC(0x0)
2026-09-30 23:45:28.867 Df trustd[87797:c75440] [com.apple.securityd:SecError] TextInsertUITest[41970]/1#-1 LF=0 NetworkingAnalyticsReport Error Domain=NSOSStatusErrorDomain Code=-4 "Networking analytics not supported in this environment" UserInfo={numberOfErrorsDeep=0, NSDescription=Networking analytics not supported in this environment}
2026-09-30 23:45:28.867 Df TextInsertUITests-Runner[41970:c74f18] [com.apple.network:connection] [C10 5C64F6CA-1F80-4B27-BA83-EE5DA986F14B 127.0.0.1:8805 tcp, url: http://127.0.0.1:8805/snap, definite, attribution: developer, context: com.apple.CFNetwork.NSURLSession.{3BD4F843-8E8B-49E7-BAF1-F0B43A7A31A4}{(null)}{Y}{2}{0x0} (private), proc: 3464360A-0B4C-3AD7-A7DA-7A3F1F63EB75, delegated upid: 0] start
2026-09-30 23:45:28.867 Df TextInsertUITests-Runner[41970:c74f18] [com.apple.network:connection] [C10 127.0.0.1:8805 initial parent-flow ((null))] event: path:start @0.000s
2026-09-30 23:45:28.867 Df TextInsertUITests-Runner[41970:c74f18] [com.apple.network:connection] [C10 127.0.0.1:8805 waiting parent-flow (satisfied (Path is satisfied), interface: lo0)] event: path:satisfied @0.000s, uuid: 230E5054-6516-4451-89C7-F6CAAAD62B9A
2026-09-30 23:45:28.867 Df TextInsertUITests-Runner[41970:c74f16] [com.apple.securityd:SecError] SecTrustReportNetworkingAnalytics failed with error: -4
2026-09-30 23:45:28.867 Df TextInsertUITests-Runner[41970:c74f18] [com.apple.network:connection] [C10 127.0.0.1:8805 in_progress socket-flow (satisfied (Path is satisfied), interface: lo0)] event: flow:start_connect @0.000s
2026-09-30 23:45:28.867 Df TextInsertUITests-Runner[41970:c74f18] [com.apple.network:connection] nw_connection_report_state_with_handler_on_nw_queue [C10] reporting state preparing
2026-09-30 23:45:28.867 Df TextInsertUITests-Runner[41970:c74f18] [com.apple.CFNetwork:Default] Task <59E45D25-1242-4C10-A86A-BCD63F27EDE5>.<0> setting up Connection 10
2026-09-30 23:45:28.868 Df TextInsertUITests-Runner[41970:c74f18] [com.apple.network:connection] nw_socket_handle_socket_event [C10:2] Socket received CONNECTED event
2026-09-30 23:45:28.868 Df TextInsertUITests-Runner[41970:c74f18] [com.apple.network:connection] nw_flow_connected [C10 127.0.0.1:8805 in_progress socket-flow (satisfied (Path is satisfied), interface: lo0)] Transport protocol connected (socket)
2026-09-30 23:45:28.868 Df TextInsertUITests-Runner[41970:c74f18] [com.apple.network:connection] [C10 127.0.0.1:8805 in_progress socket-flow (satisfied (Path is satisfied), interface: lo0)] event: flow:finish_transport @0.001s
2026-09-30 23:45:28.868 Df TextInsertUITests-Runner[41970:c74f18] [com.apple.network:connection] nw_flow_connected [C10 127.0.0.1:8805 in_progress socket-flow (satisfied (Path is satisfied), interface: lo0)] Output protocol connected (CFNetworkConnection-1630071214)
2026-09-30 23:45:28.868 Df TextInsertUITests-Runner[41970:c74f18] [com.apple.network:connection] [C10 127.0.0.1:8805 ready socket-flow (satisfied (Path is satisfied), interface: lo0)] event: flow:finish_connect @0.001s
2026-09-30 23:45:28.868 Df TextInsertUITests-Runner[41970:c74f18] [com.apple.network:connection] nw_connection_report_state_with_handler_on_nw_queue [C10] reporting state ready
2026-09-30 23:45:28.868 Df TextInsertUITests-Runner[41970:c74f18] [com.apple.CFNetwork:Default] Connection 10: connected successfully
2026-09-30 23:45:28.868 Df TextInsertUITests-Runner[41970:c74f18] [com.apple.CFNetwork:Default] Connection 10: ready C(N) E(N)
2026-09-30 23:45:28.868 Df TextInsertUITests-Runner[41970:c74f18] [com.apple.CFNetwork:Default] Task <59E45D25-1242-4C10-A86A-BCD63F27EDE5>.<0> now using Connection 10
2026-09-30 23:45:28.868 Df TextInsertUITests-Runner[41970:c74f18] [com.apple.CFNetwork:Default] Task <59E45D25-1242-4C10-A86A-BCD63F27EDE5>.<0> sent request, body N 0
2026-09-30 23:45:28.997 E  cfprefsd[86798:c73d15] [com.apple.defaults:cfprefsd] Couldn't open /Users/tarunyadgirkar/Library/Developer/CoreSimulator/Devices/CF361191-F960-4212-9B76-7C41256A11C9/data/Library/Preferences/ByHost/com.apple.springboard..plist due to No such file or directory
